solid OpenSCAD_Model
  facet normal -0.82323 0 0.567708
    outer loop
      vertex -44.05 -41.75 16.8823
      vertex -41.9 -40.15 20
      vertex -44.05 -40.15 16.8823
    endloop
  endfacet
  facet normal -0.82323 0 0.567708
    outer loop
      vertex -41.9 -40.15 20
      vertex -44.05 -41.75 16.8823
      vertex -41.9 -41.75 20
    endloop
  endfacet
  facet normal 0.82323 -0 0.567708
    outer loop
      vertex -50.5 -41.75 20
      vertex -48.35 -40.15 16.8823
      vertex -50.5 -40.15 20
    endloop
  endfacet
  facet normal 0.82323 0 0.567708
    outer loop
      vertex -48.35 -40.15 16.8823
      vertex -50.5 -41.75 20
      vertex -48.35 -41.75 16.8823
    endloop
  endfacet
  facet normal -0 0 1
    outer loop
      vertex -48.35 -40.15 16.8823
      vertex -44.05 -41.75 16.8823
      vertex -44.05 -40.15 16.8823
    endloop
  endfacet
  facet normal 0 0 1
    outer loop
      vertex -44.05 -41.75 16.8823
      vertex -48.35 -40.15 16.8823
      vertex -48.35 -41.75 16.8823
    endloop
  endfacet
  facet normal 0.82323 0 -0.567708
    outer loop
      vertex -48.35 -41.75 23.1177
      vertex -50.5 -40.15 20
      vertex -48.35 -40.15 23.1177
    endloop
  endfacet
  facet normal 0.82323 0 -0.567708
    outer loop
      vertex -50.5 -40.15 20
      vertex -48.35 -41.75 23.1177
      vertex -50.5 -41.75 20
    endloop
  endfacet
  facet normal 0 0 -1
    outer loop
      vertex -48.35 -41.75 23.1177
      vertex -44.05 -40.15 23.1177
      vertex -44.05 -41.75 23.1177
    endloop
  endfacet
  facet normal -0 0 -1
    outer loop
      vertex -44.05 -40.15 23.1177
      vertex -48.35 -41.75 23.1177
      vertex -48.35 -40.15 23.1177
    endloop
  endfacet
  facet normal -0.82323 0 -0.567708
    outer loop
      vertex -41.9 -41.75 20
      vertex -44.05 -40.15 23.1177
      vertex -41.9 -40.15 20
    endloop
  endfacet
  facet normal -0.82323 -0 -0.567708
    outer loop
      vertex -44.05 -40.15 23.1177
      vertex -41.9 -41.75 20
      vertex -44.05 -41.75 23.1177
    endloop
  endfacet
  facet normal 0.82323 0 -0.567708
    outer loop
      vertex -35.15 -41.75 23.1177
      vertex -37.3 -40.15 20
      vertex -35.15 -40.15 23.1177
    endloop
  endfacet
  facet normal 0.82323 0 -0.567708
    outer loop
      vertex -37.3 -40.15 20
      vertex -35.15 -41.75 23.1177
      vertex -37.3 -41.75 20
    endloop
  endfacet
  facet normal -0.82323 0 0.567708
    outer loop
      vertex -30.85 -41.75 16.8823
      vertex -28.7 -40.15 20
      vertex -30.85 -40.15 16.8823
    endloop
  endfacet
  facet normal -0.82323 0 0.567708
    outer loop
      vertex -28.7 -40.15 20
      vertex -30.85 -41.75 16.8823
      vertex -28.7 -41.75 20
    endloop
  endfacet
  facet normal -0 0 1
    outer loop
      vertex -35.15 -40.15 16.8823
      vertex -30.85 -41.75 16.8823
      vertex -30.85 -40.15 16.8823
    endloop
  endfacet
  facet normal 0 0 1
    outer loop
      vertex -30.85 -41.75 16.8823
      vertex -35.15 -40.15 16.8823
      vertex -35.15 -41.75 16.8823
    endloop
  endfacet
  facet normal 0.82323 -0 0.567708
    outer loop
      vertex -37.3 -41.75 20
      vertex -35.15 -40.15 16.8823
      vertex -37.3 -40.15 20
    endloop
  endfacet
  facet normal 0.82323 0 0.567708
    outer loop
      vertex -35.15 -40.15 16.8823
      vertex -37.3 -41.75 20
      vertex -35.15 -41.75 16.8823
    endloop
  endfacet
  facet normal 0 0 -1
    outer loop
      vertex -35.15 -41.75 23.1177
      vertex -30.85 -40.15 23.1177
      vertex -30.85 -41.75 23.1177
    endloop
  endfacet
  facet normal -0 0 -1
    outer loop
      vertex -30.85 -40.15 23.1177
      vertex -35.15 -41.75 23.1177
      vertex -35.15 -40.15 23.1177
    endloop
  endfacet
  facet normal -0.82323 0 -0.567708
    outer loop
      vertex -28.7 -41.75 20
      vertex -30.85 -40.15 23.1177
      vertex -28.7 -40.15 20
    endloop
  endfacet
  facet normal -0.82323 -0 -0.567708
    outer loop
      vertex -30.85 -40.15 23.1177
      vertex -28.7 -41.75 20
      vertex -30.85 -41.75 23.1177
    endloop
  endfacet
  facet normal -0.82323 0 0.567708
    outer loop
      vertex -17.65 -41.75 16.8823
      vertex -15.5 -40.15 20
      vertex -17.65 -40.15 16.8823
    endloop
  endfacet
  facet normal -0.82323 0 0.567708
    outer loop
      vertex -15.5 -40.15 20
      vertex -17.65 -41.75 16.8823
      vertex -15.5 -41.75 20
    endloop
  endfacet
  facet normal 0.82323 -0 0.567708
    outer loop
      vertex -24.1 -41.75 20
      vertex -21.95 -40.15 16.8823
      vertex -24.1 -40.15 20
    endloop
  endfacet
  facet normal 0.82323 0 0.567708
    outer loop
      vertex -21.95 -40.15 16.8823
      vertex -24.1 -41.75 20
      vertex -21.95 -41.75 16.8823
    endloop
  endfacet
  facet normal 0.82323 0 -0.567708
    outer loop
      vertex -21.95 -41.75 23.1177
      vertex -24.1 -40.15 20
      vertex -21.95 -40.15 23.1177
    endloop
  endfacet
  facet normal 0.82323 0 -0.567708
    outer loop
      vertex -24.1 -40.15 20
      vertex -21.95 -41.75 23.1177
      vertex -24.1 -41.75 20
    endloop
  endfacet
  facet normal 0 0 -1
    outer loop
      vertex -21.95 -41.75 23.1177
      vertex -17.65 -40.15 23.1177
      vertex -17.65 -41.75 23.1177
    endloop
  endfacet
  facet normal -0 0 -1
    outer loop
      vertex -17.65 -40.15 23.1177
      vertex -21.95 -41.75 23.1177
      vertex -21.95 -40.15 23.1177
    endloop
  endfacet
  facet normal -0.82323 0 -0.567708
    outer loop
      vertex -15.5 -41.75 20
      vertex -17.65 -40.15 23.1177
      vertex -15.5 -40.15 20
    endloop
  endfacet
  facet normal -0.82323 -0 -0.567708
    outer loop
      vertex -17.65 -40.15 23.1177
      vertex -15.5 -41.75 20
      vertex -17.65 -41.75 23.1177
    endloop
  endfacet
  facet normal -0 0 1
    outer loop
      vertex -21.95 -40.15 16.8823
      vertex -17.65 -41.75 16.8823
      vertex -17.65 -40.15 16.8823
    endloop
  endfacet
  facet normal 0 0 1
    outer loop
      vertex -17.65 -41.75 16.8823
      vertex -21.95 -40.15 16.8823
      vertex -21.95 -41.75 16.8823
    endloop
  endfacet
  facet normal -0.82323 0 0.567708
    outer loop
      vertex -4.45 -41.75 16.8823
      vertex -2.3 -40.15 20
      vertex -4.45 -40.15 16.8823
    endloop
  endfacet
  facet normal -0.82323 0 0.567708
    outer loop
      vertex -2.3 -40.15 20
      vertex -4.45 -41.75 16.8823
      vertex -2.3 -41.75 20
    endloop
  endfacet
  facet normal 0.82323 -0 0.567708
    outer loop
      vertex -10.9 -41.75 20
      vertex -8.75 -40.15 16.8823
      vertex -10.9 -40.15 20
    endloop
  endfacet
  facet normal 0.82323 0 0.567708
    outer loop
      vertex -8.75 -40.15 16.8823
      vertex -10.9 -41.75 20
      vertex -8.75 -41.75 16.8823
    endloop
  endfacet
  facet normal 0.82323 0 -0.567708
    outer loop
      vertex -8.75 -41.75 23.1177
      vertex -10.9 -40.15 20
      vertex -8.75 -40.15 23.1177
    endloop
  endfacet
  facet normal 0.82323 0 -0.567708
    outer loop
      vertex -10.9 -40.15 20
      vertex -8.75 -41.75 23.1177
      vertex -10.9 -41.75 20
    endloop
  endfacet
  facet normal 0 0 -1
    outer loop
      vertex -8.75 -41.75 23.1177
      vertex -4.45 -40.15 23.1177
      vertex -4.45 -41.75 23.1177
    endloop
  endfacet
  facet normal -0 0 -1
    outer loop
      vertex -4.45 -40.15 23.1177
      vertex -8.75 -41.75 23.1177
      vertex -8.75 -40.15 23.1177
    endloop
  endfacet
  facet normal -0.82323 0 -0.567708
    outer loop
      vertex -2.3 -41.75 20
      vertex -4.45 -40.15 23.1177
      vertex -2.3 -40.15 20
    endloop
  endfacet
  facet normal -0.82323 -0 -0.567708
    outer loop
      vertex -4.45 -40.15 23.1177
      vertex -2.3 -41.75 20
      vertex -4.45 -41.75 23.1177
    endloop
  endfacet
  facet normal -0 0 1
    outer loop
      vertex -8.75 -40.15 16.8823
      vertex -4.45 -41.75 16.8823
      vertex -4.45 -40.15 16.8823
    endloop
  endfacet
  facet normal 0 0 1
    outer loop
      vertex -4.45 -41.75 16.8823
      vertex -8.75 -40.15 16.8823
      vertex -8.75 -41.75 16.8823
    endloop
  endfacet
  facet normal -0.82323 0 0.567708
    outer loop
      vertex 8.75 -41.75 16.8823
      vertex 10.9 -40.15 20
      vertex 8.75 -40.15 16.8823
    endloop
  endfacet
  facet normal -0.82323 0 0.567708
    outer loop
      vertex 10.9 -40.15 20
      vertex 8.75 -41.75 16.8823
      vertex 10.9 -41.75 20
    endloop
  endfacet
  facet normal -0 0 1
    outer loop
      vertex 4.45 -40.15 16.8823
      vertex 8.75 -41.75 16.8823
      vertex 8.75 -40.15 16.8823
    endloop
  endfacet
  facet normal 0 0 1
    outer loop
      vertex 8.75 -41.75 16.8823
      vertex 4.45 -40.15 16.8823
      vertex 4.45 -41.75 16.8823
    endloop
  endfacet
  facet normal 0.82323 -0 0.567708
    outer loop
      vertex 2.3 -41.75 20
      vertex 4.45 -40.15 16.8823
      vertex 2.3 -40.15 20
    endloop
  endfacet
  facet normal 0.82323 0 0.567708
    outer loop
      vertex 4.45 -40.15 16.8823
      vertex 2.3 -41.75 20
      vertex 4.45 -41.75 16.8823
    endloop
  endfacet
  facet normal 0.82323 0 -0.567708
    outer loop
      vertex 4.45 -41.75 23.1177
      vertex 2.3 -40.15 20
      vertex 4.45 -40.15 23.1177
    endloop
  endfacet
  facet normal 0.82323 0 -0.567708
    outer loop
      vertex 2.3 -40.15 20
      vertex 4.45 -41.75 23.1177
      vertex 2.3 -41.75 20
    endloop
  endfacet
  facet normal 0 0 -1
    outer loop
      vertex 4.45 -41.75 23.1177
      vertex 8.75 -40.15 23.1177
      vertex 8.75 -41.75 23.1177
    endloop
  endfacet
  facet normal -0 0 -1
    outer loop
      vertex 8.75 -40.15 23.1177
      vertex 4.45 -41.75 23.1177
      vertex 4.45 -40.15 23.1177
    endloop
  endfacet
  facet normal -0.82323 0 -0.567708
    outer loop
      vertex 10.9 -41.75 20
      vertex 8.75 -40.15 23.1177
      vertex 10.9 -40.15 20
    endloop
  endfacet
  facet normal -0.82323 -0 -0.567708
    outer loop
      vertex 8.75 -40.15 23.1177
      vertex 10.9 -41.75 20
      vertex 8.75 -41.75 23.1177
    endloop
  endfacet
  facet normal 0.82323 0 -0.567708
    outer loop
      vertex 17.65 -41.75 23.1177
      vertex 15.5 -40.15 20
      vertex 17.65 -40.15 23.1177
    endloop
  endfacet
  facet normal 0.82323 0 -0.567708
    outer loop
      vertex 15.5 -40.15 20
      vertex 17.65 -41.75 23.1177
      vertex 15.5 -41.75 20
    endloop
  endfacet
  facet normal -0.82323 0 0.567708
    outer loop
      vertex 21.95 -41.75 16.8823
      vertex 24.1 -40.15 20
      vertex 21.95 -40.15 16.8823
    endloop
  endfacet
  facet normal -0.82323 0 0.567708
    outer loop
      vertex 24.1 -40.15 20
      vertex 21.95 -41.75 16.8823
      vertex 24.1 -41.75 20
    endloop
  endfacet
  facet normal 0.82323 -0 0.567708
    outer loop
      vertex 15.5 -41.75 20
      vertex 17.65 -40.15 16.8823
      vertex 15.5 -40.15 20
    endloop
  endfacet
  facet normal 0.82323 0 0.567708
    outer loop
      vertex 17.65 -40.15 16.8823
      vertex 15.5 -41.75 20
      vertex 17.65 -41.75 16.8823
    endloop
  endfacet
  facet normal -0 0 1
    outer loop
      vertex 17.65 -40.15 16.8823
      vertex 21.95 -41.75 16.8823
      vertex 21.95 -40.15 16.8823
    endloop
  endfacet
  facet normal 0 0 1
    outer loop
      vertex 21.95 -41.75 16.8823
      vertex 17.65 -40.15 16.8823
      vertex 17.65 -41.75 16.8823
    endloop
  endfacet
  facet normal 0 0 -1
    outer loop
      vertex 17.65 -41.75 23.1177
      vertex 21.95 -40.15 23.1177
      vertex 21.95 -41.75 23.1177
    endloop
  endfacet
  facet normal -0 0 -1
    outer loop
      vertex 21.95 -40.15 23.1177
      vertex 17.65 -41.75 23.1177
      vertex 17.65 -40.15 23.1177
    endloop
  endfacet
  facet normal -0.82323 0 -0.567708
    outer loop
      vertex 24.1 -41.75 20
      vertex 21.95 -40.15 23.1177
      vertex 24.1 -40.15 20
    endloop
  endfacet
  facet normal -0.82323 -0 -0.567708
    outer loop
      vertex 21.95 -40.15 23.1177
      vertex 24.1 -41.75 20
      vertex 21.95 -41.75 23.1177
    endloop
  endfacet
  facet normal -0.82323 0 0.567708
    outer loop
      vertex 35.15 -41.75 16.8823
      vertex 37.3 -40.15 20
      vertex 35.15 -40.15 16.8823
    endloop
  endfacet
  facet normal -0.82323 0 0.567708
    outer loop
      vertex 37.3 -40.15 20
      vertex 35.15 -41.75 16.8823
      vertex 37.3 -41.75 20
    endloop
  endfacet
  facet normal 0.82323 -0 0.567708
    outer loop
      vertex 28.7 -41.75 20
      vertex 30.85 -40.15 16.8823
      vertex 28.7 -40.15 20
    endloop
  endfacet
  facet normal 0.82323 0 0.567708
    outer loop
      vertex 30.85 -40.15 16.8823
      vertex 28.7 -41.75 20
      vertex 30.85 -41.75 16.8823
    endloop
  endfacet
  facet normal -0 0 1
    outer loop
      vertex 30.85 -40.15 16.8823
      vertex 35.15 -41.75 16.8823
      vertex 35.15 -40.15 16.8823
    endloop
  endfacet
  facet normal 0 0 1
    outer loop
      vertex 35.15 -41.75 16.8823
      vertex 30.85 -40.15 16.8823
      vertex 30.85 -41.75 16.8823
    endloop
  endfacet
  facet normal 0.82323 0 -0.567708
    outer loop
      vertex 30.85 -41.75 23.1177
      vertex 28.7 -40.15 20
      vertex 30.85 -40.15 23.1177
    endloop
  endfacet
  facet normal 0.82323 0 -0.567708
    outer loop
      vertex 28.7 -40.15 20
      vertex 30.85 -41.75 23.1177
      vertex 28.7 -41.75 20
    endloop
  endfacet
  facet normal 0 0 -1
    outer loop
      vertex 30.85 -41.75 23.1177
      vertex 35.15 -40.15 23.1177
      vertex 35.15 -41.75 23.1177
    endloop
  endfacet
  facet normal -0 0 -1
    outer loop
      vertex 35.15 -40.15 23.1177
      vertex 30.85 -41.75 23.1177
      vertex 30.85 -40.15 23.1177
    endloop
  endfacet
  facet normal -0.82323 0 -0.567708
    outer loop
      vertex 37.3 -41.75 20
      vertex 35.15 -40.15 23.1177
      vertex 37.3 -40.15 20
    endloop
  endfacet
  facet normal -0.82323 -0 -0.567708
    outer loop
      vertex 35.15 -40.15 23.1177
      vertex 37.3 -41.75 20
      vertex 35.15 -41.75 23.1177
    endloop
  endfacet
  facet normal -0.82323 0 0.567708
    outer loop
      vertex 48.35 -41.75 16.8823
      vertex 50.5 -40.15 20
      vertex 48.35 -40.15 16.8823
    endloop
  endfacet
  facet normal -0.82323 0 0.567708
    outer loop
      vertex 50.5 -40.15 20
      vertex 48.35 -41.75 16.8823
      vertex 50.5 -41.75 20
    endloop
  endfacet
  facet normal -0 0 1
    outer loop
      vertex 44.05 -40.15 16.8823
      vertex 48.35 -41.75 16.8823
      vertex 48.35 -40.15 16.8823
    endloop
  endfacet
  facet normal 0 0 1
    outer loop
      vertex 48.35 -41.75 16.8823
      vertex 44.05 -40.15 16.8823
      vertex 44.05 -41.75 16.8823
    endloop
  endfacet
  facet normal 0.82323 -0 0.567708
    outer loop
      vertex 41.9 -41.75 20
      vertex 44.05 -40.15 16.8823
      vertex 41.9 -40.15 20
    endloop
  endfacet
  facet normal 0.82323 0 0.567708
    outer loop
      vertex 44.05 -40.15 16.8823
      vertex 41.9 -41.75 20
      vertex 44.05 -41.75 16.8823
    endloop
  endfacet
  facet normal 0.82323 0 -0.567708
    outer loop
      vertex 44.05 -41.75 23.1177
      vertex 41.9 -40.15 20
      vertex 44.05 -40.15 23.1177
    endloop
  endfacet
  facet normal 0.82323 0 -0.567708
    outer loop
      vertex 41.9 -40.15 20
      vertex 44.05 -41.75 23.1177
      vertex 41.9 -41.75 20
    endloop
  endfacet
  facet normal 0 0 -1
    outer loop
      vertex 44.05 -41.75 23.1177
      vertex 48.35 -40.15 23.1177
      vertex 48.35 -41.75 23.1177
    endloop
  endfacet
  facet normal -0 0 -1
    outer loop
      vertex 48.35 -40.15 23.1177
      vertex 44.05 -41.75 23.1177
      vertex 44.05 -40.15 23.1177
    endloop
  endfacet
  facet normal -0.82323 0 -0.567708
    outer loop
      vertex 50.5 -41.75 20
      vertex 48.35 -40.15 23.1177
      vertex 50.5 -40.15 20
    endloop
  endfacet
  facet normal -0.82323 -0 -0.567708
    outer loop
      vertex 48.35 -40.15 23.1177
      vertex 50.5 -41.75 20
      vertex 48.35 -41.75 23.1177
    endloop
  endfacet
  facet normal -0.82323 0 0.567708
    outer loop
      vertex -37.45 -41.75 30.4823
      vertex -35.3 -40.15 33.6
      vertex -37.45 -40.15 30.4823
    endloop
  endfacet
  facet normal -0.82323 0 0.567708
    outer loop
      vertex -35.3 -40.15 33.6
      vertex -37.45 -41.75 30.4823
      vertex -35.3 -41.75 33.6
    endloop
  endfacet
  facet normal 0.82323 0 -0.567708
    outer loop
      vertex -41.75 -41.75 36.7177
      vertex -43.9 -40.15 33.6
      vertex -41.75 -40.15 36.7177
    endloop
  endfacet
  facet normal 0.82323 0 -0.567708
    outer loop
      vertex -43.9 -40.15 33.6
      vertex -41.75 -41.75 36.7177
      vertex -43.9 -41.75 33.6
    endloop
  endfacet
  facet normal -0 0 1
    outer loop
      vertex -41.75 -40.15 30.4823
      vertex -37.45 -41.75 30.4823
      vertex -37.45 -40.15 30.4823
    endloop
  endfacet
  facet normal 0 0 1
    outer loop
      vertex -37.45 -41.75 30.4823
      vertex -41.75 -40.15 30.4823
      vertex -41.75 -41.75 30.4823
    endloop
  endfacet
  facet normal 0 0 -1
    outer loop
      vertex -41.75 -41.75 36.7177
      vertex -37.45 -40.15 36.7177
      vertex -37.45 -41.75 36.7177
    endloop
  endfacet
  facet normal -0 0 -1
    outer loop
      vertex -37.45 -40.15 36.7177
      vertex -41.75 -41.75 36.7177
      vertex -41.75 -40.15 36.7177
    endloop
  endfacet
  facet normal -0.82323 0 -0.567708
    outer loop
      vertex -35.3 -41.75 33.6
      vertex -37.45 -40.15 36.7177
      vertex -35.3 -40.15 33.6
    endloop
  endfacet
  facet normal -0.82323 -0 -0.567708
    outer loop
      vertex -37.45 -40.15 36.7177
      vertex -35.3 -41.75 33.6
      vertex -37.45 -41.75 36.7177
    endloop
  endfacet
  facet normal 0.82323 -0 0.567708
    outer loop
      vertex -43.9 -41.75 33.6
      vertex -41.75 -40.15 30.4823
      vertex -43.9 -40.15 33.6
    endloop
  endfacet
  facet normal 0.82323 0 0.567708
    outer loop
      vertex -41.75 -40.15 30.4823
      vertex -43.9 -41.75 33.6
      vertex -41.75 -41.75 30.4823
    endloop
  endfacet
  facet normal -0.82323 0 0.567708
    outer loop
      vertex -24.25 -41.75 30.4823
      vertex -22.1 -40.15 33.6
      vertex -24.25 -40.15 30.4823
    endloop
  endfacet
  facet normal -0.82323 0 0.567708
    outer loop
      vertex -22.1 -40.15 33.6
      vertex -24.25 -41.75 30.4823
      vertex -22.1 -41.75 33.6
    endloop
  endfacet
  facet normal 0.82323 -0 0.567708
    outer loop
      vertex -30.7 -41.75 33.6
      vertex -28.55 -40.15 30.4823
      vertex -30.7 -40.15 33.6
    endloop
  endfacet
  facet normal 0.82323 0 0.567708
    outer loop
      vertex -28.55 -40.15 30.4823
      vertex -30.7 -41.75 33.6
      vertex -28.55 -41.75 30.4823
    endloop
  endfacet
  facet normal 0.82323 0 -0.567708
    outer loop
      vertex -28.55 -41.75 36.7177
      vertex -30.7 -40.15 33.6
      vertex -28.55 -40.15 36.7177
    endloop
  endfacet
  facet normal 0.82323 0 -0.567708
    outer loop
      vertex -30.7 -40.15 33.6
      vertex -28.55 -41.75 36.7177
      vertex -30.7 -41.75 33.6
    endloop
  endfacet
  facet normal -0 0 1
    outer loop
      vertex -28.55 -40.15 30.4823
      vertex -24.25 -41.75 30.4823
      vertex -24.25 -40.15 30.4823
    endloop
  endfacet
  facet normal 0 0 1
    outer loop
      vertex -24.25 -41.75 30.4823
      vertex -28.55 -40.15 30.4823
      vertex -28.55 -41.75 30.4823
    endloop
  endfacet
  facet normal 0 0 -1
    outer loop
      vertex -28.55 -41.75 36.7177
      vertex -24.25 -40.15 36.7177
      vertex -24.25 -41.75 36.7177
    endloop
  endfacet
  facet normal -0 0 -1
    outer loop
      vertex -24.25 -40.15 36.7177
      vertex -28.55 -41.75 36.7177
      vertex -28.55 -40.15 36.7177
    endloop
  endfacet
  facet normal -0.82323 0 -0.567708
    outer loop
      vertex -22.1 -41.75 33.6
      vertex -24.25 -40.15 36.7177
      vertex -22.1 -40.15 33.6
    endloop
  endfacet
  facet normal -0.82323 -0 -0.567708
    outer loop
      vertex -24.25 -40.15 36.7177
      vertex -22.1 -41.75 33.6
      vertex -24.25 -41.75 36.7177
    endloop
  endfacet
  facet normal -0.82323 0 0.567708
    outer loop
      vertex -11.05 -41.75 30.4823
      vertex -8.9 -40.15 33.6
      vertex -11.05 -40.15 30.4823
    endloop
  endfacet
  facet normal -0.82323 0 0.567708
    outer loop
      vertex -8.9 -40.15 33.6
      vertex -11.05 -41.75 30.4823
      vertex -8.9 -41.75 33.6
    endloop
  endfacet
  facet normal 0.82323 -0 0.567708
    outer loop
      vertex -17.5 -41.75 33.6
      vertex -15.35 -40.15 30.4823
      vertex -17.5 -40.15 33.6
    endloop
  endfacet
  facet normal 0.82323 0 0.567708
    outer loop
      vertex -15.35 -40.15 30.4823
      vertex -17.5 -41.75 33.6
      vertex -15.35 -41.75 30.4823
    endloop
  endfacet
  facet normal 0.82323 0 -0.567708
    outer loop
      vertex -15.35 -41.75 36.7177
      vertex -17.5 -40.15 33.6
      vertex -15.35 -40.15 36.7177
    endloop
  endfacet
  facet normal 0.82323 0 -0.567708
    outer loop
      vertex -17.5 -40.15 33.6
      vertex -15.35 -41.75 36.7177
      vertex -17.5 -41.75 33.6
    endloop
  endfacet
  facet normal 0 0 -1
    outer loop
      vertex -15.35 -41.75 36.7177
      vertex -11.05 -40.15 36.7177
      vertex -11.05 -41.75 36.7177
    endloop
  endfacet
  facet normal -0 0 -1
    outer loop
      vertex -11.05 -40.15 36.7177
      vertex -15.35 -41.75 36.7177
      vertex -15.35 -40.15 36.7177
    endloop
  endfacet
  facet normal -0.82323 0 -0.567708
    outer loop
      vertex -8.9 -41.75 33.6
      vertex -11.05 -40.15 36.7177
      vertex -8.9 -40.15 33.6
    endloop
  endfacet
  facet normal -0.82323 -0 -0.567708
    outer loop
      vertex -11.05 -40.15 36.7177
      vertex -8.9 -41.75 33.6
      vertex -11.05 -41.75 36.7177
    endloop
  endfacet
  facet normal -0 0 1
    outer loop
      vertex -15.35 -40.15 30.4823
      vertex -11.05 -41.75 30.4823
      vertex -11.05 -40.15 30.4823
    endloop
  endfacet
  facet normal 0 0 1
    outer loop
      vertex -11.05 -41.75 30.4823
      vertex -15.35 -40.15 30.4823
      vertex -15.35 -41.75 30.4823
    endloop
  endfacet
  facet normal -0.82323 0 0.567708
    outer loop
      vertex 2.15 -41.75 30.4823
      vertex 4.3 -40.15 33.6
      vertex 2.15 -40.15 30.4823
    endloop
  endfacet
  facet normal -0.82323 0 0.567708
    outer loop
      vertex 4.3 -40.15 33.6
      vertex 2.15 -41.75 30.4823
      vertex 4.3 -41.75 33.6
    endloop
  endfacet
  facet normal 0.82323 0 -0.567708
    outer loop
      vertex -2.15 -41.75 36.7177
      vertex -4.3 -40.15 33.6
      vertex -2.15 -40.15 36.7177
    endloop
  endfacet
  facet normal 0.82323 0 -0.567708
    outer loop
      vertex -4.3 -40.15 33.6
      vertex -2.15 -41.75 36.7177
      vertex -4.3 -41.75 33.6
    endloop
  endfacet
  facet normal -0 0 1
    outer loop
      vertex -2.15 -40.15 30.4823
      vertex 2.15 -41.75 30.4823
      vertex 2.15 -40.15 30.4823
    endloop
  endfacet
  facet normal 0 0 1
    outer loop
      vertex 2.15 -41.75 30.4823
      vertex -2.15 -40.15 30.4823
      vertex -2.15 -41.75 30.4823
    endloop
  endfacet
  facet normal 0 0 -1
    outer loop
      vertex -2.15 -41.75 36.7177
      vertex 2.15 -40.15 36.7177
      vertex 2.15 -41.75 36.7177
    endloop
  endfacet
  facet normal -0 0 -1
    outer loop
      vertex 2.15 -40.15 36.7177
      vertex -2.15 -41.75 36.7177
      vertex -2.15 -40.15 36.7177
    endloop
  endfacet
  facet normal -0.82323 0 -0.567708
    outer loop
      vertex 4.3 -41.75 33.6
      vertex 2.15 -40.15 36.7177
      vertex 4.3 -40.15 33.6
    endloop
  endfacet
  facet normal -0.82323 -0 -0.567708
    outer loop
      vertex 2.15 -40.15 36.7177
      vertex 4.3 -41.75 33.6
      vertex 2.15 -41.75 36.7177
    endloop
  endfacet
  facet normal 0.82323 -0 0.567708
    outer loop
      vertex -4.3 -41.75 33.6
      vertex -2.15 -40.15 30.4823
      vertex -4.3 -40.15 33.6
    endloop
  endfacet
  facet normal 0.82323 0 0.567708
    outer loop
      vertex -2.15 -40.15 30.4823
      vertex -4.3 -41.75 33.6
      vertex -2.15 -41.75 30.4823
    endloop
  endfacet
  facet normal -0.82323 0 0.567708
    outer loop
      vertex 15.35 -41.75 30.4823
      vertex 17.5 -40.15 33.6
      vertex 15.35 -40.15 30.4823
    endloop
  endfacet
  facet normal -0.82323 0 0.567708
    outer loop
      vertex 17.5 -40.15 33.6
      vertex 15.35 -41.75 30.4823
      vertex 17.5 -41.75 33.6
    endloop
  endfacet
  facet normal 0.82323 -0 0.567708
    outer loop
      vertex 8.9 -41.75 33.6
      vertex 11.05 -40.15 30.4823
      vertex 8.9 -40.15 33.6
    endloop
  endfacet
  facet normal 0.82323 0 0.567708
    outer loop
      vertex 11.05 -40.15 30.4823
      vertex 8.9 -41.75 33.6
      vertex 11.05 -41.75 30.4823
    endloop
  endfacet
  facet normal 0.82323 0 -0.567708
    outer loop
      vertex 11.05 -41.75 36.7177
      vertex 8.9 -40.15 33.6
      vertex 11.05 -40.15 36.7177
    endloop
  endfacet
  facet normal 0.82323 0 -0.567708
    outer loop
      vertex 8.9 -40.15 33.6
      vertex 11.05 -41.75 36.7177
      vertex 8.9 -41.75 33.6
    endloop
  endfacet
  facet normal 0 0 -1
    outer loop
      vertex 11.05 -41.75 36.7177
      vertex 15.35 -40.15 36.7177
      vertex 15.35 -41.75 36.7177
    endloop
  endfacet
  facet normal -0 0 -1
    outer loop
      vertex 15.35 -40.15 36.7177
      vertex 11.05 -41.75 36.7177
      vertex 11.05 -40.15 36.7177
    endloop
  endfacet
  facet normal -0.82323 0 -0.567708
    outer loop
      vertex 17.5 -41.75 33.6
      vertex 15.35 -40.15 36.7177
      vertex 17.5 -40.15 33.6
    endloop
  endfacet
  facet normal -0.82323 -0 -0.567708
    outer loop
      vertex 15.35 -40.15 36.7177
      vertex 17.5 -41.75 33.6
      vertex 15.35 -41.75 36.7177
    endloop
  endfacet
  facet normal -0 0 1
    outer loop
      vertex 11.05 -40.15 30.4823
      vertex 15.35 -41.75 30.4823
      vertex 15.35 -40.15 30.4823
    endloop
  endfacet
  facet normal 0 0 1
    outer loop
      vertex 15.35 -41.75 30.4823
      vertex 11.05 -40.15 30.4823
      vertex 11.05 -41.75 30.4823
    endloop
  endfacet
  facet normal -0.82323 0 0.567708
    outer loop
      vertex 28.55 -41.75 30.4823
      vertex 30.7 -40.15 33.6
      vertex 28.55 -40.15 30.4823
    endloop
  endfacet
  facet normal -0.82323 0 0.567708
    outer loop
      vertex 30.7 -40.15 33.6
      vertex 28.55 -41.75 30.4823
      vertex 30.7 -41.75 33.6
    endloop
  endfacet
  facet normal 0.82323 -0 0.567708
    outer loop
      vertex 22.1 -41.75 33.6
      vertex 24.25 -40.15 30.4823
      vertex 22.1 -40.15 33.6
    endloop
  endfacet
  facet normal 0.82323 0 0.567708
    outer loop
      vertex 24.25 -40.15 30.4823
      vertex 22.1 -41.75 33.6
      vertex 24.25 -41.75 30.4823
    endloop
  endfacet
  facet normal 0.82323 0 -0.567708
    outer loop
      vertex 24.25 -41.75 36.7177
      vertex 22.1 -40.15 33.6
      vertex 24.25 -40.15 36.7177
    endloop
  endfacet
  facet normal 0.82323 0 -0.567708
    outer loop
      vertex 22.1 -40.15 33.6
      vertex 24.25 -41.75 36.7177
      vertex 22.1 -41.75 33.6
    endloop
  endfacet
  facet normal -0 0 1
    outer loop
      vertex 24.25 -40.15 30.4823
      vertex 28.55 -41.75 30.4823
      vertex 28.55 -40.15 30.4823
    endloop
  endfacet
  facet normal 0 0 1
    outer loop
      vertex 28.55 -41.75 30.4823
      vertex 24.25 -40.15 30.4823
      vertex 24.25 -41.75 30.4823
    endloop
  endfacet
  facet normal 0 0 -1
    outer loop
      vertex 24.25 -41.75 36.7177
      vertex 28.55 -40.15 36.7177
      vertex 28.55 -41.75 36.7177
    endloop
  endfacet
  facet normal -0 0 -1
    outer loop
      vertex 28.55 -40.15 36.7177
      vertex 24.25 -41.75 36.7177
      vertex 24.25 -40.15 36.7177
    endloop
  endfacet
  facet normal -0.82323 0 -0.567708
    outer loop
      vertex 30.7 -41.75 33.6
      vertex 28.55 -40.15 36.7177
      vertex 30.7 -40.15 33.6
    endloop
  endfacet
  facet normal -0.82323 -0 -0.567708
    outer loop
      vertex 28.55 -40.15 36.7177
      vertex 30.7 -41.75 33.6
      vertex 28.55 -41.75 36.7177
    endloop
  endfacet
  facet normal -0.82323 0 0.567708
    outer loop
      vertex 41.75 -41.75 30.4823
      vertex 43.9 -40.15 33.6
      vertex 41.75 -40.15 30.4823
    endloop
  endfacet
  facet normal -0.82323 0 0.567708
    outer loop
      vertex 43.9 -40.15 33.6
      vertex 41.75 -41.75 30.4823
      vertex 43.9 -41.75 33.6
    endloop
  endfacet
  facet normal 0.82323 -0 0.567708
    outer loop
      vertex 35.3 -41.75 33.6
      vertex 37.45 -40.15 30.4823
      vertex 35.3 -40.15 33.6
    endloop
  endfacet
  facet normal 0.82323 0 0.567708
    outer loop
      vertex 37.45 -40.15 30.4823
      vertex 35.3 -41.75 33.6
      vertex 37.45 -41.75 30.4823
    endloop
  endfacet
  facet normal -0 0 1
    outer loop
      vertex 37.45 -40.15 30.4823
      vertex 41.75 -41.75 30.4823
      vertex 41.75 -40.15 30.4823
    endloop
  endfacet
  facet normal 0 0 1
    outer loop
      vertex 41.75 -41.75 30.4823
      vertex 37.45 -40.15 30.4823
      vertex 37.45 -41.75 30.4823
    endloop
  endfacet
  facet normal 0.82323 0 -0.567708
    outer loop
      vertex 37.45 -41.75 36.7177
      vertex 35.3 -40.15 33.6
      vertex 37.45 -40.15 36.7177
    endloop
  endfacet
  facet normal 0.82323 0 -0.567708
    outer loop
      vertex 35.3 -40.15 33.6
      vertex 37.45 -41.75 36.7177
      vertex 35.3 -41.75 33.6
    endloop
  endfacet
  facet normal 0 0 -1
    outer loop
      vertex 37.45 -41.75 36.7177
      vertex 41.75 -40.15 36.7177
      vertex 41.75 -41.75 36.7177
    endloop
  endfacet
  facet normal -0 0 -1
    outer loop
      vertex 41.75 -40.15 36.7177
      vertex 37.45 -41.75 36.7177
      vertex 37.45 -40.15 36.7177
    endloop
  endfacet
  facet normal -0.82323 0 -0.567708
    outer loop
      vertex 43.9 -41.75 33.6
      vertex 41.75 -40.15 36.7177
      vertex 43.9 -40.15 33.6
    endloop
  endfacet
  facet normal -0.82323 -0 -0.567708
    outer loop
      vertex 41.75 -40.15 36.7177
      vertex 43.9 -41.75 33.6
      vertex 41.75 -41.75 36.7177
    endloop
  endfacet
  facet normal 0.82323 0 -0.567708
    outer loop
      vertex -48.35 -41.75 50.3177
      vertex -50.5 -40.15 47.2
      vertex -48.35 -40.15 50.3177
    endloop
  endfacet
  facet normal 0.82323 0 -0.567708
    outer loop
      vertex -50.5 -40.15 47.2
      vertex -48.35 -41.75 50.3177
      vertex -50.5 -41.75 47.2
    endloop
  endfacet
  facet normal -0.82323 0 0.567708
    outer loop
      vertex -44.05 -41.75 44.0823
      vertex -41.9 -40.15 47.2
      vertex -44.05 -40.15 44.0823
    endloop
  endfacet
  facet normal -0.82323 0 0.567708
    outer loop
      vertex -41.9 -40.15 47.2
      vertex -44.05 -41.75 44.0823
      vertex -41.9 -41.75 47.2
    endloop
  endfacet
  facet normal -0 0 1
    outer loop
      vertex -48.35 -40.15 44.0823
      vertex -44.05 -41.75 44.0823
      vertex -44.05 -40.15 44.0823
    endloop
  endfacet
  facet normal 0 0 1
    outer loop
      vertex -44.05 -41.75 44.0823
      vertex -48.35 -40.15 44.0823
      vertex -48.35 -41.75 44.0823
    endloop
  endfacet
  facet normal 0.82323 -0 0.567708
    outer loop
      vertex -50.5 -41.75 47.2
      vertex -48.35 -40.15 44.0823
      vertex -50.5 -40.15 47.2
    endloop
  endfacet
  facet normal 0.82323 0 0.567708
    outer loop
      vertex -48.35 -40.15 44.0823
      vertex -50.5 -41.75 47.2
      vertex -48.35 -41.75 44.0823
    endloop
  endfacet
  facet normal 0 0 -1
    outer loop
      vertex -48.35 -41.75 50.3177
      vertex -44.05 -40.15 50.3177
      vertex -44.05 -41.75 50.3177
    endloop
  endfacet
  facet normal -0 0 -1
    outer loop
      vertex -44.05 -40.15 50.3177
      vertex -48.35 -41.75 50.3177
      vertex -48.35 -40.15 50.3177
    endloop
  endfacet
  facet normal -0.82323 0 -0.567708
    outer loop
      vertex -41.9 -41.75 47.2
      vertex -44.05 -40.15 50.3177
      vertex -41.9 -40.15 47.2
    endloop
  endfacet
  facet normal -0.82323 -0 -0.567708
    outer loop
      vertex -44.05 -40.15 50.3177
      vertex -41.9 -41.75 47.2
      vertex -44.05 -41.75 50.3177
    endloop
  endfacet
  facet normal 0.82323 0 -0.567708
    outer loop
      vertex -35.15 -41.75 50.3177
      vertex -37.3 -40.15 47.2
      vertex -35.15 -40.15 50.3177
    endloop
  endfacet
  facet normal 0.82323 0 -0.567708
    outer loop
      vertex -37.3 -40.15 47.2
      vertex -35.15 -41.75 50.3177
      vertex -37.3 -41.75 47.2
    endloop
  endfacet
  facet normal -0.82323 0 0.567708
    outer loop
      vertex -30.85 -41.75 44.0823
      vertex -28.7 -40.15 47.2
      vertex -30.85 -40.15 44.0823
    endloop
  endfacet
  facet normal -0.82323 0 0.567708
    outer loop
      vertex -28.7 -40.15 47.2
      vertex -30.85 -41.75 44.0823
      vertex -28.7 -41.75 47.2
    endloop
  endfacet
  facet normal -0 0 1
    outer loop
      vertex -35.15 -40.15 44.0823
      vertex -30.85 -41.75 44.0823
      vertex -30.85 -40.15 44.0823
    endloop
  endfacet
  facet normal 0 0 1
    outer loop
      vertex -30.85 -41.75 44.0823
      vertex -35.15 -40.15 44.0823
      vertex -35.15 -41.75 44.0823
    endloop
  endfacet
  facet normal 0.82323 -0 0.567708
    outer loop
      vertex -37.3 -41.75 47.2
      vertex -35.15 -40.15 44.0823
      vertex -37.3 -40.15 47.2
    endloop
  endfacet
  facet normal 0.82323 0 0.567708
    outer loop
      vertex -35.15 -40.15 44.0823
      vertex -37.3 -41.75 47.2
      vertex -35.15 -41.75 44.0823
    endloop
  endfacet
  facet normal 0 0 -1
    outer loop
      vertex -35.15 -41.75 50.3177
      vertex -30.85 -40.15 50.3177
      vertex -30.85 -41.75 50.3177
    endloop
  endfacet
  facet normal -0 0 -1
    outer loop
      vertex -30.85 -40.15 50.3177
      vertex -35.15 -41.75 50.3177
      vertex -35.15 -40.15 50.3177
    endloop
  endfacet
  facet normal -0.82323 0 -0.567708
    outer loop
      vertex -28.7 -41.75 47.2
      vertex -30.85 -40.15 50.3177
      vertex -28.7 -40.15 47.2
    endloop
  endfacet
  facet normal -0.82323 -0 -0.567708
    outer loop
      vertex -30.85 -40.15 50.3177
      vertex -28.7 -41.75 47.2
      vertex -30.85 -41.75 50.3177
    endloop
  endfacet
  facet normal -0.82323 0 0.567708
    outer loop
      vertex -17.65 -41.75 44.0823
      vertex -15.5 -40.15 47.2
      vertex -17.65 -40.15 44.0823
    endloop
  endfacet
  facet normal -0.82323 0 0.567708
    outer loop
      vertex -15.5 -40.15 47.2
      vertex -17.65 -41.75 44.0823
      vertex -15.5 -41.75 47.2
    endloop
  endfacet
  facet normal 0.82323 -0 0.567708
    outer loop
      vertex -24.1 -41.75 47.2
      vertex -21.95 -40.15 44.0823
      vertex -24.1 -40.15 47.2
    endloop
  endfacet
  facet normal 0.82323 0 0.567708
    outer loop
      vertex -21.95 -40.15 44.0823
      vertex -24.1 -41.75 47.2
      vertex -21.95 -41.75 44.0823
    endloop
  endfacet
  facet normal 0.82323 0 -0.567708
    outer loop
      vertex -21.95 -41.75 50.3177
      vertex -24.1 -40.15 47.2
      vertex -21.95 -40.15 50.3177
    endloop
  endfacet
  facet normal 0.82323 0 -0.567708
    outer loop
      vertex -24.1 -40.15 47.2
      vertex -21.95 -41.75 50.3177
      vertex -24.1 -41.75 47.2
    endloop
  endfacet
  facet normal 0 0 -1
    outer loop
      vertex -21.95 -41.75 50.3177
      vertex -17.65 -40.15 50.3177
      vertex -17.65 -41.75 50.3177
    endloop
  endfacet
  facet normal -0 0 -1
    outer loop
      vertex -17.65 -40.15 50.3177
      vertex -21.95 -41.75 50.3177
      vertex -21.95 -40.15 50.3177
    endloop
  endfacet
  facet normal -0 0 1
    outer loop
      vertex -21.95 -40.15 44.0823
      vertex -17.65 -41.75 44.0823
      vertex -17.65 -40.15 44.0823
    endloop
  endfacet
  facet normal 0 0 1
    outer loop
      vertex -17.65 -41.75 44.0823
      vertex -21.95 -40.15 44.0823
      vertex -21.95 -41.75 44.0823
    endloop
  endfacet
  facet normal -0.82323 0 -0.567708
    outer loop
      vertex -15.5 -41.75 47.2
      vertex -17.65 -40.15 50.3177
      vertex -15.5 -40.15 47.2
    endloop
  endfacet
  facet normal -0.82323 -0 -0.567708
    outer loop
      vertex -17.65 -40.15 50.3177
      vertex -15.5 -41.75 47.2
      vertex -17.65 -41.75 50.3177
    endloop
  endfacet
  facet normal -0.82323 0 0.567708
    outer loop
      vertex -4.45 -41.75 44.0823
      vertex -2.3 -40.15 47.2
      vertex -4.45 -40.15 44.0823
    endloop
  endfacet
  facet normal -0.82323 0 0.567708
    outer loop
      vertex -2.3 -40.15 47.2
      vertex -4.45 -41.75 44.0823
      vertex -2.3 -41.75 47.2
    endloop
  endfacet
  facet normal 0.82323 -0 0.567708
    outer loop
      vertex -10.9 -41.75 47.2
      vertex -8.75 -40.15 44.0823
      vertex -10.9 -40.15 47.2
    endloop
  endfacet
  facet normal 0.82323 0 0.567708
    outer loop
      vertex -8.75 -40.15 44.0823
      vertex -10.9 -41.75 47.2
      vertex -8.75 -41.75 44.0823
    endloop
  endfacet
  facet normal 0.82323 0 -0.567708
    outer loop
      vertex -8.75 -41.75 50.3177
      vertex -10.9 -40.15 47.2
      vertex -8.75 -40.15 50.3177
    endloop
  endfacet
  facet normal 0.82323 0 -0.567708
    outer loop
      vertex -10.9 -40.15 47.2
      vertex -8.75 -41.75 50.3177
      vertex -10.9 -41.75 47.2
    endloop
  endfacet
  facet normal 0 0 -1
    outer loop
      vertex -8.75 -41.75 50.3177
      vertex -4.45 -40.15 50.3177
      vertex -4.45 -41.75 50.3177
    endloop
  endfacet
  facet normal -0 0 -1
    outer loop
      vertex -4.45 -40.15 50.3177
      vertex -8.75 -41.75 50.3177
      vertex -8.75 -40.15 50.3177
    endloop
  endfacet
  facet normal -0.82323 0 -0.567708
    outer loop
      vertex -2.3 -41.75 47.2
      vertex -4.45 -40.15 50.3177
      vertex -2.3 -40.15 47.2
    endloop
  endfacet
  facet normal -0.82323 -0 -0.567708
    outer loop
      vertex -4.45 -40.15 50.3177
      vertex -2.3 -41.75 47.2
      vertex -4.45 -41.75 50.3177
    endloop
  endfacet
  facet normal -0 0 1
    outer loop
      vertex -8.75 -40.15 44.0823
      vertex -4.45 -41.75 44.0823
      vertex -4.45 -40.15 44.0823
    endloop
  endfacet
  facet normal 0 0 1
    outer loop
      vertex -4.45 -41.75 44.0823
      vertex -8.75 -40.15 44.0823
      vertex -8.75 -41.75 44.0823
    endloop
  endfacet
  facet normal -0.82323 0 0.567708
    outer loop
      vertex 8.75 -41.75 44.0823
      vertex 10.9 -40.15 47.2
      vertex 8.75 -40.15 44.0823
    endloop
  endfacet
  facet normal -0.82323 0 0.567708
    outer loop
      vertex 10.9 -40.15 47.2
      vertex 8.75 -41.75 44.0823
      vertex 10.9 -41.75 47.2
    endloop
  endfacet
  facet normal -0 0 1
    outer loop
      vertex 4.45 -40.15 44.0823
      vertex 8.75 -41.75 44.0823
      vertex 8.75 -40.15 44.0823
    endloop
  endfacet
  facet normal 0 0 1
    outer loop
      vertex 8.75 -41.75 44.0823
      vertex 4.45 -40.15 44.0823
      vertex 4.45 -41.75 44.0823
    endloop
  endfacet
  facet normal 0.82323 -0 0.567708
    outer loop
      vertex 2.3 -41.75 47.2
      vertex 4.45 -40.15 44.0823
      vertex 2.3 -40.15 47.2
    endloop
  endfacet
  facet normal 0.82323 0 0.567708
    outer loop
      vertex 4.45 -40.15 44.0823
      vertex 2.3 -41.75 47.2
      vertex 4.45 -41.75 44.0823
    endloop
  endfacet
  facet normal 0.82323 0 -0.567708
    outer loop
      vertex 4.45 -41.75 50.3177
      vertex 2.3 -40.15 47.2
      vertex 4.45 -40.15 50.3177
    endloop
  endfacet
  facet normal 0.82323 0 -0.567708
    outer loop
      vertex 2.3 -40.15 47.2
      vertex 4.45 -41.75 50.3177
      vertex 2.3 -41.75 47.2
    endloop
  endfacet
  facet normal 0 0 -1
    outer loop
      vertex 4.45 -41.75 50.3177
      vertex 8.75 -40.15 50.3177
      vertex 8.75 -41.75 50.3177
    endloop
  endfacet
  facet normal -0 0 -1
    outer loop
      vertex 8.75 -40.15 50.3177
      vertex 4.45 -41.75 50.3177
      vertex 4.45 -40.15 50.3177
    endloop
  endfacet
  facet normal -0.82323 0 -0.567708
    outer loop
      vertex 10.9 -41.75 47.2
      vertex 8.75 -40.15 50.3177
      vertex 10.9 -40.15 47.2
    endloop
  endfacet
  facet normal -0.82323 -0 -0.567708
    outer loop
      vertex 8.75 -40.15 50.3177
      vertex 10.9 -41.75 47.2
      vertex 8.75 -41.75 50.3177
    endloop
  endfacet
  facet normal -0.82323 0 0.567708
    outer loop
      vertex 21.95 -41.75 44.0823
      vertex 24.1 -40.15 47.2
      vertex 21.95 -40.15 44.0823
    endloop
  endfacet
  facet normal -0.82323 0 0.567708
    outer loop
      vertex 24.1 -40.15 47.2
      vertex 21.95 -41.75 44.0823
      vertex 24.1 -41.75 47.2
    endloop
  endfacet
  facet normal 0.82323 -0 0.567708
    outer loop
      vertex 15.5 -41.75 47.2
      vertex 17.65 -40.15 44.0823
      vertex 15.5 -40.15 47.2
    endloop
  endfacet
  facet normal 0.82323 0 0.567708
    outer loop
      vertex 17.65 -40.15 44.0823
      vertex 15.5 -41.75 47.2
      vertex 17.65 -41.75 44.0823
    endloop
  endfacet
  facet normal -0 0 1
    outer loop
      vertex 17.65 -40.15 44.0823
      vertex 21.95 -41.75 44.0823
      vertex 21.95 -40.15 44.0823
    endloop
  endfacet
  facet normal 0 0 1
    outer loop
      vertex 21.95 -41.75 44.0823
      vertex 17.65 -40.15 44.0823
      vertex 17.65 -41.75 44.0823
    endloop
  endfacet
  facet normal 0.82323 0 -0.567708
    outer loop
      vertex 17.65 -41.75 50.3177
      vertex 15.5 -40.15 47.2
      vertex 17.65 -40.15 50.3177
    endloop
  endfacet
  facet normal 0.82323 0 -0.567708
    outer loop
      vertex 15.5 -40.15 47.2
      vertex 17.65 -41.75 50.3177
      vertex 15.5 -41.75 47.2
    endloop
  endfacet
  facet normal 0 0 -1
    outer loop
      vertex 17.65 -41.75 50.3177
      vertex 21.95 -40.15 50.3177
      vertex 21.95 -41.75 50.3177
    endloop
  endfacet
  facet normal -0 0 -1
    outer loop
      vertex 21.95 -40.15 50.3177
      vertex 17.65 -41.75 50.3177
      vertex 17.65 -40.15 50.3177
    endloop
  endfacet
  facet normal -0.82323 0 -0.567708
    outer loop
      vertex 24.1 -41.75 47.2
      vertex 21.95 -40.15 50.3177
      vertex 24.1 -40.15 47.2
    endloop
  endfacet
  facet normal -0.82323 -0 -0.567708
    outer loop
      vertex 21.95 -40.15 50.3177
      vertex 24.1 -41.75 47.2
      vertex 21.95 -41.75 50.3177
    endloop
  endfacet
  facet normal -0.82323 0 0.567708
    outer loop
      vertex 35.15 -41.75 44.0823
      vertex 37.3 -40.15 47.2
      vertex 35.15 -40.15 44.0823
    endloop
  endfacet
  facet normal -0.82323 0 0.567708
    outer loop
      vertex 37.3 -40.15 47.2
      vertex 35.15 -41.75 44.0823
      vertex 37.3 -41.75 47.2
    endloop
  endfacet
  facet normal 0.82323 -0 0.567708
    outer loop
      vertex 28.7 -41.75 47.2
      vertex 30.85 -40.15 44.0823
      vertex 28.7 -40.15 47.2
    endloop
  endfacet
  facet normal 0.82323 0 0.567708
    outer loop
      vertex 30.85 -40.15 44.0823
      vertex 28.7 -41.75 47.2
      vertex 30.85 -41.75 44.0823
    endloop
  endfacet
  facet normal -0 0 1
    outer loop
      vertex 30.85 -40.15 44.0823
      vertex 35.15 -41.75 44.0823
      vertex 35.15 -40.15 44.0823
    endloop
  endfacet
  facet normal 0 0 1
    outer loop
      vertex 35.15 -41.75 44.0823
      vertex 30.85 -40.15 44.0823
      vertex 30.85 -41.75 44.0823
    endloop
  endfacet
  facet normal 0.82323 0 -0.567708
    outer loop
      vertex 30.85 -41.75 50.3177
      vertex 28.7 -40.15 47.2
      vertex 30.85 -40.15 50.3177
    endloop
  endfacet
  facet normal 0.82323 0 -0.567708
    outer loop
      vertex 28.7 -40.15 47.2
      vertex 30.85 -41.75 50.3177
      vertex 28.7 -41.75 47.2
    endloop
  endfacet
  facet normal 0 0 -1
    outer loop
      vertex 30.85 -41.75 50.3177
      vertex 35.15 -40.15 50.3177
      vertex 35.15 -41.75 50.3177
    endloop
  endfacet
  facet normal -0 0 -1
    outer loop
      vertex 35.15 -40.15 50.3177
      vertex 30.85 -41.75 50.3177
      vertex 30.85 -40.15 50.3177
    endloop
  endfacet
  facet normal -0.82323 0 -0.567708
    outer loop
      vertex 37.3 -41.75 47.2
      vertex 35.15 -40.15 50.3177
      vertex 37.3 -40.15 47.2
    endloop
  endfacet
  facet normal -0.82323 -0 -0.567708
    outer loop
      vertex 35.15 -40.15 50.3177
      vertex 37.3 -41.75 47.2
      vertex 35.15 -41.75 50.3177
    endloop
  endfacet
  facet normal -0.82323 0 0.567708
    outer loop
      vertex 48.35 -41.75 44.0823
      vertex 50.5 -40.15 47.2
      vertex 48.35 -40.15 44.0823
    endloop
  endfacet
  facet normal -0.82323 0 0.567708
    outer loop
      vertex 50.5 -40.15 47.2
      vertex 48.35 -41.75 44.0823
      vertex 50.5 -41.75 47.2
    endloop
  endfacet
  facet normal 0.82323 -0 0.567708
    outer loop
      vertex 41.9 -41.75 47.2
      vertex 44.05 -40.15 44.0823
      vertex 41.9 -40.15 47.2
    endloop
  endfacet
  facet normal 0.82323 0 0.567708
    outer loop
      vertex 44.05 -40.15 44.0823
      vertex 41.9 -41.75 47.2
      vertex 44.05 -41.75 44.0823
    endloop
  endfacet
  facet normal -0 0 1
    outer loop
      vertex 44.05 -40.15 44.0823
      vertex 48.35 -41.75 44.0823
      vertex 48.35 -40.15 44.0823
    endloop
  endfacet
  facet normal 0 0 1
    outer loop
      vertex 48.35 -41.75 44.0823
      vertex 44.05 -40.15 44.0823
      vertex 44.05 -41.75 44.0823
    endloop
  endfacet
  facet normal 0.82323 0 -0.567708
    outer loop
      vertex 44.05 -41.75 50.3177
      vertex 41.9 -40.15 47.2
      vertex 44.05 -40.15 50.3177
    endloop
  endfacet
  facet normal 0.82323 0 -0.567708
    outer loop
      vertex 41.9 -40.15 47.2
      vertex 44.05 -41.75 50.3177
      vertex 41.9 -41.75 47.2
    endloop
  endfacet
  facet normal 0 0 -1
    outer loop
      vertex 44.05 -41.75 50.3177
      vertex 48.35 -40.15 50.3177
      vertex 48.35 -41.75 50.3177
    endloop
  endfacet
  facet normal -0 0 -1
    outer loop
      vertex 48.35 -40.15 50.3177
      vertex 44.05 -41.75 50.3177
      vertex 44.05 -40.15 50.3177
    endloop
  endfacet
  facet normal -0.82323 0 -0.567708
    outer loop
      vertex 50.5 -41.75 47.2
      vertex 48.35 -40.15 50.3177
      vertex 50.5 -40.15 47.2
    endloop
  endfacet
  facet normal -0.82323 -0 -0.567708
    outer loop
      vertex 48.35 -40.15 50.3177
      vertex 50.5 -41.75 47.2
      vertex 48.35 -41.75 50.3177
    endloop
  endfacet
  facet normal -0.82323 0 0.567708
    outer loop
      vertex -44.05 40.15 16.8823
      vertex -41.9 41.75 20
      vertex -44.05 41.75 16.8823
    endloop
  endfacet
  facet normal -0.82323 0 0.567708
    outer loop
      vertex -41.9 41.75 20
      vertex -44.05 40.15 16.8823
      vertex -41.9 40.15 20
    endloop
  endfacet
  facet normal -0 0 1
    outer loop
      vertex -48.35 41.75 16.8823
      vertex -44.05 40.15 16.8823
      vertex -44.05 41.75 16.8823
    endloop
  endfacet
  facet normal 0 0 1
    outer loop
      vertex -44.05 40.15 16.8823
      vertex -48.35 41.75 16.8823
      vertex -48.35 40.15 16.8823
    endloop
  endfacet
  facet normal 0.82323 -0 0.567708
    outer loop
      vertex -50.5 40.15 20
      vertex -48.35 41.75 16.8823
      vertex -50.5 41.75 20
    endloop
  endfacet
  facet normal 0.82323 0 0.567708
    outer loop
      vertex -48.35 41.75 16.8823
      vertex -50.5 40.15 20
      vertex -48.35 40.15 16.8823
    endloop
  endfacet
  facet normal 0.82323 0 -0.567708
    outer loop
      vertex -48.35 40.15 23.1177
      vertex -50.5 41.75 20
      vertex -48.35 41.75 23.1177
    endloop
  endfacet
  facet normal 0.82323 0 -0.567708
    outer loop
      vertex -50.5 41.75 20
      vertex -48.35 40.15 23.1177
      vertex -50.5 40.15 20
    endloop
  endfacet
  facet normal 0 0 -1
    outer loop
      vertex -48.35 40.15 23.1177
      vertex -44.05 41.75 23.1177
      vertex -44.05 40.15 23.1177
    endloop
  endfacet
  facet normal -0 0 -1
    outer loop
      vertex -44.05 41.75 23.1177
      vertex -48.35 40.15 23.1177
      vertex -48.35 41.75 23.1177
    endloop
  endfacet
  facet normal -0.82323 0 -0.567708
    outer loop
      vertex -41.9 40.15 20
      vertex -44.05 41.75 23.1177
      vertex -41.9 41.75 20
    endloop
  endfacet
  facet normal -0.82323 -0 -0.567708
    outer loop
      vertex -44.05 41.75 23.1177
      vertex -41.9 40.15 20
      vertex -44.05 40.15 23.1177
    endloop
  endfacet
  facet normal -0.82323 0 0.567708
    outer loop
      vertex -30.85 40.15 16.8823
      vertex -28.7 41.75 20
      vertex -30.85 41.75 16.8823
    endloop
  endfacet
  facet normal -0.82323 0 0.567708
    outer loop
      vertex -28.7 41.75 20
      vertex -30.85 40.15 16.8823
      vertex -28.7 40.15 20
    endloop
  endfacet
  facet normal 0.82323 -0 0.567708
    outer loop
      vertex -37.3 40.15 20
      vertex -35.15 41.75 16.8823
      vertex -37.3 41.75 20
    endloop
  endfacet
  facet normal 0.82323 0 0.567708
    outer loop
      vertex -35.15 41.75 16.8823
      vertex -37.3 40.15 20
      vertex -35.15 40.15 16.8823
    endloop
  endfacet
  facet normal -0 0 1
    outer loop
      vertex -35.15 41.75 16.8823
      vertex -30.85 40.15 16.8823
      vertex -30.85 41.75 16.8823
    endloop
  endfacet
  facet normal 0 0 1
    outer loop
      vertex -30.85 40.15 16.8823
      vertex -35.15 41.75 16.8823
      vertex -35.15 40.15 16.8823
    endloop
  endfacet
  facet normal 0.82323 0 -0.567708
    outer loop
      vertex -35.15 40.15 23.1177
      vertex -37.3 41.75 20
      vertex -35.15 41.75 23.1177
    endloop
  endfacet
  facet normal 0.82323 0 -0.567708
    outer loop
      vertex -37.3 41.75 20
      vertex -35.15 40.15 23.1177
      vertex -37.3 40.15 20
    endloop
  endfacet
  facet normal 0 0 -1
    outer loop
      vertex -35.15 40.15 23.1177
      vertex -30.85 41.75 23.1177
      vertex -30.85 40.15 23.1177
    endloop
  endfacet
  facet normal -0 0 -1
    outer loop
      vertex -30.85 41.75 23.1177
      vertex -35.15 40.15 23.1177
      vertex -35.15 41.75 23.1177
    endloop
  endfacet
  facet normal -0.82323 0 -0.567708
    outer loop
      vertex -28.7 40.15 20
      vertex -30.85 41.75 23.1177
      vertex -28.7 41.75 20
    endloop
  endfacet
  facet normal -0.82323 -0 -0.567708
    outer loop
      vertex -30.85 41.75 23.1177
      vertex -28.7 40.15 20
      vertex -30.85 40.15 23.1177
    endloop
  endfacet
  facet normal -0.82323 0 0.567708
    outer loop
      vertex -17.65 40.15 16.8823
      vertex -15.5 41.75 20
      vertex -17.65 41.75 16.8823
    endloop
  endfacet
  facet normal -0.82323 0 0.567708
    outer loop
      vertex -15.5 41.75 20
      vertex -17.65 40.15 16.8823
      vertex -15.5 40.15 20
    endloop
  endfacet
  facet normal 0.82323 -0 0.567708
    outer loop
      vertex -24.1 40.15 20
      vertex -21.95 41.75 16.8823
      vertex -24.1 41.75 20
    endloop
  endfacet
  facet normal 0.82323 0 0.567708
    outer loop
      vertex -21.95 41.75 16.8823
      vertex -24.1 40.15 20
      vertex -21.95 40.15 16.8823
    endloop
  endfacet
  facet normal 0.82323 0 -0.567708
    outer loop
      vertex -21.95 40.15 23.1177
      vertex -24.1 41.75 20
      vertex -21.95 41.75 23.1177
    endloop
  endfacet
  facet normal 0.82323 0 -0.567708
    outer loop
      vertex -24.1 41.75 20
      vertex -21.95 40.15 23.1177
      vertex -24.1 40.15 20
    endloop
  endfacet
  facet normal 0 0 -1
    outer loop
      vertex -21.95 40.15 23.1177
      vertex -17.65 41.75 23.1177
      vertex -17.65 40.15 23.1177
    endloop
  endfacet
  facet normal -0 0 -1
    outer loop
      vertex -17.65 41.75 23.1177
      vertex -21.95 40.15 23.1177
      vertex -21.95 41.75 23.1177
    endloop
  endfacet
  facet normal -0.82323 0 -0.567708
    outer loop
      vertex -15.5 40.15 20
      vertex -17.65 41.75 23.1177
      vertex -15.5 41.75 20
    endloop
  endfacet
  facet normal -0.82323 -0 -0.567708
    outer loop
      vertex -17.65 41.75 23.1177
      vertex -15.5 40.15 20
      vertex -17.65 40.15 23.1177
    endloop
  endfacet
  facet normal -0 0 1
    outer loop
      vertex -21.95 41.75 16.8823
      vertex -17.65 40.15 16.8823
      vertex -17.65 41.75 16.8823
    endloop
  endfacet
  facet normal 0 0 1
    outer loop
      vertex -17.65 40.15 16.8823
      vertex -21.95 41.75 16.8823
      vertex -21.95 40.15 16.8823
    endloop
  endfacet
  facet normal -0.82323 0 0.567708
    outer loop
      vertex -4.45 40.15 16.8823
      vertex -2.3 41.75 20
      vertex -4.45 41.75 16.8823
    endloop
  endfacet
  facet normal -0.82323 0 0.567708
    outer loop
      vertex -2.3 41.75 20
      vertex -4.45 40.15 16.8823
      vertex -2.3 40.15 20
    endloop
  endfacet
  facet normal 0.82323 -0 0.567708
    outer loop
      vertex -10.9 40.15 20
      vertex -8.75 41.75 16.8823
      vertex -10.9 41.75 20
    endloop
  endfacet
  facet normal 0.82323 0 0.567708
    outer loop
      vertex -8.75 41.75 16.8823
      vertex -10.9 40.15 20
      vertex -8.75 40.15 16.8823
    endloop
  endfacet
  facet normal 0.82323 0 -0.567708
    outer loop
      vertex -8.75 40.15 23.1177
      vertex -10.9 41.75 20
      vertex -8.75 41.75 23.1177
    endloop
  endfacet
  facet normal 0.82323 0 -0.567708
    outer loop
      vertex -10.9 41.75 20
      vertex -8.75 40.15 23.1177
      vertex -10.9 40.15 20
    endloop
  endfacet
  facet normal 0 0 -1
    outer loop
      vertex -8.75 40.15 23.1177
      vertex -4.45 41.75 23.1177
      vertex -4.45 40.15 23.1177
    endloop
  endfacet
  facet normal -0 0 -1
    outer loop
      vertex -4.45 41.75 23.1177
      vertex -8.75 40.15 23.1177
      vertex -8.75 41.75 23.1177
    endloop
  endfacet
  facet normal -0 0 1
    outer loop
      vertex -8.75 41.75 16.8823
      vertex -4.45 40.15 16.8823
      vertex -4.45 41.75 16.8823
    endloop
  endfacet
  facet normal 0 0 1
    outer loop
      vertex -4.45 40.15 16.8823
      vertex -8.75 41.75 16.8823
      vertex -8.75 40.15 16.8823
    endloop
  endfacet
  facet normal -0.82323 0 -0.567708
    outer loop
      vertex -2.3 40.15 20
      vertex -4.45 41.75 23.1177
      vertex -2.3 41.75 20
    endloop
  endfacet
  facet normal -0.82323 -0 -0.567708
    outer loop
      vertex -4.45 41.75 23.1177
      vertex -2.3 40.15 20
      vertex -4.45 40.15 23.1177
    endloop
  endfacet
  facet normal 0.82323 0 -0.567708
    outer loop
      vertex 4.45 40.15 23.1177
      vertex 2.3 41.75 20
      vertex 4.45 41.75 23.1177
    endloop
  endfacet
  facet normal 0.82323 0 -0.567708
    outer loop
      vertex 2.3 41.75 20
      vertex 4.45 40.15 23.1177
      vertex 2.3 40.15 20
    endloop
  endfacet
  facet normal -0.82323 0 0.567708
    outer loop
      vertex 8.75 40.15 16.8823
      vertex 10.9 41.75 20
      vertex 8.75 41.75 16.8823
    endloop
  endfacet
  facet normal -0.82323 0 0.567708
    outer loop
      vertex 10.9 41.75 20
      vertex 8.75 40.15 16.8823
      vertex 10.9 40.15 20
    endloop
  endfacet
  facet normal -0 0 1
    outer loop
      vertex 4.45 41.75 16.8823
      vertex 8.75 40.15 16.8823
      vertex 8.75 41.75 16.8823
    endloop
  endfacet
  facet normal 0 0 1
    outer loop
      vertex 8.75 40.15 16.8823
      vertex 4.45 41.75 16.8823
      vertex 4.45 40.15 16.8823
    endloop
  endfacet
  facet normal 0.82323 -0 0.567708
    outer loop
      vertex 2.3 40.15 20
      vertex 4.45 41.75 16.8823
      vertex 2.3 41.75 20
    endloop
  endfacet
  facet normal 0.82323 0 0.567708
    outer loop
      vertex 4.45 41.75 16.8823
      vertex 2.3 40.15 20
      vertex 4.45 40.15 16.8823
    endloop
  endfacet
  facet normal 0 0 -1
    outer loop
      vertex 4.45 40.15 23.1177
      vertex 8.75 41.75 23.1177
      vertex 8.75 40.15 23.1177
    endloop
  endfacet
  facet normal -0 0 -1
    outer loop
      vertex 8.75 41.75 23.1177
      vertex 4.45 40.15 23.1177
      vertex 4.45 41.75 23.1177
    endloop
  endfacet
  facet normal -0.82323 0 -0.567708
    outer loop
      vertex 10.9 40.15 20
      vertex 8.75 41.75 23.1177
      vertex 10.9 41.75 20
    endloop
  endfacet
  facet normal -0.82323 -0 -0.567708
    outer loop
      vertex 8.75 41.75 23.1177
      vertex 10.9 40.15 20
      vertex 8.75 40.15 23.1177
    endloop
  endfacet
  facet normal -0.82323 0 0.567708
    outer loop
      vertex 21.95 40.15 16.8823
      vertex 24.1 41.75 20
      vertex 21.95 41.75 16.8823
    endloop
  endfacet
  facet normal -0.82323 0 0.567708
    outer loop
      vertex 24.1 41.75 20
      vertex 21.95 40.15 16.8823
      vertex 24.1 40.15 20
    endloop
  endfacet
  facet normal -0 0 1
    outer loop
      vertex 17.65 41.75 16.8823
      vertex 21.95 40.15 16.8823
      vertex 21.95 41.75 16.8823
    endloop
  endfacet
  facet normal 0 0 1
    outer loop
      vertex 21.95 40.15 16.8823
      vertex 17.65 41.75 16.8823
      vertex 17.65 40.15 16.8823
    endloop
  endfacet
  facet normal 0.82323 -0 0.567708
    outer loop
      vertex 15.5 40.15 20
      vertex 17.65 41.75 16.8823
      vertex 15.5 41.75 20
    endloop
  endfacet
  facet normal 0.82323 0 0.567708
    outer loop
      vertex 17.65 41.75 16.8823
      vertex 15.5 40.15 20
      vertex 17.65 40.15 16.8823
    endloop
  endfacet
  facet normal 0.82323 0 -0.567708
    outer loop
      vertex 17.65 40.15 23.1177
      vertex 15.5 41.75 20
      vertex 17.65 41.75 23.1177
    endloop
  endfacet
  facet normal 0.82323 0 -0.567708
    outer loop
      vertex 15.5 41.75 20
      vertex 17.65 40.15 23.1177
      vertex 15.5 40.15 20
    endloop
  endfacet
  facet normal 0 0 -1
    outer loop
      vertex 17.65 40.15 23.1177
      vertex 21.95 41.75 23.1177
      vertex 21.95 40.15 23.1177
    endloop
  endfacet
  facet normal -0 0 -1
    outer loop
      vertex 21.95 41.75 23.1177
      vertex 17.65 40.15 23.1177
      vertex 17.65 41.75 23.1177
    endloop
  endfacet
  facet normal -0.82323 0 -0.567708
    outer loop
      vertex 24.1 40.15 20
      vertex 21.95 41.75 23.1177
      vertex 24.1 41.75 20
    endloop
  endfacet
  facet normal -0.82323 -0 -0.567708
    outer loop
      vertex 21.95 41.75 23.1177
      vertex 24.1 40.15 20
      vertex 21.95 40.15 23.1177
    endloop
  endfacet
  facet normal 0.82323 0 -0.567708
    outer loop
      vertex 30.85 40.15 23.1177
      vertex 28.7 41.75 20
      vertex 30.85 41.75 23.1177
    endloop
  endfacet
  facet normal 0.82323 0 -0.567708
    outer loop
      vertex 28.7 41.75 20
      vertex 30.85 40.15 23.1177
      vertex 28.7 40.15 20
    endloop
  endfacet
  facet normal -0.82323 0 0.567708
    outer loop
      vertex 35.15 40.15 16.8823
      vertex 37.3 41.75 20
      vertex 35.15 41.75 16.8823
    endloop
  endfacet
  facet normal -0.82323 0 0.567708
    outer loop
      vertex 37.3 41.75 20
      vertex 35.15 40.15 16.8823
      vertex 37.3 40.15 20
    endloop
  endfacet
  facet normal -0 0 1
    outer loop
      vertex 30.85 41.75 16.8823
      vertex 35.15 40.15 16.8823
      vertex 35.15 41.75 16.8823
    endloop
  endfacet
  facet normal 0 0 1
    outer loop
      vertex 35.15 40.15 16.8823
      vertex 30.85 41.75 16.8823
      vertex 30.85 40.15 16.8823
    endloop
  endfacet
  facet normal 0.82323 -0 0.567708
    outer loop
      vertex 28.7 40.15 20
      vertex 30.85 41.75 16.8823
      vertex 28.7 41.75 20
    endloop
  endfacet
  facet normal 0.82323 0 0.567708
    outer loop
      vertex 30.85 41.75 16.8823
      vertex 28.7 40.15 20
      vertex 30.85 40.15 16.8823
    endloop
  endfacet
  facet normal 0 0 -1
    outer loop
      vertex 30.85 40.15 23.1177
      vertex 35.15 41.75 23.1177
      vertex 35.15 40.15 23.1177
    endloop
  endfacet
  facet normal -0 0 -1
    outer loop
      vertex 35.15 41.75 23.1177
      vertex 30.85 40.15 23.1177
      vertex 30.85 41.75 23.1177
    endloop
  endfacet
  facet normal -0.82323 0 -0.567708
    outer loop
      vertex 37.3 40.15 20
      vertex 35.15 41.75 23.1177
      vertex 37.3 41.75 20
    endloop
  endfacet
  facet normal -0.82323 -0 -0.567708
    outer loop
      vertex 35.15 41.75 23.1177
      vertex 37.3 40.15 20
      vertex 35.15 40.15 23.1177
    endloop
  endfacet
  facet normal -0.82323 0 0.567708
    outer loop
      vertex 48.35 40.15 16.8823
      vertex 50.5 41.75 20
      vertex 48.35 41.75 16.8823
    endloop
  endfacet
  facet normal -0.82323 0 0.567708
    outer loop
      vertex 50.5 41.75 20
      vertex 48.35 40.15 16.8823
      vertex 50.5 40.15 20
    endloop
  endfacet
  facet normal -0 0 1
    outer loop
      vertex 44.05 41.75 16.8823
      vertex 48.35 40.15 16.8823
      vertex 48.35 41.75 16.8823
    endloop
  endfacet
  facet normal 0 0 1
    outer loop
      vertex 48.35 40.15 16.8823
      vertex 44.05 41.75 16.8823
      vertex 44.05 40.15 16.8823
    endloop
  endfacet
  facet normal 0.82323 -0 0.567708
    outer loop
      vertex 41.9 40.15 20
      vertex 44.05 41.75 16.8823
      vertex 41.9 41.75 20
    endloop
  endfacet
  facet normal 0.82323 0 0.567708
    outer loop
      vertex 44.05 41.75 16.8823
      vertex 41.9 40.15 20
      vertex 44.05 40.15 16.8823
    endloop
  endfacet
  facet normal 0.82323 0 -0.567708
    outer loop
      vertex 44.05 40.15 23.1177
      vertex 41.9 41.75 20
      vertex 44.05 41.75 23.1177
    endloop
  endfacet
  facet normal 0.82323 0 -0.567708
    outer loop
      vertex 41.9 41.75 20
      vertex 44.05 40.15 23.1177
      vertex 41.9 40.15 20
    endloop
  endfacet
  facet normal 0 0 -1
    outer loop
      vertex 44.05 40.15 23.1177
      vertex 48.35 41.75 23.1177
      vertex 48.35 40.15 23.1177
    endloop
  endfacet
  facet normal -0 0 -1
    outer loop
      vertex 48.35 41.75 23.1177
      vertex 44.05 40.15 23.1177
      vertex 44.05 41.75 23.1177
    endloop
  endfacet
  facet normal -0.82323 0 -0.567708
    outer loop
      vertex 50.5 40.15 20
      vertex 48.35 41.75 23.1177
      vertex 50.5 41.75 20
    endloop
  endfacet
  facet normal -0.82323 -0 -0.567708
    outer loop
      vertex 48.35 41.75 23.1177
      vertex 50.5 40.15 20
      vertex 48.35 40.15 23.1177
    endloop
  endfacet
  facet normal -0.82323 0 0.567708
    outer loop
      vertex -37.45 40.15 30.4823
      vertex -35.3 41.75 33.6
      vertex -37.45 41.75 30.4823
    endloop
  endfacet
  facet normal -0.82323 0 0.567708
    outer loop
      vertex -35.3 41.75 33.6
      vertex -37.45 40.15 30.4823
      vertex -35.3 40.15 33.6
    endloop
  endfacet
  facet normal 0.82323 -0 0.567708
    outer loop
      vertex -43.9 40.15 33.6
      vertex -41.75 41.75 30.4823
      vertex -43.9 41.75 33.6
    endloop
  endfacet
  facet normal 0.82323 0 0.567708
    outer loop
      vertex -41.75 41.75 30.4823
      vertex -43.9 40.15 33.6
      vertex -41.75 40.15 30.4823
    endloop
  endfacet
  facet normal 0.82323 0 -0.567708
    outer loop
      vertex -41.75 40.15 36.7177
      vertex -43.9 41.75 33.6
      vertex -41.75 41.75 36.7177
    endloop
  endfacet
  facet normal 0.82323 0 -0.567708
    outer loop
      vertex -43.9 41.75 33.6
      vertex -41.75 40.15 36.7177
      vertex -43.9 40.15 33.6
    endloop
  endfacet
  facet normal -0 0 1
    outer loop
      vertex -41.75 41.75 30.4823
      vertex -37.45 40.15 30.4823
      vertex -37.45 41.75 30.4823
    endloop
  endfacet
  facet normal 0 0 1
    outer loop
      vertex -37.45 40.15 30.4823
      vertex -41.75 41.75 30.4823
      vertex -41.75 40.15 30.4823
    endloop
  endfacet
  facet normal 0 0 -1
    outer loop
      vertex -41.75 40.15 36.7177
      vertex -37.45 41.75 36.7177
      vertex -37.45 40.15 36.7177
    endloop
  endfacet
  facet normal -0 0 -1
    outer loop
      vertex -37.45 41.75 36.7177
      vertex -41.75 40.15 36.7177
      vertex -41.75 41.75 36.7177
    endloop
  endfacet
  facet normal -0.82323 0 -0.567708
    outer loop
      vertex -35.3 40.15 33.6
      vertex -37.45 41.75 36.7177
      vertex -35.3 41.75 33.6
    endloop
  endfacet
  facet normal -0.82323 -0 -0.567708
    outer loop
      vertex -37.45 41.75 36.7177
      vertex -35.3 40.15 33.6
      vertex -37.45 40.15 36.7177
    endloop
  endfacet
  facet normal -0.82323 0 0.567708
    outer loop
      vertex -24.25 40.15 30.4823
      vertex -22.1 41.75 33.6
      vertex -24.25 41.75 30.4823
    endloop
  endfacet
  facet normal -0.82323 0 0.567708
    outer loop
      vertex -22.1 41.75 33.6
      vertex -24.25 40.15 30.4823
      vertex -22.1 40.15 33.6
    endloop
  endfacet
  facet normal 0.82323 -0 0.567708
    outer loop
      vertex -30.7 40.15 33.6
      vertex -28.55 41.75 30.4823
      vertex -30.7 41.75 33.6
    endloop
  endfacet
  facet normal 0.82323 0 0.567708
    outer loop
      vertex -28.55 41.75 30.4823
      vertex -30.7 40.15 33.6
      vertex -28.55 40.15 30.4823
    endloop
  endfacet
  facet normal 0.82323 0 -0.567708
    outer loop
      vertex -28.55 40.15 36.7177
      vertex -30.7 41.75 33.6
      vertex -28.55 41.75 36.7177
    endloop
  endfacet
  facet normal 0.82323 0 -0.567708
    outer loop
      vertex -30.7 41.75 33.6
      vertex -28.55 40.15 36.7177
      vertex -30.7 40.15 33.6
    endloop
  endfacet
  facet normal -0 0 1
    outer loop
      vertex -28.55 41.75 30.4823
      vertex -24.25 40.15 30.4823
      vertex -24.25 41.75 30.4823
    endloop
  endfacet
  facet normal 0 0 1
    outer loop
      vertex -24.25 40.15 30.4823
      vertex -28.55 41.75 30.4823
      vertex -28.55 40.15 30.4823
    endloop
  endfacet
  facet normal 0 0 -1
    outer loop
      vertex -28.55 40.15 36.7177
      vertex -24.25 41.75 36.7177
      vertex -24.25 40.15 36.7177
    endloop
  endfacet
  facet normal -0 0 -1
    outer loop
      vertex -24.25 41.75 36.7177
      vertex -28.55 40.15 36.7177
      vertex -28.55 41.75 36.7177
    endloop
  endfacet
  facet normal -0.82323 0 -0.567708
    outer loop
      vertex -22.1 40.15 33.6
      vertex -24.25 41.75 36.7177
      vertex -22.1 41.75 33.6
    endloop
  endfacet
  facet normal -0.82323 -0 -0.567708
    outer loop
      vertex -24.25 41.75 36.7177
      vertex -22.1 40.15 33.6
      vertex -24.25 40.15 36.7177
    endloop
  endfacet
  facet normal -0.82323 0 0.567708
    outer loop
      vertex -11.05 40.15 30.4823
      vertex -8.9 41.75 33.6
      vertex -11.05 41.75 30.4823
    endloop
  endfacet
  facet normal -0.82323 0 0.567708
    outer loop
      vertex -8.9 41.75 33.6
      vertex -11.05 40.15 30.4823
      vertex -8.9 40.15 33.6
    endloop
  endfacet
  facet normal 0.82323 -0 0.567708
    outer loop
      vertex -17.5 40.15 33.6
      vertex -15.35 41.75 30.4823
      vertex -17.5 41.75 33.6
    endloop
  endfacet
  facet normal 0.82323 0 0.567708
    outer loop
      vertex -15.35 41.75 30.4823
      vertex -17.5 40.15 33.6
      vertex -15.35 40.15 30.4823
    endloop
  endfacet
  facet normal 0.82323 0 -0.567708
    outer loop
      vertex -15.35 40.15 36.7177
      vertex -17.5 41.75 33.6
      vertex -15.35 41.75 36.7177
    endloop
  endfacet
  facet normal 0.82323 0 -0.567708
    outer loop
      vertex -17.5 41.75 33.6
      vertex -15.35 40.15 36.7177
      vertex -17.5 40.15 33.6
    endloop
  endfacet
  facet normal 0 0 -1
    outer loop
      vertex -15.35 40.15 36.7177
      vertex -11.05 41.75 36.7177
      vertex -11.05 40.15 36.7177
    endloop
  endfacet
  facet normal -0 0 -1
    outer loop
      vertex -11.05 41.75 36.7177
      vertex -15.35 40.15 36.7177
      vertex -15.35 41.75 36.7177
    endloop
  endfacet
  facet normal -0 0 1
    outer loop
      vertex -15.35 41.75 30.4823
      vertex -11.05 40.15 30.4823
      vertex -11.05 41.75 30.4823
    endloop
  endfacet
  facet normal 0 0 1
    outer loop
      vertex -11.05 40.15 30.4823
      vertex -15.35 41.75 30.4823
      vertex -15.35 40.15 30.4823
    endloop
  endfacet
  facet normal -0.82323 0 -0.567708
    outer loop
      vertex -8.9 40.15 33.6
      vertex -11.05 41.75 36.7177
      vertex -8.9 41.75 33.6
    endloop
  endfacet
  facet normal -0.82323 -0 -0.567708
    outer loop
      vertex -11.05 41.75 36.7177
      vertex -8.9 40.15 33.6
      vertex -11.05 40.15 36.7177
    endloop
  endfacet
  facet normal -0.82323 0 0.567708
    outer loop
      vertex 2.15 40.15 30.4823
      vertex 4.3 41.75 33.6
      vertex 2.15 41.75 30.4823
    endloop
  endfacet
  facet normal -0.82323 0 0.567708
    outer loop
      vertex 4.3 41.75 33.6
      vertex 2.15 40.15 30.4823
      vertex 4.3 40.15 33.6
    endloop
  endfacet
  facet normal 0.82323 -0 0.567708
    outer loop
      vertex -4.3 40.15 33.6
      vertex -2.15 41.75 30.4823
      vertex -4.3 41.75 33.6
    endloop
  endfacet
  facet normal 0.82323 0 0.567708
    outer loop
      vertex -2.15 41.75 30.4823
      vertex -4.3 40.15 33.6
      vertex -2.15 40.15 30.4823
    endloop
  endfacet
  facet normal 0.82323 0 -0.567708
    outer loop
      vertex -2.15 40.15 36.7177
      vertex -4.3 41.75 33.6
      vertex -2.15 41.75 36.7177
    endloop
  endfacet
  facet normal 0.82323 0 -0.567708
    outer loop
      vertex -4.3 41.75 33.6
      vertex -2.15 40.15 36.7177
      vertex -4.3 40.15 33.6
    endloop
  endfacet
  facet normal -0 0 1
    outer loop
      vertex -2.15 41.75 30.4823
      vertex 2.15 40.15 30.4823
      vertex 2.15 41.75 30.4823
    endloop
  endfacet
  facet normal 0 0 1
    outer loop
      vertex 2.15 40.15 30.4823
      vertex -2.15 41.75 30.4823
      vertex -2.15 40.15 30.4823
    endloop
  endfacet
  facet normal 0 0 -1
    outer loop
      vertex -2.15 40.15 36.7177
      vertex 2.15 41.75 36.7177
      vertex 2.15 40.15 36.7177
    endloop
  endfacet
  facet normal -0 0 -1
    outer loop
      vertex 2.15 41.75 36.7177
      vertex -2.15 40.15 36.7177
      vertex -2.15 41.75 36.7177
    endloop
  endfacet
  facet normal -0.82323 0 -0.567708
    outer loop
      vertex 4.3 40.15 33.6
      vertex 2.15 41.75 36.7177
      vertex 4.3 41.75 33.6
    endloop
  endfacet
  facet normal -0.82323 -0 -0.567708
    outer loop
      vertex 2.15 41.75 36.7177
      vertex 4.3 40.15 33.6
      vertex 2.15 40.15 36.7177
    endloop
  endfacet
  facet normal -0.82323 0 0.567708
    outer loop
      vertex 15.35 40.15 30.4823
      vertex 17.5 41.75 33.6
      vertex 15.35 41.75 30.4823
    endloop
  endfacet
  facet normal -0.82323 0 0.567708
    outer loop
      vertex 17.5 41.75 33.6
      vertex 15.35 40.15 30.4823
      vertex 17.5 40.15 33.6
    endloop
  endfacet
  facet normal 0.82323 -0 0.567708
    outer loop
      vertex 8.9 40.15 33.6
      vertex 11.05 41.75 30.4823
      vertex 8.9 41.75 33.6
    endloop
  endfacet
  facet normal 0.82323 0 0.567708
    outer loop
      vertex 11.05 41.75 30.4823
      vertex 8.9 40.15 33.6
      vertex 11.05 40.15 30.4823
    endloop
  endfacet
  facet normal 0.82323 0 -0.567708
    outer loop
      vertex 11.05 40.15 36.7177
      vertex 8.9 41.75 33.6
      vertex 11.05 41.75 36.7177
    endloop
  endfacet
  facet normal 0.82323 0 -0.567708
    outer loop
      vertex 8.9 41.75 33.6
      vertex 11.05 40.15 36.7177
      vertex 8.9 40.15 33.6
    endloop
  endfacet
  facet normal 0 0 -1
    outer loop
      vertex 11.05 40.15 36.7177
      vertex 15.35 41.75 36.7177
      vertex 15.35 40.15 36.7177
    endloop
  endfacet
  facet normal -0 0 -1
    outer loop
      vertex 15.35 41.75 36.7177
      vertex 11.05 40.15 36.7177
      vertex 11.05 41.75 36.7177
    endloop
  endfacet
  facet normal -0.82323 0 -0.567708
    outer loop
      vertex 17.5 40.15 33.6
      vertex 15.35 41.75 36.7177
      vertex 17.5 41.75 33.6
    endloop
  endfacet
  facet normal -0.82323 -0 -0.567708
    outer loop
      vertex 15.35 41.75 36.7177
      vertex 17.5 40.15 33.6
      vertex 15.35 40.15 36.7177
    endloop
  endfacet
  facet normal -0 0 1
    outer loop
      vertex 11.05 41.75 30.4823
      vertex 15.35 40.15 30.4823
      vertex 15.35 41.75 30.4823
    endloop
  endfacet
  facet normal 0 0 1
    outer loop
      vertex 15.35 40.15 30.4823
      vertex 11.05 41.75 30.4823
      vertex 11.05 40.15 30.4823
    endloop
  endfacet
  facet normal -0.82323 0 0.567708
    outer loop
      vertex 28.55 40.15 30.4823
      vertex 30.7 41.75 33.6
      vertex 28.55 41.75 30.4823
    endloop
  endfacet
  facet normal -0.82323 0 0.567708
    outer loop
      vertex 30.7 41.75 33.6
      vertex 28.55 40.15 30.4823
      vertex 30.7 40.15 33.6
    endloop
  endfacet
  facet normal 0.82323 -0 0.567708
    outer loop
      vertex 22.1 40.15 33.6
      vertex 24.25 41.75 30.4823
      vertex 22.1 41.75 33.6
    endloop
  endfacet
  facet normal 0.82323 0 0.567708
    outer loop
      vertex 24.25 41.75 30.4823
      vertex 22.1 40.15 33.6
      vertex 24.25 40.15 30.4823
    endloop
  endfacet
  facet normal 0.82323 0 -0.567708
    outer loop
      vertex 24.25 40.15 36.7177
      vertex 22.1 41.75 33.6
      vertex 24.25 41.75 36.7177
    endloop
  endfacet
  facet normal 0.82323 0 -0.567708
    outer loop
      vertex 22.1 41.75 33.6
      vertex 24.25 40.15 36.7177
      vertex 22.1 40.15 33.6
    endloop
  endfacet
  facet normal -0 0 1
    outer loop
      vertex 24.25 41.75 30.4823
      vertex 28.55 40.15 30.4823
      vertex 28.55 41.75 30.4823
    endloop
  endfacet
  facet normal 0 0 1
    outer loop
      vertex 28.55 40.15 30.4823
      vertex 24.25 41.75 30.4823
      vertex 24.25 40.15 30.4823
    endloop
  endfacet
  facet normal 0 0 -1
    outer loop
      vertex 24.25 40.15 36.7177
      vertex 28.55 41.75 36.7177
      vertex 28.55 40.15 36.7177
    endloop
  endfacet
  facet normal -0 0 -1
    outer loop
      vertex 28.55 41.75 36.7177
      vertex 24.25 40.15 36.7177
      vertex 24.25 41.75 36.7177
    endloop
  endfacet
  facet normal -0.82323 0 -0.567708
    outer loop
      vertex 30.7 40.15 33.6
      vertex 28.55 41.75 36.7177
      vertex 30.7 41.75 33.6
    endloop
  endfacet
  facet normal -0.82323 -0 -0.567708
    outer loop
      vertex 28.55 41.75 36.7177
      vertex 30.7 40.15 33.6
      vertex 28.55 40.15 36.7177
    endloop
  endfacet
  facet normal -0.82323 0 0.567708
    outer loop
      vertex 41.75 40.15 30.4823
      vertex 43.9 41.75 33.6
      vertex 41.75 41.75 30.4823
    endloop
  endfacet
  facet normal -0.82323 0 0.567708
    outer loop
      vertex 43.9 41.75 33.6
      vertex 41.75 40.15 30.4823
      vertex 43.9 40.15 33.6
    endloop
  endfacet
  facet normal 0.82323 -0 0.567708
    outer loop
      vertex 35.3 40.15 33.6
      vertex 37.45 41.75 30.4823
      vertex 35.3 41.75 33.6
    endloop
  endfacet
  facet normal 0.82323 0 0.567708
    outer loop
      vertex 37.45 41.75 30.4823
      vertex 35.3 40.15 33.6
      vertex 37.45 40.15 30.4823
    endloop
  endfacet
  facet normal -0 0 1
    outer loop
      vertex 37.45 41.75 30.4823
      vertex 41.75 40.15 30.4823
      vertex 41.75 41.75 30.4823
    endloop
  endfacet
  facet normal 0 0 1
    outer loop
      vertex 41.75 40.15 30.4823
      vertex 37.45 41.75 30.4823
      vertex 37.45 40.15 30.4823
    endloop
  endfacet
  facet normal 0.82323 0 -0.567708
    outer loop
      vertex 37.45 40.15 36.7177
      vertex 35.3 41.75 33.6
      vertex 37.45 41.75 36.7177
    endloop
  endfacet
  facet normal 0.82323 0 -0.567708
    outer loop
      vertex 35.3 41.75 33.6
      vertex 37.45 40.15 36.7177
      vertex 35.3 40.15 33.6
    endloop
  endfacet
  facet normal 0 0 -1
    outer loop
      vertex 37.45 40.15 36.7177
      vertex 41.75 41.75 36.7177
      vertex 41.75 40.15 36.7177
    endloop
  endfacet
  facet normal -0 0 -1
    outer loop
      vertex 41.75 41.75 36.7177
      vertex 37.45 40.15 36.7177
      vertex 37.45 41.75 36.7177
    endloop
  endfacet
  facet normal -0.82323 0 -0.567708
    outer loop
      vertex 43.9 40.15 33.6
      vertex 41.75 41.75 36.7177
      vertex 43.9 41.75 33.6
    endloop
  endfacet
  facet normal -0.82323 -0 -0.567708
    outer loop
      vertex 41.75 41.75 36.7177
      vertex 43.9 40.15 33.6
      vertex 41.75 40.15 36.7177
    endloop
  endfacet
  facet normal -0.82323 0 0.567708
    outer loop
      vertex -44.05 40.15 44.0823
      vertex -41.9 41.75 47.2
      vertex -44.05 41.75 44.0823
    endloop
  endfacet
  facet normal -0.82323 0 0.567708
    outer loop
      vertex -41.9 41.75 47.2
      vertex -44.05 40.15 44.0823
      vertex -41.9 40.15 47.2
    endloop
  endfacet
  facet normal 0.82323 -0 0.567708
    outer loop
      vertex -50.5 40.15 47.2
      vertex -48.35 41.75 44.0823
      vertex -50.5 41.75 47.2
    endloop
  endfacet
  facet normal 0.82323 0 0.567708
    outer loop
      vertex -48.35 41.75 44.0823
      vertex -50.5 40.15 47.2
      vertex -48.35 40.15 44.0823
    endloop
  endfacet
  facet normal -0 0 1
    outer loop
      vertex -48.35 41.75 44.0823
      vertex -44.05 40.15 44.0823
      vertex -44.05 41.75 44.0823
    endloop
  endfacet
  facet normal 0 0 1
    outer loop
      vertex -44.05 40.15 44.0823
      vertex -48.35 41.75 44.0823
      vertex -48.35 40.15 44.0823
    endloop
  endfacet
  facet normal 0.82323 0 -0.567708
    outer loop
      vertex -48.35 40.15 50.3177
      vertex -50.5 41.75 47.2
      vertex -48.35 41.75 50.3177
    endloop
  endfacet
  facet normal 0.82323 0 -0.567708
    outer loop
      vertex -50.5 41.75 47.2
      vertex -48.35 40.15 50.3177
      vertex -50.5 40.15 47.2
    endloop
  endfacet
  facet normal 0 0 -1
    outer loop
      vertex -48.35 40.15 50.3177
      vertex -44.05 41.75 50.3177
      vertex -44.05 40.15 50.3177
    endloop
  endfacet
  facet normal -0 0 -1
    outer loop
      vertex -44.05 41.75 50.3177
      vertex -48.35 40.15 50.3177
      vertex -48.35 41.75 50.3177
    endloop
  endfacet
  facet normal -0.82323 0 -0.567708
    outer loop
      vertex -41.9 40.15 47.2
      vertex -44.05 41.75 50.3177
      vertex -41.9 41.75 47.2
    endloop
  endfacet
  facet normal -0.82323 -0 -0.567708
    outer loop
      vertex -44.05 41.75 50.3177
      vertex -41.9 40.15 47.2
      vertex -44.05 40.15 50.3177
    endloop
  endfacet
  facet normal -0.82323 0 0.567708
    outer loop
      vertex -30.85 40.15 44.0823
      vertex -28.7 41.75 47.2
      vertex -30.85 41.75 44.0823
    endloop
  endfacet
  facet normal -0.82323 0 0.567708
    outer loop
      vertex -28.7 41.75 47.2
      vertex -30.85 40.15 44.0823
      vertex -28.7 40.15 47.2
    endloop
  endfacet
  facet normal -0 0 1
    outer loop
      vertex -35.15 41.75 44.0823
      vertex -30.85 40.15 44.0823
      vertex -30.85 41.75 44.0823
    endloop
  endfacet
  facet normal 0 0 1
    outer loop
      vertex -30.85 40.15 44.0823
      vertex -35.15 41.75 44.0823
      vertex -35.15 40.15 44.0823
    endloop
  endfacet
  facet normal 0.82323 -0 0.567708
    outer loop
      vertex -37.3 40.15 47.2
      vertex -35.15 41.75 44.0823
      vertex -37.3 41.75 47.2
    endloop
  endfacet
  facet normal 0.82323 0 0.567708
    outer loop
      vertex -35.15 41.75 44.0823
      vertex -37.3 40.15 47.2
      vertex -35.15 40.15 44.0823
    endloop
  endfacet
  facet normal 0.82323 0 -0.567708
    outer loop
      vertex -35.15 40.15 50.3177
      vertex -37.3 41.75 47.2
      vertex -35.15 41.75 50.3177
    endloop
  endfacet
  facet normal 0.82323 0 -0.567708
    outer loop
      vertex -37.3 41.75 47.2
      vertex -35.15 40.15 50.3177
      vertex -37.3 40.15 47.2
    endloop
  endfacet
  facet normal 0 0 -1
    outer loop
      vertex -35.15 40.15 50.3177
      vertex -30.85 41.75 50.3177
      vertex -30.85 40.15 50.3177
    endloop
  endfacet
  facet normal -0 0 -1
    outer loop
      vertex -30.85 41.75 50.3177
      vertex -35.15 40.15 50.3177
      vertex -35.15 41.75 50.3177
    endloop
  endfacet
  facet normal -0.82323 0 -0.567708
    outer loop
      vertex -28.7 40.15 47.2
      vertex -30.85 41.75 50.3177
      vertex -28.7 41.75 47.2
    endloop
  endfacet
  facet normal -0.82323 -0 -0.567708
    outer loop
      vertex -30.85 41.75 50.3177
      vertex -28.7 40.15 47.2
      vertex -30.85 40.15 50.3177
    endloop
  endfacet
  facet normal -0.82323 0 0.567708
    outer loop
      vertex -17.65 40.15 44.0823
      vertex -15.5 41.75 47.2
      vertex -17.65 41.75 44.0823
    endloop
  endfacet
  facet normal -0.82323 0 0.567708
    outer loop
      vertex -15.5 41.75 47.2
      vertex -17.65 40.15 44.0823
      vertex -15.5 40.15 47.2
    endloop
  endfacet
  facet normal 0.82323 -0 0.567708
    outer loop
      vertex -24.1 40.15 47.2
      vertex -21.95 41.75 44.0823
      vertex -24.1 41.75 47.2
    endloop
  endfacet
  facet normal 0.82323 0 0.567708
    outer loop
      vertex -21.95 41.75 44.0823
      vertex -24.1 40.15 47.2
      vertex -21.95 40.15 44.0823
    endloop
  endfacet
  facet normal 0.82323 0 -0.567708
    outer loop
      vertex -21.95 40.15 50.3177
      vertex -24.1 41.75 47.2
      vertex -21.95 41.75 50.3177
    endloop
  endfacet
  facet normal 0.82323 0 -0.567708
    outer loop
      vertex -24.1 41.75 47.2
      vertex -21.95 40.15 50.3177
      vertex -24.1 40.15 47.2
    endloop
  endfacet
  facet normal 0 0 -1
    outer loop
      vertex -21.95 40.15 50.3177
      vertex -17.65 41.75 50.3177
      vertex -17.65 40.15 50.3177
    endloop
  endfacet
  facet normal -0 0 -1
    outer loop
      vertex -17.65 41.75 50.3177
      vertex -21.95 40.15 50.3177
      vertex -21.95 41.75 50.3177
    endloop
  endfacet
  facet normal -0 0 1
    outer loop
      vertex -21.95 41.75 44.0823
      vertex -17.65 40.15 44.0823
      vertex -17.65 41.75 44.0823
    endloop
  endfacet
  facet normal 0 0 1
    outer loop
      vertex -17.65 40.15 44.0823
      vertex -21.95 41.75 44.0823
      vertex -21.95 40.15 44.0823
    endloop
  endfacet
  facet normal -0.82323 0 -0.567708
    outer loop
      vertex -15.5 40.15 47.2
      vertex -17.65 41.75 50.3177
      vertex -15.5 41.75 47.2
    endloop
  endfacet
  facet normal -0.82323 -0 -0.567708
    outer loop
      vertex -17.65 41.75 50.3177
      vertex -15.5 40.15 47.2
      vertex -17.65 40.15 50.3177
    endloop
  endfacet
  facet normal -0.82323 0 0.567708
    outer loop
      vertex -4.45 40.15 44.0823
      vertex -2.3 41.75 47.2
      vertex -4.45 41.75 44.0823
    endloop
  endfacet
  facet normal -0.82323 0 0.567708
    outer loop
      vertex -2.3 41.75 47.2
      vertex -4.45 40.15 44.0823
      vertex -2.3 40.15 47.2
    endloop
  endfacet
  facet normal 0.82323 -0 0.567708
    outer loop
      vertex -10.9 40.15 47.2
      vertex -8.75 41.75 44.0823
      vertex -10.9 41.75 47.2
    endloop
  endfacet
  facet normal 0.82323 0 0.567708
    outer loop
      vertex -8.75 41.75 44.0823
      vertex -10.9 40.15 47.2
      vertex -8.75 40.15 44.0823
    endloop
  endfacet
  facet normal 0.82323 0 -0.567708
    outer loop
      vertex -8.75 40.15 50.3177
      vertex -10.9 41.75 47.2
      vertex -8.75 41.75 50.3177
    endloop
  endfacet
  facet normal 0.82323 0 -0.567708
    outer loop
      vertex -10.9 41.75 47.2
      vertex -8.75 40.15 50.3177
      vertex -10.9 40.15 47.2
    endloop
  endfacet
  facet normal 0 0 -1
    outer loop
      vertex -8.75 40.15 50.3177
      vertex -4.45 41.75 50.3177
      vertex -4.45 40.15 50.3177
    endloop
  endfacet
  facet normal -0 0 -1
    outer loop
      vertex -4.45 41.75 50.3177
      vertex -8.75 40.15 50.3177
      vertex -8.75 41.75 50.3177
    endloop
  endfacet
  facet normal -0.82323 0 -0.567708
    outer loop
      vertex -2.3 40.15 47.2
      vertex -4.45 41.75 50.3177
      vertex -2.3 41.75 47.2
    endloop
  endfacet
  facet normal -0.82323 -0 -0.567708
    outer loop
      vertex -4.45 41.75 50.3177
      vertex -2.3 40.15 47.2
      vertex -4.45 40.15 50.3177
    endloop
  endfacet
  facet normal -0 0 1
    outer loop
      vertex -8.75 41.75 44.0823
      vertex -4.45 40.15 44.0823
      vertex -4.45 41.75 44.0823
    endloop
  endfacet
  facet normal 0 0 1
    outer loop
      vertex -4.45 40.15 44.0823
      vertex -8.75 41.75 44.0823
      vertex -8.75 40.15 44.0823
    endloop
  endfacet
  facet normal -0.82323 0 0.567708
    outer loop
      vertex 8.75 40.15 44.0823
      vertex 10.9 41.75 47.2
      vertex 8.75 41.75 44.0823
    endloop
  endfacet
  facet normal -0.82323 0 0.567708
    outer loop
      vertex 10.9 41.75 47.2
      vertex 8.75 40.15 44.0823
      vertex 10.9 40.15 47.2
    endloop
  endfacet
  facet normal -0 0 1
    outer loop
      vertex 4.45 41.75 44.0823
      vertex 8.75 40.15 44.0823
      vertex 8.75 41.75 44.0823
    endloop
  endfacet
  facet normal 0 0 1
    outer loop
      vertex 8.75 40.15 44.0823
      vertex 4.45 41.75 44.0823
      vertex 4.45 40.15 44.0823
    endloop
  endfacet
  facet normal 0.82323 -0 0.567708
    outer loop
      vertex 2.3 40.15 47.2
      vertex 4.45 41.75 44.0823
      vertex 2.3 41.75 47.2
    endloop
  endfacet
  facet normal 0.82323 0 0.567708
    outer loop
      vertex 4.45 41.75 44.0823
      vertex 2.3 40.15 47.2
      vertex 4.45 40.15 44.0823
    endloop
  endfacet
  facet normal 0.82323 0 -0.567708
    outer loop
      vertex 4.45 40.15 50.3177
      vertex 2.3 41.75 47.2
      vertex 4.45 41.75 50.3177
    endloop
  endfacet
  facet normal 0.82323 0 -0.567708
    outer loop
      vertex 2.3 41.75 47.2
      vertex 4.45 40.15 50.3177
      vertex 2.3 40.15 47.2
    endloop
  endfacet
  facet normal 0 0 -1
    outer loop
      vertex 4.45 40.15 50.3177
      vertex 8.75 41.75 50.3177
      vertex 8.75 40.15 50.3177
    endloop
  endfacet
  facet normal -0 0 -1
    outer loop
      vertex 8.75 41.75 50.3177
      vertex 4.45 40.15 50.3177
      vertex 4.45 41.75 50.3177
    endloop
  endfacet
  facet normal -0.82323 0 -0.567708
    outer loop
      vertex 10.9 40.15 47.2
      vertex 8.75 41.75 50.3177
      vertex 10.9 41.75 47.2
    endloop
  endfacet
  facet normal -0.82323 -0 -0.567708
    outer loop
      vertex 8.75 41.75 50.3177
      vertex 10.9 40.15 47.2
      vertex 8.75 40.15 50.3177
    endloop
  endfacet
  facet normal -0.82323 0 0.567708
    outer loop
      vertex 21.95 40.15 44.0823
      vertex 24.1 41.75 47.2
      vertex 21.95 41.75 44.0823
    endloop
  endfacet
  facet normal -0.82323 0 0.567708
    outer loop
      vertex 24.1 41.75 47.2
      vertex 21.95 40.15 44.0823
      vertex 24.1 40.15 47.2
    endloop
  endfacet
  facet normal -0 0 1
    outer loop
      vertex 17.65 41.75 44.0823
      vertex 21.95 40.15 44.0823
      vertex 21.95 41.75 44.0823
    endloop
  endfacet
  facet normal 0 0 1
    outer loop
      vertex 21.95 40.15 44.0823
      vertex 17.65 41.75 44.0823
      vertex 17.65 40.15 44.0823
    endloop
  endfacet
  facet normal 0.82323 -0 0.567708
    outer loop
      vertex 15.5 40.15 47.2
      vertex 17.65 41.75 44.0823
      vertex 15.5 41.75 47.2
    endloop
  endfacet
  facet normal 0.82323 0 0.567708
    outer loop
      vertex 17.65 41.75 44.0823
      vertex 15.5 40.15 47.2
      vertex 17.65 40.15 44.0823
    endloop
  endfacet
  facet normal 0.82323 0 -0.567708
    outer loop
      vertex 17.65 40.15 50.3177
      vertex 15.5 41.75 47.2
      vertex 17.65 41.75 50.3177
    endloop
  endfacet
  facet normal 0.82323 0 -0.567708
    outer loop
      vertex 15.5 41.75 47.2
      vertex 17.65 40.15 50.3177
      vertex 15.5 40.15 47.2
    endloop
  endfacet
  facet normal 0 0 -1
    outer loop
      vertex 17.65 40.15 50.3177
      vertex 21.95 41.75 50.3177
      vertex 21.95 40.15 50.3177
    endloop
  endfacet
  facet normal -0 0 -1
    outer loop
      vertex 21.95 41.75 50.3177
      vertex 17.65 40.15 50.3177
      vertex 17.65 41.75 50.3177
    endloop
  endfacet
  facet normal -0.82323 0 -0.567708
    outer loop
      vertex 24.1 40.15 47.2
      vertex 21.95 41.75 50.3177
      vertex 24.1 41.75 47.2
    endloop
  endfacet
  facet normal -0.82323 -0 -0.567708
    outer loop
      vertex 21.95 41.75 50.3177
      vertex 24.1 40.15 47.2
      vertex 21.95 40.15 50.3177
    endloop
  endfacet
  facet normal -0.82323 0 0.567708
    outer loop
      vertex 35.15 40.15 44.0823
      vertex 37.3 41.75 47.2
      vertex 35.15 41.75 44.0823
    endloop
  endfacet
  facet normal -0.82323 0 0.567708
    outer loop
      vertex 37.3 41.75 47.2
      vertex 35.15 40.15 44.0823
      vertex 37.3 40.15 47.2
    endloop
  endfacet
  facet normal -0 0 1
    outer loop
      vertex 30.85 41.75 44.0823
      vertex 35.15 40.15 44.0823
      vertex 35.15 41.75 44.0823
    endloop
  endfacet
  facet normal 0 0 1
    outer loop
      vertex 35.15 40.15 44.0823
      vertex 30.85 41.75 44.0823
      vertex 30.85 40.15 44.0823
    endloop
  endfacet
  facet normal 0.82323 -0 0.567708
    outer loop
      vertex 28.7 40.15 47.2
      vertex 30.85 41.75 44.0823
      vertex 28.7 41.75 47.2
    endloop
  endfacet
  facet normal 0.82323 0 0.567708
    outer loop
      vertex 30.85 41.75 44.0823
      vertex 28.7 40.15 47.2
      vertex 30.85 40.15 44.0823
    endloop
  endfacet
  facet normal 0.82323 0 -0.567708
    outer loop
      vertex 30.85 40.15 50.3177
      vertex 28.7 41.75 47.2
      vertex 30.85 41.75 50.3177
    endloop
  endfacet
  facet normal 0.82323 0 -0.567708
    outer loop
      vertex 28.7 41.75 47.2
      vertex 30.85 40.15 50.3177
      vertex 28.7 40.15 47.2
    endloop
  endfacet
  facet normal 0 0 -1
    outer loop
      vertex 30.85 40.15 50.3177
      vertex 35.15 41.75 50.3177
      vertex 35.15 40.15 50.3177
    endloop
  endfacet
  facet normal -0 0 -1
    outer loop
      vertex 35.15 41.75 50.3177
      vertex 30.85 40.15 50.3177
      vertex 30.85 41.75 50.3177
    endloop
  endfacet
  facet normal -0.82323 0 -0.567708
    outer loop
      vertex 37.3 40.15 47.2
      vertex 35.15 41.75 50.3177
      vertex 37.3 41.75 47.2
    endloop
  endfacet
  facet normal -0.82323 -0 -0.567708
    outer loop
      vertex 35.15 41.75 50.3177
      vertex 37.3 40.15 47.2
      vertex 35.15 40.15 50.3177
    endloop
  endfacet
  facet normal -0.82323 0 0.567708
    outer loop
      vertex 48.35 40.15 44.0823
      vertex 50.5 41.75 47.2
      vertex 48.35 41.75 44.0823
    endloop
  endfacet
  facet normal -0.82323 0 0.567708
    outer loop
      vertex 50.5 41.75 47.2
      vertex 48.35 40.15 44.0823
      vertex 50.5 40.15 47.2
    endloop
  endfacet
  facet normal 0.82323 -0 0.567708
    outer loop
      vertex 41.9 40.15 47.2
      vertex 44.05 41.75 44.0823
      vertex 41.9 41.75 47.2
    endloop
  endfacet
  facet normal 0.82323 0 0.567708
    outer loop
      vertex 44.05 41.75 44.0823
      vertex 41.9 40.15 47.2
      vertex 44.05 40.15 44.0823
    endloop
  endfacet
  facet normal -0 0 1
    outer loop
      vertex 44.05 41.75 44.0823
      vertex 48.35 40.15 44.0823
      vertex 48.35 41.75 44.0823
    endloop
  endfacet
  facet normal 0 0 1
    outer loop
      vertex 48.35 40.15 44.0823
      vertex 44.05 41.75 44.0823
      vertex 44.05 40.15 44.0823
    endloop
  endfacet
  facet normal 0.82323 0 -0.567708
    outer loop
      vertex 44.05 40.15 50.3177
      vertex 41.9 41.75 47.2
      vertex 44.05 41.75 50.3177
    endloop
  endfacet
  facet normal 0.82323 0 -0.567708
    outer loop
      vertex 41.9 41.75 47.2
      vertex 44.05 40.15 50.3177
      vertex 41.9 40.15 47.2
    endloop
  endfacet
  facet normal 0 0 -1
    outer loop
      vertex 44.05 40.15 50.3177
      vertex 48.35 41.75 50.3177
      vertex 48.35 40.15 50.3177
    endloop
  endfacet
  facet normal -0 0 -1
    outer loop
      vertex 48.35 41.75 50.3177
      vertex 44.05 40.15 50.3177
      vertex 44.05 41.75 50.3177
    endloop
  endfacet
  facet normal -0.82323 0 -0.567708
    outer loop
      vertex 50.5 40.15 47.2
      vertex 48.35 41.75 50.3177
      vertex 50.5 41.75 47.2
    endloop
  endfacet
  facet normal -0.82323 -0 -0.567708
    outer loop
      vertex 48.35 41.75 50.3177
      vertex 50.5 40.15 47.2
      vertex 48.35 40.15 50.3177
    endloop
  endfacet
  facet normal 0 0.82323 -0.567708
    outer loop
      vertex -61.15 -30.7 20
      vertex -62.75 -28.55 23.1177
      vertex -61.15 -28.55 23.1177
    endloop
  endfacet
  facet normal 0 0.82323 -0.567708
    outer loop
      vertex -62.75 -28.55 23.1177
      vertex -61.15 -30.7 20
      vertex -62.75 -30.7 20
    endloop
  endfacet
  facet normal 0 -0.82323 0.567708
    outer loop
      vertex -62.75 -24.25 16.8823
      vertex -61.15 -22.1 20
      vertex -62.75 -22.1 20
    endloop
  endfacet
  facet normal 0 -0.82323 0.567708
    outer loop
      vertex -61.15 -22.1 20
      vertex -62.75 -24.25 16.8823
      vertex -61.15 -24.25 16.8823
    endloop
  endfacet
  facet normal 0 0.82323 0.567708
    outer loop
      vertex -61.15 -28.55 16.8823
      vertex -62.75 -30.7 20
      vertex -61.15 -30.7 20
    endloop
  endfacet
  facet normal 0 0.82323 0.567708
    outer loop
      vertex -62.75 -30.7 20
      vertex -61.15 -28.55 16.8823
      vertex -62.75 -28.55 16.8823
    endloop
  endfacet
  facet normal 0 0 -1
    outer loop
      vertex -62.75 -28.55 23.1177
      vertex -61.15 -24.25 23.1177
      vertex -61.15 -28.55 23.1177
    endloop
  endfacet
  facet normal -0 0 -1
    outer loop
      vertex -61.15 -24.25 23.1177
      vertex -62.75 -28.55 23.1177
      vertex -62.75 -24.25 23.1177
    endloop
  endfacet
  facet normal -0 0 1
    outer loop
      vertex -62.75 -24.25 16.8823
      vertex -61.15 -28.55 16.8823
      vertex -61.15 -24.25 16.8823
    endloop
  endfacet
  facet normal 0 0 1
    outer loop
      vertex -61.15 -28.55 16.8823
      vertex -62.75 -24.25 16.8823
      vertex -62.75 -28.55 16.8823
    endloop
  endfacet
  facet normal 0 -0.82323 -0.567708
    outer loop
      vertex -62.75 -22.1 20
      vertex -61.15 -24.25 23.1177
      vertex -62.75 -24.25 23.1177
    endloop
  endfacet
  facet normal 0 -0.82323 -0.567708
    outer loop
      vertex -61.15 -24.25 23.1177
      vertex -62.75 -22.1 20
      vertex -61.15 -22.1 20
    endloop
  endfacet
  facet normal 0 0.82323 -0.567708
    outer loop
      vertex -61.15 -17.5 20
      vertex -62.75 -15.35 23.1177
      vertex -61.15 -15.35 23.1177
    endloop
  endfacet
  facet normal 0 0.82323 -0.567708
    outer loop
      vertex -62.75 -15.35 23.1177
      vertex -61.15 -17.5 20
      vertex -62.75 -17.5 20
    endloop
  endfacet
  facet normal 0 -0.82323 0.567708
    outer loop
      vertex -62.75 -11.05 16.8823
      vertex -61.15 -8.9 20
      vertex -62.75 -8.9 20
    endloop
  endfacet
  facet normal 0 -0.82323 0.567708
    outer loop
      vertex -61.15 -8.9 20
      vertex -62.75 -11.05 16.8823
      vertex -61.15 -11.05 16.8823
    endloop
  endfacet
  facet normal 0 0.82323 0.567708
    outer loop
      vertex -61.15 -15.35 16.8823
      vertex -62.75 -17.5 20
      vertex -61.15 -17.5 20
    endloop
  endfacet
  facet normal 0 0.82323 0.567708
    outer loop
      vertex -62.75 -17.5 20
      vertex -61.15 -15.35 16.8823
      vertex -62.75 -15.35 16.8823
    endloop
  endfacet
  facet normal 0 0 -1
    outer loop
      vertex -62.75 -15.35 23.1177
      vertex -61.15 -11.05 23.1177
      vertex -61.15 -15.35 23.1177
    endloop
  endfacet
  facet normal -0 0 -1
    outer loop
      vertex -61.15 -11.05 23.1177
      vertex -62.75 -15.35 23.1177
      vertex -62.75 -11.05 23.1177
    endloop
  endfacet
  facet normal -0 0 1
    outer loop
      vertex -62.75 -11.05 16.8823
      vertex -61.15 -15.35 16.8823
      vertex -61.15 -11.05 16.8823
    endloop
  endfacet
  facet normal 0 0 1
    outer loop
      vertex -61.15 -15.35 16.8823
      vertex -62.75 -11.05 16.8823
      vertex -62.75 -15.35 16.8823
    endloop
  endfacet
  facet normal 0 -0.82323 -0.567708
    outer loop
      vertex -62.75 -8.9 20
      vertex -61.15 -11.05 23.1177
      vertex -62.75 -11.05 23.1177
    endloop
  endfacet
  facet normal 0 -0.82323 -0.567708
    outer loop
      vertex -61.15 -11.05 23.1177
      vertex -62.75 -8.9 20
      vertex -61.15 -8.9 20
    endloop
  endfacet
  facet normal 0 0.82323 -0.567708
    outer loop
      vertex -61.15 -4.3 20
      vertex -62.75 -2.15 23.1177
      vertex -61.15 -2.15 23.1177
    endloop
  endfacet
  facet normal 0 0.82323 -0.567708
    outer loop
      vertex -62.75 -2.15 23.1177
      vertex -61.15 -4.3 20
      vertex -62.75 -4.3 20
    endloop
  endfacet
  facet normal 0 -0.82323 0.567708
    outer loop
      vertex -62.75 2.15 16.8823
      vertex -61.15 4.3 20
      vertex -62.75 4.3 20
    endloop
  endfacet
  facet normal 0 -0.82323 0.567708
    outer loop
      vertex -61.15 4.3 20
      vertex -62.75 2.15 16.8823
      vertex -61.15 2.15 16.8823
    endloop
  endfacet
  facet normal 0 0.82323 0.567708
    outer loop
      vertex -61.15 -2.15 16.8823
      vertex -62.75 -4.3 20
      vertex -61.15 -4.3 20
    endloop
  endfacet
  facet normal 0 0.82323 0.567708
    outer loop
      vertex -62.75 -4.3 20
      vertex -61.15 -2.15 16.8823
      vertex -62.75 -2.15 16.8823
    endloop
  endfacet
  facet normal -0 0 1
    outer loop
      vertex -62.75 2.15 16.8823
      vertex -61.15 -2.15 16.8823
      vertex -61.15 2.15 16.8823
    endloop
  endfacet
  facet normal 0 0 1
    outer loop
      vertex -61.15 -2.15 16.8823
      vertex -62.75 2.15 16.8823
      vertex -62.75 -2.15 16.8823
    endloop
  endfacet
  facet normal 0 0 -1
    outer loop
      vertex -62.75 -2.15 23.1177
      vertex -61.15 2.15 23.1177
      vertex -61.15 -2.15 23.1177
    endloop
  endfacet
  facet normal -0 0 -1
    outer loop
      vertex -61.15 2.15 23.1177
      vertex -62.75 -2.15 23.1177
      vertex -62.75 2.15 23.1177
    endloop
  endfacet
  facet normal 0 -0.82323 -0.567708
    outer loop
      vertex -62.75 4.3 20
      vertex -61.15 2.15 23.1177
      vertex -62.75 2.15 23.1177
    endloop
  endfacet
  facet normal 0 -0.82323 -0.567708
    outer loop
      vertex -61.15 2.15 23.1177
      vertex -62.75 4.3 20
      vertex -61.15 4.3 20
    endloop
  endfacet
  facet normal 0 -0.82323 0.567708
    outer loop
      vertex -62.75 15.35 16.8823
      vertex -61.15 17.5 20
      vertex -62.75 17.5 20
    endloop
  endfacet
  facet normal 0 -0.82323 0.567708
    outer loop
      vertex -61.15 17.5 20
      vertex -62.75 15.35 16.8823
      vertex -61.15 15.35 16.8823
    endloop
  endfacet
  facet normal 0 0.82323 -0.567708
    outer loop
      vertex -61.15 8.9 20
      vertex -62.75 11.05 23.1177
      vertex -61.15 11.05 23.1177
    endloop
  endfacet
  facet normal 0 0.82323 -0.567708
    outer loop
      vertex -62.75 11.05 23.1177
      vertex -61.15 8.9 20
      vertex -62.75 8.9 20
    endloop
  endfacet
  facet normal 0 0 -1
    outer loop
      vertex -62.75 11.05 23.1177
      vertex -61.15 15.35 23.1177
      vertex -61.15 11.05 23.1177
    endloop
  endfacet
  facet normal -0 0 -1
    outer loop
      vertex -61.15 15.35 23.1177
      vertex -62.75 11.05 23.1177
      vertex -62.75 15.35 23.1177
    endloop
  endfacet
  facet normal 0 -0.82323 -0.567708
    outer loop
      vertex -62.75 17.5 20
      vertex -61.15 15.35 23.1177
      vertex -62.75 15.35 23.1177
    endloop
  endfacet
  facet normal 0 -0.82323 -0.567708
    outer loop
      vertex -61.15 15.35 23.1177
      vertex -62.75 17.5 20
      vertex -61.15 17.5 20
    endloop
  endfacet
  facet normal 0 0.82323 0.567708
    outer loop
      vertex -61.15 11.05 16.8823
      vertex -62.75 8.9 20
      vertex -61.15 8.9 20
    endloop
  endfacet
  facet normal 0 0.82323 0.567708
    outer loop
      vertex -62.75 8.9 20
      vertex -61.15 11.05 16.8823
      vertex -62.75 11.05 16.8823
    endloop
  endfacet
  facet normal -0 0 1
    outer loop
      vertex -62.75 15.35 16.8823
      vertex -61.15 11.05 16.8823
      vertex -61.15 15.35 16.8823
    endloop
  endfacet
  facet normal 0 0 1
    outer loop
      vertex -61.15 11.05 16.8823
      vertex -62.75 15.35 16.8823
      vertex -62.75 11.05 16.8823
    endloop
  endfacet
  facet normal 0 0.82323 -0.567708
    outer loop
      vertex -61.15 22.1 20
      vertex -62.75 24.25 23.1177
      vertex -61.15 24.25 23.1177
    endloop
  endfacet
  facet normal 0 0.82323 -0.567708
    outer loop
      vertex -62.75 24.25 23.1177
      vertex -61.15 22.1 20
      vertex -62.75 22.1 20
    endloop
  endfacet
  facet normal 0 -0.82323 0.567708
    outer loop
      vertex -62.75 28.55 16.8823
      vertex -61.15 30.7 20
      vertex -62.75 30.7 20
    endloop
  endfacet
  facet normal 0 -0.82323 0.567708
    outer loop
      vertex -61.15 30.7 20
      vertex -62.75 28.55 16.8823
      vertex -61.15 28.55 16.8823
    endloop
  endfacet
  facet normal 0 0.82323 0.567708
    outer loop
      vertex -61.15 24.25 16.8823
      vertex -62.75 22.1 20
      vertex -61.15 22.1 20
    endloop
  endfacet
  facet normal 0 0.82323 0.567708
    outer loop
      vertex -62.75 22.1 20
      vertex -61.15 24.25 16.8823
      vertex -62.75 24.25 16.8823
    endloop
  endfacet
  facet normal -0 0 1
    outer loop
      vertex -62.75 28.55 16.8823
      vertex -61.15 24.25 16.8823
      vertex -61.15 28.55 16.8823
    endloop
  endfacet
  facet normal 0 0 1
    outer loop
      vertex -61.15 24.25 16.8823
      vertex -62.75 28.55 16.8823
      vertex -62.75 24.25 16.8823
    endloop
  endfacet
  facet normal 0 0 -1
    outer loop
      vertex -62.75 24.25 23.1177
      vertex -61.15 28.55 23.1177
      vertex -61.15 24.25 23.1177
    endloop
  endfacet
  facet normal -0 0 -1
    outer loop
      vertex -61.15 28.55 23.1177
      vertex -62.75 24.25 23.1177
      vertex -62.75 28.55 23.1177
    endloop
  endfacet
  facet normal 0 -0.82323 -0.567708
    outer loop
      vertex -62.75 30.7 20
      vertex -61.15 28.55 23.1177
      vertex -62.75 28.55 23.1177
    endloop
  endfacet
  facet normal 0 -0.82323 -0.567708
    outer loop
      vertex -61.15 28.55 23.1177
      vertex -62.75 30.7 20
      vertex -61.15 30.7 20
    endloop
  endfacet
  facet normal 0 -0.82323 0.567708
    outer loop
      vertex -62.75 -17.65 30.4823
      vertex -61.15 -15.5 33.6
      vertex -62.75 -15.5 33.6
    endloop
  endfacet
  facet normal 0 -0.82323 0.567708
    outer loop
      vertex -61.15 -15.5 33.6
      vertex -62.75 -17.65 30.4823
      vertex -61.15 -17.65 30.4823
    endloop
  endfacet
  facet normal 0 0.82323 -0.567708
    outer loop
      vertex -61.15 -24.1 33.6
      vertex -62.75 -21.95 36.7177
      vertex -61.15 -21.95 36.7177
    endloop
  endfacet
  facet normal 0 0.82323 -0.567708
    outer loop
      vertex -62.75 -21.95 36.7177
      vertex -61.15 -24.1 33.6
      vertex -62.75 -24.1 33.6
    endloop
  endfacet
  facet normal 0 0 -1
    outer loop
      vertex -62.75 -21.95 36.7177
      vertex -61.15 -17.65 36.7177
      vertex -61.15 -21.95 36.7177
    endloop
  endfacet
  facet normal -0 0 -1
    outer loop
      vertex -61.15 -17.65 36.7177
      vertex -62.75 -21.95 36.7177
      vertex -62.75 -17.65 36.7177
    endloop
  endfacet
  facet normal 0 -0.82323 -0.567708
    outer loop
      vertex -62.75 -15.5 33.6
      vertex -61.15 -17.65 36.7177
      vertex -62.75 -17.65 36.7177
    endloop
  endfacet
  facet normal 0 -0.82323 -0.567708
    outer loop
      vertex -61.15 -17.65 36.7177
      vertex -62.75 -15.5 33.6
      vertex -61.15 -15.5 33.6
    endloop
  endfacet
  facet normal 0 0.82323 0.567708
    outer loop
      vertex -61.15 -21.95 30.4823
      vertex -62.75 -24.1 33.6
      vertex -61.15 -24.1 33.6
    endloop
  endfacet
  facet normal 0 0.82323 0.567708
    outer loop
      vertex -62.75 -24.1 33.6
      vertex -61.15 -21.95 30.4823
      vertex -62.75 -21.95 30.4823
    endloop
  endfacet
  facet normal -0 0 1
    outer loop
      vertex -62.75 -17.65 30.4823
      vertex -61.15 -21.95 30.4823
      vertex -61.15 -17.65 30.4823
    endloop
  endfacet
  facet normal 0 0 1
    outer loop
      vertex -61.15 -21.95 30.4823
      vertex -62.75 -17.65 30.4823
      vertex -62.75 -21.95 30.4823
    endloop
  endfacet
  facet normal 0 -0.82323 0.567708
    outer loop
      vertex -62.75 -4.45 30.4823
      vertex -61.15 -2.3 33.6
      vertex -62.75 -2.3 33.6
    endloop
  endfacet
  facet normal 0 -0.82323 0.567708
    outer loop
      vertex -61.15 -2.3 33.6
      vertex -62.75 -4.45 30.4823
      vertex -61.15 -4.45 30.4823
    endloop
  endfacet
  facet normal 0 0.82323 -0.567708
    outer loop
      vertex -61.15 -10.9 33.6
      vertex -62.75 -8.75 36.7177
      vertex -61.15 -8.75 36.7177
    endloop
  endfacet
  facet normal 0 0.82323 -0.567708
    outer loop
      vertex -62.75 -8.75 36.7177
      vertex -61.15 -10.9 33.6
      vertex -62.75 -10.9 33.6
    endloop
  endfacet
  facet normal 0 0 -1
    outer loop
      vertex -62.75 -8.75 36.7177
      vertex -61.15 -4.45 36.7177
      vertex -61.15 -8.75 36.7177
    endloop
  endfacet
  facet normal -0 0 -1
    outer loop
      vertex -61.15 -4.45 36.7177
      vertex -62.75 -8.75 36.7177
      vertex -62.75 -4.45 36.7177
    endloop
  endfacet
  facet normal 0 -0.82323 -0.567708
    outer loop
      vertex -62.75 -2.3 33.6
      vertex -61.15 -4.45 36.7177
      vertex -62.75 -4.45 36.7177
    endloop
  endfacet
  facet normal 0 -0.82323 -0.567708
    outer loop
      vertex -61.15 -4.45 36.7177
      vertex -62.75 -2.3 33.6
      vertex -61.15 -2.3 33.6
    endloop
  endfacet
  facet normal 0 0.82323 0.567708
    outer loop
      vertex -61.15 -8.75 30.4823
      vertex -62.75 -10.9 33.6
      vertex -61.15 -10.9 33.6
    endloop
  endfacet
  facet normal 0 0.82323 0.567708
    outer loop
      vertex -62.75 -10.9 33.6
      vertex -61.15 -8.75 30.4823
      vertex -62.75 -8.75 30.4823
    endloop
  endfacet
  facet normal -0 0 1
    outer loop
      vertex -62.75 -4.45 30.4823
      vertex -61.15 -8.75 30.4823
      vertex -61.15 -4.45 30.4823
    endloop
  endfacet
  facet normal 0 0 1
    outer loop
      vertex -61.15 -8.75 30.4823
      vertex -62.75 -4.45 30.4823
      vertex -62.75 -8.75 30.4823
    endloop
  endfacet
  facet normal 0 0.82323 -0.567708
    outer loop
      vertex -61.15 2.3 33.6
      vertex -62.75 4.45 36.7177
      vertex -61.15 4.45 36.7177
    endloop
  endfacet
  facet normal 0 0.82323 -0.567708
    outer loop
      vertex -62.75 4.45 36.7177
      vertex -61.15 2.3 33.6
      vertex -62.75 2.3 33.6
    endloop
  endfacet
  facet normal 0 -0.82323 0.567708
    outer loop
      vertex -62.75 8.75 30.4823
      vertex -61.15 10.9 33.6
      vertex -62.75 10.9 33.6
    endloop
  endfacet
  facet normal 0 -0.82323 0.567708
    outer loop
      vertex -61.15 10.9 33.6
      vertex -62.75 8.75 30.4823
      vertex -61.15 8.75 30.4823
    endloop
  endfacet
  facet normal 0 0.82323 0.567708
    outer loop
      vertex -61.15 4.45 30.4823
      vertex -62.75 2.3 33.6
      vertex -61.15 2.3 33.6
    endloop
  endfacet
  facet normal 0 0.82323 0.567708
    outer loop
      vertex -62.75 2.3 33.6
      vertex -61.15 4.45 30.4823
      vertex -62.75 4.45 30.4823
    endloop
  endfacet
  facet normal -0 0 1
    outer loop
      vertex -62.75 8.75 30.4823
      vertex -61.15 4.45 30.4823
      vertex -61.15 8.75 30.4823
    endloop
  endfacet
  facet normal 0 0 1
    outer loop
      vertex -61.15 4.45 30.4823
      vertex -62.75 8.75 30.4823
      vertex -62.75 4.45 30.4823
    endloop
  endfacet
  facet normal 0 0 -1
    outer loop
      vertex -62.75 4.45 36.7177
      vertex -61.15 8.75 36.7177
      vertex -61.15 4.45 36.7177
    endloop
  endfacet
  facet normal -0 0 -1
    outer loop
      vertex -61.15 8.75 36.7177
      vertex -62.75 4.45 36.7177
      vertex -62.75 8.75 36.7177
    endloop
  endfacet
  facet normal 0 -0.82323 -0.567708
    outer loop
      vertex -62.75 10.9 33.6
      vertex -61.15 8.75 36.7177
      vertex -62.75 8.75 36.7177
    endloop
  endfacet
  facet normal 0 -0.82323 -0.567708
    outer loop
      vertex -61.15 8.75 36.7177
      vertex -62.75 10.9 33.6
      vertex -61.15 10.9 33.6
    endloop
  endfacet
  facet normal 0 0.82323 -0.567708
    outer loop
      vertex -61.15 15.5 33.6
      vertex -62.75 17.65 36.7177
      vertex -61.15 17.65 36.7177
    endloop
  endfacet
  facet normal 0 0.82323 -0.567708
    outer loop
      vertex -62.75 17.65 36.7177
      vertex -61.15 15.5 33.6
      vertex -62.75 15.5 33.6
    endloop
  endfacet
  facet normal 0 -0.82323 0.567708
    outer loop
      vertex -62.75 21.95 30.4823
      vertex -61.15 24.1 33.6
      vertex -62.75 24.1 33.6
    endloop
  endfacet
  facet normal 0 -0.82323 0.567708
    outer loop
      vertex -61.15 24.1 33.6
      vertex -62.75 21.95 30.4823
      vertex -61.15 21.95 30.4823
    endloop
  endfacet
  facet normal 0 0.82323 0.567708
    outer loop
      vertex -61.15 17.65 30.4823
      vertex -62.75 15.5 33.6
      vertex -61.15 15.5 33.6
    endloop
  endfacet
  facet normal 0 0.82323 0.567708
    outer loop
      vertex -62.75 15.5 33.6
      vertex -61.15 17.65 30.4823
      vertex -62.75 17.65 30.4823
    endloop
  endfacet
  facet normal -0 0 1
    outer loop
      vertex -62.75 21.95 30.4823
      vertex -61.15 17.65 30.4823
      vertex -61.15 21.95 30.4823
    endloop
  endfacet
  facet normal 0 0 1
    outer loop
      vertex -61.15 17.65 30.4823
      vertex -62.75 21.95 30.4823
      vertex -62.75 17.65 30.4823
    endloop
  endfacet
  facet normal 0 0 -1
    outer loop
      vertex -62.75 17.65 36.7177
      vertex -61.15 21.95 36.7177
      vertex -61.15 17.65 36.7177
    endloop
  endfacet
  facet normal -0 0 -1
    outer loop
      vertex -61.15 21.95 36.7177
      vertex -62.75 17.65 36.7177
      vertex -62.75 21.95 36.7177
    endloop
  endfacet
  facet normal 0 -0.82323 -0.567708
    outer loop
      vertex -62.75 24.1 33.6
      vertex -61.15 21.95 36.7177
      vertex -62.75 21.95 36.7177
    endloop
  endfacet
  facet normal 0 -0.82323 -0.567708
    outer loop
      vertex -61.15 21.95 36.7177
      vertex -62.75 24.1 33.6
      vertex -61.15 24.1 33.6
    endloop
  endfacet
  facet normal 0 0.82323 -0.567708
    outer loop
      vertex -61.15 -30.7 47.2
      vertex -62.75 -28.55 50.3177
      vertex -61.15 -28.55 50.3177
    endloop
  endfacet
  facet normal 0 0.82323 -0.567708
    outer loop
      vertex -62.75 -28.55 50.3177
      vertex -61.15 -30.7 47.2
      vertex -62.75 -30.7 47.2
    endloop
  endfacet
  facet normal 0 -0.82323 0.567708
    outer loop
      vertex -62.75 -24.25 44.0823
      vertex -61.15 -22.1 47.2
      vertex -62.75 -22.1 47.2
    endloop
  endfacet
  facet normal 0 -0.82323 0.567708
    outer loop
      vertex -61.15 -22.1 47.2
      vertex -62.75 -24.25 44.0823
      vertex -61.15 -24.25 44.0823
    endloop
  endfacet
  facet normal 0 0.82323 0.567708
    outer loop
      vertex -61.15 -28.55 44.0823
      vertex -62.75 -30.7 47.2
      vertex -61.15 -30.7 47.2
    endloop
  endfacet
  facet normal 0 0.82323 0.567708
    outer loop
      vertex -62.75 -30.7 47.2
      vertex -61.15 -28.55 44.0823
      vertex -62.75 -28.55 44.0823
    endloop
  endfacet
  facet normal -0 0 1
    outer loop
      vertex -62.75 -24.25 44.0823
      vertex -61.15 -28.55 44.0823
      vertex -61.15 -24.25 44.0823
    endloop
  endfacet
  facet normal 0 0 1
    outer loop
      vertex -61.15 -28.55 44.0823
      vertex -62.75 -24.25 44.0823
      vertex -62.75 -28.55 44.0823
    endloop
  endfacet
  facet normal 0 0 -1
    outer loop
      vertex -62.75 -28.55 50.3177
      vertex -61.15 -24.25 50.3177
      vertex -61.15 -28.55 50.3177
    endloop
  endfacet
  facet normal -0 0 -1
    outer loop
      vertex -61.15 -24.25 50.3177
      vertex -62.75 -28.55 50.3177
      vertex -62.75 -24.25 50.3177
    endloop
  endfacet
  facet normal 0 -0.82323 -0.567708
    outer loop
      vertex -62.75 -22.1 47.2
      vertex -61.15 -24.25 50.3177
      vertex -62.75 -24.25 50.3177
    endloop
  endfacet
  facet normal 0 -0.82323 -0.567708
    outer loop
      vertex -61.15 -24.25 50.3177
      vertex -62.75 -22.1 47.2
      vertex -61.15 -22.1 47.2
    endloop
  endfacet
  facet normal 0 0.82323 -0.567708
    outer loop
      vertex -61.15 -17.5 47.2
      vertex -62.75 -15.35 50.3177
      vertex -61.15 -15.35 50.3177
    endloop
  endfacet
  facet normal 0 0.82323 -0.567708
    outer loop
      vertex -62.75 -15.35 50.3177
      vertex -61.15 -17.5 47.2
      vertex -62.75 -17.5 47.2
    endloop
  endfacet
  facet normal 0 -0.82323 0.567708
    outer loop
      vertex -62.75 -11.05 44.0823
      vertex -61.15 -8.9 47.2
      vertex -62.75 -8.9 47.2
    endloop
  endfacet
  facet normal 0 -0.82323 0.567708
    outer loop
      vertex -61.15 -8.9 47.2
      vertex -62.75 -11.05 44.0823
      vertex -61.15 -11.05 44.0823
    endloop
  endfacet
  facet normal 0 0 -1
    outer loop
      vertex -62.75 -15.35 50.3177
      vertex -61.15 -11.05 50.3177
      vertex -61.15 -15.35 50.3177
    endloop
  endfacet
  facet normal -0 0 -1
    outer loop
      vertex -61.15 -11.05 50.3177
      vertex -62.75 -15.35 50.3177
      vertex -62.75 -11.05 50.3177
    endloop
  endfacet
  facet normal 0 0.82323 0.567708
    outer loop
      vertex -61.15 -15.35 44.0823
      vertex -62.75 -17.5 47.2
      vertex -61.15 -17.5 47.2
    endloop
  endfacet
  facet normal 0 0.82323 0.567708
    outer loop
      vertex -62.75 -17.5 47.2
      vertex -61.15 -15.35 44.0823
      vertex -62.75 -15.35 44.0823
    endloop
  endfacet
  facet normal -0 0 1
    outer loop
      vertex -62.75 -11.05 44.0823
      vertex -61.15 -15.35 44.0823
      vertex -61.15 -11.05 44.0823
    endloop
  endfacet
  facet normal 0 0 1
    outer loop
      vertex -61.15 -15.35 44.0823
      vertex -62.75 -11.05 44.0823
      vertex -62.75 -15.35 44.0823
    endloop
  endfacet
  facet normal 0 -0.82323 -0.567708
    outer loop
      vertex -62.75 -8.9 47.2
      vertex -61.15 -11.05 50.3177
      vertex -62.75 -11.05 50.3177
    endloop
  endfacet
  facet normal 0 -0.82323 -0.567708
    outer loop
      vertex -61.15 -11.05 50.3177
      vertex -62.75 -8.9 47.2
      vertex -61.15 -8.9 47.2
    endloop
  endfacet
  facet normal 0 0.82323 -0.567708
    outer loop
      vertex -61.15 -4.3 47.2
      vertex -62.75 -2.15 50.3177
      vertex -61.15 -2.15 50.3177
    endloop
  endfacet
  facet normal 0 0.82323 -0.567708
    outer loop
      vertex -62.75 -2.15 50.3177
      vertex -61.15 -4.3 47.2
      vertex -62.75 -4.3 47.2
    endloop
  endfacet
  facet normal 0 -0.82323 0.567708
    outer loop
      vertex -62.75 2.15 44.0823
      vertex -61.15 4.3 47.2
      vertex -62.75 4.3 47.2
    endloop
  endfacet
  facet normal 0 -0.82323 0.567708
    outer loop
      vertex -61.15 4.3 47.2
      vertex -62.75 2.15 44.0823
      vertex -61.15 2.15 44.0823
    endloop
  endfacet
  facet normal 0 0.82323 0.567708
    outer loop
      vertex -61.15 -2.15 44.0823
      vertex -62.75 -4.3 47.2
      vertex -61.15 -4.3 47.2
    endloop
  endfacet
  facet normal 0 0.82323 0.567708
    outer loop
      vertex -62.75 -4.3 47.2
      vertex -61.15 -2.15 44.0823
      vertex -62.75 -2.15 44.0823
    endloop
  endfacet
  facet normal -0 0 1
    outer loop
      vertex -62.75 2.15 44.0823
      vertex -61.15 -2.15 44.0823
      vertex -61.15 2.15 44.0823
    endloop
  endfacet
  facet normal 0 0 1
    outer loop
      vertex -61.15 -2.15 44.0823
      vertex -62.75 2.15 44.0823
      vertex -62.75 -2.15 44.0823
    endloop
  endfacet
  facet normal 0 0 -1
    outer loop
      vertex -62.75 -2.15 50.3177
      vertex -61.15 2.15 50.3177
      vertex -61.15 -2.15 50.3177
    endloop
  endfacet
  facet normal -0 0 -1
    outer loop
      vertex -61.15 2.15 50.3177
      vertex -62.75 -2.15 50.3177
      vertex -62.75 2.15 50.3177
    endloop
  endfacet
  facet normal 0 -0.82323 -0.567708
    outer loop
      vertex -62.75 4.3 47.2
      vertex -61.15 2.15 50.3177
      vertex -62.75 2.15 50.3177
    endloop
  endfacet
  facet normal 0 -0.82323 -0.567708
    outer loop
      vertex -61.15 2.15 50.3177
      vertex -62.75 4.3 47.2
      vertex -61.15 4.3 47.2
    endloop
  endfacet
  facet normal 0 -0.82323 0.567708
    outer loop
      vertex -62.75 15.35 44.0823
      vertex -61.15 17.5 47.2
      vertex -62.75 17.5 47.2
    endloop
  endfacet
  facet normal 0 -0.82323 0.567708
    outer loop
      vertex -61.15 17.5 47.2
      vertex -62.75 15.35 44.0823
      vertex -61.15 15.35 44.0823
    endloop
  endfacet
  facet normal 0 0.82323 -0.567708
    outer loop
      vertex -61.15 8.9 47.2
      vertex -62.75 11.05 50.3177
      vertex -61.15 11.05 50.3177
    endloop
  endfacet
  facet normal 0 0.82323 -0.567708
    outer loop
      vertex -62.75 11.05 50.3177
      vertex -61.15 8.9 47.2
      vertex -62.75 8.9 47.2
    endloop
  endfacet
  facet normal 0 0 -1
    outer loop
      vertex -62.75 11.05 50.3177
      vertex -61.15 15.35 50.3177
      vertex -61.15 11.05 50.3177
    endloop
  endfacet
  facet normal -0 0 -1
    outer loop
      vertex -61.15 15.35 50.3177
      vertex -62.75 11.05 50.3177
      vertex -62.75 15.35 50.3177
    endloop
  endfacet
  facet normal 0 -0.82323 -0.567708
    outer loop
      vertex -62.75 17.5 47.2
      vertex -61.15 15.35 50.3177
      vertex -62.75 15.35 50.3177
    endloop
  endfacet
  facet normal 0 -0.82323 -0.567708
    outer loop
      vertex -61.15 15.35 50.3177
      vertex -62.75 17.5 47.2
      vertex -61.15 17.5 47.2
    endloop
  endfacet
  facet normal 0 0.82323 0.567708
    outer loop
      vertex -61.15 11.05 44.0823
      vertex -62.75 8.9 47.2
      vertex -61.15 8.9 47.2
    endloop
  endfacet
  facet normal 0 0.82323 0.567708
    outer loop
      vertex -62.75 8.9 47.2
      vertex -61.15 11.05 44.0823
      vertex -62.75 11.05 44.0823
    endloop
  endfacet
  facet normal -0 0 1
    outer loop
      vertex -62.75 15.35 44.0823
      vertex -61.15 11.05 44.0823
      vertex -61.15 15.35 44.0823
    endloop
  endfacet
  facet normal 0 0 1
    outer loop
      vertex -61.15 11.05 44.0823
      vertex -62.75 15.35 44.0823
      vertex -62.75 11.05 44.0823
    endloop
  endfacet
  facet normal 0 0.82323 -0.567708
    outer loop
      vertex -61.15 22.1 47.2
      vertex -62.75 24.25 50.3177
      vertex -61.15 24.25 50.3177
    endloop
  endfacet
  facet normal 0 0.82323 -0.567708
    outer loop
      vertex -62.75 24.25 50.3177
      vertex -61.15 22.1 47.2
      vertex -62.75 22.1 47.2
    endloop
  endfacet
  facet normal 0 -0.82323 0.567708
    outer loop
      vertex -62.75 28.55 44.0823
      vertex -61.15 30.7 47.2
      vertex -62.75 30.7 47.2
    endloop
  endfacet
  facet normal 0 -0.82323 0.567708
    outer loop
      vertex -61.15 30.7 47.2
      vertex -62.75 28.55 44.0823
      vertex -61.15 28.55 44.0823
    endloop
  endfacet
  facet normal 0 0.82323 0.567708
    outer loop
      vertex -61.15 24.25 44.0823
      vertex -62.75 22.1 47.2
      vertex -61.15 22.1 47.2
    endloop
  endfacet
  facet normal 0 0.82323 0.567708
    outer loop
      vertex -62.75 22.1 47.2
      vertex -61.15 24.25 44.0823
      vertex -62.75 24.25 44.0823
    endloop
  endfacet
  facet normal -0 0 1
    outer loop
      vertex -62.75 28.55 44.0823
      vertex -61.15 24.25 44.0823
      vertex -61.15 28.55 44.0823
    endloop
  endfacet
  facet normal 0 0 1
    outer loop
      vertex -61.15 24.25 44.0823
      vertex -62.75 28.55 44.0823
      vertex -62.75 24.25 44.0823
    endloop
  endfacet
  facet normal 0 0 -1
    outer loop
      vertex -62.75 24.25 50.3177
      vertex -61.15 28.55 50.3177
      vertex -61.15 24.25 50.3177
    endloop
  endfacet
  facet normal -0 0 -1
    outer loop
      vertex -61.15 28.55 50.3177
      vertex -62.75 24.25 50.3177
      vertex -62.75 28.55 50.3177
    endloop
  endfacet
  facet normal 0 -0.82323 -0.567708
    outer loop
      vertex -62.75 30.7 47.2
      vertex -61.15 28.55 50.3177
      vertex -62.75 28.55 50.3177
    endloop
  endfacet
  facet normal 0 -0.82323 -0.567708
    outer loop
      vertex -61.15 28.55 50.3177
      vertex -62.75 30.7 47.2
      vertex -61.15 30.7 47.2
    endloop
  endfacet
  facet normal 0 0.82323 -0.567708
    outer loop
      vertex 62.75 -30.7 20
      vertex 61.15 -28.55 23.1177
      vertex 62.75 -28.55 23.1177
    endloop
  endfacet
  facet normal 0 0.82323 -0.567708
    outer loop
      vertex 61.15 -28.55 23.1177
      vertex 62.75 -30.7 20
      vertex 61.15 -30.7 20
    endloop
  endfacet
  facet normal 0 -0.82323 0.567708
    outer loop
      vertex 61.15 -24.25 16.8823
      vertex 62.75 -22.1 20
      vertex 61.15 -22.1 20
    endloop
  endfacet
  facet normal 0 -0.82323 0.567708
    outer loop
      vertex 62.75 -22.1 20
      vertex 61.15 -24.25 16.8823
      vertex 62.75 -24.25 16.8823
    endloop
  endfacet
  facet normal 0 0.82323 0.567708
    outer loop
      vertex 62.75 -28.55 16.8823
      vertex 61.15 -30.7 20
      vertex 62.75 -30.7 20
    endloop
  endfacet
  facet normal 0 0.82323 0.567708
    outer loop
      vertex 61.15 -30.7 20
      vertex 62.75 -28.55 16.8823
      vertex 61.15 -28.55 16.8823
    endloop
  endfacet
  facet normal -0 0 1
    outer loop
      vertex 61.15 -24.25 16.8823
      vertex 62.75 -28.55 16.8823
      vertex 62.75 -24.25 16.8823
    endloop
  endfacet
  facet normal 0 0 1
    outer loop
      vertex 62.75 -28.55 16.8823
      vertex 61.15 -24.25 16.8823
      vertex 61.15 -28.55 16.8823
    endloop
  endfacet
  facet normal 0 0 -1
    outer loop
      vertex 61.15 -28.55 23.1177
      vertex 62.75 -24.25 23.1177
      vertex 62.75 -28.55 23.1177
    endloop
  endfacet
  facet normal -0 0 -1
    outer loop
      vertex 62.75 -24.25 23.1177
      vertex 61.15 -28.55 23.1177
      vertex 61.15 -24.25 23.1177
    endloop
  endfacet
  facet normal 0 -0.82323 -0.567708
    outer loop
      vertex 61.15 -22.1 20
      vertex 62.75 -24.25 23.1177
      vertex 61.15 -24.25 23.1177
    endloop
  endfacet
  facet normal 0 -0.82323 -0.567708
    outer loop
      vertex 62.75 -24.25 23.1177
      vertex 61.15 -22.1 20
      vertex 62.75 -22.1 20
    endloop
  endfacet
  facet normal 0 0.82323 -0.567708
    outer loop
      vertex 62.75 -17.5 20
      vertex 61.15 -15.35 23.1177
      vertex 62.75 -15.35 23.1177
    endloop
  endfacet
  facet normal 0 0.82323 -0.567708
    outer loop
      vertex 61.15 -15.35 23.1177
      vertex 62.75 -17.5 20
      vertex 61.15 -17.5 20
    endloop
  endfacet
  facet normal 0 -0.82323 0.567708
    outer loop
      vertex 61.15 -11.05 16.8823
      vertex 62.75 -8.9 20
      vertex 61.15 -8.9 20
    endloop
  endfacet
  facet normal 0 -0.82323 0.567708
    outer loop
      vertex 62.75 -8.9 20
      vertex 61.15 -11.05 16.8823
      vertex 62.75 -11.05 16.8823
    endloop
  endfacet
  facet normal 0 0 -1
    outer loop
      vertex 61.15 -15.35 23.1177
      vertex 62.75 -11.05 23.1177
      vertex 62.75 -15.35 23.1177
    endloop
  endfacet
  facet normal -0 0 -1
    outer loop
      vertex 62.75 -11.05 23.1177
      vertex 61.15 -15.35 23.1177
      vertex 61.15 -11.05 23.1177
    endloop
  endfacet
  facet normal 0 0.82323 0.567708
    outer loop
      vertex 62.75 -15.35 16.8823
      vertex 61.15 -17.5 20
      vertex 62.75 -17.5 20
    endloop
  endfacet
  facet normal 0 0.82323 0.567708
    outer loop
      vertex 61.15 -17.5 20
      vertex 62.75 -15.35 16.8823
      vertex 61.15 -15.35 16.8823
    endloop
  endfacet
  facet normal -0 0 1
    outer loop
      vertex 61.15 -11.05 16.8823
      vertex 62.75 -15.35 16.8823
      vertex 62.75 -11.05 16.8823
    endloop
  endfacet
  facet normal 0 0 1
    outer loop
      vertex 62.75 -15.35 16.8823
      vertex 61.15 -11.05 16.8823
      vertex 61.15 -15.35 16.8823
    endloop
  endfacet
  facet normal 0 -0.82323 -0.567708
    outer loop
      vertex 61.15 -8.9 20
      vertex 62.75 -11.05 23.1177
      vertex 61.15 -11.05 23.1177
    endloop
  endfacet
  facet normal 0 -0.82323 -0.567708
    outer loop
      vertex 62.75 -11.05 23.1177
      vertex 61.15 -8.9 20
      vertex 62.75 -8.9 20
    endloop
  endfacet
  facet normal 0 0.82323 -0.567708
    outer loop
      vertex 62.75 -4.3 20
      vertex 61.15 -2.15 23.1177
      vertex 62.75 -2.15 23.1177
    endloop
  endfacet
  facet normal 0 0.82323 -0.567708
    outer loop
      vertex 61.15 -2.15 23.1177
      vertex 62.75 -4.3 20
      vertex 61.15 -4.3 20
    endloop
  endfacet
  facet normal 0 -0.82323 0.567708
    outer loop
      vertex 61.15 2.15 16.8823
      vertex 62.75 4.3 20
      vertex 61.15 4.3 20
    endloop
  endfacet
  facet normal 0 -0.82323 0.567708
    outer loop
      vertex 62.75 4.3 20
      vertex 61.15 2.15 16.8823
      vertex 62.75 2.15 16.8823
    endloop
  endfacet
  facet normal 0 0.82323 0.567708
    outer loop
      vertex 62.75 -2.15 16.8823
      vertex 61.15 -4.3 20
      vertex 62.75 -4.3 20
    endloop
  endfacet
  facet normal 0 0.82323 0.567708
    outer loop
      vertex 61.15 -4.3 20
      vertex 62.75 -2.15 16.8823
      vertex 61.15 -2.15 16.8823
    endloop
  endfacet
  facet normal 0 0 -1
    outer loop
      vertex 61.15 -2.15 23.1177
      vertex 62.75 2.15 23.1177
      vertex 62.75 -2.15 23.1177
    endloop
  endfacet
  facet normal -0 0 -1
    outer loop
      vertex 62.75 2.15 23.1177
      vertex 61.15 -2.15 23.1177
      vertex 61.15 2.15 23.1177
    endloop
  endfacet
  facet normal -0 0 1
    outer loop
      vertex 61.15 2.15 16.8823
      vertex 62.75 -2.15 16.8823
      vertex 62.75 2.15 16.8823
    endloop
  endfacet
  facet normal 0 0 1
    outer loop
      vertex 62.75 -2.15 16.8823
      vertex 61.15 2.15 16.8823
      vertex 61.15 -2.15 16.8823
    endloop
  endfacet
  facet normal 0 -0.82323 -0.567708
    outer loop
      vertex 61.15 4.3 20
      vertex 62.75 2.15 23.1177
      vertex 61.15 2.15 23.1177
    endloop
  endfacet
  facet normal 0 -0.82323 -0.567708
    outer loop
      vertex 62.75 2.15 23.1177
      vertex 61.15 4.3 20
      vertex 62.75 4.3 20
    endloop
  endfacet
  facet normal 0 -0.82323 0.567708
    outer loop
      vertex 61.15 15.35 16.8823
      vertex 62.75 17.5 20
      vertex 61.15 17.5 20
    endloop
  endfacet
  facet normal 0 -0.82323 0.567708
    outer loop
      vertex 62.75 17.5 20
      vertex 61.15 15.35 16.8823
      vertex 62.75 15.35 16.8823
    endloop
  endfacet
  facet normal 0 0.82323 -0.567708
    outer loop
      vertex 62.75 8.9 20
      vertex 61.15 11.05 23.1177
      vertex 62.75 11.05 23.1177
    endloop
  endfacet
  facet normal 0 0.82323 -0.567708
    outer loop
      vertex 61.15 11.05 23.1177
      vertex 62.75 8.9 20
      vertex 61.15 8.9 20
    endloop
  endfacet
  facet normal 0 0 -1
    outer loop
      vertex 61.15 11.05 23.1177
      vertex 62.75 15.35 23.1177
      vertex 62.75 11.05 23.1177
    endloop
  endfacet
  facet normal -0 0 -1
    outer loop
      vertex 62.75 15.35 23.1177
      vertex 61.15 11.05 23.1177
      vertex 61.15 15.35 23.1177
    endloop
  endfacet
  facet normal 0 -0.82323 -0.567708
    outer loop
      vertex 61.15 17.5 20
      vertex 62.75 15.35 23.1177
      vertex 61.15 15.35 23.1177
    endloop
  endfacet
  facet normal 0 -0.82323 -0.567708
    outer loop
      vertex 62.75 15.35 23.1177
      vertex 61.15 17.5 20
      vertex 62.75 17.5 20
    endloop
  endfacet
  facet normal 0 0.82323 0.567708
    outer loop
      vertex 62.75 11.05 16.8823
      vertex 61.15 8.9 20
      vertex 62.75 8.9 20
    endloop
  endfacet
  facet normal 0 0.82323 0.567708
    outer loop
      vertex 61.15 8.9 20
      vertex 62.75 11.05 16.8823
      vertex 61.15 11.05 16.8823
    endloop
  endfacet
  facet normal -0 0 1
    outer loop
      vertex 61.15 15.35 16.8823
      vertex 62.75 11.05 16.8823
      vertex 62.75 15.35 16.8823
    endloop
  endfacet
  facet normal 0 0 1
    outer loop
      vertex 62.75 11.05 16.8823
      vertex 61.15 15.35 16.8823
      vertex 61.15 11.05 16.8823
    endloop
  endfacet
  facet normal 0 0.82323 -0.567708
    outer loop
      vertex 62.75 22.1 20
      vertex 61.15 24.25 23.1177
      vertex 62.75 24.25 23.1177
    endloop
  endfacet
  facet normal 0 0.82323 -0.567708
    outer loop
      vertex 61.15 24.25 23.1177
      vertex 62.75 22.1 20
      vertex 61.15 22.1 20
    endloop
  endfacet
  facet normal 0 -0.82323 0.567708
    outer loop
      vertex 61.15 28.55 16.8823
      vertex 62.75 30.7 20
      vertex 61.15 30.7 20
    endloop
  endfacet
  facet normal 0 -0.82323 0.567708
    outer loop
      vertex 62.75 30.7 20
      vertex 61.15 28.55 16.8823
      vertex 62.75 28.55 16.8823
    endloop
  endfacet
  facet normal 0 0.82323 0.567708
    outer loop
      vertex 62.75 24.25 16.8823
      vertex 61.15 22.1 20
      vertex 62.75 22.1 20
    endloop
  endfacet
  facet normal 0 0.82323 0.567708
    outer loop
      vertex 61.15 22.1 20
      vertex 62.75 24.25 16.8823
      vertex 61.15 24.25 16.8823
    endloop
  endfacet
  facet normal -0 0 1
    outer loop
      vertex 61.15 28.55 16.8823
      vertex 62.75 24.25 16.8823
      vertex 62.75 28.55 16.8823
    endloop
  endfacet
  facet normal 0 0 1
    outer loop
      vertex 62.75 24.25 16.8823
      vertex 61.15 28.55 16.8823
      vertex 61.15 24.25 16.8823
    endloop
  endfacet
  facet normal 0 0 -1
    outer loop
      vertex 61.15 24.25 23.1177
      vertex 62.75 28.55 23.1177
      vertex 62.75 24.25 23.1177
    endloop
  endfacet
  facet normal -0 0 -1
    outer loop
      vertex 62.75 28.55 23.1177
      vertex 61.15 24.25 23.1177
      vertex 61.15 28.55 23.1177
    endloop
  endfacet
  facet normal 0 -0.82323 -0.567708
    outer loop
      vertex 61.15 30.7 20
      vertex 62.75 28.55 23.1177
      vertex 61.15 28.55 23.1177
    endloop
  endfacet
  facet normal 0 -0.82323 -0.567708
    outer loop
      vertex 62.75 28.55 23.1177
      vertex 61.15 30.7 20
      vertex 62.75 30.7 20
    endloop
  endfacet
  facet normal 0 -0.82323 0.567708
    outer loop
      vertex 61.15 -17.65 30.4823
      vertex 62.75 -15.5 33.6
      vertex 61.15 -15.5 33.6
    endloop
  endfacet
  facet normal 0 -0.82323 0.567708
    outer loop
      vertex 62.75 -15.5 33.6
      vertex 61.15 -17.65 30.4823
      vertex 62.75 -17.65 30.4823
    endloop
  endfacet
  facet normal 0 0.82323 0.567708
    outer loop
      vertex 62.75 -21.95 30.4823
      vertex 61.15 -24.1 33.6
      vertex 62.75 -24.1 33.6
    endloop
  endfacet
  facet normal 0 0.82323 0.567708
    outer loop
      vertex 61.15 -24.1 33.6
      vertex 62.75 -21.95 30.4823
      vertex 61.15 -21.95 30.4823
    endloop
  endfacet
  facet normal 0 0.82323 -0.567708
    outer loop
      vertex 62.75 -24.1 33.6
      vertex 61.15 -21.95 36.7177
      vertex 62.75 -21.95 36.7177
    endloop
  endfacet
  facet normal 0 0.82323 -0.567708
    outer loop
      vertex 61.15 -21.95 36.7177
      vertex 62.75 -24.1 33.6
      vertex 61.15 -24.1 33.6
    endloop
  endfacet
  facet normal 0 0 -1
    outer loop
      vertex 61.15 -21.95 36.7177
      vertex 62.75 -17.65 36.7177
      vertex 62.75 -21.95 36.7177
    endloop
  endfacet
  facet normal -0 0 -1
    outer loop
      vertex 62.75 -17.65 36.7177
      vertex 61.15 -21.95 36.7177
      vertex 61.15 -17.65 36.7177
    endloop
  endfacet
  facet normal 0 -0.82323 -0.567708
    outer loop
      vertex 61.15 -15.5 33.6
      vertex 62.75 -17.65 36.7177
      vertex 61.15 -17.65 36.7177
    endloop
  endfacet
  facet normal 0 -0.82323 -0.567708
    outer loop
      vertex 62.75 -17.65 36.7177
      vertex 61.15 -15.5 33.6
      vertex 62.75 -15.5 33.6
    endloop
  endfacet
  facet normal -0 0 1
    outer loop
      vertex 61.15 -17.65 30.4823
      vertex 62.75 -21.95 30.4823
      vertex 62.75 -17.65 30.4823
    endloop
  endfacet
  facet normal 0 0 1
    outer loop
      vertex 62.75 -21.95 30.4823
      vertex 61.15 -17.65 30.4823
      vertex 61.15 -21.95 30.4823
    endloop
  endfacet
  facet normal 0 -0.82323 0.567708
    outer loop
      vertex 61.15 -4.45 30.4823
      vertex 62.75 -2.3 33.6
      vertex 61.15 -2.3 33.6
    endloop
  endfacet
  facet normal 0 -0.82323 0.567708
    outer loop
      vertex 62.75 -2.3 33.6
      vertex 61.15 -4.45 30.4823
      vertex 62.75 -4.45 30.4823
    endloop
  endfacet
  facet normal 0 0.82323 0.567708
    outer loop
      vertex 62.75 -8.75 30.4823
      vertex 61.15 -10.9 33.6
      vertex 62.75 -10.9 33.6
    endloop
  endfacet
  facet normal 0 0.82323 0.567708
    outer loop
      vertex 61.15 -10.9 33.6
      vertex 62.75 -8.75 30.4823
      vertex 61.15 -8.75 30.4823
    endloop
  endfacet
  facet normal 0 0.82323 -0.567708
    outer loop
      vertex 62.75 -10.9 33.6
      vertex 61.15 -8.75 36.7177
      vertex 62.75 -8.75 36.7177
    endloop
  endfacet
  facet normal 0 0.82323 -0.567708
    outer loop
      vertex 61.15 -8.75 36.7177
      vertex 62.75 -10.9 33.6
      vertex 61.15 -10.9 33.6
    endloop
  endfacet
  facet normal 0 0 -1
    outer loop
      vertex 61.15 -8.75 36.7177
      vertex 62.75 -4.45 36.7177
      vertex 62.75 -8.75 36.7177
    endloop
  endfacet
  facet normal -0 0 -1
    outer loop
      vertex 62.75 -4.45 36.7177
      vertex 61.15 -8.75 36.7177
      vertex 61.15 -4.45 36.7177
    endloop
  endfacet
  facet normal 0 -0.82323 -0.567708
    outer loop
      vertex 61.15 -2.3 33.6
      vertex 62.75 -4.45 36.7177
      vertex 61.15 -4.45 36.7177
    endloop
  endfacet
  facet normal 0 -0.82323 -0.567708
    outer loop
      vertex 62.75 -4.45 36.7177
      vertex 61.15 -2.3 33.6
      vertex 62.75 -2.3 33.6
    endloop
  endfacet
  facet normal -0 0 1
    outer loop
      vertex 61.15 -4.45 30.4823
      vertex 62.75 -8.75 30.4823
      vertex 62.75 -4.45 30.4823
    endloop
  endfacet
  facet normal 0 0 1
    outer loop
      vertex 62.75 -8.75 30.4823
      vertex 61.15 -4.45 30.4823
      vertex 61.15 -8.75 30.4823
    endloop
  endfacet
  facet normal 0 0.82323 -0.567708
    outer loop
      vertex 62.75 2.3 33.6
      vertex 61.15 4.45 36.7177
      vertex 62.75 4.45 36.7177
    endloop
  endfacet
  facet normal 0 0.82323 -0.567708
    outer loop
      vertex 61.15 4.45 36.7177
      vertex 62.75 2.3 33.6
      vertex 61.15 2.3 33.6
    endloop
  endfacet
  facet normal 0 -0.82323 0.567708
    outer loop
      vertex 61.15 8.75 30.4823
      vertex 62.75 10.9 33.6
      vertex 61.15 10.9 33.6
    endloop
  endfacet
  facet normal 0 -0.82323 0.567708
    outer loop
      vertex 62.75 10.9 33.6
      vertex 61.15 8.75 30.4823
      vertex 62.75 8.75 30.4823
    endloop
  endfacet
  facet normal 0 0.82323 0.567708
    outer loop
      vertex 62.75 4.45 30.4823
      vertex 61.15 2.3 33.6
      vertex 62.75 2.3 33.6
    endloop
  endfacet
  facet normal 0 0.82323 0.567708
    outer loop
      vertex 61.15 2.3 33.6
      vertex 62.75 4.45 30.4823
      vertex 61.15 4.45 30.4823
    endloop
  endfacet
  facet normal -0 0 1
    outer loop
      vertex 61.15 8.75 30.4823
      vertex 62.75 4.45 30.4823
      vertex 62.75 8.75 30.4823
    endloop
  endfacet
  facet normal 0 0 1
    outer loop
      vertex 62.75 4.45 30.4823
      vertex 61.15 8.75 30.4823
      vertex 61.15 4.45 30.4823
    endloop
  endfacet
  facet normal 0 0 -1
    outer loop
      vertex 61.15 4.45 36.7177
      vertex 62.75 8.75 36.7177
      vertex 62.75 4.45 36.7177
    endloop
  endfacet
  facet normal -0 0 -1
    outer loop
      vertex 62.75 8.75 36.7177
      vertex 61.15 4.45 36.7177
      vertex 61.15 8.75 36.7177
    endloop
  endfacet
  facet normal 0 -0.82323 -0.567708
    outer loop
      vertex 61.15 10.9 33.6
      vertex 62.75 8.75 36.7177
      vertex 61.15 8.75 36.7177
    endloop
  endfacet
  facet normal 0 -0.82323 -0.567708
    outer loop
      vertex 62.75 8.75 36.7177
      vertex 61.15 10.9 33.6
      vertex 62.75 10.9 33.6
    endloop
  endfacet
  facet normal 0 0.82323 -0.567708
    outer loop
      vertex 62.75 15.5 33.6
      vertex 61.15 17.65 36.7177
      vertex 62.75 17.65 36.7177
    endloop
  endfacet
  facet normal 0 0.82323 -0.567708
    outer loop
      vertex 61.15 17.65 36.7177
      vertex 62.75 15.5 33.6
      vertex 61.15 15.5 33.6
    endloop
  endfacet
  facet normal 0 -0.82323 0.567708
    outer loop
      vertex 61.15 21.95 30.4823
      vertex 62.75 24.1 33.6
      vertex 61.15 24.1 33.6
    endloop
  endfacet
  facet normal 0 -0.82323 0.567708
    outer loop
      vertex 62.75 24.1 33.6
      vertex 61.15 21.95 30.4823
      vertex 62.75 21.95 30.4823
    endloop
  endfacet
  facet normal 0 0 -1
    outer loop
      vertex 61.15 17.65 36.7177
      vertex 62.75 21.95 36.7177
      vertex 62.75 17.65 36.7177
    endloop
  endfacet
  facet normal -0 0 -1
    outer loop
      vertex 62.75 21.95 36.7177
      vertex 61.15 17.65 36.7177
      vertex 61.15 21.95 36.7177
    endloop
  endfacet
  facet normal 0 0.82323 0.567708
    outer loop
      vertex 62.75 17.65 30.4823
      vertex 61.15 15.5 33.6
      vertex 62.75 15.5 33.6
    endloop
  endfacet
  facet normal 0 0.82323 0.567708
    outer loop
      vertex 61.15 15.5 33.6
      vertex 62.75 17.65 30.4823
      vertex 61.15 17.65 30.4823
    endloop
  endfacet
  facet normal -0 0 1
    outer loop
      vertex 61.15 21.95 30.4823
      vertex 62.75 17.65 30.4823
      vertex 62.75 21.95 30.4823
    endloop
  endfacet
  facet normal 0 0 1
    outer loop
      vertex 62.75 17.65 30.4823
      vertex 61.15 21.95 30.4823
      vertex 61.15 17.65 30.4823
    endloop
  endfacet
  facet normal 0 -0.82323 -0.567708
    outer loop
      vertex 61.15 24.1 33.6
      vertex 62.75 21.95 36.7177
      vertex 61.15 21.95 36.7177
    endloop
  endfacet
  facet normal 0 -0.82323 -0.567708
    outer loop
      vertex 62.75 21.95 36.7177
      vertex 61.15 24.1 33.6
      vertex 62.75 24.1 33.6
    endloop
  endfacet
  facet normal 0 0.82323 -0.567708
    outer loop
      vertex 62.75 -30.7 47.2
      vertex 61.15 -28.55 50.3177
      vertex 62.75 -28.55 50.3177
    endloop
  endfacet
  facet normal 0 0.82323 -0.567708
    outer loop
      vertex 61.15 -28.55 50.3177
      vertex 62.75 -30.7 47.2
      vertex 61.15 -30.7 47.2
    endloop
  endfacet
  facet normal 0 -0.82323 0.567708
    outer loop
      vertex 61.15 -24.25 44.0823
      vertex 62.75 -22.1 47.2
      vertex 61.15 -22.1 47.2
    endloop
  endfacet
  facet normal 0 -0.82323 0.567708
    outer loop
      vertex 62.75 -22.1 47.2
      vertex 61.15 -24.25 44.0823
      vertex 62.75 -24.25 44.0823
    endloop
  endfacet
  facet normal 0 0.82323 0.567708
    outer loop
      vertex 62.75 -28.55 44.0823
      vertex 61.15 -30.7 47.2
      vertex 62.75 -30.7 47.2
    endloop
  endfacet
  facet normal 0 0.82323 0.567708
    outer loop
      vertex 61.15 -30.7 47.2
      vertex 62.75 -28.55 44.0823
      vertex 61.15 -28.55 44.0823
    endloop
  endfacet
  facet normal -0 0 1
    outer loop
      vertex 61.15 -24.25 44.0823
      vertex 62.75 -28.55 44.0823
      vertex 62.75 -24.25 44.0823
    endloop
  endfacet
  facet normal 0 0 1
    outer loop
      vertex 62.75 -28.55 44.0823
      vertex 61.15 -24.25 44.0823
      vertex 61.15 -28.55 44.0823
    endloop
  endfacet
  facet normal 0 0 -1
    outer loop
      vertex 61.15 -28.55 50.3177
      vertex 62.75 -24.25 50.3177
      vertex 62.75 -28.55 50.3177
    endloop
  endfacet
  facet normal -0 0 -1
    outer loop
      vertex 62.75 -24.25 50.3177
      vertex 61.15 -28.55 50.3177
      vertex 61.15 -24.25 50.3177
    endloop
  endfacet
  facet normal 0 -0.82323 -0.567708
    outer loop
      vertex 61.15 -22.1 47.2
      vertex 62.75 -24.25 50.3177
      vertex 61.15 -24.25 50.3177
    endloop
  endfacet
  facet normal 0 -0.82323 -0.567708
    outer loop
      vertex 62.75 -24.25 50.3177
      vertex 61.15 -22.1 47.2
      vertex 62.75 -22.1 47.2
    endloop
  endfacet
  facet normal 0 0.82323 -0.567708
    outer loop
      vertex 62.75 -17.5 47.2
      vertex 61.15 -15.35 50.3177
      vertex 62.75 -15.35 50.3177
    endloop
  endfacet
  facet normal 0 0.82323 -0.567708
    outer loop
      vertex 61.15 -15.35 50.3177
      vertex 62.75 -17.5 47.2
      vertex 61.15 -17.5 47.2
    endloop
  endfacet
  facet normal 0 -0.82323 0.567708
    outer loop
      vertex 61.15 -11.05 44.0823
      vertex 62.75 -8.9 47.2
      vertex 61.15 -8.9 47.2
    endloop
  endfacet
  facet normal 0 -0.82323 0.567708
    outer loop
      vertex 62.75 -8.9 47.2
      vertex 61.15 -11.05 44.0823
      vertex 62.75 -11.05 44.0823
    endloop
  endfacet
  facet normal 0 0.82323 0.567708
    outer loop
      vertex 62.75 -15.35 44.0823
      vertex 61.15 -17.5 47.2
      vertex 62.75 -17.5 47.2
    endloop
  endfacet
  facet normal 0 0.82323 0.567708
    outer loop
      vertex 61.15 -17.5 47.2
      vertex 62.75 -15.35 44.0823
      vertex 61.15 -15.35 44.0823
    endloop
  endfacet
  facet normal 0 0 -1
    outer loop
      vertex 61.15 -15.35 50.3177
      vertex 62.75 -11.05 50.3177
      vertex 62.75 -15.35 50.3177
    endloop
  endfacet
  facet normal -0 0 -1
    outer loop
      vertex 62.75 -11.05 50.3177
      vertex 61.15 -15.35 50.3177
      vertex 61.15 -11.05 50.3177
    endloop
  endfacet
  facet normal -0 0 1
    outer loop
      vertex 61.15 -11.05 44.0823
      vertex 62.75 -15.35 44.0823
      vertex 62.75 -11.05 44.0823
    endloop
  endfacet
  facet normal 0 0 1
    outer loop
      vertex 62.75 -15.35 44.0823
      vertex 61.15 -11.05 44.0823
      vertex 61.15 -15.35 44.0823
    endloop
  endfacet
  facet normal 0 -0.82323 -0.567708
    outer loop
      vertex 61.15 -8.9 47.2
      vertex 62.75 -11.05 50.3177
      vertex 61.15 -11.05 50.3177
    endloop
  endfacet
  facet normal 0 -0.82323 -0.567708
    outer loop
      vertex 62.75 -11.05 50.3177
      vertex 61.15 -8.9 47.2
      vertex 62.75 -8.9 47.2
    endloop
  endfacet
  facet normal 0 0.82323 -0.567708
    outer loop
      vertex 62.75 -4.3 47.2
      vertex 61.15 -2.15 50.3177
      vertex 62.75 -2.15 50.3177
    endloop
  endfacet
  facet normal 0 0.82323 -0.567708
    outer loop
      vertex 61.15 -2.15 50.3177
      vertex 62.75 -4.3 47.2
      vertex 61.15 -4.3 47.2
    endloop
  endfacet
  facet normal 0 -0.82323 0.567708
    outer loop
      vertex 61.15 2.15 44.0823
      vertex 62.75 4.3 47.2
      vertex 61.15 4.3 47.2
    endloop
  endfacet
  facet normal 0 -0.82323 0.567708
    outer loop
      vertex 62.75 4.3 47.2
      vertex 61.15 2.15 44.0823
      vertex 62.75 2.15 44.0823
    endloop
  endfacet
  facet normal 0 0.82323 0.567708
    outer loop
      vertex 62.75 -2.15 44.0823
      vertex 61.15 -4.3 47.2
      vertex 62.75 -4.3 47.2
    endloop
  endfacet
  facet normal 0 0.82323 0.567708
    outer loop
      vertex 61.15 -4.3 47.2
      vertex 62.75 -2.15 44.0823
      vertex 61.15 -2.15 44.0823
    endloop
  endfacet
  facet normal -0 0 1
    outer loop
      vertex 61.15 2.15 44.0823
      vertex 62.75 -2.15 44.0823
      vertex 62.75 2.15 44.0823
    endloop
  endfacet
  facet normal 0 0 1
    outer loop
      vertex 62.75 -2.15 44.0823
      vertex 61.15 2.15 44.0823
      vertex 61.15 -2.15 44.0823
    endloop
  endfacet
  facet normal 0 0 -1
    outer loop
      vertex 61.15 -2.15 50.3177
      vertex 62.75 2.15 50.3177
      vertex 62.75 -2.15 50.3177
    endloop
  endfacet
  facet normal -0 0 -1
    outer loop
      vertex 62.75 2.15 50.3177
      vertex 61.15 -2.15 50.3177
      vertex 61.15 2.15 50.3177
    endloop
  endfacet
  facet normal 0 -0.82323 -0.567708
    outer loop
      vertex 61.15 4.3 47.2
      vertex 62.75 2.15 50.3177
      vertex 61.15 2.15 50.3177
    endloop
  endfacet
  facet normal 0 -0.82323 -0.567708
    outer loop
      vertex 62.75 2.15 50.3177
      vertex 61.15 4.3 47.2
      vertex 62.75 4.3 47.2
    endloop
  endfacet
  facet normal 0 -0.82323 0.567708
    outer loop
      vertex 61.15 15.35 44.0823
      vertex 62.75 17.5 47.2
      vertex 61.15 17.5 47.2
    endloop
  endfacet
  facet normal 0 -0.82323 0.567708
    outer loop
      vertex 62.75 17.5 47.2
      vertex 61.15 15.35 44.0823
      vertex 62.75 15.35 44.0823
    endloop
  endfacet
  facet normal 0 0.82323 0.567708
    outer loop
      vertex 62.75 11.05 44.0823
      vertex 61.15 8.9 47.2
      vertex 62.75 8.9 47.2
    endloop
  endfacet
  facet normal 0 0.82323 0.567708
    outer loop
      vertex 61.15 8.9 47.2
      vertex 62.75 11.05 44.0823
      vertex 61.15 11.05 44.0823
    endloop
  endfacet
  facet normal 0 0.82323 -0.567708
    outer loop
      vertex 62.75 8.9 47.2
      vertex 61.15 11.05 50.3177
      vertex 62.75 11.05 50.3177
    endloop
  endfacet
  facet normal 0 0.82323 -0.567708
    outer loop
      vertex 61.15 11.05 50.3177
      vertex 62.75 8.9 47.2
      vertex 61.15 8.9 47.2
    endloop
  endfacet
  facet normal 0 0 -1
    outer loop
      vertex 61.15 11.05 50.3177
      vertex 62.75 15.35 50.3177
      vertex 62.75 11.05 50.3177
    endloop
  endfacet
  facet normal -0 0 -1
    outer loop
      vertex 62.75 15.35 50.3177
      vertex 61.15 11.05 50.3177
      vertex 61.15 15.35 50.3177
    endloop
  endfacet
  facet normal 0 -0.82323 -0.567708
    outer loop
      vertex 61.15 17.5 47.2
      vertex 62.75 15.35 50.3177
      vertex 61.15 15.35 50.3177
    endloop
  endfacet
  facet normal 0 -0.82323 -0.567708
    outer loop
      vertex 62.75 15.35 50.3177
      vertex 61.15 17.5 47.2
      vertex 62.75 17.5 47.2
    endloop
  endfacet
  facet normal -0 0 1
    outer loop
      vertex 61.15 15.35 44.0823
      vertex 62.75 11.05 44.0823
      vertex 62.75 15.35 44.0823
    endloop
  endfacet
  facet normal 0 0 1
    outer loop
      vertex 62.75 11.05 44.0823
      vertex 61.15 15.35 44.0823
      vertex 61.15 11.05 44.0823
    endloop
  endfacet
  facet normal 0 0.82323 -0.567708
    outer loop
      vertex 62.75 22.1 47.2
      vertex 61.15 24.25 50.3177
      vertex 62.75 24.25 50.3177
    endloop
  endfacet
  facet normal 0 0.82323 -0.567708
    outer loop
      vertex 61.15 24.25 50.3177
      vertex 62.75 22.1 47.2
      vertex 61.15 22.1 47.2
    endloop
  endfacet
  facet normal 0 -0.82323 0.567708
    outer loop
      vertex 61.15 28.55 44.0823
      vertex 62.75 30.7 47.2
      vertex 61.15 30.7 47.2
    endloop
  endfacet
  facet normal 0 -0.82323 0.567708
    outer loop
      vertex 62.75 30.7 47.2
      vertex 61.15 28.55 44.0823
      vertex 62.75 28.55 44.0823
    endloop
  endfacet
  facet normal 0 0.82323 0.567708
    outer loop
      vertex 62.75 24.25 44.0823
      vertex 61.15 22.1 47.2
      vertex 62.75 22.1 47.2
    endloop
  endfacet
  facet normal 0 0.82323 0.567708
    outer loop
      vertex 61.15 22.1 47.2
      vertex 62.75 24.25 44.0823
      vertex 61.15 24.25 44.0823
    endloop
  endfacet
  facet normal -0 0 1
    outer loop
      vertex 61.15 28.55 44.0823
      vertex 62.75 24.25 44.0823
      vertex 62.75 28.55 44.0823
    endloop
  endfacet
  facet normal 0 0 1
    outer loop
      vertex 62.75 24.25 44.0823
      vertex 61.15 28.55 44.0823
      vertex 61.15 24.25 44.0823
    endloop
  endfacet
  facet normal 0 0 -1
    outer loop
      vertex 61.15 24.25 50.3177
      vertex 62.75 28.55 50.3177
      vertex 62.75 24.25 50.3177
    endloop
  endfacet
  facet normal -0 0 -1
    outer loop
      vertex 62.75 28.55 50.3177
      vertex 61.15 24.25 50.3177
      vertex 61.15 28.55 50.3177
    endloop
  endfacet
  facet normal 0 -0.82323 -0.567708
    outer loop
      vertex 61.15 30.7 47.2
      vertex 62.75 28.55 50.3177
      vertex 61.15 28.55 50.3177
    endloop
  endfacet
  facet normal 0 -0.82323 -0.567708
    outer loop
      vertex 62.75 28.55 50.3177
      vertex 61.15 30.7 47.2
      vertex 62.75 30.7 47.2
    endloop
  endfacet
  facet normal 0.683701 -0.729762 0
    outer loop
      vertex 60.3654 -40.0129 0
      vertex 60.6997 -39.6997 62
      vertex 60.3654 -40.0129 62
    endloop
  endfacet
  facet normal 0.683701 -0.729762 0
    outer loop
      vertex 60.6997 -39.6997 62
      vertex 60.3654 -40.0129 0
      vertex 60.6997 -39.6997 0
    endloop
  endfacet
  facet normal -0.986646 -0.162876 0
    outer loop
      vertex -62.6155 -36.1156 0
      vertex -62.6901 -35.6637 62
      vertex -62.6901 -35.6637 0
    endloop
  endfacet
  facet normal -0.986646 -0.162876 0
    outer loop
      vertex -62.6901 -35.6637 62
      vertex -62.6155 -36.1156 0
      vertex -62.6155 -36.1156 62
    endloop
  endfacet
  facet normal -1 0 0
    outer loop
      vertex -62.75 -28.55 44.0823
      vertex -62.75 -21.95 36.7177
      vertex -62.75 -24.1 33.6
    endloop
  endfacet
  facet normal -1 0 0
    outer loop
      vertex -62.75 -21.95 36.7177
      vertex -62.75 -24.25 44.0823
      vertex -62.75 -22.1 47.2
    endloop
  endfacet
  facet normal -1 -0 0
    outer loop
      vertex -62.75 -21.95 30.4823
      vertex -62.75 -28.55 23.1177
      vertex -62.75 -24.1 33.6
    endloop
  endfacet
  facet normal -1 0 0
    outer loop
      vertex -62.75 -28.55 44.0823
      vertex -62.75 -24.1 33.6
      vertex -62.75 -28.55 23.1177
    endloop
  endfacet
  facet normal -1 0 0
    outer loop
      vertex -62.75 -21.95 36.7177
      vertex -62.75 -28.55 44.0823
      vertex -62.75 -24.25 44.0823
    endloop
  endfacet
  facet normal -1 0 0
    outer loop
      vertex -62.75 -30.7 20
      vertex -62.75 -28.55 44.0823
      vertex -62.75 -28.55 23.1177
    endloop
  endfacet
  facet normal -1 -0 0
    outer loop
      vertex -62.75 -28.55 44.0823
      vertex -62.75 -30.7 20
      vertex -62.75 -30.7 47.2
    endloop
  endfacet
  facet normal -1 0 0
    outer loop
      vertex -62.75 -15.35 23.1177
      vertex -62.75 -24.25 23.1177
      vertex -62.75 -21.95 30.4823
    endloop
  endfacet
  facet normal -1 0 0
    outer loop
      vertex -62.75 -28.55 23.1177
      vertex -62.75 -21.95 30.4823
      vertex -62.75 -24.25 23.1177
    endloop
  endfacet
  facet normal -1 0 0
    outer loop
      vertex -62.75 -8.75 36.7177
      vertex -62.75 -17.65 36.7177
      vertex -62.75 -15.35 44.0823
    endloop
  endfacet
  facet normal -1 0 0
    outer loop
      vertex -62.75 -21.95 36.7177
      vertex -62.75 -15.35 44.0823
      vertex -62.75 -17.65 36.7177
    endloop
  endfacet
  facet normal -1 0 0
    outer loop
      vertex -62.75 -15.5 33.6
      vertex -62.75 -8.75 36.7177
      vertex -62.75 -10.9 33.6
    endloop
  endfacet
  facet normal -1 0 0
    outer loop
      vertex -62.75 -8.75 36.7177
      vertex -62.75 -11.05 44.0823
      vertex -62.75 -8.9 47.2
    endloop
  endfacet
  facet normal -1 0 0
    outer loop
      vertex -62.75 -8.75 30.4823
      vertex -62.75 -17.65 30.4823
      vertex -62.75 -10.9 33.6
    endloop
  endfacet
  facet normal -1 0 0
    outer loop
      vertex -62.75 -17.65 30.4823
      vertex -62.75 -11.05 23.1177
      vertex -62.75 -15.35 23.1177
    endloop
  endfacet
  facet normal -1 0 0
    outer loop
      vertex -62.75 -17.65 36.7177
      vertex -62.75 -8.75 36.7177
      vertex -62.75 -15.5 33.6
    endloop
  endfacet
  facet normal -1 0 0
    outer loop
      vertex -62.75 -8.75 36.7177
      vertex -62.75 -15.35 44.0823
      vertex -62.75 -11.05 44.0823
    endloop
  endfacet
  facet normal -1 0 0
    outer loop
      vertex -62.75 -22.1 20
      vertex -62.75 -15.35 23.1177
      vertex -62.75 -17.5 20
    endloop
  endfacet
  facet normal -1 -0 0
    outer loop
      vertex -62.75 -10.9 33.6
      vertex -62.75 -17.65 30.4823
      vertex -62.75 -15.5 33.6
    endloop
  endfacet
  facet normal -1 0 0
    outer loop
      vertex -62.75 -2.15 23.1177
      vertex -62.75 -11.05 23.1177
      vertex -62.75 -8.75 30.4823
    endloop
  endfacet
  facet normal -1 0 0
    outer loop
      vertex -62.75 -17.65 30.4823
      vertex -62.75 -8.75 30.4823
      vertex -62.75 -11.05 23.1177
    endloop
  endfacet
  facet normal -1 0 0
    outer loop
      vertex -62.75 4.45 36.7177
      vertex -62.75 -4.45 36.7177
      vertex -62.75 -2.15 44.0823
    endloop
  endfacet
  facet normal -1 0 0
    outer loop
      vertex -62.75 -8.75 36.7177
      vertex -62.75 -2.15 44.0823
      vertex -62.75 -4.45 36.7177
    endloop
  endfacet
  facet normal -1 0 0
    outer loop
      vertex -62.75 -2.3 33.6
      vertex -62.75 4.45 36.7177
      vertex -62.75 2.3 33.6
    endloop
  endfacet
  facet normal -1 0 0
    outer loop
      vertex -62.75 4.45 36.7177
      vertex -62.75 2.15 44.0823
      vertex -62.75 4.3 47.2
    endloop
  endfacet
  facet normal -1 0 0
    outer loop
      vertex -62.75 4.45 30.4823
      vertex -62.75 -4.45 30.4823
      vertex -62.75 2.3 33.6
    endloop
  endfacet
  facet normal -1 0 0
    outer loop
      vertex -62.75 -4.45 30.4823
      vertex -62.75 2.15 23.1177
      vertex -62.75 -2.15 23.1177
    endloop
  endfacet
  facet normal -1 0 0
    outer loop
      vertex -62.75 -4.45 36.7177
      vertex -62.75 4.45 36.7177
      vertex -62.75 -2.3 33.6
    endloop
  endfacet
  facet normal -1 0 0
    outer loop
      vertex -62.75 4.45 36.7177
      vertex -62.75 -2.15 44.0823
      vertex -62.75 2.15 44.0823
    endloop
  endfacet
  facet normal -1 0 0
    outer loop
      vertex -62.75 -8.9 20
      vertex -62.75 -2.15 23.1177
      vertex -62.75 -4.3 20
    endloop
  endfacet
  facet normal -1 -0 0
    outer loop
      vertex -62.75 2.3 33.6
      vertex -62.75 -4.45 30.4823
      vertex -62.75 -2.3 33.6
    endloop
  endfacet
  facet normal -1 0 0
    outer loop
      vertex -62.75 11.05 23.1177
      vertex -62.75 2.15 23.1177
      vertex -62.75 4.45 30.4823
    endloop
  endfacet
  facet normal -1 0 0
    outer loop
      vertex -62.75 -4.45 30.4823
      vertex -62.75 4.45 30.4823
      vertex -62.75 2.15 23.1177
    endloop
  endfacet
  facet normal -1 0 0
    outer loop
      vertex -62.75 17.65 36.7177
      vertex -62.75 8.75 36.7177
      vertex -62.75 11.05 44.0823
    endloop
  endfacet
  facet normal -1 0 0
    outer loop
      vertex -62.75 4.45 36.7177
      vertex -62.75 11.05 44.0823
      vertex -62.75 8.75 36.7177
    endloop
  endfacet
  facet normal -1 0 0
    outer loop
      vertex -62.75 10.9 33.6
      vertex -62.75 17.65 36.7177
      vertex -62.75 15.5 33.6
    endloop
  endfacet
  facet normal -1 0 0
    outer loop
      vertex -62.75 17.65 36.7177
      vertex -62.75 15.35 44.0823
      vertex -62.75 17.5 47.2
    endloop
  endfacet
  facet normal -1 0 0
    outer loop
      vertex -62.75 17.65 30.4823
      vertex -62.75 8.75 30.4823
      vertex -62.75 15.5 33.6
    endloop
  endfacet
  facet normal -1 0 0
    outer loop
      vertex -62.75 8.75 30.4823
      vertex -62.75 15.35 23.1177
      vertex -62.75 11.05 23.1177
    endloop
  endfacet
  facet normal -1 0 0
    outer loop
      vertex -62.75 8.75 36.7177
      vertex -62.75 17.65 36.7177
      vertex -62.75 10.9 33.6
    endloop
  endfacet
  facet normal -1 0 0
    outer loop
      vertex -62.75 17.65 36.7177
      vertex -62.75 11.05 44.0823
      vertex -62.75 15.35 44.0823
    endloop
  endfacet
  facet normal -1 0 0
    outer loop
      vertex -62.75 4.3 20
      vertex -62.75 11.05 23.1177
      vertex -62.75 8.9 20
    endloop
  endfacet
  facet normal -1 -0 0
    outer loop
      vertex -62.75 15.5 33.6
      vertex -62.75 8.75 30.4823
      vertex -62.75 10.9 33.6
    endloop
  endfacet
  facet normal -1 0 0
    outer loop
      vertex -62.75 24.25 23.1177
      vertex -62.75 15.35 23.1177
      vertex -62.75 17.65 30.4823
    endloop
  endfacet
  facet normal -1 0 0
    outer loop
      vertex -62.75 8.75 30.4823
      vertex -62.75 17.65 30.4823
      vertex -62.75 15.35 23.1177
    endloop
  endfacet
  facet normal -1 0 0
    outer loop
      vertex -62.75 28.55 23.1177
      vertex -62.75 30.7 47.2
      vertex -62.75 30.7 20
    endloop
  endfacet
  facet normal -1 0 0
    outer loop
      vertex -62.75 28.55 23.1177
      vertex -62.75 28.55 44.0823
      vertex -62.75 30.7 47.2
    endloop
  endfacet
  facet normal -1 0 0
    outer loop
      vertex -62.75 21.95 30.4823
      vertex -62.75 28.55 23.1177
      vertex -62.75 24.25 23.1177
    endloop
  endfacet
  facet normal -1 0 0
    outer loop
      vertex -62.75 28.55 23.1177
      vertex -62.75 24.1 33.6
      vertex -62.75 28.55 44.0823
    endloop
  endfacet
  facet normal -1 0 0
    outer loop
      vertex -62.75 21.95 36.7177
      vertex -62.75 28.55 44.0823
      vertex -62.75 24.1 33.6
    endloop
  endfacet
  facet normal -1 0 0
    outer loop
      vertex -62.75 17.5 20
      vertex -62.75 24.25 23.1177
      vertex -62.75 22.1 20
    endloop
  endfacet
  facet normal -1 0 0
    outer loop
      vertex -62.75 28.55 23.1177
      vertex -62.75 21.95 30.4823
      vertex -62.75 24.1 33.6
    endloop
  endfacet
  facet normal -1 0 0
    outer loop
      vertex -62.75 34.75 0
      vertex -62.75 30.7 20
      vertex -62.75 34.75 62
    endloop
  endfacet
  facet normal -1 0 0
    outer loop
      vertex -62.75 34.75 0
      vertex -62.75 28.55 16.8823
      vertex -62.75 30.7 20
    endloop
  endfacet
  facet normal -1 0 0
    outer loop
      vertex -62.75 34.75 0
      vertex -62.75 24.25 16.8823
      vertex -62.75 28.55 16.8823
    endloop
  endfacet
  facet normal -1 0 0
    outer loop
      vertex -62.75 15.35 16.8823
      vertex -62.75 24.25 16.8823
      vertex -62.75 34.75 0
    endloop
  endfacet
  facet normal -1 0 0
    outer loop
      vertex -62.75 24.25 23.1177
      vertex -62.75 17.65 30.4823
      vertex -62.75 21.95 30.4823
    endloop
  endfacet
  facet normal -1 0 0
    outer loop
      vertex -62.75 15.35 23.1177
      vertex -62.75 24.25 23.1177
      vertex -62.75 17.5 20
    endloop
  endfacet
  facet normal -1 0 0
    outer loop
      vertex -62.75 24.25 16.8823
      vertex -62.75 15.35 16.8823
      vertex -62.75 22.1 20
    endloop
  endfacet
  facet normal -1 -0 0
    outer loop
      vertex -62.75 22.1 20
      vertex -62.75 15.35 16.8823
      vertex -62.75 17.5 20
    endloop
  endfacet
  facet normal -1 0 0
    outer loop
      vertex -62.75 34.75 0
      vertex -62.75 11.05 16.8823
      vertex -62.75 15.35 16.8823
    endloop
  endfacet
  facet normal -1 0 0
    outer loop
      vertex -62.75 11.05 23.1177
      vertex -62.75 4.45 30.4823
      vertex -62.75 8.75 30.4823
    endloop
  endfacet
  facet normal -1 0 0
    outer loop
      vertex -62.75 2.15 23.1177
      vertex -62.75 11.05 23.1177
      vertex -62.75 4.3 20
    endloop
  endfacet
  facet normal -1 0 0
    outer loop
      vertex -62.75 11.05 16.8823
      vertex -62.75 4.3 20
      vertex -62.75 8.9 20
    endloop
  endfacet
  facet normal -1 0 0
    outer loop
      vertex -62.75 2.15 16.8823
      vertex -62.75 11.05 16.8823
      vertex -62.75 34.75 0
    endloop
  endfacet
  facet normal -1 0 0
    outer loop
      vertex -62.75 11.05 16.8823
      vertex -62.75 2.15 16.8823
      vertex -62.75 4.3 20
    endloop
  endfacet
  facet normal -1 0 0
    outer loop
      vertex -62.75 34.75 0
      vertex -62.75 -2.15 16.8823
      vertex -62.75 2.15 16.8823
    endloop
  endfacet
  facet normal -1 0 0
    outer loop
      vertex -62.75 -2.15 23.1177
      vertex -62.75 -8.75 30.4823
      vertex -62.75 -4.45 30.4823
    endloop
  endfacet
  facet normal -1 0 0
    outer loop
      vertex -62.75 -11.05 23.1177
      vertex -62.75 -2.15 23.1177
      vertex -62.75 -8.9 20
    endloop
  endfacet
  facet normal -1 0 0
    outer loop
      vertex -62.75 -2.15 16.8823
      vertex -62.75 -8.9 20
      vertex -62.75 -4.3 20
    endloop
  endfacet
  facet normal -1 0 0
    outer loop
      vertex -62.75 -2.15 16.8823
      vertex -62.75 -11.05 16.8823
      vertex -62.75 -8.9 20
    endloop
  endfacet
  facet normal -1 0 0
    outer loop
      vertex -62.75 -34.75 0
      vertex -62.75 -2.15 16.8823
      vertex -62.75 34.75 0
    endloop
  endfacet
  facet normal -1 -0 0
    outer loop
      vertex -62.75 -2.15 16.8823
      vertex -62.75 -34.75 0
      vertex -62.75 -11.05 16.8823
    endloop
  endfacet
  facet normal -1 0 0
    outer loop
      vertex -62.75 -15.35 23.1177
      vertex -62.75 -21.95 30.4823
      vertex -62.75 -17.65 30.4823
    endloop
  endfacet
  facet normal -1 0 0
    outer loop
      vertex -62.75 -24.25 23.1177
      vertex -62.75 -15.35 23.1177
      vertex -62.75 -22.1 20
    endloop
  endfacet
  facet normal -1 0 0
    outer loop
      vertex -62.75 -15.35 16.8823
      vertex -62.75 -22.1 20
      vertex -62.75 -17.5 20
    endloop
  endfacet
  facet normal -1 0 0
    outer loop
      vertex -62.75 -15.35 16.8823
      vertex -62.75 -24.25 16.8823
      vertex -62.75 -22.1 20
    endloop
  endfacet
  facet normal -1 -0 0
    outer loop
      vertex -62.75 -11.05 16.8823
      vertex -62.75 -34.75 0
      vertex -62.75 -15.35 16.8823
    endloop
  endfacet
  facet normal -1 -0 0
    outer loop
      vertex -62.75 -15.35 16.8823
      vertex -62.75 -34.75 0
      vertex -62.75 -24.25 16.8823
    endloop
  endfacet
  facet normal -1 0 0
    outer loop
      vertex -62.75 -34.75 62
      vertex -62.75 -30.7 20
      vertex -62.75 -34.75 0
    endloop
  endfacet
  facet normal -1 -0 0
    outer loop
      vertex -62.75 -28.55 16.8823
      vertex -62.75 -34.75 0
      vertex -62.75 -30.7 20
    endloop
  endfacet
  facet normal -1 -0 0
    outer loop
      vertex -62.75 -24.25 16.8823
      vertex -62.75 -34.75 0
      vertex -62.75 -28.55 16.8823
    endloop
  endfacet
  facet normal -1 0 0
    outer loop
      vertex -62.75 30.7 47.2
      vertex -62.75 34.75 62
      vertex -62.75 30.7 20
    endloop
  endfacet
  facet normal -1 0 0
    outer loop
      vertex -62.75 28.55 50.3177
      vertex -62.75 34.75 62
      vertex -62.75 30.7 47.2
    endloop
  endfacet
  facet normal -1 0 0
    outer loop
      vertex -62.75 24.25 50.3177
      vertex -62.75 34.75 62
      vertex -62.75 28.55 50.3177
    endloop
  endfacet
  facet normal -1 0 0
    outer loop
      vertex -62.75 17.5 47.2
      vertex -62.75 24.25 44.0823
      vertex -62.75 17.65 36.7177
    endloop
  endfacet
  facet normal -1 0 0
    outer loop
      vertex -62.75 24.25 44.0823
      vertex -62.75 17.5 47.2
      vertex -62.75 22.1 47.2
    endloop
  endfacet
  facet normal -1 0 0
    outer loop
      vertex -62.75 17.5 47.2
      vertex -62.75 24.25 50.3177
      vertex -62.75 22.1 47.2
    endloop
  endfacet
  facet normal -1 0 0
    outer loop
      vertex -62.75 15.35 50.3177
      vertex -62.75 24.25 50.3177
      vertex -62.75 17.5 47.2
    endloop
  endfacet
  facet normal -1 0 0
    outer loop
      vertex -62.75 24.25 50.3177
      vertex -62.75 15.35 50.3177
      vertex -62.75 34.75 62
    endloop
  endfacet
  facet normal -1 0 0
    outer loop
      vertex -62.75 11.05 50.3177
      vertex -62.75 34.75 62
      vertex -62.75 15.35 50.3177
    endloop
  endfacet
  facet normal -1 0 0
    outer loop
      vertex -62.75 4.3 47.2
      vertex -62.75 11.05 44.0823
      vertex -62.75 4.45 36.7177
    endloop
  endfacet
  facet normal -1 0 0
    outer loop
      vertex -62.75 11.05 44.0823
      vertex -62.75 4.3 47.2
      vertex -62.75 8.9 47.2
    endloop
  endfacet
  facet normal -1 0 0
    outer loop
      vertex -62.75 4.3 47.2
      vertex -62.75 11.05 50.3177
      vertex -62.75 8.9 47.2
    endloop
  endfacet
  facet normal -1 0 0
    outer loop
      vertex -62.75 2.15 50.3177
      vertex -62.75 11.05 50.3177
      vertex -62.75 4.3 47.2
    endloop
  endfacet
  facet normal -1 0 0
    outer loop
      vertex -62.75 11.05 50.3177
      vertex -62.75 2.15 50.3177
      vertex -62.75 34.75 62
    endloop
  endfacet
  facet normal -1 0 0
    outer loop
      vertex -62.75 -2.15 50.3177
      vertex -62.75 34.75 62
      vertex -62.75 2.15 50.3177
    endloop
  endfacet
  facet normal -1 0 0
    outer loop
      vertex -62.75 -8.9 47.2
      vertex -62.75 -2.15 44.0823
      vertex -62.75 -8.75 36.7177
    endloop
  endfacet
  facet normal -1 0 0
    outer loop
      vertex -62.75 -2.15 44.0823
      vertex -62.75 -8.9 47.2
      vertex -62.75 -4.3 47.2
    endloop
  endfacet
  facet normal -1 0 0
    outer loop
      vertex -62.75 -8.9 47.2
      vertex -62.75 -2.15 50.3177
      vertex -62.75 -4.3 47.2
    endloop
  endfacet
  facet normal -1 0 0
    outer loop
      vertex -62.75 -11.05 50.3177
      vertex -62.75 -2.15 50.3177
      vertex -62.75 -8.9 47.2
    endloop
  endfacet
  facet normal -1 0 0
    outer loop
      vertex -62.75 -34.75 62
      vertex -62.75 -2.15 50.3177
      vertex -62.75 -11.05 50.3177
    endloop
  endfacet
  facet normal -1 0 0
    outer loop
      vertex -62.75 -34.75 62
      vertex -62.75 -11.05 50.3177
      vertex -62.75 -15.35 50.3177
    endloop
  endfacet
  facet normal -1 0 0
    outer loop
      vertex -62.75 -22.1 47.2
      vertex -62.75 -15.35 44.0823
      vertex -62.75 -21.95 36.7177
    endloop
  endfacet
  facet normal -1 0 0
    outer loop
      vertex -62.75 -15.35 44.0823
      vertex -62.75 -22.1 47.2
      vertex -62.75 -17.5 47.2
    endloop
  endfacet
  facet normal -1 0 0
    outer loop
      vertex -62.75 -22.1 47.2
      vertex -62.75 -15.35 50.3177
      vertex -62.75 -17.5 47.2
    endloop
  endfacet
  facet normal -1 0 0
    outer loop
      vertex -62.75 -24.25 50.3177
      vertex -62.75 -15.35 50.3177
      vertex -62.75 -22.1 47.2
    endloop
  endfacet
  facet normal -1 0 0
    outer loop
      vertex -62.75 -34.75 62
      vertex -62.75 -15.35 50.3177
      vertex -62.75 -24.25 50.3177
    endloop
  endfacet
  facet normal -1 0 0
    outer loop
      vertex -62.75 -34.75 62
      vertex -62.75 -24.25 50.3177
      vertex -62.75 -28.55 50.3177
    endloop
  endfacet
  facet normal -1 0 0
    outer loop
      vertex -62.75 -2.15 50.3177
      vertex -62.75 -34.75 62
      vertex -62.75 34.75 62
    endloop
  endfacet
  facet normal -1 0 0
    outer loop
      vertex -62.75 -30.7 47.2
      vertex -62.75 -34.75 62
      vertex -62.75 -28.55 50.3177
    endloop
  endfacet
  facet normal -1 0 0
    outer loop
      vertex -62.75 -30.7 20
      vertex -62.75 -34.75 62
      vertex -62.75 -30.7 47.2
    endloop
  endfacet
  facet normal -1 -0 0
    outer loop
      vertex -62.75 28.55 44.0823
      vertex -62.75 21.95 36.7177
      vertex -62.75 24.25 44.0823
    endloop
  endfacet
  facet normal -1 0 0
    outer loop
      vertex -62.75 17.65 36.7177
      vertex -62.75 24.25 44.0823
      vertex -62.75 21.95 36.7177
    endloop
  endfacet
  facet normal -0.910889 0.412651 0
    outer loop
      vertex -62.2171 37.4288 0
      vertex -62.0281 37.846 62
      vertex -62.0281 37.846 0
    endloop
  endfacet
  facet normal -0.910889 0.412651 0
    outer loop
      vertex -62.0281 37.846 62
      vertex -62.2171 37.4288 0
      vertex -62.2171 37.4288 62
    endloop
  endfacet
  facet normal 0 1 -0
    outer loop
      vertex -37.3 41.75 20
      vertex -44.05 41.75 23.1177
      vertex -35.15 41.75 23.1177
    endloop
  endfacet
  facet normal 0 1 0
    outer loop
      vertex -37.3 41.75 20
      vertex -41.9 41.75 20
      vertex -44.05 41.75 23.1177
    endloop
  endfacet
  facet normal 0 1 0
    outer loop
      vertex -35.15 41.75 16.8823
      vertex -41.9 41.75 20
      vertex -37.3 41.75 20
    endloop
  endfacet
  facet normal 0 1 0
    outer loop
      vertex -41.9 41.75 20
      vertex -35.15 41.75 16.8823
      vertex -44.05 41.75 16.8823
    endloop
  endfacet
  facet normal 0 1 -0
    outer loop
      vertex -24.1 41.75 20
      vertex -30.85 41.75 23.1177
      vertex -21.95 41.75 23.1177
    endloop
  endfacet
  facet normal 0 1 0
    outer loop
      vertex -24.1 41.75 20
      vertex -28.7 41.75 20
      vertex -30.85 41.75 23.1177
    endloop
  endfacet
  facet normal 0 1 0
    outer loop
      vertex -21.95 41.75 16.8823
      vertex -28.7 41.75 20
      vertex -24.1 41.75 20
    endloop
  endfacet
  facet normal 0 1 0
    outer loop
      vertex -28.7 41.75 20
      vertex -21.95 41.75 16.8823
      vertex -30.85 41.75 16.8823
    endloop
  endfacet
  facet normal 0 1 -0
    outer loop
      vertex -10.9 41.75 20
      vertex -17.65 41.75 23.1177
      vertex -8.75 41.75 23.1177
    endloop
  endfacet
  facet normal 0 1 0
    outer loop
      vertex -10.9 41.75 20
      vertex -15.5 41.75 20
      vertex -17.65 41.75 23.1177
    endloop
  endfacet
  facet normal 0 1 0
    outer loop
      vertex -8.75 41.75 16.8823
      vertex -15.5 41.75 20
      vertex -10.9 41.75 20
    endloop
  endfacet
  facet normal 0 1 0
    outer loop
      vertex -15.5 41.75 20
      vertex -8.75 41.75 16.8823
      vertex -17.65 41.75 16.8823
    endloop
  endfacet
  facet normal 0 1 -0
    outer loop
      vertex 2.3 41.75 20
      vertex -4.45 41.75 23.1177
      vertex 4.45 41.75 23.1177
    endloop
  endfacet
  facet normal 0 1 0
    outer loop
      vertex 2.3 41.75 20
      vertex -2.3 41.75 20
      vertex -4.45 41.75 23.1177
    endloop
  endfacet
  facet normal 0 1 0
    outer loop
      vertex 4.45 41.75 16.8823
      vertex -2.3 41.75 20
      vertex 2.3 41.75 20
    endloop
  endfacet
  facet normal 0 1 0
    outer loop
      vertex -2.3 41.75 20
      vertex 4.45 41.75 16.8823
      vertex -4.45 41.75 16.8823
    endloop
  endfacet
  facet normal 0 1 -0
    outer loop
      vertex 15.5 41.75 20
      vertex 8.75 41.75 23.1177
      vertex 17.65 41.75 23.1177
    endloop
  endfacet
  facet normal 0 1 0
    outer loop
      vertex 15.5 41.75 20
      vertex 10.9 41.75 20
      vertex 8.75 41.75 23.1177
    endloop
  endfacet
  facet normal 0 1 0
    outer loop
      vertex 17.65 41.75 16.8823
      vertex 10.9 41.75 20
      vertex 15.5 41.75 20
    endloop
  endfacet
  facet normal 0 1 0
    outer loop
      vertex 10.9 41.75 20
      vertex 17.65 41.75 16.8823
      vertex 8.75 41.75 16.8823
    endloop
  endfacet
  facet normal 0 1 -0
    outer loop
      vertex 28.7 41.75 20
      vertex 21.95 41.75 23.1177
      vertex 30.85 41.75 23.1177
    endloop
  endfacet
  facet normal 0 1 0
    outer loop
      vertex 28.7 41.75 20
      vertex 24.1 41.75 20
      vertex 21.95 41.75 23.1177
    endloop
  endfacet
  facet normal 0 1 0
    outer loop
      vertex 30.85 41.75 16.8823
      vertex 24.1 41.75 20
      vertex 28.7 41.75 20
    endloop
  endfacet
  facet normal 0 1 0
    outer loop
      vertex 24.1 41.75 20
      vertex 30.85 41.75 16.8823
      vertex 21.95 41.75 16.8823
    endloop
  endfacet
  facet normal 0 1 -0
    outer loop
      vertex 41.9 41.75 20
      vertex 35.15 41.75 23.1177
      vertex 44.05 41.75 23.1177
    endloop
  endfacet
  facet normal 0 1 0
    outer loop
      vertex 41.9 41.75 20
      vertex 37.3 41.75 20
      vertex 35.15 41.75 23.1177
    endloop
  endfacet
  facet normal 0 1 0
    outer loop
      vertex 44.05 41.75 16.8823
      vertex 37.3 41.75 20
      vertex 41.9 41.75 20
    endloop
  endfacet
  facet normal 0 1 0
    outer loop
      vertex 37.3 41.75 20
      vertex 44.05 41.75 16.8823
      vertex 35.15 41.75 16.8823
    endloop
  endfacet
  facet normal 0 1 -0
    outer loop
      vertex -30.7 41.75 33.6
      vertex -37.45 41.75 36.7177
      vertex -28.55 41.75 36.7177
    endloop
  endfacet
  facet normal 0 1 0
    outer loop
      vertex -30.7 41.75 33.6
      vertex -35.3 41.75 33.6
      vertex -37.45 41.75 36.7177
    endloop
  endfacet
  facet normal 0 1 0
    outer loop
      vertex -28.55 41.75 30.4823
      vertex -35.3 41.75 33.6
      vertex -30.7 41.75 33.6
    endloop
  endfacet
  facet normal 0 1 0
    outer loop
      vertex -35.3 41.75 33.6
      vertex -28.55 41.75 30.4823
      vertex -37.45 41.75 30.4823
    endloop
  endfacet
  facet normal 0 1 -0
    outer loop
      vertex -17.5 41.75 33.6
      vertex -24.25 41.75 36.7177
      vertex -15.35 41.75 36.7177
    endloop
  endfacet
  facet normal 0 1 0
    outer loop
      vertex -17.5 41.75 33.6
      vertex -22.1 41.75 33.6
      vertex -24.25 41.75 36.7177
    endloop
  endfacet
  facet normal 0 1 0
    outer loop
      vertex -15.35 41.75 30.4823
      vertex -22.1 41.75 33.6
      vertex -17.5 41.75 33.6
    endloop
  endfacet
  facet normal 0 1 0
    outer loop
      vertex -22.1 41.75 33.6
      vertex -15.35 41.75 30.4823
      vertex -24.25 41.75 30.4823
    endloop
  endfacet
  facet normal 0 1 -0
    outer loop
      vertex -4.3 41.75 33.6
      vertex -11.05 41.75 36.7177
      vertex -2.15 41.75 36.7177
    endloop
  endfacet
  facet normal 0 1 0
    outer loop
      vertex -4.3 41.75 33.6
      vertex -8.9 41.75 33.6
      vertex -11.05 41.75 36.7177
    endloop
  endfacet
  facet normal 0 1 0
    outer loop
      vertex -2.15 41.75 30.4823
      vertex -8.9 41.75 33.6
      vertex -4.3 41.75 33.6
    endloop
  endfacet
  facet normal 0 1 0
    outer loop
      vertex -8.9 41.75 33.6
      vertex -2.15 41.75 30.4823
      vertex -11.05 41.75 30.4823
    endloop
  endfacet
  facet normal 0 1 -0
    outer loop
      vertex 8.9 41.75 33.6
      vertex 2.15 41.75 36.7177
      vertex 11.05 41.75 36.7177
    endloop
  endfacet
  facet normal 0 1 0
    outer loop
      vertex 8.9 41.75 33.6
      vertex 4.3 41.75 33.6
      vertex 2.15 41.75 36.7177
    endloop
  endfacet
  facet normal 0 1 0
    outer loop
      vertex 11.05 41.75 30.4823
      vertex 4.3 41.75 33.6
      vertex 8.9 41.75 33.6
    endloop
  endfacet
  facet normal 0 1 0
    outer loop
      vertex 4.3 41.75 33.6
      vertex 11.05 41.75 30.4823
      vertex 2.15 41.75 30.4823
    endloop
  endfacet
  facet normal 0 1 -0
    outer loop
      vertex 22.1 41.75 33.6
      vertex 15.35 41.75 36.7177
      vertex 24.25 41.75 36.7177
    endloop
  endfacet
  facet normal 0 1 0
    outer loop
      vertex 22.1 41.75 33.6
      vertex 17.5 41.75 33.6
      vertex 15.35 41.75 36.7177
    endloop
  endfacet
  facet normal 0 1 0
    outer loop
      vertex 24.25 41.75 30.4823
      vertex 17.5 41.75 33.6
      vertex 22.1 41.75 33.6
    endloop
  endfacet
  facet normal 0 1 0
    outer loop
      vertex 17.5 41.75 33.6
      vertex 24.25 41.75 30.4823
      vertex 15.35 41.75 30.4823
    endloop
  endfacet
  facet normal 0 1 -0
    outer loop
      vertex 35.3 41.75 33.6
      vertex 28.55 41.75 36.7177
      vertex 37.45 41.75 36.7177
    endloop
  endfacet
  facet normal 0 1 0
    outer loop
      vertex 35.3 41.75 33.6
      vertex 30.7 41.75 33.6
      vertex 28.55 41.75 36.7177
    endloop
  endfacet
  facet normal 0 1 0
    outer loop
      vertex 37.45 41.75 30.4823
      vertex 30.7 41.75 33.6
      vertex 35.3 41.75 33.6
    endloop
  endfacet
  facet normal 0 1 0
    outer loop
      vertex 30.7 41.75 33.6
      vertex 37.45 41.75 30.4823
      vertex 28.55 41.75 30.4823
    endloop
  endfacet
  facet normal 0 1 -0
    outer loop
      vertex -37.3 41.75 47.2
      vertex -44.05 41.75 50.3177
      vertex -35.15 41.75 50.3177
    endloop
  endfacet
  facet normal 0 1 0
    outer loop
      vertex -37.3 41.75 47.2
      vertex -41.9 41.75 47.2
      vertex -44.05 41.75 50.3177
    endloop
  endfacet
  facet normal 0 1 0
    outer loop
      vertex -35.15 41.75 44.0823
      vertex -41.9 41.75 47.2
      vertex -37.3 41.75 47.2
    endloop
  endfacet
  facet normal 0 1 0
    outer loop
      vertex -41.9 41.75 47.2
      vertex -35.15 41.75 44.0823
      vertex -44.05 41.75 44.0823
    endloop
  endfacet
  facet normal 0 1 -0
    outer loop
      vertex -24.1 41.75 47.2
      vertex -30.85 41.75 50.3177
      vertex -21.95 41.75 50.3177
    endloop
  endfacet
  facet normal 0 1 0
    outer loop
      vertex -24.1 41.75 47.2
      vertex -28.7 41.75 47.2
      vertex -30.85 41.75 50.3177
    endloop
  endfacet
  facet normal 0 1 0
    outer loop
      vertex -21.95 41.75 44.0823
      vertex -28.7 41.75 47.2
      vertex -24.1 41.75 47.2
    endloop
  endfacet
  facet normal 0 1 0
    outer loop
      vertex -28.7 41.75 47.2
      vertex -21.95 41.75 44.0823
      vertex -30.85 41.75 44.0823
    endloop
  endfacet
  facet normal 0 1 -0
    outer loop
      vertex -10.9 41.75 47.2
      vertex -17.65 41.75 50.3177
      vertex -8.75 41.75 50.3177
    endloop
  endfacet
  facet normal 0 1 0
    outer loop
      vertex -10.9 41.75 47.2
      vertex -15.5 41.75 47.2
      vertex -17.65 41.75 50.3177
    endloop
  endfacet
  facet normal 0 1 0
    outer loop
      vertex -8.75 41.75 44.0823
      vertex -15.5 41.75 47.2
      vertex -10.9 41.75 47.2
    endloop
  endfacet
  facet normal 0 1 0
    outer loop
      vertex -15.5 41.75 47.2
      vertex -8.75 41.75 44.0823
      vertex -17.65 41.75 44.0823
    endloop
  endfacet
  facet normal 0 1 -0
    outer loop
      vertex 2.3 41.75 47.2
      vertex -4.45 41.75 50.3177
      vertex 4.45 41.75 50.3177
    endloop
  endfacet
  facet normal 0 1 0
    outer loop
      vertex 2.3 41.75 47.2
      vertex -2.3 41.75 47.2
      vertex -4.45 41.75 50.3177
    endloop
  endfacet
  facet normal 0 1 0
    outer loop
      vertex 4.45 41.75 44.0823
      vertex -2.3 41.75 47.2
      vertex 2.3 41.75 47.2
    endloop
  endfacet
  facet normal 0 1 0
    outer loop
      vertex -2.3 41.75 47.2
      vertex 4.45 41.75 44.0823
      vertex -4.45 41.75 44.0823
    endloop
  endfacet
  facet normal 0 1 -0
    outer loop
      vertex 15.5 41.75 47.2
      vertex 8.75 41.75 50.3177
      vertex 17.65 41.75 50.3177
    endloop
  endfacet
  facet normal 0 1 0
    outer loop
      vertex 15.5 41.75 47.2
      vertex 10.9 41.75 47.2
      vertex 8.75 41.75 50.3177
    endloop
  endfacet
  facet normal 0 1 0
    outer loop
      vertex 17.65 41.75 44.0823
      vertex 10.9 41.75 47.2
      vertex 15.5 41.75 47.2
    endloop
  endfacet
  facet normal 0 1 0
    outer loop
      vertex 10.9 41.75 47.2
      vertex 17.65 41.75 44.0823
      vertex 8.75 41.75 44.0823
    endloop
  endfacet
  facet normal 0 1 -0
    outer loop
      vertex 28.7 41.75 47.2
      vertex 21.95 41.75 50.3177
      vertex 30.85 41.75 50.3177
    endloop
  endfacet
  facet normal 0 1 0
    outer loop
      vertex 28.7 41.75 47.2
      vertex 24.1 41.75 47.2
      vertex 21.95 41.75 50.3177
    endloop
  endfacet
  facet normal 0 1 0
    outer loop
      vertex 30.85 41.75 44.0823
      vertex 24.1 41.75 47.2
      vertex 28.7 41.75 47.2
    endloop
  endfacet
  facet normal 0 1 0
    outer loop
      vertex 24.1 41.75 47.2
      vertex 30.85 41.75 44.0823
      vertex 21.95 41.75 44.0823
    endloop
  endfacet
  facet normal 0 1 -0
    outer loop
      vertex 41.9 41.75 47.2
      vertex 35.15 41.75 50.3177
      vertex 44.05 41.75 50.3177
    endloop
  endfacet
  facet normal 0 1 0
    outer loop
      vertex 41.9 41.75 47.2
      vertex 37.3 41.75 47.2
      vertex 35.15 41.75 50.3177
    endloop
  endfacet
  facet normal 0 1 0
    outer loop
      vertex 44.05 41.75 44.0823
      vertex 37.3 41.75 47.2
      vertex 41.9 41.75 47.2
    endloop
  endfacet
  facet normal 0 1 0
    outer loop
      vertex 37.3 41.75 47.2
      vertex 44.05 41.75 44.0823
      vertex 35.15 41.75 44.0823
    endloop
  endfacet
  facet normal 0 1 0
    outer loop
      vertex 44.05 41.75 50.3177
      vertex 55.75 41.75 62
      vertex 48.35 41.75 50.3177
    endloop
  endfacet
  facet normal 0 1 0
    outer loop
      vertex 55.75 41.75 62
      vertex 50.5 41.75 47.2
      vertex 48.35 41.75 50.3177
    endloop
  endfacet
  facet normal 0 1 0
    outer loop
      vertex 41.75 41.75 36.7177
      vertex 44.05 41.75 44.0823
      vertex 48.35 41.75 44.0823
    endloop
  endfacet
  facet normal 0 1 0
    outer loop
      vertex 44.05 41.75 44.0823
      vertex 41.75 41.75 36.7177
      vertex 35.15 41.75 44.0823
    endloop
  endfacet
  facet normal 0 1 0
    outer loop
      vertex 35.15 41.75 44.0823
      vertex 37.45 41.75 36.7177
      vertex 30.85 41.75 44.0823
    endloop
  endfacet
  facet normal 0 1 0
    outer loop
      vertex 28.55 41.75 36.7177
      vertex 30.85 41.75 44.0823
      vertex 37.45 41.75 36.7177
    endloop
  endfacet
  facet normal 0 1 -0
    outer loop
      vertex 24.25 41.75 36.7177
      vertex 21.95 41.75 44.0823
      vertex 28.55 41.75 36.7177
    endloop
  endfacet
  facet normal 0 1 0
    outer loop
      vertex 21.95 41.75 44.0823
      vertex 24.25 41.75 36.7177
      vertex 17.65 41.75 44.0823
    endloop
  endfacet
  facet normal 0 1 0
    outer loop
      vertex 17.65 41.75 44.0823
      vertex 15.35 41.75 36.7177
      vertex 8.75 41.75 44.0823
    endloop
  endfacet
  facet normal 0 1 -0
    outer loop
      vertex 11.05 41.75 36.7177
      vertex 8.75 41.75 44.0823
      vertex 15.35 41.75 36.7177
    endloop
  endfacet
  facet normal 0 1 0
    outer loop
      vertex 2.15 41.75 36.7177
      vertex 4.45 41.75 44.0823
      vertex 11.05 41.75 36.7177
    endloop
  endfacet
  facet normal 0 1 0
    outer loop
      vertex 4.45 41.75 44.0823
      vertex 2.15 41.75 36.7177
      vertex -4.45 41.75 44.0823
    endloop
  endfacet
  facet normal 0 1 0
    outer loop
      vertex -4.45 41.75 44.0823
      vertex -2.15 41.75 36.7177
      vertex -8.75 41.75 44.0823
    endloop
  endfacet
  facet normal 0 1 0
    outer loop
      vertex -11.05 41.75 36.7177
      vertex -8.75 41.75 44.0823
      vertex -2.15 41.75 36.7177
    endloop
  endfacet
  facet normal 0 1 -0
    outer loop
      vertex -15.35 41.75 36.7177
      vertex -17.65 41.75 44.0823
      vertex -11.05 41.75 36.7177
    endloop
  endfacet
  facet normal 0 1 0
    outer loop
      vertex -17.65 41.75 44.0823
      vertex -15.35 41.75 36.7177
      vertex -21.95 41.75 44.0823
    endloop
  endfacet
  facet normal 0 1 0
    outer loop
      vertex 35.15 41.75 44.0823
      vertex 41.75 41.75 36.7177
      vertex 37.45 41.75 36.7177
    endloop
  endfacet
  facet normal 0 1 0
    outer loop
      vertex 48.35 41.75 44.0823
      vertex 43.9 41.75 33.6
      vertex 41.75 41.75 36.7177
    endloop
  endfacet
  facet normal 0 1 0
    outer loop
      vertex 48.35 41.75 23.1177
      vertex 48.35 41.75 44.0823
      vertex 50.5 41.75 47.2
    endloop
  endfacet
  facet normal 0 1 0
    outer loop
      vertex 35.15 41.75 23.1177
      vertex 37.45 41.75 30.4823
      vertex 41.75 41.75 30.4823
    endloop
  endfacet
  facet normal 0 1 0
    outer loop
      vertex 37.45 41.75 30.4823
      vertex 35.15 41.75 23.1177
      vertex 28.55 41.75 30.4823
    endloop
  endfacet
  facet normal 0 1 0
    outer loop
      vertex 28.55 41.75 30.4823
      vertex 30.85 41.75 23.1177
      vertex 24.25 41.75 30.4823
    endloop
  endfacet
  facet normal 0 1 0
    outer loop
      vertex 21.95 41.75 23.1177
      vertex 24.25 41.75 30.4823
      vertex 30.85 41.75 23.1177
    endloop
  endfacet
  facet normal 0 1 -0
    outer loop
      vertex 17.65 41.75 23.1177
      vertex 15.35 41.75 30.4823
      vertex 21.95 41.75 23.1177
    endloop
  endfacet
  facet normal 0 1 0
    outer loop
      vertex 15.35 41.75 30.4823
      vertex 17.65 41.75 23.1177
      vertex 11.05 41.75 30.4823
    endloop
  endfacet
  facet normal 0 1 0
    outer loop
      vertex 11.05 41.75 30.4823
      vertex 8.75 41.75 23.1177
      vertex 2.15 41.75 30.4823
    endloop
  endfacet
  facet normal 0 1 -0
    outer loop
      vertex 4.45 41.75 23.1177
      vertex 2.15 41.75 30.4823
      vertex 8.75 41.75 23.1177
    endloop
  endfacet
  facet normal 0 1 0
    outer loop
      vertex -4.45 41.75 23.1177
      vertex -2.15 41.75 30.4823
      vertex 4.45 41.75 23.1177
    endloop
  endfacet
  facet normal 0 1 0
    outer loop
      vertex -2.15 41.75 30.4823
      vertex -4.45 41.75 23.1177
      vertex -11.05 41.75 30.4823
    endloop
  endfacet
  facet normal 0 1 0
    outer loop
      vertex -11.05 41.75 30.4823
      vertex -8.75 41.75 23.1177
      vertex -15.35 41.75 30.4823
    endloop
  endfacet
  facet normal 0 1 0
    outer loop
      vertex -17.65 41.75 23.1177
      vertex -15.35 41.75 30.4823
      vertex -8.75 41.75 23.1177
    endloop
  endfacet
  facet normal 0 1 -0
    outer loop
      vertex 44.05 41.75 23.1177
      vertex 41.75 41.75 30.4823
      vertex 48.35 41.75 23.1177
    endloop
  endfacet
  facet normal 0 1 0
    outer loop
      vertex 43.9 41.75 33.6
      vertex 48.35 41.75 23.1177
      vertex 41.75 41.75 30.4823
    endloop
  endfacet
  facet normal 0 1 0
    outer loop
      vertex 48.35 41.75 44.0823
      vertex 48.35 41.75 23.1177
      vertex 43.9 41.75 33.6
    endloop
  endfacet
  facet normal 0 1 0
    outer loop
      vertex 50.5 41.75 20
      vertex 50.5 41.75 47.2
      vertex 55.75 41.75 62
    endloop
  endfacet
  facet normal 0 1 0
    outer loop
      vertex 50.5 41.75 47.2
      vertex 50.5 41.75 20
      vertex 48.35 41.75 23.1177
    endloop
  endfacet
  facet normal 0 1 0
    outer loop
      vertex 55.75 41.75 0
      vertex 44.05 41.75 16.8823
      vertex 48.35 41.75 16.8823
    endloop
  endfacet
  facet normal 0 1 0
    outer loop
      vertex 44.05 41.75 16.8823
      vertex 55.75 41.75 0
      vertex 35.15 41.75 16.8823
    endloop
  endfacet
  facet normal 0 1 0
    outer loop
      vertex 35.15 41.75 16.8823
      vertex 55.75 41.75 0
      vertex 30.85 41.75 16.8823
    endloop
  endfacet
  facet normal 0 1 0
    outer loop
      vertex 30.85 41.75 16.8823
      vertex 55.75 41.75 0
      vertex 21.95 41.75 16.8823
    endloop
  endfacet
  facet normal 0 1 0
    outer loop
      vertex 21.95 41.75 16.8823
      vertex 55.75 41.75 0
      vertex 17.65 41.75 16.8823
    endloop
  endfacet
  facet normal 0 1 0
    outer loop
      vertex 17.65 41.75 16.8823
      vertex 55.75 41.75 0
      vertex 8.75 41.75 16.8823
    endloop
  endfacet
  facet normal 0 1 0
    outer loop
      vertex 8.75 41.75 16.8823
      vertex 55.75 41.75 0
      vertex 4.45 41.75 16.8823
    endloop
  endfacet
  facet normal 0 1 0
    outer loop
      vertex 4.45 41.75 16.8823
      vertex 55.75 41.75 0
      vertex -4.45 41.75 16.8823
    endloop
  endfacet
  facet normal 0 1 0
    outer loop
      vertex -55.75 41.75 0
      vertex -4.45 41.75 16.8823
      vertex 55.75 41.75 0
    endloop
  endfacet
  facet normal 0 1 0
    outer loop
      vertex -4.45 41.75 16.8823
      vertex -55.75 41.75 0
      vertex -8.75 41.75 16.8823
    endloop
  endfacet
  facet normal 0 1 0
    outer loop
      vertex -8.75 41.75 16.8823
      vertex -55.75 41.75 0
      vertex -17.65 41.75 16.8823
    endloop
  endfacet
  facet normal 0 1 0
    outer loop
      vertex -17.65 41.75 16.8823
      vertex -55.75 41.75 0
      vertex -21.95 41.75 16.8823
    endloop
  endfacet
  facet normal 0 1 0
    outer loop
      vertex -21.95 41.75 16.8823
      vertex -55.75 41.75 0
      vertex -30.85 41.75 16.8823
    endloop
  endfacet
  facet normal 0 1 0
    outer loop
      vertex -30.85 41.75 16.8823
      vertex -55.75 41.75 0
      vertex -35.15 41.75 16.8823
    endloop
  endfacet
  facet normal 0 1 0
    outer loop
      vertex -35.15 41.75 16.8823
      vertex -55.75 41.75 0
      vertex -44.05 41.75 16.8823
    endloop
  endfacet
  facet normal 0 1 0
    outer loop
      vertex 50.5 41.75 20
      vertex 55.75 41.75 0
      vertex 48.35 41.75 16.8823
    endloop
  endfacet
  facet normal 0 1 -0
    outer loop
      vertex 55.75 41.75 0
      vertex 50.5 41.75 20
      vertex 55.75 41.75 62
    endloop
  endfacet
  facet normal 0 1 0
    outer loop
      vertex 35.15 41.75 50.3177
      vertex 55.75 41.75 62
      vertex 44.05 41.75 50.3177
    endloop
  endfacet
  facet normal 0 1 0
    outer loop
      vertex 30.85 41.75 50.3177
      vertex 55.75 41.75 62
      vertex 35.15 41.75 50.3177
    endloop
  endfacet
  facet normal 0 1 0
    outer loop
      vertex 21.95 41.75 50.3177
      vertex 55.75 41.75 62
      vertex 30.85 41.75 50.3177
    endloop
  endfacet
  facet normal 0 1 0
    outer loop
      vertex 17.65 41.75 50.3177
      vertex 55.75 41.75 62
      vertex 21.95 41.75 50.3177
    endloop
  endfacet
  facet normal 0 1 0
    outer loop
      vertex 8.75 41.75 50.3177
      vertex 55.75 41.75 62
      vertex 17.65 41.75 50.3177
    endloop
  endfacet
  facet normal 0 1 0
    outer loop
      vertex 4.45 41.75 50.3177
      vertex 55.75 41.75 62
      vertex 8.75 41.75 50.3177
    endloop
  endfacet
  facet normal 0 1 0
    outer loop
      vertex 55.75 41.75 62
      vertex 4.45 41.75 50.3177
      vertex -55.75 41.75 62
    endloop
  endfacet
  facet normal 0 1 -0
    outer loop
      vertex -4.45 41.75 50.3177
      vertex -55.75 41.75 62
      vertex 4.45 41.75 50.3177
    endloop
  endfacet
  facet normal 0 1 -0
    outer loop
      vertex -8.75 41.75 50.3177
      vertex -55.75 41.75 62
      vertex -4.45 41.75 50.3177
    endloop
  endfacet
  facet normal 0 1 -0
    outer loop
      vertex -17.65 41.75 50.3177
      vertex -55.75 41.75 62
      vertex -8.75 41.75 50.3177
    endloop
  endfacet
  facet normal 0 1 -0
    outer loop
      vertex -21.95 41.75 50.3177
      vertex -55.75 41.75 62
      vertex -17.65 41.75 50.3177
    endloop
  endfacet
  facet normal 0 1 -0
    outer loop
      vertex -30.85 41.75 50.3177
      vertex -55.75 41.75 62
      vertex -21.95 41.75 50.3177
    endloop
  endfacet
  facet normal 0 1 -0
    outer loop
      vertex -35.15 41.75 50.3177
      vertex -55.75 41.75 62
      vertex -30.85 41.75 50.3177
    endloop
  endfacet
  facet normal 0 1 -0
    outer loop
      vertex -44.05 41.75 50.3177
      vertex -55.75 41.75 62
      vertex -35.15 41.75 50.3177
    endloop
  endfacet
  facet normal 0 1 -0
    outer loop
      vertex -48.35 41.75 50.3177
      vertex -55.75 41.75 62
      vertex -44.05 41.75 50.3177
    endloop
  endfacet
  facet normal 0 1 -0
    outer loop
      vertex -50.5 41.75 47.2
      vertex -55.75 41.75 62
      vertex -48.35 41.75 50.3177
    endloop
  endfacet
  facet normal 0 1 0
    outer loop
      vertex 30.85 41.75 44.0823
      vertex 28.55 41.75 36.7177
      vertex 21.95 41.75 44.0823
    endloop
  endfacet
  facet normal 0 1 0
    outer loop
      vertex 15.35 41.75 36.7177
      vertex 17.65 41.75 44.0823
      vertex 24.25 41.75 36.7177
    endloop
  endfacet
  facet normal 0 1 0
    outer loop
      vertex 8.75 41.75 44.0823
      vertex 11.05 41.75 36.7177
      vertex 4.45 41.75 44.0823
    endloop
  endfacet
  facet normal 0 1 -0
    outer loop
      vertex -2.15 41.75 36.7177
      vertex -4.45 41.75 44.0823
      vertex 2.15 41.75 36.7177
    endloop
  endfacet
  facet normal 0 1 0
    outer loop
      vertex -8.75 41.75 44.0823
      vertex -11.05 41.75 36.7177
      vertex -17.65 41.75 44.0823
    endloop
  endfacet
  facet normal 0 1 0
    outer loop
      vertex -24.25 41.75 36.7177
      vertex -21.95 41.75 44.0823
      vertex -15.35 41.75 36.7177
    endloop
  endfacet
  facet normal 0 1 0
    outer loop
      vertex -21.95 41.75 44.0823
      vertex -24.25 41.75 36.7177
      vertex -30.85 41.75 44.0823
    endloop
  endfacet
  facet normal 0 1 -0
    outer loop
      vertex -28.55 41.75 36.7177
      vertex -30.85 41.75 44.0823
      vertex -24.25 41.75 36.7177
    endloop
  endfacet
  facet normal 0 1 0
    outer loop
      vertex -30.85 41.75 44.0823
      vertex -28.55 41.75 36.7177
      vertex -35.15 41.75 44.0823
    endloop
  endfacet
  facet normal 0 1 0
    outer loop
      vertex -37.45 41.75 36.7177
      vertex -35.15 41.75 44.0823
      vertex -28.55 41.75 36.7177
    endloop
  endfacet
  facet normal 0 1 0
    outer loop
      vertex -35.15 41.75 44.0823
      vertex -37.45 41.75 36.7177
      vertex -44.05 41.75 44.0823
    endloop
  endfacet
  facet normal 0 1 -0
    outer loop
      vertex -41.75 41.75 36.7177
      vertex -44.05 41.75 44.0823
      vertex -37.45 41.75 36.7177
    endloop
  endfacet
  facet normal 0 1 0
    outer loop
      vertex -44.05 41.75 44.0823
      vertex -41.75 41.75 36.7177
      vertex -48.35 41.75 44.0823
    endloop
  endfacet
  facet normal 0 1 -0
    outer loop
      vertex -43.9 41.75 33.6
      vertex -48.35 41.75 44.0823
      vertex -41.75 41.75 36.7177
    endloop
  endfacet
  facet normal 0 1 0
    outer loop
      vertex -48.35 41.75 23.1177
      vertex -48.35 41.75 44.0823
      vertex -43.9 41.75 33.6
    endloop
  endfacet
  facet normal 0 1 0
    outer loop
      vertex 35.15 41.75 23.1177
      vertex 41.75 41.75 30.4823
      vertex 44.05 41.75 23.1177
    endloop
  endfacet
  facet normal 0 1 0
    outer loop
      vertex 28.55 41.75 30.4823
      vertex 35.15 41.75 23.1177
      vertex 30.85 41.75 23.1177
    endloop
  endfacet
  facet normal 0 1 0
    outer loop
      vertex 24.25 41.75 30.4823
      vertex 21.95 41.75 23.1177
      vertex 15.35 41.75 30.4823
    endloop
  endfacet
  facet normal 0 1 0
    outer loop
      vertex 8.75 41.75 23.1177
      vertex 11.05 41.75 30.4823
      vertex 17.65 41.75 23.1177
    endloop
  endfacet
  facet normal 0 1 0
    outer loop
      vertex 2.15 41.75 30.4823
      vertex 4.45 41.75 23.1177
      vertex -2.15 41.75 30.4823
    endloop
  endfacet
  facet normal 0 1 -0
    outer loop
      vertex -8.75 41.75 23.1177
      vertex -11.05 41.75 30.4823
      vertex -4.45 41.75 23.1177
    endloop
  endfacet
  facet normal 0 1 0
    outer loop
      vertex -15.35 41.75 30.4823
      vertex -17.65 41.75 23.1177
      vertex -24.25 41.75 30.4823
    endloop
  endfacet
  facet normal 0 1 -0
    outer loop
      vertex -21.95 41.75 23.1177
      vertex -24.25 41.75 30.4823
      vertex -17.65 41.75 23.1177
    endloop
  endfacet
  facet normal 0 1 0
    outer loop
      vertex -24.25 41.75 30.4823
      vertex -21.95 41.75 23.1177
      vertex -28.55 41.75 30.4823
    endloop
  endfacet
  facet normal 0 1 0
    outer loop
      vertex -30.85 41.75 23.1177
      vertex -28.55 41.75 30.4823
      vertex -21.95 41.75 23.1177
    endloop
  endfacet
  facet normal 0 1 0
    outer loop
      vertex -28.55 41.75 30.4823
      vertex -30.85 41.75 23.1177
      vertex -37.45 41.75 30.4823
    endloop
  endfacet
  facet normal 0 1 -0
    outer loop
      vertex -35.15 41.75 23.1177
      vertex -37.45 41.75 30.4823
      vertex -30.85 41.75 23.1177
    endloop
  endfacet
  facet normal 0 1 0
    outer loop
      vertex -37.45 41.75 30.4823
      vertex -35.15 41.75 23.1177
      vertex -41.75 41.75 30.4823
    endloop
  endfacet
  facet normal 0 1 0
    outer loop
      vertex -44.05 41.75 23.1177
      vertex -41.75 41.75 30.4823
      vertex -35.15 41.75 23.1177
    endloop
  endfacet
  facet normal 0 1 0
    outer loop
      vertex -48.35 41.75 23.1177
      vertex -41.75 41.75 30.4823
      vertex -44.05 41.75 23.1177
    endloop
  endfacet
  facet normal 0 1 0
    outer loop
      vertex -41.75 41.75 30.4823
      vertex -48.35 41.75 23.1177
      vertex -43.9 41.75 33.6
    endloop
  endfacet
  facet normal 0 1 0
    outer loop
      vertex -48.35 41.75 44.0823
      vertex -48.35 41.75 23.1177
      vertex -50.5 41.75 47.2
    endloop
  endfacet
  facet normal 0 1 0
    outer loop
      vertex -50.5 41.75 20
      vertex -50.5 41.75 47.2
      vertex -48.35 41.75 23.1177
    endloop
  endfacet
  facet normal 0 1 0
    outer loop
      vertex -50.5 41.75 47.2
      vertex -50.5 41.75 20
      vertex -55.75 41.75 62
    endloop
  endfacet
  facet normal 0 1 0
    outer loop
      vertex -50.5 41.75 20
      vertex -55.75 41.75 0
      vertex -55.75 41.75 62
    endloop
  endfacet
  facet normal 0 1 0
    outer loop
      vertex -48.35 41.75 16.8823
      vertex -55.75 41.75 0
      vertex -50.5 41.75 20
    endloop
  endfacet
  facet normal 0 1 0
    outer loop
      vertex -44.05 41.75 16.8823
      vertex -55.75 41.75 0
      vertex -48.35 41.75 16.8823
    endloop
  endfacet
  facet normal -0.227043 0.973885 0
    outer loop
      vertex -57.1156 41.6155 0
      vertex -57.5617 41.5115 62
      vertex -57.1156 41.6155 62
    endloop
  endfacet
  facet normal -0.227043 0.973885 0
    outer loop
      vertex -57.5617 41.5115 62
      vertex -57.1156 41.6155 0
      vertex -57.5617 41.5115 0
    endloop
  endfacet
  facet normal -0.849198 -0.528075 0
    outer loop
      vertex -61.5703 -38.639 0
      vertex -61.8122 -38.25 62
      vertex -61.8122 -38.25 0
    endloop
  endfacet
  facet normal -0.849198 -0.528075 0
    outer loop
      vertex -61.8122 -38.25 62
      vertex -61.5703 -38.639 0
      vertex -61.5703 -38.639 62
    endloop
  endfacet
  facet normal 0.849198 -0.528075 0
    outer loop
      vertex 61.5703 -38.639 62
      vertex 61.8122 -38.25 0
      vertex 61.8122 -38.25 62
    endloop
  endfacet
  facet normal 0.849198 -0.528075 0
    outer loop
      vertex 61.8122 -38.25 0
      vertex 61.5703 -38.639 62
      vertex 61.5703 -38.639 0
    endloop
  endfacet
  facet normal -0.29031 -0.956933 0
    outer loop
      vertex -58.0001 -41.3785 0
      vertex -57.5617 -41.5115 62
      vertex -58.0001 -41.3785 62
    endloop
  endfacet
  facet normal -0.29031 -0.956933 -0
    outer loop
      vertex -57.5617 -41.5115 62
      vertex -58.0001 -41.3785 0
      vertex -57.5617 -41.5115 0
    endloop
  endfacet
  facet normal -0.986646 0.162876 0
    outer loop
      vertex -62.6901 35.6637 0
      vertex -62.6155 36.1156 62
      vertex -62.6155 36.1156 0
    endloop
  endfacet
  facet normal -0.986646 0.162876 0
    outer loop
      vertex -62.6155 36.1156 62
      vertex -62.6901 35.6637 0
      vertex -62.6901 35.6637 62
    endloop
  endfacet
  facet normal -0.88196 0.471325 0
    outer loop
      vertex -62.0281 37.846 0
      vertex -61.8122 38.25 62
      vertex -61.8122 38.25 0
    endloop
  endfacet
  facet normal -0.88196 0.471325 0
    outer loop
      vertex -61.8122 38.25 62
      vertex -62.0281 37.846 0
      vertex -62.0281 37.846 62
    endloop
  endfacet
  facet normal -0.0980123 0.995185 0
    outer loop
      vertex -56.2078 41.735 0
      vertex -56.6637 41.6901 62
      vertex -56.2078 41.735 62
    endloop
  endfacet
  facet normal -0.0980123 0.995185 0
    outer loop
      vertex -56.6637 41.6901 62
      vertex -56.2078 41.735 0
      vertex -56.6637 41.6901 0
    endloop
  endfacet
  facet normal -0.995185 0.0980123 0
    outer loop
      vertex -62.735 35.2078 0
      vertex -62.6901 35.6637 62
      vertex -62.6901 35.6637 0
    endloop
  endfacet
  facet normal -0.995185 0.0980123 0
    outer loop
      vertex -62.6901 35.6637 62
      vertex -62.735 35.2078 0
      vertex -62.735 35.2078 62
    endloop
  endfacet
  facet normal 0.88196 0.471325 0
    outer loop
      vertex 62.0281 37.846 62
      vertex 61.8122 38.25 0
      vertex 61.8122 38.25 62
    endloop
  endfacet
  facet normal 0.88196 0.471325 0
    outer loop
      vertex 61.8122 38.25 0
      vertex 62.0281 37.846 62
      vertex 62.0281 37.846 0
    endloop
  endfacet
  facet normal 0.63439 0.773013 -0
    outer loop
      vertex 60.3654 40.0129 0
      vertex 60.0113 40.3035 62
      vertex 60.3654 40.0129 62
    endloop
  endfacet
  facet normal 0.63439 0.773013 0
    outer loop
      vertex 60.0113 40.3035 62
      vertex 60.3654 40.0129 0
      vertex 60.0113 40.3035 0
    endloop
  endfacet
  facet normal 0.995185 0.0980123 0
    outer loop
      vertex 62.735 35.2078 62
      vertex 62.6901 35.6637 0
      vertex 62.6901 35.6637 62
    endloop
  endfacet
  facet normal 0.995185 0.0980123 0
    outer loop
      vertex 62.6901 35.6637 0
      vertex 62.735 35.2078 62
      vertex 62.735 35.2078 0
    endloop
  endfacet
  facet normal -0.995185 -0.0980123 0
    outer loop
      vertex -62.6901 -35.6637 0
      vertex -62.735 -35.2078 62
      vertex -62.735 -35.2078 0
    endloop
  endfacet
  facet normal -0.995185 -0.0980123 0
    outer loop
      vertex -62.735 -35.2078 62
      vertex -62.6901 -35.6637 0
      vertex -62.6901 -35.6637 62
    endloop
  endfacet
  facet normal 0.812833 -0.582497 0
    outer loop
      vertex 61.3035 -39.0113 62
      vertex 61.5703 -38.639 0
      vertex 61.5703 -38.639 62
    endloop
  endfacet
  facet normal 0.812833 -0.582497 0
    outer loop
      vertex 61.5703 -38.639 0
      vertex 61.3035 -39.0113 62
      vertex 61.3035 -39.0113 0
    endloop
  endfacet
  facet normal -0.812833 -0.582497 0
    outer loop
      vertex -61.3035 -39.0113 0
      vertex -61.5703 -38.639 62
      vertex -61.5703 -38.639 0
    endloop
  endfacet
  facet normal -0.812833 -0.582497 0
    outer loop
      vertex -61.5703 -38.639 62
      vertex -61.3035 -39.0113 0
      vertex -61.3035 -39.0113 62
    endloop
  endfacet
  facet normal -0.849198 0.528075 0
    outer loop
      vertex -61.8122 38.25 0
      vertex -61.5703 38.639 62
      vertex -61.5703 38.639 0
    endloop
  endfacet
  facet normal -0.849198 0.528075 0
    outer loop
      vertex -61.5703 38.639 62
      vertex -61.8122 38.25 0
      vertex -61.8122 38.25 62
    endloop
  endfacet
  facet normal 0.582497 0.812833 -0
    outer loop
      vertex 60.0113 40.3035 0
      vertex 59.639 40.5703 62
      vertex 60.0113 40.3035 62
    endloop
  endfacet
  facet normal 0.582497 0.812833 0
    outer loop
      vertex 59.639 40.5703 62
      vertex 60.0113 40.3035 0
      vertex 59.639 40.5703 0
    endloop
  endfacet
  facet normal -0.999464 0.0327478 0
    outer loop
      vertex -62.75 34.75 0
      vertex -62.735 35.2078 62
      vertex -62.735 35.2078 0
    endloop
  endfacet
  facet normal -0.999464 0.0327478 0
    outer loop
      vertex -62.735 35.2078 62
      vertex -62.75 34.75 0
      vertex -62.75 34.75 62
    endloop
  endfacet
  facet normal -0.412651 0.910889 0
    outer loop
      vertex -58.4288 41.2171 0
      vertex -58.846 41.0281 62
      vertex -58.4288 41.2171 62
    endloop
  endfacet
  facet normal -0.412651 0.910889 0
    outer loop
      vertex -58.846 41.0281 62
      vertex -58.4288 41.2171 0
      vertex -58.846 41.0281 0
    endloop
  endfacet
  facet normal -0.973885 0.227043 0
    outer loop
      vertex -62.6155 36.1156 0
      vertex -62.5115 36.5617 62
      vertex -62.5115 36.5617 0
    endloop
  endfacet
  facet normal -0.973885 0.227043 0
    outer loop
      vertex -62.5115 36.5617 62
      vertex -62.6155 36.1156 0
      vertex -62.6155 36.1156 62
    endloop
  endfacet
  facet normal -0.999464 -0.0327478 0
    outer loop
      vertex -62.735 -35.2078 0
      vertex -62.75 -34.75 62
      vertex -62.75 -34.75 0
    endloop
  endfacet
  facet normal -0.999464 -0.0327478 0
    outer loop
      vertex -62.75 -34.75 62
      vertex -62.735 -35.2078 0
      vertex -62.735 -35.2078 62
    endloop
  endfacet
  facet normal 0.0327478 0.999464 -0
    outer loop
      vertex 56.2078 41.735 0
      vertex 55.75 41.75 62
      vertex 56.2078 41.735 62
    endloop
  endfacet
  facet normal 0.0327478 0.999464 0
    outer loop
      vertex 55.75 41.75 62
      vertex 56.2078 41.735 0
      vertex 55.75 41.75 0
    endloop
  endfacet
  facet normal 0.582497 -0.812833 0
    outer loop
      vertex 59.639 -40.5703 0
      vertex 60.0113 -40.3035 62
      vertex 59.639 -40.5703 62
    endloop
  endfacet
  facet normal 0.582497 -0.812833 0
    outer loop
      vertex 60.0113 -40.3035 62
      vertex 59.639 -40.5703 0
      vertex 60.0113 -40.3035 0
    endloop
  endfacet
  facet normal 0.0980123 0.995185 -0
    outer loop
      vertex 56.6637 41.6901 0
      vertex 56.2078 41.735 62
      vertex 56.6637 41.6901 62
    endloop
  endfacet
  facet normal 0.0980123 0.995185 0
    outer loop
      vertex 56.2078 41.735 62
      vertex 56.6637 41.6901 0
      vertex 56.2078 41.735 0
    endloop
  endfacet
  facet normal 0.352343 -0.935871 0
    outer loop
      vertex 58.0001 -41.3785 0
      vertex 58.4288 -41.2171 62
      vertex 58.0001 -41.3785 62
    endloop
  endfacet
  facet normal 0.352343 -0.935871 0
    outer loop
      vertex 58.4288 -41.2171 62
      vertex 58.0001 -41.3785 0
      vertex 58.4288 -41.2171 0
    endloop
  endfacet
  facet normal 0.528075 -0.849198 0
    outer loop
      vertex 59.25 -40.8122 0
      vertex 59.639 -40.5703 62
      vertex 59.25 -40.8122 62
    endloop
  endfacet
  facet normal 0.528075 -0.849198 0
    outer loop
      vertex 59.639 -40.5703 62
      vertex 59.25 -40.8122 0
      vertex 59.639 -40.5703 0
    endloop
  endfacet
  facet normal 0.29031 0.956933 -0
    outer loop
      vertex 58.0001 41.3785 0
      vertex 57.5617 41.5115 62
      vertex 58.0001 41.3785 62
    endloop
  endfacet
  facet normal 0.29031 0.956933 0
    outer loop
      vertex 57.5617 41.5115 62
      vertex 58.0001 41.3785 0
      vertex 57.5617 41.5115 0
    endloop
  endfacet
  facet normal 0 -1 0
    outer loop
      vertex 37.3 -41.75 20
      vertex 44.05 -41.75 23.1177
      vertex 35.15 -41.75 23.1177
    endloop
  endfacet
  facet normal 0 -1 0
    outer loop
      vertex 37.3 -41.75 20
      vertex 41.9 -41.75 20
      vertex 44.05 -41.75 23.1177
    endloop
  endfacet
  facet normal 0 -1 0
    outer loop
      vertex 35.15 -41.75 16.8823
      vertex 41.9 -41.75 20
      vertex 37.3 -41.75 20
    endloop
  endfacet
  facet normal 0 -1 -0
    outer loop
      vertex 41.9 -41.75 20
      vertex 35.15 -41.75 16.8823
      vertex 44.05 -41.75 16.8823
    endloop
  endfacet
  facet normal 0 -1 0
    outer loop
      vertex 24.1 -41.75 20
      vertex 30.85 -41.75 23.1177
      vertex 21.95 -41.75 23.1177
    endloop
  endfacet
  facet normal 0 -1 0
    outer loop
      vertex 24.1 -41.75 20
      vertex 28.7 -41.75 20
      vertex 30.85 -41.75 23.1177
    endloop
  endfacet
  facet normal 0 -1 0
    outer loop
      vertex 21.95 -41.75 16.8823
      vertex 28.7 -41.75 20
      vertex 24.1 -41.75 20
    endloop
  endfacet
  facet normal 0 -1 -0
    outer loop
      vertex 28.7 -41.75 20
      vertex 21.95 -41.75 16.8823
      vertex 30.85 -41.75 16.8823
    endloop
  endfacet
  facet normal 0 -1 0
    outer loop
      vertex 10.9 -41.75 20
      vertex 17.65 -41.75 23.1177
      vertex 8.75 -41.75 23.1177
    endloop
  endfacet
  facet normal 0 -1 0
    outer loop
      vertex 10.9 -41.75 20
      vertex 15.5 -41.75 20
      vertex 17.65 -41.75 23.1177
    endloop
  endfacet
  facet normal 0 -1 0
    outer loop
      vertex 8.75 -41.75 16.8823
      vertex 15.5 -41.75 20
      vertex 10.9 -41.75 20
    endloop
  endfacet
  facet normal 0 -1 -0
    outer loop
      vertex 15.5 -41.75 20
      vertex 8.75 -41.75 16.8823
      vertex 17.65 -41.75 16.8823
    endloop
  endfacet
  facet normal 0 -1 0
    outer loop
      vertex -2.3 -41.75 20
      vertex 4.45 -41.75 23.1177
      vertex -4.45 -41.75 23.1177
    endloop
  endfacet
  facet normal 0 -1 0
    outer loop
      vertex -2.3 -41.75 20
      vertex 2.3 -41.75 20
      vertex 4.45 -41.75 23.1177
    endloop
  endfacet
  facet normal 0 -1 0
    outer loop
      vertex -4.45 -41.75 16.8823
      vertex 2.3 -41.75 20
      vertex -2.3 -41.75 20
    endloop
  endfacet
  facet normal 0 -1 -0
    outer loop
      vertex 2.3 -41.75 20
      vertex -4.45 -41.75 16.8823
      vertex 4.45 -41.75 16.8823
    endloop
  endfacet
  facet normal 0 -1 0
    outer loop
      vertex -15.5 -41.75 20
      vertex -8.75 -41.75 23.1177
      vertex -17.65 -41.75 23.1177
    endloop
  endfacet
  facet normal 0 -1 0
    outer loop
      vertex -15.5 -41.75 20
      vertex -10.9 -41.75 20
      vertex -8.75 -41.75 23.1177
    endloop
  endfacet
  facet normal 0 -1 0
    outer loop
      vertex -17.65 -41.75 16.8823
      vertex -10.9 -41.75 20
      vertex -15.5 -41.75 20
    endloop
  endfacet
  facet normal 0 -1 -0
    outer loop
      vertex -10.9 -41.75 20
      vertex -17.65 -41.75 16.8823
      vertex -8.75 -41.75 16.8823
    endloop
  endfacet
  facet normal 0 -1 0
    outer loop
      vertex -28.7 -41.75 20
      vertex -21.95 -41.75 23.1177
      vertex -30.85 -41.75 23.1177
    endloop
  endfacet
  facet normal 0 -1 0
    outer loop
      vertex -28.7 -41.75 20
      vertex -24.1 -41.75 20
      vertex -21.95 -41.75 23.1177
    endloop
  endfacet
  facet normal 0 -1 0
    outer loop
      vertex -30.85 -41.75 16.8823
      vertex -24.1 -41.75 20
      vertex -28.7 -41.75 20
    endloop
  endfacet
  facet normal 0 -1 -0
    outer loop
      vertex -24.1 -41.75 20
      vertex -30.85 -41.75 16.8823
      vertex -21.95 -41.75 16.8823
    endloop
  endfacet
  facet normal 0 -1 0
    outer loop
      vertex -41.9 -41.75 20
      vertex -35.15 -41.75 23.1177
      vertex -44.05 -41.75 23.1177
    endloop
  endfacet
  facet normal 0 -1 0
    outer loop
      vertex -41.9 -41.75 20
      vertex -37.3 -41.75 20
      vertex -35.15 -41.75 23.1177
    endloop
  endfacet
  facet normal 0 -1 0
    outer loop
      vertex -44.05 -41.75 16.8823
      vertex -37.3 -41.75 20
      vertex -41.9 -41.75 20
    endloop
  endfacet
  facet normal 0 -1 -0
    outer loop
      vertex -37.3 -41.75 20
      vertex -44.05 -41.75 16.8823
      vertex -35.15 -41.75 16.8823
    endloop
  endfacet
  facet normal 0 -1 0
    outer loop
      vertex 30.7 -41.75 33.6
      vertex 37.45 -41.75 36.7177
      vertex 28.55 -41.75 36.7177
    endloop
  endfacet
  facet normal 0 -1 0
    outer loop
      vertex 30.7 -41.75 33.6
      vertex 35.3 -41.75 33.6
      vertex 37.45 -41.75 36.7177
    endloop
  endfacet
  facet normal 0 -1 0
    outer loop
      vertex 28.55 -41.75 30.4823
      vertex 35.3 -41.75 33.6
      vertex 30.7 -41.75 33.6
    endloop
  endfacet
  facet normal 0 -1 -0
    outer loop
      vertex 35.3 -41.75 33.6
      vertex 28.55 -41.75 30.4823
      vertex 37.45 -41.75 30.4823
    endloop
  endfacet
  facet normal 0 -1 0
    outer loop
      vertex 17.5 -41.75 33.6
      vertex 24.25 -41.75 36.7177
      vertex 15.35 -41.75 36.7177
    endloop
  endfacet
  facet normal 0 -1 0
    outer loop
      vertex 17.5 -41.75 33.6
      vertex 22.1 -41.75 33.6
      vertex 24.25 -41.75 36.7177
    endloop
  endfacet
  facet normal 0 -1 0
    outer loop
      vertex 15.35 -41.75 30.4823
      vertex 22.1 -41.75 33.6
      vertex 17.5 -41.75 33.6
    endloop
  endfacet
  facet normal 0 -1 -0
    outer loop
      vertex 22.1 -41.75 33.6
      vertex 15.35 -41.75 30.4823
      vertex 24.25 -41.75 30.4823
    endloop
  endfacet
  facet normal 0 -1 0
    outer loop
      vertex 4.3 -41.75 33.6
      vertex 11.05 -41.75 36.7177
      vertex 2.15 -41.75 36.7177
    endloop
  endfacet
  facet normal 0 -1 0
    outer loop
      vertex 4.3 -41.75 33.6
      vertex 8.9 -41.75 33.6
      vertex 11.05 -41.75 36.7177
    endloop
  endfacet
  facet normal 0 -1 0
    outer loop
      vertex 2.15 -41.75 30.4823
      vertex 8.9 -41.75 33.6
      vertex 4.3 -41.75 33.6
    endloop
  endfacet
  facet normal 0 -1 -0
    outer loop
      vertex 8.9 -41.75 33.6
      vertex 2.15 -41.75 30.4823
      vertex 11.05 -41.75 30.4823
    endloop
  endfacet
  facet normal 0 -1 0
    outer loop
      vertex -8.9 -41.75 33.6
      vertex -2.15 -41.75 36.7177
      vertex -11.05 -41.75 36.7177
    endloop
  endfacet
  facet normal 0 -1 0
    outer loop
      vertex -8.9 -41.75 33.6
      vertex -4.3 -41.75 33.6
      vertex -2.15 -41.75 36.7177
    endloop
  endfacet
  facet normal 0 -1 0
    outer loop
      vertex -11.05 -41.75 30.4823
      vertex -4.3 -41.75 33.6
      vertex -8.9 -41.75 33.6
    endloop
  endfacet
  facet normal 0 -1 -0
    outer loop
      vertex -4.3 -41.75 33.6
      vertex -11.05 -41.75 30.4823
      vertex -2.15 -41.75 30.4823
    endloop
  endfacet
  facet normal 0 -1 0
    outer loop
      vertex -22.1 -41.75 33.6
      vertex -15.35 -41.75 36.7177
      vertex -24.25 -41.75 36.7177
    endloop
  endfacet
  facet normal 0 -1 0
    outer loop
      vertex -22.1 -41.75 33.6
      vertex -17.5 -41.75 33.6
      vertex -15.35 -41.75 36.7177
    endloop
  endfacet
  facet normal 0 -1 0
    outer loop
      vertex -24.25 -41.75 30.4823
      vertex -17.5 -41.75 33.6
      vertex -22.1 -41.75 33.6
    endloop
  endfacet
  facet normal 0 -1 -0
    outer loop
      vertex -17.5 -41.75 33.6
      vertex -24.25 -41.75 30.4823
      vertex -15.35 -41.75 30.4823
    endloop
  endfacet
  facet normal 0 -1 0
    outer loop
      vertex -35.3 -41.75 33.6
      vertex -28.55 -41.75 36.7177
      vertex -37.45 -41.75 36.7177
    endloop
  endfacet
  facet normal 0 -1 0
    outer loop
      vertex -35.3 -41.75 33.6
      vertex -30.7 -41.75 33.6
      vertex -28.55 -41.75 36.7177
    endloop
  endfacet
  facet normal 0 -1 0
    outer loop
      vertex -37.45 -41.75 30.4823
      vertex -30.7 -41.75 33.6
      vertex -35.3 -41.75 33.6
    endloop
  endfacet
  facet normal 0 -1 -0
    outer loop
      vertex -30.7 -41.75 33.6
      vertex -37.45 -41.75 30.4823
      vertex -28.55 -41.75 30.4823
    endloop
  endfacet
  facet normal 0 -1 0
    outer loop
      vertex 37.3 -41.75 47.2
      vertex 44.05 -41.75 50.3177
      vertex 35.15 -41.75 50.3177
    endloop
  endfacet
  facet normal 0 -1 0
    outer loop
      vertex 37.3 -41.75 47.2
      vertex 41.9 -41.75 47.2
      vertex 44.05 -41.75 50.3177
    endloop
  endfacet
  facet normal 0 -1 0
    outer loop
      vertex 35.15 -41.75 44.0823
      vertex 41.9 -41.75 47.2
      vertex 37.3 -41.75 47.2
    endloop
  endfacet
  facet normal 0 -1 -0
    outer loop
      vertex 41.9 -41.75 47.2
      vertex 35.15 -41.75 44.0823
      vertex 44.05 -41.75 44.0823
    endloop
  endfacet
  facet normal 0 -1 0
    outer loop
      vertex 24.1 -41.75 47.2
      vertex 30.85 -41.75 50.3177
      vertex 21.95 -41.75 50.3177
    endloop
  endfacet
  facet normal 0 -1 0
    outer loop
      vertex 24.1 -41.75 47.2
      vertex 28.7 -41.75 47.2
      vertex 30.85 -41.75 50.3177
    endloop
  endfacet
  facet normal 0 -1 0
    outer loop
      vertex 21.95 -41.75 44.0823
      vertex 28.7 -41.75 47.2
      vertex 24.1 -41.75 47.2
    endloop
  endfacet
  facet normal 0 -1 -0
    outer loop
      vertex 28.7 -41.75 47.2
      vertex 21.95 -41.75 44.0823
      vertex 30.85 -41.75 44.0823
    endloop
  endfacet
  facet normal 0 -1 0
    outer loop
      vertex 10.9 -41.75 47.2
      vertex 17.65 -41.75 50.3177
      vertex 8.75 -41.75 50.3177
    endloop
  endfacet
  facet normal 0 -1 0
    outer loop
      vertex 10.9 -41.75 47.2
      vertex 15.5 -41.75 47.2
      vertex 17.65 -41.75 50.3177
    endloop
  endfacet
  facet normal 0 -1 0
    outer loop
      vertex 8.75 -41.75 44.0823
      vertex 15.5 -41.75 47.2
      vertex 10.9 -41.75 47.2
    endloop
  endfacet
  facet normal 0 -1 -0
    outer loop
      vertex 15.5 -41.75 47.2
      vertex 8.75 -41.75 44.0823
      vertex 17.65 -41.75 44.0823
    endloop
  endfacet
  facet normal 0 -1 0
    outer loop
      vertex -2.3 -41.75 47.2
      vertex 4.45 -41.75 50.3177
      vertex -4.45 -41.75 50.3177
    endloop
  endfacet
  facet normal 0 -1 0
    outer loop
      vertex -2.3 -41.75 47.2
      vertex 2.3 -41.75 47.2
      vertex 4.45 -41.75 50.3177
    endloop
  endfacet
  facet normal 0 -1 0
    outer loop
      vertex -4.45 -41.75 44.0823
      vertex 2.3 -41.75 47.2
      vertex -2.3 -41.75 47.2
    endloop
  endfacet
  facet normal 0 -1 -0
    outer loop
      vertex 2.3 -41.75 47.2
      vertex -4.45 -41.75 44.0823
      vertex 4.45 -41.75 44.0823
    endloop
  endfacet
  facet normal 0 -1 0
    outer loop
      vertex -15.5 -41.75 47.2
      vertex -8.75 -41.75 50.3177
      vertex -17.65 -41.75 50.3177
    endloop
  endfacet
  facet normal 0 -1 0
    outer loop
      vertex -15.5 -41.75 47.2
      vertex -10.9 -41.75 47.2
      vertex -8.75 -41.75 50.3177
    endloop
  endfacet
  facet normal 0 -1 0
    outer loop
      vertex -17.65 -41.75 44.0823
      vertex -10.9 -41.75 47.2
      vertex -15.5 -41.75 47.2
    endloop
  endfacet
  facet normal 0 -1 -0
    outer loop
      vertex -10.9 -41.75 47.2
      vertex -17.65 -41.75 44.0823
      vertex -8.75 -41.75 44.0823
    endloop
  endfacet
  facet normal 0 -1 0
    outer loop
      vertex -28.7 -41.75 47.2
      vertex -21.95 -41.75 50.3177
      vertex -30.85 -41.75 50.3177
    endloop
  endfacet
  facet normal 0 -1 0
    outer loop
      vertex -28.7 -41.75 47.2
      vertex -24.1 -41.75 47.2
      vertex -21.95 -41.75 50.3177
    endloop
  endfacet
  facet normal 0 -1 0
    outer loop
      vertex -30.85 -41.75 44.0823
      vertex -24.1 -41.75 47.2
      vertex -28.7 -41.75 47.2
    endloop
  endfacet
  facet normal 0 -1 -0
    outer loop
      vertex -24.1 -41.75 47.2
      vertex -30.85 -41.75 44.0823
      vertex -21.95 -41.75 44.0823
    endloop
  endfacet
  facet normal 0 -1 0
    outer loop
      vertex -41.9 -41.75 47.2
      vertex -35.15 -41.75 50.3177
      vertex -44.05 -41.75 50.3177
    endloop
  endfacet
  facet normal 0 -1 0
    outer loop
      vertex -41.9 -41.75 47.2
      vertex -37.3 -41.75 47.2
      vertex -35.15 -41.75 50.3177
    endloop
  endfacet
  facet normal 0 -1 0
    outer loop
      vertex -44.05 -41.75 44.0823
      vertex -37.3 -41.75 47.2
      vertex -41.9 -41.75 47.2
    endloop
  endfacet
  facet normal 0 -1 -0
    outer loop
      vertex -37.3 -41.75 47.2
      vertex -44.05 -41.75 44.0823
      vertex -35.15 -41.75 44.0823
    endloop
  endfacet
  facet normal 0 -1 0
    outer loop
      vertex -44.05 -41.75 50.3177
      vertex -55.75 -41.75 62
      vertex -48.35 -41.75 50.3177
    endloop
  endfacet
  facet normal 0 -1 0
    outer loop
      vertex -55.75 -41.75 62
      vertex -50.5 -41.75 47.2
      vertex -48.35 -41.75 50.3177
    endloop
  endfacet
  facet normal 0 -1 0
    outer loop
      vertex -41.75 -41.75 36.7177
      vertex -44.05 -41.75 44.0823
      vertex -48.35 -41.75 44.0823
    endloop
  endfacet
  facet normal 0 -1 0
    outer loop
      vertex -44.05 -41.75 44.0823
      vertex -41.75 -41.75 36.7177
      vertex -35.15 -41.75 44.0823
    endloop
  endfacet
  facet normal 0 -1 -0
    outer loop
      vertex -35.15 -41.75 44.0823
      vertex -37.45 -41.75 36.7177
      vertex -30.85 -41.75 44.0823
    endloop
  endfacet
  facet normal 0 -1 0
    outer loop
      vertex -28.55 -41.75 36.7177
      vertex -30.85 -41.75 44.0823
      vertex -37.45 -41.75 36.7177
    endloop
  endfacet
  facet normal 0 -1 0
    outer loop
      vertex -24.25 -41.75 36.7177
      vertex -21.95 -41.75 44.0823
      vertex -28.55 -41.75 36.7177
    endloop
  endfacet
  facet normal 0 -1 -0
    outer loop
      vertex -21.95 -41.75 44.0823
      vertex -24.25 -41.75 36.7177
      vertex -17.65 -41.75 44.0823
    endloop
  endfacet
  facet normal 0 -1 0
    outer loop
      vertex -17.65 -41.75 44.0823
      vertex -15.35 -41.75 36.7177
      vertex -8.75 -41.75 44.0823
    endloop
  endfacet
  facet normal 0 -1 0
    outer loop
      vertex -11.05 -41.75 36.7177
      vertex -8.75 -41.75 44.0823
      vertex -15.35 -41.75 36.7177
    endloop
  endfacet
  facet normal 0 -1 0
    outer loop
      vertex -2.15 -41.75 36.7177
      vertex -4.45 -41.75 44.0823
      vertex -11.05 -41.75 36.7177
    endloop
  endfacet
  facet normal 0 -1 0
    outer loop
      vertex -4.45 -41.75 44.0823
      vertex -2.15 -41.75 36.7177
      vertex 4.45 -41.75 44.0823
    endloop
  endfacet
  facet normal 0 -1 -0
    outer loop
      vertex 4.45 -41.75 44.0823
      vertex 2.15 -41.75 36.7177
      vertex 8.75 -41.75 44.0823
    endloop
  endfacet
  facet normal 0 -1 0
    outer loop
      vertex 11.05 -41.75 36.7177
      vertex 8.75 -41.75 44.0823
      vertex 2.15 -41.75 36.7177
    endloop
  endfacet
  facet normal 0 -1 0
    outer loop
      vertex 15.35 -41.75 36.7177
      vertex 17.65 -41.75 44.0823
      vertex 11.05 -41.75 36.7177
    endloop
  endfacet
  facet normal 0 -1 -0
    outer loop
      vertex 17.65 -41.75 44.0823
      vertex 15.35 -41.75 36.7177
      vertex 21.95 -41.75 44.0823
    endloop
  endfacet
  facet normal 0 -1 0
    outer loop
      vertex -35.15 -41.75 44.0823
      vertex -41.75 -41.75 36.7177
      vertex -37.45 -41.75 36.7177
    endloop
  endfacet
  facet normal 0 -1 0
    outer loop
      vertex -48.35 -41.75 44.0823
      vertex -43.9 -41.75 33.6
      vertex -41.75 -41.75 36.7177
    endloop
  endfacet
  facet normal 0 -1 0
    outer loop
      vertex -48.35 -41.75 23.1177
      vertex -48.35 -41.75 44.0823
      vertex -50.5 -41.75 47.2
    endloop
  endfacet
  facet normal 0 -1 0
    outer loop
      vertex -35.15 -41.75 23.1177
      vertex -37.45 -41.75 30.4823
      vertex -41.75 -41.75 30.4823
    endloop
  endfacet
  facet normal 0 -1 0
    outer loop
      vertex -37.45 -41.75 30.4823
      vertex -35.15 -41.75 23.1177
      vertex -28.55 -41.75 30.4823
    endloop
  endfacet
  facet normal 0 -1 -0
    outer loop
      vertex -28.55 -41.75 30.4823
      vertex -30.85 -41.75 23.1177
      vertex -24.25 -41.75 30.4823
    endloop
  endfacet
  facet normal 0 -1 0
    outer loop
      vertex -21.95 -41.75 23.1177
      vertex -24.25 -41.75 30.4823
      vertex -30.85 -41.75 23.1177
    endloop
  endfacet
  facet normal 0 -1 0
    outer loop
      vertex -17.65 -41.75 23.1177
      vertex -15.35 -41.75 30.4823
      vertex -21.95 -41.75 23.1177
    endloop
  endfacet
  facet normal 0 -1 -0
    outer loop
      vertex -15.35 -41.75 30.4823
      vertex -17.65 -41.75 23.1177
      vertex -11.05 -41.75 30.4823
    endloop
  endfacet
  facet normal 0 -1 0
    outer loop
      vertex -11.05 -41.75 30.4823
      vertex -8.75 -41.75 23.1177
      vertex -2.15 -41.75 30.4823
    endloop
  endfacet
  facet normal 0 -1 0
    outer loop
      vertex -4.45 -41.75 23.1177
      vertex -2.15 -41.75 30.4823
      vertex -8.75 -41.75 23.1177
    endloop
  endfacet
  facet normal 0 -1 0
    outer loop
      vertex 4.45 -41.75 23.1177
      vertex 2.15 -41.75 30.4823
      vertex -4.45 -41.75 23.1177
    endloop
  endfacet
  facet normal 0 -1 0
    outer loop
      vertex 2.15 -41.75 30.4823
      vertex 4.45 -41.75 23.1177
      vertex 11.05 -41.75 30.4823
    endloop
  endfacet
  facet normal 0 -1 -0
    outer loop
      vertex 11.05 -41.75 30.4823
      vertex 8.75 -41.75 23.1177
      vertex 15.35 -41.75 30.4823
    endloop
  endfacet
  facet normal 0 -1 0
    outer loop
      vertex 17.65 -41.75 23.1177
      vertex 15.35 -41.75 30.4823
      vertex 8.75 -41.75 23.1177
    endloop
  endfacet
  facet normal 0 -1 0
    outer loop
      vertex -44.05 -41.75 23.1177
      vertex -41.75 -41.75 30.4823
      vertex -48.35 -41.75 23.1177
    endloop
  endfacet
  facet normal 0 -1 -0
    outer loop
      vertex -43.9 -41.75 33.6
      vertex -48.35 -41.75 23.1177
      vertex -41.75 -41.75 30.4823
    endloop
  endfacet
  facet normal 0 -1 0
    outer loop
      vertex -48.35 -41.75 44.0823
      vertex -48.35 -41.75 23.1177
      vertex -43.9 -41.75 33.6
    endloop
  endfacet
  facet normal 0 -1 0
    outer loop
      vertex -50.5 -41.75 20
      vertex -50.5 -41.75 47.2
      vertex -55.75 -41.75 62
    endloop
  endfacet
  facet normal 0 -1 0
    outer loop
      vertex -50.5 -41.75 47.2
      vertex -50.5 -41.75 20
      vertex -48.35 -41.75 23.1177
    endloop
  endfacet
  facet normal 0 -1 0
    outer loop
      vertex -55.75 -41.75 0
      vertex -44.05 -41.75 16.8823
      vertex -48.35 -41.75 16.8823
    endloop
  endfacet
  facet normal 0 -1 -0
    outer loop
      vertex -44.05 -41.75 16.8823
      vertex -55.75 -41.75 0
      vertex -35.15 -41.75 16.8823
    endloop
  endfacet
  facet normal 0 -1 -0
    outer loop
      vertex -35.15 -41.75 16.8823
      vertex -55.75 -41.75 0
      vertex -30.85 -41.75 16.8823
    endloop
  endfacet
  facet normal 0 -1 -0
    outer loop
      vertex -30.85 -41.75 16.8823
      vertex -55.75 -41.75 0
      vertex -21.95 -41.75 16.8823
    endloop
  endfacet
  facet normal 0 -1 -0
    outer loop
      vertex -21.95 -41.75 16.8823
      vertex -55.75 -41.75 0
      vertex -17.65 -41.75 16.8823
    endloop
  endfacet
  facet normal 0 -1 -0
    outer loop
      vertex -17.65 -41.75 16.8823
      vertex -55.75 -41.75 0
      vertex -8.75 -41.75 16.8823
    endloop
  endfacet
  facet normal 0 -1 -0
    outer loop
      vertex -8.75 -41.75 16.8823
      vertex -55.75 -41.75 0
      vertex -4.45 -41.75 16.8823
    endloop
  endfacet
  facet normal 0 -1 -0
    outer loop
      vertex -4.45 -41.75 16.8823
      vertex -55.75 -41.75 0
      vertex 4.45 -41.75 16.8823
    endloop
  endfacet
  facet normal 0 -1 0
    outer loop
      vertex 55.75 -41.75 0
      vertex 4.45 -41.75 16.8823
      vertex -55.75 -41.75 0
    endloop
  endfacet
  facet normal 0 -1 0
    outer loop
      vertex 4.45 -41.75 16.8823
      vertex 55.75 -41.75 0
      vertex 8.75 -41.75 16.8823
    endloop
  endfacet
  facet normal 0 -1 0
    outer loop
      vertex 8.75 -41.75 16.8823
      vertex 55.75 -41.75 0
      vertex 17.65 -41.75 16.8823
    endloop
  endfacet
  facet normal 0 -1 0
    outer loop
      vertex 17.65 -41.75 16.8823
      vertex 55.75 -41.75 0
      vertex 21.95 -41.75 16.8823
    endloop
  endfacet
  facet normal 0 -1 0
    outer loop
      vertex 21.95 -41.75 16.8823
      vertex 55.75 -41.75 0
      vertex 30.85 -41.75 16.8823
    endloop
  endfacet
  facet normal 0 -1 0
    outer loop
      vertex 30.85 -41.75 16.8823
      vertex 55.75 -41.75 0
      vertex 35.15 -41.75 16.8823
    endloop
  endfacet
  facet normal 0 -1 0
    outer loop
      vertex 35.15 -41.75 16.8823
      vertex 55.75 -41.75 0
      vertex 44.05 -41.75 16.8823
    endloop
  endfacet
  facet normal 0 -1 -0
    outer loop
      vertex -50.5 -41.75 20
      vertex -55.75 -41.75 0
      vertex -48.35 -41.75 16.8823
    endloop
  endfacet
  facet normal 0 -1 0
    outer loop
      vertex -55.75 -41.75 0
      vertex -50.5 -41.75 20
      vertex -55.75 -41.75 62
    endloop
  endfacet
  facet normal 0 -1 0
    outer loop
      vertex -35.15 -41.75 50.3177
      vertex -55.75 -41.75 62
      vertex -44.05 -41.75 50.3177
    endloop
  endfacet
  facet normal 0 -1 0
    outer loop
      vertex -30.85 -41.75 50.3177
      vertex -55.75 -41.75 62
      vertex -35.15 -41.75 50.3177
    endloop
  endfacet
  facet normal 0 -1 0
    outer loop
      vertex -21.95 -41.75 50.3177
      vertex -55.75 -41.75 62
      vertex -30.85 -41.75 50.3177
    endloop
  endfacet
  facet normal 0 -1 0
    outer loop
      vertex -17.65 -41.75 50.3177
      vertex -55.75 -41.75 62
      vertex -21.95 -41.75 50.3177
    endloop
  endfacet
  facet normal 0 -1 0
    outer loop
      vertex -8.75 -41.75 50.3177
      vertex -55.75 -41.75 62
      vertex -17.65 -41.75 50.3177
    endloop
  endfacet
  facet normal 0 -1 0
    outer loop
      vertex -4.45 -41.75 50.3177
      vertex -55.75 -41.75 62
      vertex -8.75 -41.75 50.3177
    endloop
  endfacet
  facet normal 0 -1 0
    outer loop
      vertex -55.75 -41.75 62
      vertex -4.45 -41.75 50.3177
      vertex 55.75 -41.75 62
    endloop
  endfacet
  facet normal 0 -1 0
    outer loop
      vertex 4.45 -41.75 50.3177
      vertex 55.75 -41.75 62
      vertex -4.45 -41.75 50.3177
    endloop
  endfacet
  facet normal 0 -1 0
    outer loop
      vertex 8.75 -41.75 50.3177
      vertex 55.75 -41.75 62
      vertex 4.45 -41.75 50.3177
    endloop
  endfacet
  facet normal 0 -1 0
    outer loop
      vertex 17.65 -41.75 50.3177
      vertex 55.75 -41.75 62
      vertex 8.75 -41.75 50.3177
    endloop
  endfacet
  facet normal 0 -1 0
    outer loop
      vertex 21.95 -41.75 50.3177
      vertex 55.75 -41.75 62
      vertex 17.65 -41.75 50.3177
    endloop
  endfacet
  facet normal 0 -1 0
    outer loop
      vertex 30.85 -41.75 50.3177
      vertex 55.75 -41.75 62
      vertex 21.95 -41.75 50.3177
    endloop
  endfacet
  facet normal 0 -1 0
    outer loop
      vertex 35.15 -41.75 50.3177
      vertex 55.75 -41.75 62
      vertex 30.85 -41.75 50.3177
    endloop
  endfacet
  facet normal 0 -1 0
    outer loop
      vertex 44.05 -41.75 50.3177
      vertex 55.75 -41.75 62
      vertex 35.15 -41.75 50.3177
    endloop
  endfacet
  facet normal 0 -1 0
    outer loop
      vertex 48.35 -41.75 50.3177
      vertex 55.75 -41.75 62
      vertex 44.05 -41.75 50.3177
    endloop
  endfacet
  facet normal 0 -1 0
    outer loop
      vertex 50.5 -41.75 47.2
      vertex 55.75 -41.75 62
      vertex 48.35 -41.75 50.3177
    endloop
  endfacet
  facet normal 0 -1 0
    outer loop
      vertex -30.85 -41.75 44.0823
      vertex -28.55 -41.75 36.7177
      vertex -21.95 -41.75 44.0823
    endloop
  endfacet
  facet normal 0 -1 0
    outer loop
      vertex -15.35 -41.75 36.7177
      vertex -17.65 -41.75 44.0823
      vertex -24.25 -41.75 36.7177
    endloop
  endfacet
  facet normal 0 -1 -0
    outer loop
      vertex -8.75 -41.75 44.0823
      vertex -11.05 -41.75 36.7177
      vertex -4.45 -41.75 44.0823
    endloop
  endfacet
  facet normal 0 -1 0
    outer loop
      vertex 2.15 -41.75 36.7177
      vertex 4.45 -41.75 44.0823
      vertex -2.15 -41.75 36.7177
    endloop
  endfacet
  facet normal 0 -1 0
    outer loop
      vertex 8.75 -41.75 44.0823
      vertex 11.05 -41.75 36.7177
      vertex 17.65 -41.75 44.0823
    endloop
  endfacet
  facet normal 0 -1 0
    outer loop
      vertex 24.25 -41.75 36.7177
      vertex 21.95 -41.75 44.0823
      vertex 15.35 -41.75 36.7177
    endloop
  endfacet
  facet normal 0 -1 0
    outer loop
      vertex 21.95 -41.75 44.0823
      vertex 24.25 -41.75 36.7177
      vertex 30.85 -41.75 44.0823
    endloop
  endfacet
  facet normal 0 -1 0
    outer loop
      vertex 28.55 -41.75 36.7177
      vertex 30.85 -41.75 44.0823
      vertex 24.25 -41.75 36.7177
    endloop
  endfacet
  facet normal 0 -1 -0
    outer loop
      vertex 30.85 -41.75 44.0823
      vertex 28.55 -41.75 36.7177
      vertex 35.15 -41.75 44.0823
    endloop
  endfacet
  facet normal 0 -1 0
    outer loop
      vertex 37.45 -41.75 36.7177
      vertex 35.15 -41.75 44.0823
      vertex 28.55 -41.75 36.7177
    endloop
  endfacet
  facet normal 0 -1 0
    outer loop
      vertex 35.15 -41.75 44.0823
      vertex 37.45 -41.75 36.7177
      vertex 44.05 -41.75 44.0823
    endloop
  endfacet
  facet normal 0 -1 0
    outer loop
      vertex 41.75 -41.75 36.7177
      vertex 44.05 -41.75 44.0823
      vertex 37.45 -41.75 36.7177
    endloop
  endfacet
  facet normal 0 -1 -0
    outer loop
      vertex 44.05 -41.75 44.0823
      vertex 41.75 -41.75 36.7177
      vertex 48.35 -41.75 44.0823
    endloop
  endfacet
  facet normal 0 -1 0
    outer loop
      vertex 43.9 -41.75 33.6
      vertex 48.35 -41.75 44.0823
      vertex 41.75 -41.75 36.7177
    endloop
  endfacet
  facet normal 0 -1 0
    outer loop
      vertex 48.35 -41.75 23.1177
      vertex 48.35 -41.75 44.0823
      vertex 43.9 -41.75 33.6
    endloop
  endfacet
  facet normal 0 -1 0
    outer loop
      vertex -35.15 -41.75 23.1177
      vertex -41.75 -41.75 30.4823
      vertex -44.05 -41.75 23.1177
    endloop
  endfacet
  facet normal 0 -1 0
    outer loop
      vertex -28.55 -41.75 30.4823
      vertex -35.15 -41.75 23.1177
      vertex -30.85 -41.75 23.1177
    endloop
  endfacet
  facet normal 0 -1 0
    outer loop
      vertex -24.25 -41.75 30.4823
      vertex -21.95 -41.75 23.1177
      vertex -15.35 -41.75 30.4823
    endloop
  endfacet
  facet normal 0 -1 0
    outer loop
      vertex -8.75 -41.75 23.1177
      vertex -11.05 -41.75 30.4823
      vertex -17.65 -41.75 23.1177
    endloop
  endfacet
  facet normal 0 -1 -0
    outer loop
      vertex -2.15 -41.75 30.4823
      vertex -4.45 -41.75 23.1177
      vertex 2.15 -41.75 30.4823
    endloop
  endfacet
  facet normal 0 -1 0
    outer loop
      vertex 8.75 -41.75 23.1177
      vertex 11.05 -41.75 30.4823
      vertex 4.45 -41.75 23.1177
    endloop
  endfacet
  facet normal 0 -1 0
    outer loop
      vertex 15.35 -41.75 30.4823
      vertex 17.65 -41.75 23.1177
      vertex 24.25 -41.75 30.4823
    endloop
  endfacet
  facet normal 0 -1 0
    outer loop
      vertex 21.95 -41.75 23.1177
      vertex 24.25 -41.75 30.4823
      vertex 17.65 -41.75 23.1177
    endloop
  endfacet
  facet normal 0 -1 -0
    outer loop
      vertex 24.25 -41.75 30.4823
      vertex 21.95 -41.75 23.1177
      vertex 28.55 -41.75 30.4823
    endloop
  endfacet
  facet normal 0 -1 0
    outer loop
      vertex 30.85 -41.75 23.1177
      vertex 28.55 -41.75 30.4823
      vertex 21.95 -41.75 23.1177
    endloop
  endfacet
  facet normal 0 -1 0
    outer loop
      vertex 28.55 -41.75 30.4823
      vertex 30.85 -41.75 23.1177
      vertex 37.45 -41.75 30.4823
    endloop
  endfacet
  facet normal 0 -1 0
    outer loop
      vertex 35.15 -41.75 23.1177
      vertex 37.45 -41.75 30.4823
      vertex 30.85 -41.75 23.1177
    endloop
  endfacet
  facet normal 0 -1 -0
    outer loop
      vertex 37.45 -41.75 30.4823
      vertex 35.15 -41.75 23.1177
      vertex 41.75 -41.75 30.4823
    endloop
  endfacet
  facet normal 0 -1 0
    outer loop
      vertex 44.05 -41.75 23.1177
      vertex 41.75 -41.75 30.4823
      vertex 35.15 -41.75 23.1177
    endloop
  endfacet
  facet normal 0 -1 0
    outer loop
      vertex 48.35 -41.75 23.1177
      vertex 41.75 -41.75 30.4823
      vertex 44.05 -41.75 23.1177
    endloop
  endfacet
  facet normal 0 -1 0
    outer loop
      vertex 41.75 -41.75 30.4823
      vertex 48.35 -41.75 23.1177
      vertex 43.9 -41.75 33.6
    endloop
  endfacet
  facet normal 0 -1 0
    outer loop
      vertex 48.35 -41.75 44.0823
      vertex 48.35 -41.75 23.1177
      vertex 50.5 -41.75 47.2
    endloop
  endfacet
  facet normal 0 -1 0
    outer loop
      vertex 50.5 -41.75 20
      vertex 50.5 -41.75 47.2
      vertex 48.35 -41.75 23.1177
    endloop
  endfacet
  facet normal 0 -1 0
    outer loop
      vertex 50.5 -41.75 47.2
      vertex 50.5 -41.75 20
      vertex 55.75 -41.75 62
    endloop
  endfacet
  facet normal 0 -1 0
    outer loop
      vertex 50.5 -41.75 20
      vertex 55.75 -41.75 0
      vertex 55.75 -41.75 62
    endloop
  endfacet
  facet normal 0 -1 0
    outer loop
      vertex 48.35 -41.75 16.8823
      vertex 55.75 -41.75 0
      vertex 50.5 -41.75 20
    endloop
  endfacet
  facet normal 0 -1 0
    outer loop
      vertex 44.05 -41.75 16.8823
      vertex 55.75 -41.75 0
      vertex 48.35 -41.75 16.8823
    endloop
  endfacet
  facet normal 0.999464 0.0327478 0
    outer loop
      vertex 62.75 34.75 62
      vertex 62.735 35.2078 0
      vertex 62.735 35.2078 62
    endloop
  endfacet
  facet normal 0.999464 0.0327478 0
    outer loop
      vertex 62.735 35.2078 0
      vertex 62.75 34.75 62
      vertex 62.75 34.75 0
    endloop
  endfacet
  facet normal -0.910889 -0.412651 0
    outer loop
      vertex -62.0281 -37.846 0
      vertex -62.2171 -37.4288 62
      vertex -62.2171 -37.4288 0
    endloop
  endfacet
  facet normal -0.910889 -0.412651 0
    outer loop
      vertex -62.2171 -37.4288 62
      vertex -62.0281 -37.846 0
      vertex -62.0281 -37.846 62
    endloop
  endfacet
  facet normal 0.986646 0.162876 0
    outer loop
      vertex 62.6901 35.6637 62
      vertex 62.6155 36.1156 0
      vertex 62.6155 36.1156 62
    endloop
  endfacet
  facet normal 0.986646 0.162876 0
    outer loop
      vertex 62.6155 36.1156 0
      vertex 62.6901 35.6637 62
      vertex 62.6901 35.6637 0
    endloop
  endfacet
  facet normal 0.683701 0.729762 -0
    outer loop
      vertex 60.6997 39.6997 0
      vertex 60.3654 40.0129 62
      vertex 60.6997 39.6997 62
    endloop
  endfacet
  facet normal 0.683701 0.729762 0
    outer loop
      vertex 60.3654 40.0129 62
      vertex 60.6997 39.6997 0
      vertex 60.3654 40.0129 0
    endloop
  endfacet
  facet normal -0.935871 0.352343 0
    outer loop
      vertex -62.3785 37.0001 0
      vertex -62.2171 37.4288 62
      vertex -62.2171 37.4288 0
    endloop
  endfacet
  facet normal -0.935871 0.352343 0
    outer loop
      vertex -62.2171 37.4288 62
      vertex -62.3785 37.0001 0
      vertex -62.3785 37.0001 62
    endloop
  endfacet
  facet normal 0.773013 -0.63439 0
    outer loop
      vertex 61.0129 -39.3654 62
      vertex 61.3035 -39.0113 0
      vertex 61.3035 -39.0113 62
    endloop
  endfacet
  facet normal 0.773013 -0.63439 0
    outer loop
      vertex 61.3035 -39.0113 0
      vertex 61.0129 -39.3654 62
      vertex 61.0129 -39.3654 0
    endloop
  endfacet
  facet normal -0.162876 0.986646 0
    outer loop
      vertex -56.6637 41.6901 0
      vertex -57.1156 41.6155 62
      vertex -56.6637 41.6901 62
    endloop
  endfacet
  facet normal -0.162876 0.986646 0
    outer loop
      vertex -57.1156 41.6155 62
      vertex -56.6637 41.6901 0
      vertex -57.1156 41.6155 0
    endloop
  endfacet
  facet normal 0.956933 0.29031 0
    outer loop
      vertex 62.5115 36.5617 62
      vertex 62.3785 37.0001 0
      vertex 62.3785 37.0001 62
    endloop
  endfacet
  facet normal 0.956933 0.29031 0
    outer loop
      vertex 62.3785 37.0001 0
      vertex 62.5115 36.5617 62
      vertex 62.5115 36.5617 0
    endloop
  endfacet
  facet normal -0.352343 0.935871 0
    outer loop
      vertex -58.0001 41.3785 0
      vertex -58.4288 41.2171 62
      vertex -58.0001 41.3785 62
    endloop
  endfacet
  facet normal -0.352343 0.935871 0
    outer loop
      vertex -58.4288 41.2171 62
      vertex -58.0001 41.3785 0
      vertex -58.4288 41.2171 0
    endloop
  endfacet
  facet normal 0.88196 -0.471325 0
    outer loop
      vertex 61.8122 -38.25 62
      vertex 62.0281 -37.846 0
      vertex 62.0281 -37.846 62
    endloop
  endfacet
  facet normal 0.88196 -0.471325 0
    outer loop
      vertex 62.0281 -37.846 0
      vertex 61.8122 -38.25 62
      vertex 61.8122 -38.25 0
    endloop
  endfacet
  facet normal 1 0 0
    outer loop
      vertex 62.75 -28.55 23.1177
      vertex 62.75 -21.95 30.4823
      vertex 62.75 -24.1 33.6
    endloop
  endfacet
  facet normal 1 0 0
    outer loop
      vertex 62.75 -21.95 30.4823
      vertex 62.75 -24.25 23.1177
      vertex 62.75 -22.1 20
    endloop
  endfacet
  facet normal 1 0 0
    outer loop
      vertex 62.75 -21.95 36.7177
      vertex 62.75 -28.55 44.0823
      vertex 62.75 -24.1 33.6
    endloop
  endfacet
  facet normal 1 0 0
    outer loop
      vertex 62.75 -28.55 23.1177
      vertex 62.75 -24.1 33.6
      vertex 62.75 -28.55 44.0823
    endloop
  endfacet
  facet normal 1 0 0
    outer loop
      vertex 62.75 -21.95 30.4823
      vertex 62.75 -28.55 23.1177
      vertex 62.75 -24.25 23.1177
    endloop
  endfacet
  facet normal 1 0 0
    outer loop
      vertex 62.75 -30.7 47.2
      vertex 62.75 -28.55 23.1177
      vertex 62.75 -28.55 44.0823
    endloop
  endfacet
  facet normal 1 0 0
    outer loop
      vertex 62.75 -28.55 23.1177
      vertex 62.75 -30.7 47.2
      vertex 62.75 -30.7 20
    endloop
  endfacet
  facet normal 1 0 0
    outer loop
      vertex 62.75 -15.35 44.0823
      vertex 62.75 -24.25 44.0823
      vertex 62.75 -21.95 36.7177
    endloop
  endfacet
  facet normal 1 -0 0
    outer loop
      vertex 62.75 -28.55 44.0823
      vertex 62.75 -21.95 36.7177
      vertex 62.75 -24.25 44.0823
    endloop
  endfacet
  facet normal 1 0 0
    outer loop
      vertex 62.75 -8.75 30.4823
      vertex 62.75 -17.65 30.4823
      vertex 62.75 -15.35 23.1177
    endloop
  endfacet
  facet normal 1 -0 0
    outer loop
      vertex 62.75 -21.95 30.4823
      vertex 62.75 -15.35 23.1177
      vertex 62.75 -17.65 30.4823
    endloop
  endfacet
  facet normal 1 -0 0
    outer loop
      vertex 62.75 -15.5 33.6
      vertex 62.75 -8.75 30.4823
      vertex 62.75 -10.9 33.6
    endloop
  endfacet
  facet normal 1 0 0
    outer loop
      vertex 62.75 -8.75 30.4823
      vertex 62.75 -11.05 23.1177
      vertex 62.75 -8.9 20
    endloop
  endfacet
  facet normal 1 0 0
    outer loop
      vertex 62.75 -8.75 36.7177
      vertex 62.75 -17.65 36.7177
      vertex 62.75 -10.9 33.6
    endloop
  endfacet
  facet normal 1 0 0
    outer loop
      vertex 62.75 -17.65 36.7177
      vertex 62.75 -11.05 44.0823
      vertex 62.75 -15.35 44.0823
    endloop
  endfacet
  facet normal 1 0 0
    outer loop
      vertex 62.75 -17.65 30.4823
      vertex 62.75 -8.75 30.4823
      vertex 62.75 -15.5 33.6
    endloop
  endfacet
  facet normal 1 0 0
    outer loop
      vertex 62.75 -8.75 30.4823
      vertex 62.75 -15.35 23.1177
      vertex 62.75 -11.05 23.1177
    endloop
  endfacet
  facet normal 1 -0 0
    outer loop
      vertex 62.75 -22.1 47.2
      vertex 62.75 -15.35 44.0823
      vertex 62.75 -17.5 47.2
    endloop
  endfacet
  facet normal 1 0 0
    outer loop
      vertex 62.75 -10.9 33.6
      vertex 62.75 -17.65 36.7177
      vertex 62.75 -15.5 33.6
    endloop
  endfacet
  facet normal 1 0 0
    outer loop
      vertex 62.75 -2.15 44.0823
      vertex 62.75 -11.05 44.0823
      vertex 62.75 -8.75 36.7177
    endloop
  endfacet
  facet normal 1 0 0
    outer loop
      vertex 62.75 -17.65 36.7177
      vertex 62.75 -8.75 36.7177
      vertex 62.75 -11.05 44.0823
    endloop
  endfacet
  facet normal 1 0 0
    outer loop
      vertex 62.75 4.45 30.4823
      vertex 62.75 -4.45 30.4823
      vertex 62.75 -2.15 23.1177
    endloop
  endfacet
  facet normal 1 -0 0
    outer loop
      vertex 62.75 -8.75 30.4823
      vertex 62.75 -2.15 23.1177
      vertex 62.75 -4.45 30.4823
    endloop
  endfacet
  facet normal 1 -0 0
    outer loop
      vertex 62.75 -2.3 33.6
      vertex 62.75 4.45 30.4823
      vertex 62.75 2.3 33.6
    endloop
  endfacet
  facet normal 1 0 0
    outer loop
      vertex 62.75 4.45 30.4823
      vertex 62.75 2.15 23.1177
      vertex 62.75 4.3 20
    endloop
  endfacet
  facet normal 1 0 0
    outer loop
      vertex 62.75 4.45 36.7177
      vertex 62.75 -4.45 36.7177
      vertex 62.75 2.3 33.6
    endloop
  endfacet
  facet normal 1 0 0
    outer loop
      vertex 62.75 -4.45 36.7177
      vertex 62.75 2.15 44.0823
      vertex 62.75 -2.15 44.0823
    endloop
  endfacet
  facet normal 1 0 0
    outer loop
      vertex 62.75 -4.45 30.4823
      vertex 62.75 4.45 30.4823
      vertex 62.75 -2.3 33.6
    endloop
  endfacet
  facet normal 1 0 0
    outer loop
      vertex 62.75 4.45 30.4823
      vertex 62.75 -2.15 23.1177
      vertex 62.75 2.15 23.1177
    endloop
  endfacet
  facet normal 1 -0 0
    outer loop
      vertex 62.75 -8.9 47.2
      vertex 62.75 -2.15 44.0823
      vertex 62.75 -4.3 47.2
    endloop
  endfacet
  facet normal 1 0 0
    outer loop
      vertex 62.75 2.3 33.6
      vertex 62.75 -4.45 36.7177
      vertex 62.75 -2.3 33.6
    endloop
  endfacet
  facet normal 1 0 0
    outer loop
      vertex 62.75 11.05 44.0823
      vertex 62.75 2.15 44.0823
      vertex 62.75 4.45 36.7177
    endloop
  endfacet
  facet normal 1 0 0
    outer loop
      vertex 62.75 -4.45 36.7177
      vertex 62.75 4.45 36.7177
      vertex 62.75 2.15 44.0823
    endloop
  endfacet
  facet normal 1 0 0
    outer loop
      vertex 62.75 17.65 30.4823
      vertex 62.75 8.75 30.4823
      vertex 62.75 11.05 23.1177
    endloop
  endfacet
  facet normal 1 -0 0
    outer loop
      vertex 62.75 4.45 30.4823
      vertex 62.75 11.05 23.1177
      vertex 62.75 8.75 30.4823
    endloop
  endfacet
  facet normal 1 -0 0
    outer loop
      vertex 62.75 10.9 33.6
      vertex 62.75 17.65 30.4823
      vertex 62.75 15.5 33.6
    endloop
  endfacet
  facet normal 1 0 0
    outer loop
      vertex 62.75 17.65 30.4823
      vertex 62.75 15.35 23.1177
      vertex 62.75 17.5 20
    endloop
  endfacet
  facet normal 1 0 0
    outer loop
      vertex 62.75 17.65 36.7177
      vertex 62.75 8.75 36.7177
      vertex 62.75 15.5 33.6
    endloop
  endfacet
  facet normal 1 0 0
    outer loop
      vertex 62.75 8.75 36.7177
      vertex 62.75 15.35 44.0823
      vertex 62.75 11.05 44.0823
    endloop
  endfacet
  facet normal 1 0 0
    outer loop
      vertex 62.75 8.75 30.4823
      vertex 62.75 17.65 30.4823
      vertex 62.75 10.9 33.6
    endloop
  endfacet
  facet normal 1 0 0
    outer loop
      vertex 62.75 17.65 30.4823
      vertex 62.75 11.05 23.1177
      vertex 62.75 15.35 23.1177
    endloop
  endfacet
  facet normal 1 -0 0
    outer loop
      vertex 62.75 4.3 47.2
      vertex 62.75 11.05 44.0823
      vertex 62.75 8.9 47.2
    endloop
  endfacet
  facet normal 1 0 0
    outer loop
      vertex 62.75 15.5 33.6
      vertex 62.75 8.75 36.7177
      vertex 62.75 10.9 33.6
    endloop
  endfacet
  facet normal 1 0 0
    outer loop
      vertex 62.75 24.25 44.0823
      vertex 62.75 15.35 44.0823
      vertex 62.75 17.65 36.7177
    endloop
  endfacet
  facet normal 1 0 0
    outer loop
      vertex 62.75 8.75 36.7177
      vertex 62.75 17.65 36.7177
      vertex 62.75 15.35 44.0823
    endloop
  endfacet
  facet normal 1 -0 0
    outer loop
      vertex 62.75 28.55 44.0823
      vertex 62.75 30.7 20
      vertex 62.75 30.7 47.2
    endloop
  endfacet
  facet normal 1 0 0
    outer loop
      vertex 62.75 28.55 44.0823
      vertex 62.75 28.55 23.1177
      vertex 62.75 30.7 20
    endloop
  endfacet
  facet normal 1 0 0
    outer loop
      vertex 62.75 21.95 36.7177
      vertex 62.75 28.55 44.0823
      vertex 62.75 24.25 44.0823
    endloop
  endfacet
  facet normal 1 0 0
    outer loop
      vertex 62.75 28.55 44.0823
      vertex 62.75 24.1 33.6
      vertex 62.75 28.55 23.1177
    endloop
  endfacet
  facet normal 1 -0 0
    outer loop
      vertex 62.75 21.95 30.4823
      vertex 62.75 28.55 23.1177
      vertex 62.75 24.1 33.6
    endloop
  endfacet
  facet normal 1 -0 0
    outer loop
      vertex 62.75 17.5 47.2
      vertex 62.75 24.25 44.0823
      vertex 62.75 22.1 47.2
    endloop
  endfacet
  facet normal 1 0 0
    outer loop
      vertex 62.75 28.55 44.0823
      vertex 62.75 21.95 36.7177
      vertex 62.75 24.1 33.6
    endloop
  endfacet
  facet normal 1 0 0
    outer loop
      vertex 62.75 30.7 20
      vertex 62.75 34.75 62
      vertex 62.75 30.7 47.2
    endloop
  endfacet
  facet normal 1 0 0
    outer loop
      vertex 62.75 34.75 62
      vertex 62.75 28.55 50.3177
      vertex 62.75 30.7 47.2
    endloop
  endfacet
  facet normal 1 0 0
    outer loop
      vertex 62.75 34.75 62
      vertex 62.75 24.25 50.3177
      vertex 62.75 28.55 50.3177
    endloop
  endfacet
  facet normal 1 0 0
    outer loop
      vertex 62.75 24.25 44.0823
      vertex 62.75 17.65 36.7177
      vertex 62.75 21.95 36.7177
    endloop
  endfacet
  facet normal 1 0 0
    outer loop
      vertex 62.75 15.35 44.0823
      vertex 62.75 24.25 44.0823
      vertex 62.75 17.5 47.2
    endloop
  endfacet
  facet normal 1 0 0
    outer loop
      vertex 62.75 24.25 50.3177
      vertex 62.75 17.5 47.2
      vertex 62.75 22.1 47.2
    endloop
  endfacet
  facet normal 1 0 0
    outer loop
      vertex 62.75 15.35 50.3177
      vertex 62.75 24.25 50.3177
      vertex 62.75 34.75 62
    endloop
  endfacet
  facet normal 1 0 0
    outer loop
      vertex 62.75 24.25 50.3177
      vertex 62.75 15.35 50.3177
      vertex 62.75 17.5 47.2
    endloop
  endfacet
  facet normal 1 0 0
    outer loop
      vertex 62.75 34.75 62
      vertex 62.75 11.05 50.3177
      vertex 62.75 15.35 50.3177
    endloop
  endfacet
  facet normal 1 0 0
    outer loop
      vertex 62.75 11.05 44.0823
      vertex 62.75 4.45 36.7177
      vertex 62.75 8.75 36.7177
    endloop
  endfacet
  facet normal 1 0 0
    outer loop
      vertex 62.75 2.15 44.0823
      vertex 62.75 11.05 44.0823
      vertex 62.75 4.3 47.2
    endloop
  endfacet
  facet normal 1 0 0
    outer loop
      vertex 62.75 11.05 50.3177
      vertex 62.75 4.3 47.2
      vertex 62.75 8.9 47.2
    endloop
  endfacet
  facet normal 1 0 0
    outer loop
      vertex 62.75 2.15 50.3177
      vertex 62.75 11.05 50.3177
      vertex 62.75 34.75 62
    endloop
  endfacet
  facet normal 1 0 0
    outer loop
      vertex 62.75 11.05 50.3177
      vertex 62.75 2.15 50.3177
      vertex 62.75 4.3 47.2
    endloop
  endfacet
  facet normal 1 0 0
    outer loop
      vertex 62.75 34.75 62
      vertex 62.75 -2.15 50.3177
      vertex 62.75 2.15 50.3177
    endloop
  endfacet
  facet normal 1 0 0
    outer loop
      vertex 62.75 -2.15 44.0823
      vertex 62.75 -8.75 36.7177
      vertex 62.75 -4.45 36.7177
    endloop
  endfacet
  facet normal 1 0 0
    outer loop
      vertex 62.75 -11.05 44.0823
      vertex 62.75 -2.15 44.0823
      vertex 62.75 -8.9 47.2
    endloop
  endfacet
  facet normal 1 0 0
    outer loop
      vertex 62.75 -2.15 50.3177
      vertex 62.75 -8.9 47.2
      vertex 62.75 -4.3 47.2
    endloop
  endfacet
  facet normal 1 0 0
    outer loop
      vertex 62.75 -2.15 50.3177
      vertex 62.75 -11.05 50.3177
      vertex 62.75 -8.9 47.2
    endloop
  endfacet
  facet normal 1 -0 0
    outer loop
      vertex 62.75 -34.75 62
      vertex 62.75 -2.15 50.3177
      vertex 62.75 34.75 62
    endloop
  endfacet
  facet normal 1 0 0
    outer loop
      vertex 62.75 -2.15 50.3177
      vertex 62.75 -34.75 62
      vertex 62.75 -11.05 50.3177
    endloop
  endfacet
  facet normal 1 0 0
    outer loop
      vertex 62.75 -15.35 44.0823
      vertex 62.75 -21.95 36.7177
      vertex 62.75 -17.65 36.7177
    endloop
  endfacet
  facet normal 1 0 0
    outer loop
      vertex 62.75 -24.25 44.0823
      vertex 62.75 -15.35 44.0823
      vertex 62.75 -22.1 47.2
    endloop
  endfacet
  facet normal 1 0 0
    outer loop
      vertex 62.75 -15.35 50.3177
      vertex 62.75 -22.1 47.2
      vertex 62.75 -17.5 47.2
    endloop
  endfacet
  facet normal 1 0 0
    outer loop
      vertex 62.75 -15.35 50.3177
      vertex 62.75 -24.25 50.3177
      vertex 62.75 -22.1 47.2
    endloop
  endfacet
  facet normal 1 0 0
    outer loop
      vertex 62.75 -11.05 50.3177
      vertex 62.75 -34.75 62
      vertex 62.75 -15.35 50.3177
    endloop
  endfacet
  facet normal 1 0 0
    outer loop
      vertex 62.75 -15.35 50.3177
      vertex 62.75 -34.75 62
      vertex 62.75 -24.25 50.3177
    endloop
  endfacet
  facet normal 1 0 0
    outer loop
      vertex 62.75 -30.7 47.2
      vertex 62.75 -34.75 62
      vertex 62.75 -30.7 20
    endloop
  endfacet
  facet normal 1 0 0
    outer loop
      vertex 62.75 -28.55 50.3177
      vertex 62.75 -34.75 62
      vertex 62.75 -30.7 47.2
    endloop
  endfacet
  facet normal 1 0 0
    outer loop
      vertex 62.75 -24.25 50.3177
      vertex 62.75 -34.75 62
      vertex 62.75 -28.55 50.3177
    endloop
  endfacet
  facet normal 1 0 0
    outer loop
      vertex 62.75 34.75 62
      vertex 62.75 30.7 20
      vertex 62.75 34.75 0
    endloop
  endfacet
  facet normal 1 -0 0
    outer loop
      vertex 62.75 28.55 16.8823
      vertex 62.75 34.75 0
      vertex 62.75 30.7 20
    endloop
  endfacet
  facet normal 1 -0 0
    outer loop
      vertex 62.75 24.25 16.8823
      vertex 62.75 34.75 0
      vertex 62.75 28.55 16.8823
    endloop
  endfacet
  facet normal 1 0 0
    outer loop
      vertex 62.75 15.35 16.8823
      vertex 62.75 24.25 16.8823
      vertex 62.75 22.1 20
    endloop
  endfacet
  facet normal 1 0 0
    outer loop
      vertex 62.75 17.5 20
      vertex 62.75 24.25 23.1177
      vertex 62.75 17.65 30.4823
    endloop
  endfacet
  facet normal 1 0 0
    outer loop
      vertex 62.75 24.25 23.1177
      vertex 62.75 17.5 20
      vertex 62.75 22.1 20
    endloop
  endfacet
  facet normal 1 0 0
    outer loop
      vertex 62.75 15.35 16.8823
      vertex 62.75 22.1 20
      vertex 62.75 17.5 20
    endloop
  endfacet
  facet normal 1 0 0
    outer loop
      vertex 62.75 24.25 16.8823
      vertex 62.75 15.35 16.8823
      vertex 62.75 34.75 0
    endloop
  endfacet
  facet normal 1 -0 0
    outer loop
      vertex 62.75 11.05 16.8823
      vertex 62.75 34.75 0
      vertex 62.75 15.35 16.8823
    endloop
  endfacet
  facet normal 1 0 0
    outer loop
      vertex 62.75 4.3 20
      vertex 62.75 11.05 23.1177
      vertex 62.75 4.45 30.4823
    endloop
  endfacet
  facet normal 1 0 0
    outer loop
      vertex 62.75 11.05 23.1177
      vertex 62.75 4.3 20
      vertex 62.75 8.9 20
    endloop
  endfacet
  facet normal 1 -0 0
    outer loop
      vertex 62.75 4.3 20
      vertex 62.75 11.05 16.8823
      vertex 62.75 8.9 20
    endloop
  endfacet
  facet normal 1 0 0
    outer loop
      vertex 62.75 2.15 16.8823
      vertex 62.75 11.05 16.8823
      vertex 62.75 4.3 20
    endloop
  endfacet
  facet normal 1 0 0
    outer loop
      vertex 62.75 11.05 16.8823
      vertex 62.75 2.15 16.8823
      vertex 62.75 34.75 0
    endloop
  endfacet
  facet normal 1 -0 0
    outer loop
      vertex 62.75 -2.15 16.8823
      vertex 62.75 34.75 0
      vertex 62.75 2.15 16.8823
    endloop
  endfacet
  facet normal 1 0 0
    outer loop
      vertex 62.75 -8.9 20
      vertex 62.75 -2.15 23.1177
      vertex 62.75 -8.75 30.4823
    endloop
  endfacet
  facet normal 1 0 0
    outer loop
      vertex 62.75 -2.15 23.1177
      vertex 62.75 -8.9 20
      vertex 62.75 -4.3 20
    endloop
  endfacet
  facet normal 1 -0 0
    outer loop
      vertex 62.75 -8.9 20
      vertex 62.75 -2.15 16.8823
      vertex 62.75 -4.3 20
    endloop
  endfacet
  facet normal 1 0 0
    outer loop
      vertex 62.75 -11.05 16.8823
      vertex 62.75 -2.15 16.8823
      vertex 62.75 -8.9 20
    endloop
  endfacet
  facet normal 1 0 0
    outer loop
      vertex 62.75 -34.75 0
      vertex 62.75 -2.15 16.8823
      vertex 62.75 -11.05 16.8823
    endloop
  endfacet
  facet normal 1 0 0
    outer loop
      vertex 62.75 -34.75 0
      vertex 62.75 -11.05 16.8823
      vertex 62.75 -15.35 16.8823
    endloop
  endfacet
  facet normal 1 0 0
    outer loop
      vertex 62.75 -22.1 20
      vertex 62.75 -15.35 23.1177
      vertex 62.75 -21.95 30.4823
    endloop
  endfacet
  facet normal 1 0 0
    outer loop
      vertex 62.75 -15.35 23.1177
      vertex 62.75 -22.1 20
      vertex 62.75 -17.5 20
    endloop
  endfacet
  facet normal 1 -0 0
    outer loop
      vertex 62.75 -22.1 20
      vertex 62.75 -15.35 16.8823
      vertex 62.75 -17.5 20
    endloop
  endfacet
  facet normal 1 0 0
    outer loop
      vertex 62.75 -24.25 16.8823
      vertex 62.75 -15.35 16.8823
      vertex 62.75 -22.1 20
    endloop
  endfacet
  facet normal 1 0 0
    outer loop
      vertex 62.75 -34.75 0
      vertex 62.75 -15.35 16.8823
      vertex 62.75 -24.25 16.8823
    endloop
  endfacet
  facet normal 1 0 0
    outer loop
      vertex 62.75 -34.75 0
      vertex 62.75 -24.25 16.8823
      vertex 62.75 -28.55 16.8823
    endloop
  endfacet
  facet normal 1 0 0
    outer loop
      vertex 62.75 -2.15 16.8823
      vertex 62.75 -34.75 0
      vertex 62.75 34.75 0
    endloop
  endfacet
  facet normal 1 0 0
    outer loop
      vertex 62.75 -30.7 20
      vertex 62.75 -34.75 0
      vertex 62.75 -28.55 16.8823
    endloop
  endfacet
  facet normal 1 0 0
    outer loop
      vertex 62.75 -34.75 0
      vertex 62.75 -30.7 20
      vertex 62.75 -34.75 62
    endloop
  endfacet
  facet normal 1 0 0
    outer loop
      vertex 62.75 28.55 23.1177
      vertex 62.75 21.95 30.4823
      vertex 62.75 24.25 23.1177
    endloop
  endfacet
  facet normal 1 -0 0
    outer loop
      vertex 62.75 17.65 30.4823
      vertex 62.75 24.25 23.1177
      vertex 62.75 21.95 30.4823
    endloop
  endfacet
  facet normal -0.352343 -0.935871 0
    outer loop
      vertex -58.4288 -41.2171 0
      vertex -58.0001 -41.3785 62
      vertex -58.4288 -41.2171 62
    endloop
  endfacet
  facet normal -0.352343 -0.935871 -0
    outer loop
      vertex -58.0001 -41.3785 62
      vertex -58.4288 -41.2171 0
      vertex -58.0001 -41.3785 0
    endloop
  endfacet
  facet normal 0.471325 -0.88196 0
    outer loop
      vertex 58.846 -41.0281 0
      vertex 59.25 -40.8122 62
      vertex 58.846 -41.0281 62
    endloop
  endfacet
  facet normal 0.471325 -0.88196 0
    outer loop
      vertex 59.25 -40.8122 62
      vertex 58.846 -41.0281 0
      vertex 59.25 -40.8122 0
    endloop
  endfacet
  facet normal -0.471325 -0.88196 0
    outer loop
      vertex -59.25 -40.8122 0
      vertex -58.846 -41.0281 62
      vertex -59.25 -40.8122 62
    endloop
  endfacet
  facet normal -0.471325 -0.88196 -0
    outer loop
      vertex -58.846 -41.0281 62
      vertex -59.25 -40.8122 0
      vertex -58.846 -41.0281 0
    endloop
  endfacet
  facet normal 0.162876 0.986646 -0
    outer loop
      vertex 57.1156 41.6155 0
      vertex 56.6637 41.6901 62
      vertex 57.1156 41.6155 62
    endloop
  endfacet
  facet normal 0.162876 0.986646 0
    outer loop
      vertex 56.6637 41.6901 62
      vertex 57.1156 41.6155 0
      vertex 56.6637 41.6901 0
    endloop
  endfacet
  facet normal -0.63439 -0.773013 0
    outer loop
      vertex -60.3654 -40.0129 0
      vertex -60.0113 -40.3035 62
      vertex -60.3654 -40.0129 62
    endloop
  endfacet
  facet normal -0.63439 -0.773013 -0
    outer loop
      vertex -60.0113 -40.3035 62
      vertex -60.3654 -40.0129 0
      vertex -60.0113 -40.3035 0
    endloop
  endfacet
  facet normal -0.528075 0.849198 0
    outer loop
      vertex -59.25 40.8122 0
      vertex -59.639 40.5703 62
      vertex -59.25 40.8122 62
    endloop
  endfacet
  facet normal -0.528075 0.849198 0
    outer loop
      vertex -59.639 40.5703 62
      vertex -59.25 40.8122 0
      vertex -59.639 40.5703 0
    endloop
  endfacet
  facet normal -0.812833 0.582497 0
    outer loop
      vertex -61.5703 38.639 0
      vertex -61.3035 39.0113 62
      vertex -61.3035 39.0113 0
    endloop
  endfacet
  facet normal -0.812833 0.582497 0
    outer loop
      vertex -61.3035 39.0113 62
      vertex -61.5703 38.639 0
      vertex -61.5703 38.639 62
    endloop
  endfacet
  facet normal -0.956933 0.29031 0
    outer loop
      vertex -62.5115 36.5617 0
      vertex -62.3785 37.0001 62
      vertex -62.3785 37.0001 0
    endloop
  endfacet
  facet normal -0.956933 0.29031 0
    outer loop
      vertex -62.3785 37.0001 62
      vertex -62.5115 36.5617 0
      vertex -62.5115 36.5617 62
    endloop
  endfacet
  facet normal 0.986646 -0.162876 0
    outer loop
      vertex 62.6155 -36.1156 62
      vertex 62.6901 -35.6637 0
      vertex 62.6901 -35.6637 62
    endloop
  endfacet
  facet normal 0.986646 -0.162876 0
    outer loop
      vertex 62.6901 -35.6637 0
      vertex 62.6155 -36.1156 62
      vertex 62.6155 -36.1156 0
    endloop
  endfacet
  facet normal 0.352343 0.935871 -0
    outer loop
      vertex 58.4288 41.2171 0
      vertex 58.0001 41.3785 62
      vertex 58.4288 41.2171 62
    endloop
  endfacet
  facet normal 0.352343 0.935871 0
    outer loop
      vertex 58.0001 41.3785 62
      vertex 58.4288 41.2171 0
      vertex 58.0001 41.3785 0
    endloop
  endfacet
  facet normal 0.63439 -0.773013 0
    outer loop
      vertex 60.0113 -40.3035 0
      vertex 60.3654 -40.0129 62
      vertex 60.0113 -40.3035 62
    endloop
  endfacet
  facet normal 0.63439 -0.773013 0
    outer loop
      vertex 60.3654 -40.0129 62
      vertex 60.0113 -40.3035 0
      vertex 60.3654 -40.0129 0
    endloop
  endfacet
  facet normal -0.471325 0.88196 0
    outer loop
      vertex -58.846 41.0281 0
      vertex -59.25 40.8122 62
      vertex -58.846 41.0281 62
    endloop
  endfacet
  facet normal -0.471325 0.88196 0
    outer loop
      vertex -59.25 40.8122 62
      vertex -58.846 41.0281 0
      vertex -59.25 40.8122 0
    endloop
  endfacet
  facet normal 0.471325 0.88196 -0
    outer loop
      vertex 59.25 40.8122 0
      vertex 58.846 41.0281 62
      vertex 59.25 40.8122 62
    endloop
  endfacet
  facet normal 0.471325 0.88196 0
    outer loop
      vertex 58.846 41.0281 62
      vertex 59.25 40.8122 0
      vertex 58.846 41.0281 0
    endloop
  endfacet
  facet normal 0.227043 0.973885 -0
    outer loop
      vertex 57.5617 41.5115 0
      vertex 57.1156 41.6155 62
      vertex 57.5617 41.5115 62
    endloop
  endfacet
  facet normal 0.227043 0.973885 0
    outer loop
      vertex 57.1156 41.6155 62
      vertex 57.5617 41.5115 0
      vertex 57.1156 41.6155 0
    endloop
  endfacet
  facet normal 0.995185 -0.0980123 0
    outer loop
      vertex 62.6901 -35.6637 62
      vertex 62.735 -35.2078 0
      vertex 62.735 -35.2078 62
    endloop
  endfacet
  facet normal 0.995185 -0.0980123 0
    outer loop
      vertex 62.735 -35.2078 0
      vertex 62.6901 -35.6637 62
      vertex 62.6901 -35.6637 0
    endloop
  endfacet
  facet normal -0 0 1
    outer loop
      vertex 61.15 34.95 62
      vertex 62.75 34.75 62
      vertex 62.735 35.2078 62
    endloop
  endfacet
  facet normal 0 0 1
    outer loop
      vertex 62.75 34.75 62
      vertex 61.15 34.95 62
      vertex 62.75 -34.75 62
    endloop
  endfacet
  facet normal -0 0 1
    outer loop
      vertex 61.1389 35.2901 62
      vertex 62.735 35.2078 62
      vertex 62.6901 35.6637 62
    endloop
  endfacet
  facet normal 0 0 1
    outer loop
      vertex 61.15 -34.95 62
      vertex 62.75 -34.75 62
      vertex 61.15 34.95 62
    endloop
  endfacet
  facet normal 0 0 1
    outer loop
      vertex 61.1055 35.6287 62
      vertex 62.6901 35.6637 62
      vertex 62.6155 36.1156 62
    endloop
  endfacet
  facet normal 0 0 1
    outer loop
      vertex 62.75 -34.75 62
      vertex 61.15 -34.95 62
      vertex 62.735 -35.2078 62
    endloop
  endfacet
  facet normal 0 0 1
    outer loop
      vertex 61.0501 35.9645 62
      vertex 62.6155 36.1156 62
      vertex 62.5115 36.5617 62
    endloop
  endfacet
  facet normal 0 0 1
    outer loop
      vertex 61.1389 -35.2901 62
      vertex 62.735 -35.2078 62
      vertex 61.15 -34.95 62
    endloop
  endfacet
  facet normal 0 0 1
    outer loop
      vertex 60.9728 36.2959 62
      vertex 62.5115 36.5617 62
      vertex 62.3785 37.0001 62
    endloop
  endfacet
  facet normal 0 0 1
    outer loop
      vertex 62.735 -35.2078 62
      vertex 61.1389 -35.2901 62
      vertex 62.6901 -35.6637 62
    endloop
  endfacet
  facet normal 0 0 1
    outer loop
      vertex 60.874 36.6215 62
      vertex 62.3785 37.0001 62
      vertex 62.2171 37.4288 62
    endloop
  endfacet
  facet normal -0 0 1
    outer loop
      vertex 61.1055 -35.6287 62
      vertex 62.6901 -35.6637 62
      vertex 61.1389 -35.2901 62
    endloop
  endfacet
  facet normal 0 0 1
    outer loop
      vertex 60.7542 36.9399 62
      vertex 62.2171 37.4288 62
      vertex 62.0281 37.846 62
    endloop
  endfacet
  facet normal 0 0 1
    outer loop
      vertex 62.6901 -35.6637 62
      vertex 61.1055 -35.6287 62
      vertex 62.6155 -36.1156 62
    endloop
  endfacet
  facet normal 0 0 1
    outer loop
      vertex 60.6137 37.2499 62
      vertex 62.0281 37.846 62
      vertex 61.8122 38.25 62
    endloop
  endfacet
  facet normal -0 0 1
    outer loop
      vertex 61.0501 -35.9645 62
      vertex 62.6155 -36.1156 62
      vertex 61.1055 -35.6287 62
    endloop
  endfacet
  facet normal 0 0 1
    outer loop
      vertex 60.4533 37.55 62
      vertex 61.8122 38.25 62
      vertex 61.5703 38.639 62
    endloop
  endfacet
  facet normal 0 0 1
    outer loop
      vertex 62.6155 -36.1156 62
      vertex 61.0501 -35.9645 62
      vertex 62.5115 -36.5617 62
    endloop
  endfacet
  facet normal 0 0 1
    outer loop
      vertex 60.2736 37.839 62
      vertex 61.5703 38.639 62
      vertex 61.3035 39.0113 62
    endloop
  endfacet
  facet normal -0 0 1
    outer loop
      vertex 60.9728 -36.2959 62
      vertex 62.5115 -36.5617 62
      vertex 61.0501 -35.9645 62
    endloop
  endfacet
  facet normal 0 0 1
    outer loop
      vertex 62.5115 -36.5617 62
      vertex 60.9728 -36.2959 62
      vertex 62.3785 -37.0001 62
    endloop
  endfacet
  facet normal 0 0 1
    outer loop
      vertex 62.735 35.2078 62
      vertex 61.1389 35.2901 62
      vertex 61.15 34.95 62
    endloop
  endfacet
  facet normal 0 0 1
    outer loop
      vertex 62.6901 35.6637 62
      vertex 61.1055 35.6287 62
      vertex 61.1389 35.2901 62
    endloop
  endfacet
  facet normal 0 0 1
    outer loop
      vertex 62.6155 36.1156 62
      vertex 61.0501 35.9645 62
      vertex 61.1055 35.6287 62
    endloop
  endfacet
  facet normal 0 0 1
    outer loop
      vertex 60.0754 38.1156 62
      vertex 61.3035 39.0113 62
      vertex 61.0129 39.3654 62
    endloop
  endfacet
  facet normal 0 0 1
    outer loop
      vertex 62.5115 36.5617 62
      vertex 60.9728 36.2959 62
      vertex 61.0501 35.9645 62
    endloop
  endfacet
  facet normal 0 0 1
    outer loop
      vertex 62.3785 37.0001 62
      vertex 60.874 36.6215 62
      vertex 60.9728 36.2959 62
    endloop
  endfacet
  facet normal 0 0 1
    outer loop
      vertex 62.2171 37.4288 62
      vertex 60.7542 36.9399 62
      vertex 60.874 36.6215 62
    endloop
  endfacet
  facet normal 0 0 1
    outer loop
      vertex 59.8596 38.3786 62
      vertex 61.0129 39.3654 62
      vertex 60.6997 39.6997 62
    endloop
  endfacet
  facet normal 0 0 1
    outer loop
      vertex 62.0281 37.846 62
      vertex 60.6137 37.2499 62
      vertex 60.7542 36.9399 62
    endloop
  endfacet
  facet normal 0 0 1
    outer loop
      vertex 61.8122 38.25 62
      vertex 60.4533 37.55 62
      vertex 60.6137 37.2499 62
    endloop
  endfacet
  facet normal 0 0 1
    outer loop
      vertex 59.3786 38.8596 62
      vertex 60.6997 39.6997 62
      vertex 60.3654 40.0129 62
    endloop
  endfacet
  facet normal 0 0 1
    outer loop
      vertex 61.5703 38.639 62
      vertex 60.2736 37.839 62
      vertex 60.4533 37.55 62
    endloop
  endfacet
  facet normal 0 0 1
    outer loop
      vertex 61.3035 39.0113 62
      vertex 60.0754 38.1156 62
      vertex 60.2736 37.839 62
    endloop
  endfacet
  facet normal 0 0 1
    outer loop
      vertex 59.1156 39.0754 62
      vertex 60.3654 40.0129 62
      vertex 60.0113 40.3035 62
    endloop
  endfacet
  facet normal 0 0 1
    outer loop
      vertex 61.0129 39.3654 62
      vertex 59.8596 38.3786 62
      vertex 60.0754 38.1156 62
    endloop
  endfacet
  facet normal 0 0 1
    outer loop
      vertex 58.839 39.2736 62
      vertex 60.0113 40.3035 62
      vertex 59.639 40.5703 62
    endloop
  endfacet
  facet normal 0 0 1
    outer loop
      vertex 60.6997 39.6997 62
      vertex 59.627 38.627 62
      vertex 59.8596 38.3786 62
    endloop
  endfacet
  facet normal 0 0 1
    outer loop
      vertex 60.6997 39.6997 62
      vertex 59.3786 38.8596 62
      vertex 59.627 38.627 62
    endloop
  endfacet
  facet normal 0 0 1
    outer loop
      vertex 58.55 39.4533 62
      vertex 59.639 40.5703 62
      vertex 59.25 40.8122 62
    endloop
  endfacet
  facet normal 0 0 1
    outer loop
      vertex 60.3654 40.0129 62
      vertex 59.1156 39.0754 62
      vertex 59.3786 38.8596 62
    endloop
  endfacet
  facet normal 0 0 1
    outer loop
      vertex 58.2499 39.6137 62
      vertex 59.25 40.8122 62
      vertex 58.846 41.0281 62
    endloop
  endfacet
  facet normal 0 0 1
    outer loop
      vertex 60.0113 40.3035 62
      vertex 58.839 39.2736 62
      vertex 59.1156 39.0754 62
    endloop
  endfacet
  facet normal 0 0 1
    outer loop
      vertex 59.639 40.5703 62
      vertex 58.55 39.4533 62
      vertex 58.839 39.2736 62
    endloop
  endfacet
  facet normal 0 0 1
    outer loop
      vertex 57.9399 39.7542 62
      vertex 58.846 41.0281 62
      vertex 58.4288 41.2171 62
    endloop
  endfacet
  facet normal 0 0 1
    outer loop
      vertex 59.25 40.8122 62
      vertex 58.2499 39.6137 62
      vertex 58.55 39.4533 62
    endloop
  endfacet
  facet normal 0 0 1
    outer loop
      vertex 57.6215 39.874 62
      vertex 58.4288 41.2171 62
      vertex 58.0001 41.3785 62
    endloop
  endfacet
  facet normal 0 0 1
    outer loop
      vertex 58.846 41.0281 62
      vertex 57.9399 39.7542 62
      vertex 58.2499 39.6137 62
    endloop
  endfacet
  facet normal 0 0 1
    outer loop
      vertex 58.4288 41.2171 62
      vertex 57.6215 39.874 62
      vertex 57.9399 39.7542 62
    endloop
  endfacet
  facet normal 0 0 1
    outer loop
      vertex 57.2959 39.9728 62
      vertex 58.0001 41.3785 62
      vertex 57.5617 41.5115 62
    endloop
  endfacet
  facet normal 0 0 1
    outer loop
      vertex 58.0001 41.3785 62
      vertex 57.2959 39.9728 62
      vertex 57.6215 39.874 62
    endloop
  endfacet
  facet normal 0 0 1
    outer loop
      vertex 56.9645 40.0501 62
      vertex 57.5617 41.5115 62
      vertex 57.1156 41.6155 62
    endloop
  endfacet
  facet normal 0 0 1
    outer loop
      vertex 57.5617 41.5115 62
      vertex 56.9645 40.0501 62
      vertex 57.2959 39.9728 62
    endloop
  endfacet
  facet normal 0 0 1
    outer loop
      vertex 56.6287 40.1055 62
      vertex 57.1156 41.6155 62
      vertex 56.6637 41.6901 62
    endloop
  endfacet
  facet normal 0 0 1
    outer loop
      vertex 57.1156 41.6155 62
      vertex 56.6287 40.1055 62
      vertex 56.9645 40.0501 62
    endloop
  endfacet
  facet normal 0 0 1
    outer loop
      vertex 56.6637 41.6901 62
      vertex 56.2901 40.1389 62
      vertex 56.6287 40.1055 62
    endloop
  endfacet
  facet normal 0 0 1
    outer loop
      vertex 56.2078 41.735 62
      vertex 56.2901 40.1389 62
      vertex 56.6637 41.6901 62
    endloop
  endfacet
  facet normal 0 0 1
    outer loop
      vertex 56.2078 41.735 62
      vertex 55.95 40.15 62
      vertex 56.2901 40.1389 62
    endloop
  endfacet
  facet normal 0 0 1
    outer loop
      vertex 55.75 41.75 62
      vertex 55.95 40.15 62
      vertex 56.2078 41.735 62
    endloop
  endfacet
  facet normal -0 0 1
    outer loop
      vertex -55.75 41.75 62
      vertex 55.95 40.15 62
      vertex 55.75 41.75 62
    endloop
  endfacet
  facet normal 0 0 1
    outer loop
      vertex -55.75 41.75 62
      vertex -55.95 40.15 62
      vertex 55.95 40.15 62
    endloop
  endfacet
  facet normal -0 0 1
    outer loop
      vertex -56.2078 41.735 62
      vertex -55.95 40.15 62
      vertex -55.75 41.75 62
    endloop
  endfacet
  facet normal 0 0 1
    outer loop
      vertex -56.2078 41.735 62
      vertex -56.2901 40.1389 62
      vertex -55.95 40.15 62
    endloop
  endfacet
  facet normal -0 0 1
    outer loop
      vertex -56.6637 41.6901 62
      vertex -56.2901 40.1389 62
      vertex -56.2078 41.735 62
    endloop
  endfacet
  facet normal 0 0 1
    outer loop
      vertex -56.2901 40.1389 62
      vertex -56.6637 41.6901 62
      vertex -56.6287 40.1055 62
    endloop
  endfacet
  facet normal -0 0 1
    outer loop
      vertex -57.1156 41.6155 62
      vertex -56.6287 40.1055 62
      vertex -56.6637 41.6901 62
    endloop
  endfacet
  facet normal 0 0 1
    outer loop
      vertex -56.6287 40.1055 62
      vertex -57.1156 41.6155 62
      vertex -56.9645 40.0501 62
    endloop
  endfacet
  facet normal -0 0 1
    outer loop
      vertex -57.5617 41.5115 62
      vertex -56.9645 40.0501 62
      vertex -57.1156 41.6155 62
    endloop
  endfacet
  facet normal 0 0 1
    outer loop
      vertex -56.9645 40.0501 62
      vertex -57.5617 41.5115 62
      vertex -57.2959 39.9728 62
    endloop
  endfacet
  facet normal -0 0 1
    outer loop
      vertex -58.0001 41.3785 62
      vertex -57.2959 39.9728 62
      vertex -57.5617 41.5115 62
    endloop
  endfacet
  facet normal 0 0 1
    outer loop
      vertex -57.2959 39.9728 62
      vertex -58.0001 41.3785 62
      vertex -57.6215 39.874 62
    endloop
  endfacet
  facet normal -0 0 1
    outer loop
      vertex -58.4288 41.2171 62
      vertex -57.6215 39.874 62
      vertex -58.0001 41.3785 62
    endloop
  endfacet
  facet normal 0 0 1
    outer loop
      vertex -57.6215 39.874 62
      vertex -58.4288 41.2171 62
      vertex -57.9399 39.7542 62
    endloop
  endfacet
  facet normal -0 0 1
    outer loop
      vertex -58.846 41.0281 62
      vertex -57.9399 39.7542 62
      vertex -58.4288 41.2171 62
    endloop
  endfacet
  facet normal 0 0 1
    outer loop
      vertex -57.9399 39.7542 62
      vertex -58.846 41.0281 62
      vertex -58.2499 39.6137 62
    endloop
  endfacet
  facet normal -0 0 1
    outer loop
      vertex -59.25 40.8122 62
      vertex -58.2499 39.6137 62
      vertex -58.846 41.0281 62
    endloop
  endfacet
  facet normal 0 0 1
    outer loop
      vertex -58.2499 39.6137 62
      vertex -59.25 40.8122 62
      vertex -58.55 39.4533 62
    endloop
  endfacet
  facet normal -0 0 1
    outer loop
      vertex -59.639 40.5703 62
      vertex -58.55 39.4533 62
      vertex -59.25 40.8122 62
    endloop
  endfacet
  facet normal 0 0 1
    outer loop
      vertex -58.55 39.4533 62
      vertex -59.639 40.5703 62
      vertex -58.839 39.2736 62
    endloop
  endfacet
  facet normal -0 0 1
    outer loop
      vertex -60.0113 40.3035 62
      vertex -58.839 39.2736 62
      vertex -59.639 40.5703 62
    endloop
  endfacet
  facet normal 0 0 1
    outer loop
      vertex -58.839 39.2736 62
      vertex -60.0113 40.3035 62
      vertex -59.1156 39.0754 62
    endloop
  endfacet
  facet normal -0 0 1
    outer loop
      vertex -60.3654 40.0129 62
      vertex -59.1156 39.0754 62
      vertex -60.0113 40.3035 62
    endloop
  endfacet
  facet normal 0 0 1
    outer loop
      vertex -59.1156 39.0754 62
      vertex -60.3654 40.0129 62
      vertex -59.3786 38.8596 62
    endloop
  endfacet
  facet normal -0 0 1
    outer loop
      vertex -60.6997 39.6997 62
      vertex -59.3786 38.8596 62
      vertex -60.3654 40.0129 62
    endloop
  endfacet
  facet normal 0 0 1
    outer loop
      vertex -59.3786 38.8596 62
      vertex -60.6997 39.6997 62
      vertex -59.627 38.627 62
    endloop
  endfacet
  facet normal 0 0 1
    outer loop
      vertex -59.627 38.627 62
      vertex -60.6997 39.6997 62
      vertex -59.8596 38.3786 62
    endloop
  endfacet
  facet normal -0 0 1
    outer loop
      vertex -61.0129 39.3654 62
      vertex -59.8596 38.3786 62
      vertex -60.6997 39.6997 62
    endloop
  endfacet
  facet normal 0 0 1
    outer loop
      vertex -59.8596 38.3786 62
      vertex -61.0129 39.3654 62
      vertex -60.0754 38.1156 62
    endloop
  endfacet
  facet normal -0 0 1
    outer loop
      vertex -61.3035 39.0113 62
      vertex -60.0754 38.1156 62
      vertex -61.0129 39.3654 62
    endloop
  endfacet
  facet normal 0 0 1
    outer loop
      vertex -60.0754 38.1156 62
      vertex -61.3035 39.0113 62
      vertex -60.2736 37.839 62
    endloop
  endfacet
  facet normal -0 0 1
    outer loop
      vertex -61.5703 38.639 62
      vertex -60.2736 37.839 62
      vertex -61.3035 39.0113 62
    endloop
  endfacet
  facet normal 0 0 1
    outer loop
      vertex -60.2736 37.839 62
      vertex -61.5703 38.639 62
      vertex -60.4533 37.55 62
    endloop
  endfacet
  facet normal -0 0 1
    outer loop
      vertex -61.8122 38.25 62
      vertex -60.4533 37.55 62
      vertex -61.5703 38.639 62
    endloop
  endfacet
  facet normal 0 0 1
    outer loop
      vertex -60.4533 37.55 62
      vertex -61.8122 38.25 62
      vertex -60.6137 37.2499 62
    endloop
  endfacet
  facet normal -0 0 1
    outer loop
      vertex -62.0281 37.846 62
      vertex -60.6137 37.2499 62
      vertex -61.8122 38.25 62
    endloop
  endfacet
  facet normal 0 0 1
    outer loop
      vertex -60.6137 37.2499 62
      vertex -62.0281 37.846 62
      vertex -60.7542 36.9399 62
    endloop
  endfacet
  facet normal -0 0 1
    outer loop
      vertex -62.2171 37.4288 62
      vertex -60.7542 36.9399 62
      vertex -62.0281 37.846 62
    endloop
  endfacet
  facet normal 0 0 1
    outer loop
      vertex -60.7542 36.9399 62
      vertex -62.2171 37.4288 62
      vertex -60.874 36.6215 62
    endloop
  endfacet
  facet normal 0 0 1
    outer loop
      vertex -60.874 36.6215 62
      vertex -62.3785 37.0001 62
      vertex -60.9728 36.2959 62
    endloop
  endfacet
  facet normal -0 0 1
    outer loop
      vertex -62.3785 37.0001 62
      vertex -60.874 36.6215 62
      vertex -62.2171 37.4288 62
    endloop
  endfacet
  facet normal -0 0 1
    outer loop
      vertex 60.874 -36.6215 62
      vertex 62.3785 -37.0001 62
      vertex 60.9728 -36.2959 62
    endloop
  endfacet
  facet normal 0 0 1
    outer loop
      vertex 62.3785 -37.0001 62
      vertex 60.874 -36.6215 62
      vertex 62.2171 -37.4288 62
    endloop
  endfacet
  facet normal -0 0 1
    outer loop
      vertex 60.7542 -36.9399 62
      vertex 62.2171 -37.4288 62
      vertex 60.874 -36.6215 62
    endloop
  endfacet
  facet normal 0 0 1
    outer loop
      vertex 62.2171 -37.4288 62
      vertex 60.7542 -36.9399 62
      vertex 62.0281 -37.846 62
    endloop
  endfacet
  facet normal -0 0 1
    outer loop
      vertex 60.6137 -37.2499 62
      vertex 62.0281 -37.846 62
      vertex 60.7542 -36.9399 62
    endloop
  endfacet
  facet normal 0 0 1
    outer loop
      vertex 62.0281 -37.846 62
      vertex 60.6137 -37.2499 62
      vertex 61.8122 -38.25 62
    endloop
  endfacet
  facet normal -0 0 1
    outer loop
      vertex 60.4533 -37.55 62
      vertex 61.8122 -38.25 62
      vertex 60.6137 -37.2499 62
    endloop
  endfacet
  facet normal 0 0 1
    outer loop
      vertex 61.8122 -38.25 62
      vertex 60.4533 -37.55 62
      vertex 61.5703 -38.639 62
    endloop
  endfacet
  facet normal -0 0 1
    outer loop
      vertex 60.2736 -37.839 62
      vertex 61.5703 -38.639 62
      vertex 60.4533 -37.55 62
    endloop
  endfacet
  facet normal 0 0 1
    outer loop
      vertex 61.5703 -38.639 62
      vertex 60.2736 -37.839 62
      vertex 61.3035 -39.0113 62
    endloop
  endfacet
  facet normal -0 0 1
    outer loop
      vertex 60.0754 -38.1156 62
      vertex 61.3035 -39.0113 62
      vertex 60.2736 -37.839 62
    endloop
  endfacet
  facet normal 0 0 1
    outer loop
      vertex 61.3035 -39.0113 62
      vertex 60.0754 -38.1156 62
      vertex 61.0129 -39.3654 62
    endloop
  endfacet
  facet normal -0 0 1
    outer loop
      vertex 59.8596 -38.3786 62
      vertex 61.0129 -39.3654 62
      vertex 60.0754 -38.1156 62
    endloop
  endfacet
  facet normal 0 0 1
    outer loop
      vertex 61.0129 -39.3654 62
      vertex 59.8596 -38.3786 62
      vertex 60.6997 -39.6997 62
    endloop
  endfacet
  facet normal -0 0 1
    outer loop
      vertex 59.627 -38.627 62
      vertex 60.6997 -39.6997 62
      vertex 59.8596 -38.3786 62
    endloop
  endfacet
  facet normal -0 0 1
    outer loop
      vertex 59.3786 -38.8596 62
      vertex 60.6997 -39.6997 62
      vertex 59.627 -38.627 62
    endloop
  endfacet
  facet normal 0 0 1
    outer loop
      vertex 60.6997 -39.6997 62
      vertex 59.3786 -38.8596 62
      vertex 60.3654 -40.0129 62
    endloop
  endfacet
  facet normal -0 0 1
    outer loop
      vertex 59.1156 -39.0754 62
      vertex 60.3654 -40.0129 62
      vertex 59.3786 -38.8596 62
    endloop
  endfacet
  facet normal 0 0 1
    outer loop
      vertex 60.3654 -40.0129 62
      vertex 59.1156 -39.0754 62
      vertex 60.0113 -40.3035 62
    endloop
  endfacet
  facet normal -0 0 1
    outer loop
      vertex 58.839 -39.2736 62
      vertex 60.0113 -40.3035 62
      vertex 59.1156 -39.0754 62
    endloop
  endfacet
  facet normal 0 0 1
    outer loop
      vertex 60.0113 -40.3035 62
      vertex 58.839 -39.2736 62
      vertex 59.639 -40.5703 62
    endloop
  endfacet
  facet normal -0 0 1
    outer loop
      vertex 58.55 -39.4533 62
      vertex 59.639 -40.5703 62
      vertex 58.839 -39.2736 62
    endloop
  endfacet
  facet normal 0 0 1
    outer loop
      vertex 59.639 -40.5703 62
      vertex 58.55 -39.4533 62
      vertex 59.25 -40.8122 62
    endloop
  endfacet
  facet normal -0 0 1
    outer loop
      vertex 58.2499 -39.6137 62
      vertex 59.25 -40.8122 62
      vertex 58.55 -39.4533 62
    endloop
  endfacet
  facet normal 0 0 1
    outer loop
      vertex 59.25 -40.8122 62
      vertex 58.2499 -39.6137 62
      vertex 58.846 -41.0281 62
    endloop
  endfacet
  facet normal -0 0 1
    outer loop
      vertex 57.9399 -39.7542 62
      vertex 58.846 -41.0281 62
      vertex 58.2499 -39.6137 62
    endloop
  endfacet
  facet normal 0 0 1
    outer loop
      vertex 58.846 -41.0281 62
      vertex 57.9399 -39.7542 62
      vertex 58.4288 -41.2171 62
    endloop
  endfacet
  facet normal -0 0 1
    outer loop
      vertex 57.6215 -39.874 62
      vertex 58.4288 -41.2171 62
      vertex 57.9399 -39.7542 62
    endloop
  endfacet
  facet normal 0 0 1
    outer loop
      vertex 58.4288 -41.2171 62
      vertex 57.6215 -39.874 62
      vertex 58.0001 -41.3785 62
    endloop
  endfacet
  facet normal -0 0 1
    outer loop
      vertex 57.2959 -39.9728 62
      vertex 58.0001 -41.3785 62
      vertex 57.6215 -39.874 62
    endloop
  endfacet
  facet normal 0 0 1
    outer loop
      vertex 58.0001 -41.3785 62
      vertex 57.2959 -39.9728 62
      vertex 57.5617 -41.5115 62
    endloop
  endfacet
  facet normal -0 0 1
    outer loop
      vertex 56.9645 -40.0501 62
      vertex 57.5617 -41.5115 62
      vertex 57.2959 -39.9728 62
    endloop
  endfacet
  facet normal 0 0 1
    outer loop
      vertex 57.5617 -41.5115 62
      vertex 56.9645 -40.0501 62
      vertex 57.1156 -41.6155 62
    endloop
  endfacet
  facet normal -0 0 1
    outer loop
      vertex 56.6287 -40.1055 62
      vertex 57.1156 -41.6155 62
      vertex 56.9645 -40.0501 62
    endloop
  endfacet
  facet normal 0 0 1
    outer loop
      vertex 57.1156 -41.6155 62
      vertex 56.6287 -40.1055 62
      vertex 56.6637 -41.6901 62
    endloop
  endfacet
  facet normal -0 0 1
    outer loop
      vertex 56.2901 -40.1389 62
      vertex 56.6637 -41.6901 62
      vertex 56.6287 -40.1055 62
    endloop
  endfacet
  facet normal 0 0 1
    outer loop
      vertex 56.2901 -40.1389 62
      vertex 56.2078 -41.735 62
      vertex 56.6637 -41.6901 62
    endloop
  endfacet
  facet normal -0 0 1
    outer loop
      vertex 55.95 -40.15 62
      vertex 56.2078 -41.735 62
      vertex 56.2901 -40.1389 62
    endloop
  endfacet
  facet normal 0 0 1
    outer loop
      vertex 55.95 -40.15 62
      vertex 55.75 -41.75 62
      vertex 56.2078 -41.735 62
    endloop
  endfacet
  facet normal 0 0 1
    outer loop
      vertex 55.95 -40.15 62
      vertex -55.75 -41.75 62
      vertex 55.75 -41.75 62
    endloop
  endfacet
  facet normal -0 0 1
    outer loop
      vertex -55.95 -40.15 62
      vertex -55.75 -41.75 62
      vertex 55.95 -40.15 62
    endloop
  endfacet
  facet normal 0 0 1
    outer loop
      vertex -55.95 -40.15 62
      vertex -56.2078 -41.735 62
      vertex -55.75 -41.75 62
    endloop
  endfacet
  facet normal 0 0 1
    outer loop
      vertex -56.2901 -40.1389 62
      vertex -56.2078 -41.735 62
      vertex -55.95 -40.15 62
    endloop
  endfacet
  facet normal 0 0 1
    outer loop
      vertex -56.6637 -41.6901 62
      vertex -56.2901 -40.1389 62
      vertex -56.6287 -40.1055 62
    endloop
  endfacet
  facet normal 0 0 1
    outer loop
      vertex -56.2901 -40.1389 62
      vertex -56.6637 -41.6901 62
      vertex -56.2078 -41.735 62
    endloop
  endfacet
  facet normal 0 0 1
    outer loop
      vertex -57.1156 -41.6155 62
      vertex -56.6287 -40.1055 62
      vertex -56.9645 -40.0501 62
    endloop
  endfacet
  facet normal 0 0 1
    outer loop
      vertex -56.6287 -40.1055 62
      vertex -57.1156 -41.6155 62
      vertex -56.6637 -41.6901 62
    endloop
  endfacet
  facet normal 0 0 1
    outer loop
      vertex -57.5617 -41.5115 62
      vertex -56.9645 -40.0501 62
      vertex -57.2959 -39.9728 62
    endloop
  endfacet
  facet normal 0 0 1
    outer loop
      vertex -56.9645 -40.0501 62
      vertex -57.5617 -41.5115 62
      vertex -57.1156 -41.6155 62
    endloop
  endfacet
  facet normal 0 0 1
    outer loop
      vertex -58.0001 -41.3785 62
      vertex -57.2959 -39.9728 62
      vertex -57.6215 -39.874 62
    endloop
  endfacet
  facet normal 0 0 1
    outer loop
      vertex -58.4288 -41.2171 62
      vertex -57.6215 -39.874 62
      vertex -57.9399 -39.7542 62
    endloop
  endfacet
  facet normal 0 0 1
    outer loop
      vertex -57.2959 -39.9728 62
      vertex -58.0001 -41.3785 62
      vertex -57.5617 -41.5115 62
    endloop
  endfacet
  facet normal 0 0 1
    outer loop
      vertex -58.846 -41.0281 62
      vertex -57.9399 -39.7542 62
      vertex -58.2499 -39.6137 62
    endloop
  endfacet
  facet normal 0 0 1
    outer loop
      vertex -57.6215 -39.874 62
      vertex -58.4288 -41.2171 62
      vertex -58.0001 -41.3785 62
    endloop
  endfacet
  facet normal 0 0 1
    outer loop
      vertex -59.25 -40.8122 62
      vertex -58.2499 -39.6137 62
      vertex -58.55 -39.4533 62
    endloop
  endfacet
  facet normal 0 0 1
    outer loop
      vertex -59.639 -40.5703 62
      vertex -58.55 -39.4533 62
      vertex -58.839 -39.2736 62
    endloop
  endfacet
  facet normal 0 0 1
    outer loop
      vertex -57.9399 -39.7542 62
      vertex -58.846 -41.0281 62
      vertex -58.4288 -41.2171 62
    endloop
  endfacet
  facet normal 0 0 1
    outer loop
      vertex -60.0113 -40.3035 62
      vertex -58.839 -39.2736 62
      vertex -59.1156 -39.0754 62
    endloop
  endfacet
  facet normal 0 0 1
    outer loop
      vertex -58.2499 -39.6137 62
      vertex -59.25 -40.8122 62
      vertex -58.846 -41.0281 62
    endloop
  endfacet
  facet normal 0 0 1
    outer loop
      vertex -60.3654 -40.0129 62
      vertex -59.1156 -39.0754 62
      vertex -59.3786 -38.8596 62
    endloop
  endfacet
  facet normal 0 0 1
    outer loop
      vertex -60.6997 -39.6997 62
      vertex -59.3786 -38.8596 62
      vertex -59.627 -38.627 62
    endloop
  endfacet
  facet normal 0 0 1
    outer loop
      vertex -58.55 -39.4533 62
      vertex -59.639 -40.5703 62
      vertex -59.25 -40.8122 62
    endloop
  endfacet
  facet normal 0 0 1
    outer loop
      vertex -60.6997 -39.6997 62
      vertex -59.627 -38.627 62
      vertex -59.8596 -38.3786 62
    endloop
  endfacet
  facet normal 0 0 1
    outer loop
      vertex -58.839 -39.2736 62
      vertex -60.0113 -40.3035 62
      vertex -59.639 -40.5703 62
    endloop
  endfacet
  facet normal 0 0 1
    outer loop
      vertex -61.0129 -39.3654 62
      vertex -59.8596 -38.3786 62
      vertex -60.0754 -38.1156 62
    endloop
  endfacet
  facet normal 0 0 1
    outer loop
      vertex -61.3035 -39.0113 62
      vertex -60.0754 -38.1156 62
      vertex -60.2736 -37.839 62
    endloop
  endfacet
  facet normal 0 0 1
    outer loop
      vertex -59.1156 -39.0754 62
      vertex -60.3654 -40.0129 62
      vertex -60.0113 -40.3035 62
    endloop
  endfacet
  facet normal 0 0 1
    outer loop
      vertex -61.5703 -38.639 62
      vertex -60.2736 -37.839 62
      vertex -60.4533 -37.55 62
    endloop
  endfacet
  facet normal 0 0 1
    outer loop
      vertex -61.8122 -38.25 62
      vertex -60.4533 -37.55 62
      vertex -60.6137 -37.2499 62
    endloop
  endfacet
  facet normal 0 0 1
    outer loop
      vertex -59.3786 -38.8596 62
      vertex -60.6997 -39.6997 62
      vertex -60.3654 -40.0129 62
    endloop
  endfacet
  facet normal 0 0 1
    outer loop
      vertex -62.0281 -37.846 62
      vertex -60.6137 -37.2499 62
      vertex -60.7542 -36.9399 62
    endloop
  endfacet
  facet normal 0 0 1
    outer loop
      vertex -62.2171 -37.4288 62
      vertex -60.7542 -36.9399 62
      vertex -60.874 -36.6215 62
    endloop
  endfacet
  facet normal 0 0 1
    outer loop
      vertex -62.3785 -37.0001 62
      vertex -60.874 -36.6215 62
      vertex -60.9728 -36.2959 62
    endloop
  endfacet
  facet normal 0 0 1
    outer loop
      vertex -59.8596 -38.3786 62
      vertex -61.0129 -39.3654 62
      vertex -60.6997 -39.6997 62
    endloop
  endfacet
  facet normal 0 0 1
    outer loop
      vertex -62.5115 -36.5617 62
      vertex -60.9728 -36.2959 62
      vertex -61.0501 -35.9645 62
    endloop
  endfacet
  facet normal 0 0 1
    outer loop
      vertex -62.6155 -36.1156 62
      vertex -61.0501 -35.9645 62
      vertex -61.1055 -35.6287 62
    endloop
  endfacet
  facet normal 0 0 1
    outer loop
      vertex -62.6901 -35.6637 62
      vertex -61.1055 -35.6287 62
      vertex -61.1389 -35.2901 62
    endloop
  endfacet
  facet normal -0 0 1
    outer loop
      vertex -62.735 -35.2078 62
      vertex -61.1389 -35.2901 62
      vertex -61.15 -34.95 62
    endloop
  endfacet
  facet normal 0 0 1
    outer loop
      vertex -60.0754 -38.1156 62
      vertex -61.3035 -39.0113 62
      vertex -61.0129 -39.3654 62
    endloop
  endfacet
  facet normal 0 0 1
    outer loop
      vertex -61.15 34.95 62
      vertex -62.75 34.75 62
      vertex -61.15 -34.95 62
    endloop
  endfacet
  facet normal -0 0 1
    outer loop
      vertex -62.5115 36.5617 62
      vertex -60.9728 36.2959 62
      vertex -62.3785 37.0001 62
    endloop
  endfacet
  facet normal -0 0 1
    outer loop
      vertex -62.75 -34.75 62
      vertex -61.15 -34.95 62
      vertex -62.75 34.75 62
    endloop
  endfacet
  facet normal 0 0 1
    outer loop
      vertex -60.9728 36.2959 62
      vertex -62.5115 36.5617 62
      vertex -61.0501 35.9645 62
    endloop
  endfacet
  facet normal 0 -0 1
    outer loop
      vertex -62.735 -35.2078 62
      vertex -61.15 -34.95 62
      vertex -62.75 -34.75 62
    endloop
  endfacet
  facet normal -0 0 1
    outer loop
      vertex -62.6155 36.1156 62
      vertex -61.0501 35.9645 62
      vertex -62.5115 36.5617 62
    endloop
  endfacet
  facet normal 0 0 1
    outer loop
      vertex -60.2736 -37.839 62
      vertex -61.5703 -38.639 62
      vertex -61.3035 -39.0113 62
    endloop
  endfacet
  facet normal 0 0 1
    outer loop
      vertex -61.0501 35.9645 62
      vertex -62.6155 36.1156 62
      vertex -61.1055 35.6287 62
    endloop
  endfacet
  facet normal 0 0 1
    outer loop
      vertex -60.4533 -37.55 62
      vertex -61.8122 -38.25 62
      vertex -61.5703 -38.639 62
    endloop
  endfacet
  facet normal -0 0 1
    outer loop
      vertex -62.6901 35.6637 62
      vertex -61.1055 35.6287 62
      vertex -62.6155 36.1156 62
    endloop
  endfacet
  facet normal 0 0 1
    outer loop
      vertex -60.6137 -37.2499 62
      vertex -62.0281 -37.846 62
      vertex -61.8122 -38.25 62
    endloop
  endfacet
  facet normal 0 0 1
    outer loop
      vertex -61.1055 35.6287 62
      vertex -62.6901 35.6637 62
      vertex -61.1389 35.2901 62
    endloop
  endfacet
  facet normal 0 0 1
    outer loop
      vertex -60.7542 -36.9399 62
      vertex -62.2171 -37.4288 62
      vertex -62.0281 -37.846 62
    endloop
  endfacet
  facet normal 0 0 1
    outer loop
      vertex -62.735 35.2078 62
      vertex -61.1389 35.2901 62
      vertex -62.6901 35.6637 62
    endloop
  endfacet
  facet normal 0 0 1
    outer loop
      vertex -60.874 -36.6215 62
      vertex -62.3785 -37.0001 62
      vertex -62.2171 -37.4288 62
    endloop
  endfacet
  facet normal 0 0 1
    outer loop
      vertex -61.1389 35.2901 62
      vertex -62.735 35.2078 62
      vertex -61.15 34.95 62
    endloop
  endfacet
  facet normal 0 0 1
    outer loop
      vertex -60.9728 -36.2959 62
      vertex -62.5115 -36.5617 62
      vertex -62.3785 -37.0001 62
    endloop
  endfacet
  facet normal 0 0 1
    outer loop
      vertex -61.15 34.95 62
      vertex -62.735 35.2078 62
      vertex -62.75 34.75 62
    endloop
  endfacet
  facet normal 0 0 1
    outer loop
      vertex -61.0501 -35.9645 62
      vertex -62.6155 -36.1156 62
      vertex -62.5115 -36.5617 62
    endloop
  endfacet
  facet normal 0 0 1
    outer loop
      vertex -61.1055 -35.6287 62
      vertex -62.6901 -35.6637 62
      vertex -62.6155 -36.1156 62
    endloop
  endfacet
  facet normal 0 0 1
    outer loop
      vertex -61.1389 -35.2901 62
      vertex -62.735 -35.2078 62
      vertex -62.6901 -35.6637 62
    endloop
  endfacet
  facet normal 0.973885 0.227043 0
    outer loop
      vertex 62.6155 36.1156 62
      vertex 62.5115 36.5617 0
      vertex 62.5115 36.5617 62
    endloop
  endfacet
  facet normal 0.973885 0.227043 0
    outer loop
      vertex 62.5115 36.5617 0
      vertex 62.6155 36.1156 62
      vertex 62.6155 36.1156 0
    endloop
  endfacet
  facet normal -0.582497 0.812833 0
    outer loop
      vertex -59.639 40.5703 0
      vertex -60.0113 40.3035 62
      vertex -59.639 40.5703 62
    endloop
  endfacet
  facet normal -0.582497 0.812833 0
    outer loop
      vertex -60.0113 40.3035 62
      vertex -59.639 40.5703 0
      vertex -60.0113 40.3035 0
    endloop
  endfacet
  facet normal 0.935871 -0.352343 0
    outer loop
      vertex 62.2171 -37.4288 62
      vertex 62.3785 -37.0001 0
      vertex 62.3785 -37.0001 62
    endloop
  endfacet
  facet normal 0.935871 -0.352343 0
    outer loop
      vertex 62.3785 -37.0001 0
      vertex 62.2171 -37.4288 62
      vertex 62.2171 -37.4288 0
    endloop
  endfacet
  facet normal 0.729762 -0.683701 0
    outer loop
      vertex 60.6997 -39.6997 62
      vertex 61.0129 -39.3654 0
      vertex 61.0129 -39.3654 62
    endloop
  endfacet
  facet normal 0.729762 -0.683701 0
    outer loop
      vertex 61.0129 -39.3654 0
      vertex 60.6997 -39.6997 62
      vertex 60.6997 -39.6997 0
    endloop
  endfacet
  facet normal -0.773013 -0.63439 0
    outer loop
      vertex -61.0129 -39.3654 0
      vertex -61.3035 -39.0113 62
      vertex -61.3035 -39.0113 0
    endloop
  endfacet
  facet normal -0.773013 -0.63439 0
    outer loop
      vertex -61.3035 -39.0113 62
      vertex -61.0129 -39.3654 0
      vertex -61.0129 -39.3654 62
    endloop
  endfacet
  facet normal -0.773013 0.63439 0
    outer loop
      vertex -61.3035 39.0113 0
      vertex -61.0129 39.3654 62
      vertex -61.0129 39.3654 0
    endloop
  endfacet
  facet normal -0.773013 0.63439 0
    outer loop
      vertex -61.0129 39.3654 62
      vertex -61.3035 39.0113 0
      vertex -61.3035 39.0113 62
    endloop
  endfacet
  facet normal -0.729762 0.683701 0
    outer loop
      vertex -61.0129 39.3654 0
      vertex -60.6997 39.6997 62
      vertex -60.6997 39.6997 0
    endloop
  endfacet
  facet normal -0.729762 0.683701 0
    outer loop
      vertex -60.6997 39.6997 62
      vertex -61.0129 39.3654 0
      vertex -61.0129 39.3654 62
    endloop
  endfacet
  facet normal 0.935871 0.352343 0
    outer loop
      vertex 62.3785 37.0001 62
      vertex 62.2171 37.4288 0
      vertex 62.2171 37.4288 62
    endloop
  endfacet
  facet normal 0.935871 0.352343 0
    outer loop
      vertex 62.2171 37.4288 0
      vertex 62.3785 37.0001 62
      vertex 62.3785 37.0001 0
    endloop
  endfacet
  facet normal 0.910889 0.412651 0
    outer loop
      vertex 62.2171 37.4288 62
      vertex 62.0281 37.846 0
      vertex 62.0281 37.846 62
    endloop
  endfacet
  facet normal 0.910889 0.412651 0
    outer loop
      vertex 62.0281 37.846 0
      vertex 62.2171 37.4288 62
      vertex 62.2171 37.4288 0
    endloop
  endfacet
  facet normal 0.773013 0.63439 0
    outer loop
      vertex 61.3035 39.0113 62
      vertex 61.0129 39.3654 0
      vertex 61.0129 39.3654 62
    endloop
  endfacet
  facet normal 0.773013 0.63439 0
    outer loop
      vertex 61.0129 39.3654 0
      vertex 61.3035 39.0113 62
      vertex 61.3035 39.0113 0
    endloop
  endfacet
  facet normal -0.0980123 -0.995185 0
    outer loop
      vertex -56.6637 -41.6901 0
      vertex -56.2078 -41.735 62
      vertex -56.6637 -41.6901 62
    endloop
  endfacet
  facet normal -0.0980123 -0.995185 -0
    outer loop
      vertex -56.2078 -41.735 62
      vertex -56.6637 -41.6901 0
      vertex -56.2078 -41.735 0
    endloop
  endfacet
  facet normal -0.973885 -0.227043 0
    outer loop
      vertex -62.5115 -36.5617 0
      vertex -62.6155 -36.1156 62
      vertex -62.6155 -36.1156 0
    endloop
  endfacet
  facet normal -0.973885 -0.227043 0
    outer loop
      vertex -62.6155 -36.1156 62
      vertex -62.5115 -36.5617 0
      vertex -62.5115 -36.5617 62
    endloop
  endfacet
  facet normal 0.412651 0.910889 -0
    outer loop
      vertex 58.846 41.0281 0
      vertex 58.4288 41.2171 62
      vertex 58.846 41.0281 62
    endloop
  endfacet
  facet normal 0.412651 0.910889 0
    outer loop
      vertex 58.4288 41.2171 62
      vertex 58.846 41.0281 0
      vertex 58.4288 41.2171 0
    endloop
  endfacet
  facet normal 0.528075 0.849198 -0
    outer loop
      vertex 59.639 40.5703 0
      vertex 59.25 40.8122 62
      vertex 59.639 40.5703 62
    endloop
  endfacet
  facet normal 0.528075 0.849198 0
    outer loop
      vertex 59.25 40.8122 62
      vertex 59.639 40.5703 0
      vertex 59.25 40.8122 0
    endloop
  endfacet
  facet normal -0.63439 0.773013 0
    outer loop
      vertex -60.0113 40.3035 0
      vertex -60.3654 40.0129 62
      vertex -60.0113 40.3035 62
    endloop
  endfacet
  facet normal -0.63439 0.773013 0
    outer loop
      vertex -60.3654 40.0129 62
      vertex -60.0113 40.3035 0
      vertex -60.3654 40.0129 0
    endloop
  endfacet
  facet normal -0.0327478 0.999464 0
    outer loop
      vertex -55.75 41.75 0
      vertex -56.2078 41.735 62
      vertex -55.75 41.75 62
    endloop
  endfacet
  facet normal -0.0327478 0.999464 0
    outer loop
      vertex -56.2078 41.735 62
      vertex -55.75 41.75 0
      vertex -56.2078 41.735 0
    endloop
  endfacet
  facet normal -0.88196 -0.471325 0
    outer loop
      vertex -61.8122 -38.25 0
      vertex -62.0281 -37.846 62
      vertex -62.0281 -37.846 0
    endloop
  endfacet
  facet normal -0.88196 -0.471325 0
    outer loop
      vertex -62.0281 -37.846 62
      vertex -61.8122 -38.25 0
      vertex -61.8122 -38.25 62
    endloop
  endfacet
  facet normal 0.29031 -0.956933 0
    outer loop
      vertex 57.5617 -41.5115 0
      vertex 58.0001 -41.3785 62
      vertex 57.5617 -41.5115 62
    endloop
  endfacet
  facet normal 0.29031 -0.956933 0
    outer loop
      vertex 58.0001 -41.3785 62
      vertex 57.5617 -41.5115 0
      vertex 58.0001 -41.3785 0
    endloop
  endfacet
  facet normal -0.683701 0.729762 0
    outer loop
      vertex -60.3654 40.0129 0
      vertex -60.6997 39.6997 62
      vertex -60.3654 40.0129 62
    endloop
  endfacet
  facet normal -0.683701 0.729762 0
    outer loop
      vertex -60.6997 39.6997 62
      vertex -60.3654 40.0129 0
      vertex -60.6997 39.6997 0
    endloop
  endfacet
  facet normal 0.729762 0.683701 0
    outer loop
      vertex 61.0129 39.3654 62
      vertex 60.6997 39.6997 0
      vertex 60.6997 39.6997 62
    endloop
  endfacet
  facet normal 0.729762 0.683701 0
    outer loop
      vertex 60.6997 39.6997 0
      vertex 61.0129 39.3654 62
      vertex 61.0129 39.3654 0
    endloop
  endfacet
  facet normal -0.729762 -0.683701 0
    outer loop
      vertex -60.6997 -39.6997 0
      vertex -61.0129 -39.3654 62
      vertex -61.0129 -39.3654 0
    endloop
  endfacet
  facet normal -0.729762 -0.683701 0
    outer loop
      vertex -61.0129 -39.3654 62
      vertex -60.6997 -39.6997 0
      vertex -60.6997 -39.6997 62
    endloop
  endfacet
  facet normal -0.935871 -0.352343 0
    outer loop
      vertex -62.2171 -37.4288 0
      vertex -62.3785 -37.0001 62
      vertex -62.3785 -37.0001 0
    endloop
  endfacet
  facet normal -0.935871 -0.352343 0
    outer loop
      vertex -62.3785 -37.0001 62
      vertex -62.2171 -37.4288 0
      vertex -62.2171 -37.4288 62
    endloop
  endfacet
  facet normal -0.0327478 -0.999464 0
    outer loop
      vertex -56.2078 -41.735 0
      vertex -55.75 -41.75 62
      vertex -56.2078 -41.735 62
    endloop
  endfacet
  facet normal -0.0327478 -0.999464 -0
    outer loop
      vertex -55.75 -41.75 62
      vertex -56.2078 -41.735 0
      vertex -55.75 -41.75 0
    endloop
  endfacet
  facet normal -0.227043 -0.973885 0
    outer loop
      vertex -57.5617 -41.5115 0
      vertex -57.1156 -41.6155 62
      vertex -57.5617 -41.5115 62
    endloop
  endfacet
  facet normal -0.227043 -0.973885 -0
    outer loop
      vertex -57.1156 -41.6155 62
      vertex -57.5617 -41.5115 0
      vertex -57.1156 -41.6155 0
    endloop
  endfacet
  facet normal -0.528075 -0.849198 0
    outer loop
      vertex -59.639 -40.5703 0
      vertex -59.25 -40.8122 62
      vertex -59.639 -40.5703 62
    endloop
  endfacet
  facet normal -0.528075 -0.849198 -0
    outer loop
      vertex -59.25 -40.8122 62
      vertex -59.639 -40.5703 0
      vertex -59.25 -40.8122 0
    endloop
  endfacet
  facet normal 0.999464 -0.0327478 0
    outer loop
      vertex 62.735 -35.2078 62
      vertex 62.75 -34.75 0
      vertex 62.75 -34.75 62
    endloop
  endfacet
  facet normal 0.999464 -0.0327478 0
    outer loop
      vertex 62.75 -34.75 0
      vertex 62.735 -35.2078 62
      vertex 62.735 -35.2078 0
    endloop
  endfacet
  facet normal -0.29031 0.956933 0
    outer loop
      vertex -57.5617 41.5115 0
      vertex -58.0001 41.3785 62
      vertex -57.5617 41.5115 62
    endloop
  endfacet
  facet normal -0.29031 0.956933 0
    outer loop
      vertex -58.0001 41.3785 62
      vertex -57.5617 41.5115 0
      vertex -58.0001 41.3785 0
    endloop
  endfacet
  facet normal 0.162876 -0.986646 0
    outer loop
      vertex 56.6637 -41.6901 0
      vertex 57.1156 -41.6155 62
      vertex 56.6637 -41.6901 62
    endloop
  endfacet
  facet normal 0.162876 -0.986646 0
    outer loop
      vertex 57.1156 -41.6155 62
      vertex 56.6637 -41.6901 0
      vertex 57.1156 -41.6155 0
    endloop
  endfacet
  facet normal -0.956933 -0.29031 0
    outer loop
      vertex -62.3785 -37.0001 0
      vertex -62.5115 -36.5617 62
      vertex -62.5115 -36.5617 0
    endloop
  endfacet
  facet normal -0.956933 -0.29031 0
    outer loop
      vertex -62.5115 -36.5617 62
      vertex -62.3785 -37.0001 0
      vertex -62.3785 -37.0001 62
    endloop
  endfacet
  facet normal -0.162876 -0.986646 0
    outer loop
      vertex -57.1156 -41.6155 0
      vertex -56.6637 -41.6901 62
      vertex -57.1156 -41.6155 62
    endloop
  endfacet
  facet normal -0.162876 -0.986646 -0
    outer loop
      vertex -56.6637 -41.6901 62
      vertex -57.1156 -41.6155 0
      vertex -56.6637 -41.6901 0
    endloop
  endfacet
  facet normal 0.227043 -0.973885 0
    outer loop
      vertex 57.1156 -41.6155 0
      vertex 57.5617 -41.5115 62
      vertex 57.1156 -41.6155 62
    endloop
  endfacet
  facet normal 0.227043 -0.973885 0
    outer loop
      vertex 57.5617 -41.5115 62
      vertex 57.1156 -41.6155 0
      vertex 57.5617 -41.5115 0
    endloop
  endfacet
  facet normal 0.910889 -0.412651 0
    outer loop
      vertex 62.0281 -37.846 62
      vertex 62.2171 -37.4288 0
      vertex 62.2171 -37.4288 62
    endloop
  endfacet
  facet normal 0.910889 -0.412651 0
    outer loop
      vertex 62.2171 -37.4288 0
      vertex 62.0281 -37.846 62
      vertex 62.0281 -37.846 0
    endloop
  endfacet
  facet normal 0.0980123 -0.995185 0
    outer loop
      vertex 56.2078 -41.735 0
      vertex 56.6637 -41.6901 62
      vertex 56.2078 -41.735 62
    endloop
  endfacet
  facet normal 0.0980123 -0.995185 0
    outer loop
      vertex 56.6637 -41.6901 62
      vertex 56.2078 -41.735 0
      vertex 56.6637 -41.6901 0
    endloop
  endfacet
  facet normal 0.0327478 -0.999464 0
    outer loop
      vertex 55.75 -41.75 0
      vertex 56.2078 -41.735 62
      vertex 55.75 -41.75 62
    endloop
  endfacet
  facet normal 0.0327478 -0.999464 0
    outer loop
      vertex 56.2078 -41.735 62
      vertex 55.75 -41.75 0
      vertex 56.2078 -41.735 0
    endloop
  endfacet
  facet normal 0.412651 -0.910889 0
    outer loop
      vertex 58.4288 -41.2171 0
      vertex 58.846 -41.0281 62
      vertex 58.4288 -41.2171 62
    endloop
  endfacet
  facet normal 0.412651 -0.910889 0
    outer loop
      vertex 58.846 -41.0281 62
      vertex 58.4288 -41.2171 0
      vertex 58.846 -41.0281 0
    endloop
  endfacet
  facet normal 0.849198 0.528075 0
    outer loop
      vertex 61.8122 38.25 62
      vertex 61.5703 38.639 0
      vertex 61.5703 38.639 62
    endloop
  endfacet
  facet normal 0.849198 0.528075 0
    outer loop
      vertex 61.5703 38.639 0
      vertex 61.8122 38.25 62
      vertex 61.8122 38.25 0
    endloop
  endfacet
  facet normal -0.412651 -0.910889 0
    outer loop
      vertex -58.846 -41.0281 0
      vertex -58.4288 -41.2171 62
      vertex -58.846 -41.0281 62
    endloop
  endfacet
  facet normal -0.412651 -0.910889 -0
    outer loop
      vertex -58.4288 -41.2171 62
      vertex -58.846 -41.0281 0
      vertex -58.4288 -41.2171 0
    endloop
  endfacet
  facet normal 0 0 -1
    outer loop
      vertex 55.75 -41.75 0
      vertex 62.75 -34.75 0
      vertex 62.735 -35.2078 0
    endloop
  endfacet
  facet normal -0 0 -1
    outer loop
      vertex 62.75 -34.75 0
      vertex 55.75 -41.75 0
      vertex 62.75 34.75 0
    endloop
  endfacet
  facet normal 0 0 -1
    outer loop
      vertex 55.75 -41.75 0
      vertex 62.735 -35.2078 0
      vertex 62.6901 -35.6637 0
    endloop
  endfacet
  facet normal 0 0 -1
    outer loop
      vertex 55.75 41.75 0
      vertex 62.75 34.75 0
      vertex 55.75 -41.75 0
    endloop
  endfacet
  facet normal 0 0 -1
    outer loop
      vertex 55.75 -41.75 0
      vertex 62.6901 -35.6637 0
      vertex 62.6155 -36.1156 0
    endloop
  endfacet
  facet normal 0 0 -1
    outer loop
      vertex 62.75 34.75 0
      vertex 55.75 41.75 0
      vertex 62.735 35.2078 0
    endloop
  endfacet
  facet normal 0 0 -1
    outer loop
      vertex 55.75 -41.75 0
      vertex 62.6155 -36.1156 0
      vertex 62.5115 -36.5617 0
    endloop
  endfacet
  facet normal 0 0 -1
    outer loop
      vertex 62.735 35.2078 0
      vertex 55.75 41.75 0
      vertex 62.6901 35.6637 0
    endloop
  endfacet
  facet normal 0 0 -1
    outer loop
      vertex 55.75 -41.75 0
      vertex 62.5115 -36.5617 0
      vertex 62.3785 -37.0001 0
    endloop
  endfacet
  facet normal 0 0 -1
    outer loop
      vertex 62.6901 35.6637 0
      vertex 55.75 41.75 0
      vertex 62.6155 36.1156 0
    endloop
  endfacet
  facet normal 0 0 -1
    outer loop
      vertex 55.75 -41.75 0
      vertex 62.3785 -37.0001 0
      vertex 62.2171 -37.4288 0
    endloop
  endfacet
  facet normal 0 0 -1
    outer loop
      vertex 62.6155 36.1156 0
      vertex 55.75 41.75 0
      vertex 62.5115 36.5617 0
    endloop
  endfacet
  facet normal 0 0 -1
    outer loop
      vertex 55.75 -41.75 0
      vertex 62.2171 -37.4288 0
      vertex 62.0281 -37.846 0
    endloop
  endfacet
  facet normal 0 0 -1
    outer loop
      vertex 62.5115 36.5617 0
      vertex 55.75 41.75 0
      vertex 62.3785 37.0001 0
    endloop
  endfacet
  facet normal 0 0 -1
    outer loop
      vertex 55.75 -41.75 0
      vertex 62.0281 -37.846 0
      vertex 61.8122 -38.25 0
    endloop
  endfacet
  facet normal 0 0 -1
    outer loop
      vertex 62.3785 37.0001 0
      vertex 55.75 41.75 0
      vertex 62.2171 37.4288 0
    endloop
  endfacet
  facet normal 0 0 -1
    outer loop
      vertex 55.75 -41.75 0
      vertex 61.8122 -38.25 0
      vertex 61.5703 -38.639 0
    endloop
  endfacet
  facet normal 0 0 -1
    outer loop
      vertex 62.2171 37.4288 0
      vertex 55.75 41.75 0
      vertex 62.0281 37.846 0
    endloop
  endfacet
  facet normal 0 0 -1
    outer loop
      vertex 55.75 -41.75 0
      vertex 61.5703 -38.639 0
      vertex 61.3035 -39.0113 0
    endloop
  endfacet
  facet normal 0 0 -1
    outer loop
      vertex 62.0281 37.846 0
      vertex 55.75 41.75 0
      vertex 61.8122 38.25 0
    endloop
  endfacet
  facet normal 0 0 -1
    outer loop
      vertex 55.75 -41.75 0
      vertex 61.3035 -39.0113 0
      vertex 61.0129 -39.3654 0
    endloop
  endfacet
  facet normal 0 0 -1
    outer loop
      vertex 61.8122 38.25 0
      vertex 55.75 41.75 0
      vertex 61.5703 38.639 0
    endloop
  endfacet
  facet normal 0 0 -1
    outer loop
      vertex 55.75 -41.75 0
      vertex 61.0129 -39.3654 0
      vertex 60.6997 -39.6997 0
    endloop
  endfacet
  facet normal 0 0 -1
    outer loop
      vertex 61.5703 38.639 0
      vertex 55.75 41.75 0
      vertex 61.3035 39.0113 0
    endloop
  endfacet
  facet normal 0 0 -1
    outer loop
      vertex 55.75 -41.75 0
      vertex 60.6997 -39.6997 0
      vertex 60.3654 -40.0129 0
    endloop
  endfacet
  facet normal 0 0 -1
    outer loop
      vertex 61.3035 39.0113 0
      vertex 55.75 41.75 0
      vertex 61.0129 39.3654 0
    endloop
  endfacet
  facet normal 0 0 -1
    outer loop
      vertex 55.75 -41.75 0
      vertex 60.3654 -40.0129 0
      vertex 60.0113 -40.3035 0
    endloop
  endfacet
  facet normal 0 0 -1
    outer loop
      vertex 61.0129 39.3654 0
      vertex 55.75 41.75 0
      vertex 60.6997 39.6997 0
    endloop
  endfacet
  facet normal 0 0 -1
    outer loop
      vertex 55.75 -41.75 0
      vertex 60.0113 -40.3035 0
      vertex 59.639 -40.5703 0
    endloop
  endfacet
  facet normal 0 0 -1
    outer loop
      vertex 60.6997 39.6997 0
      vertex 55.75 41.75 0
      vertex 60.3654 40.0129 0
    endloop
  endfacet
  facet normal 0 0 -1
    outer loop
      vertex 55.75 -41.75 0
      vertex 59.639 -40.5703 0
      vertex 59.25 -40.8122 0
    endloop
  endfacet
  facet normal 0 0 -1
    outer loop
      vertex 60.3654 40.0129 0
      vertex 55.75 41.75 0
      vertex 60.0113 40.3035 0
    endloop
  endfacet
  facet normal 0 0 -1
    outer loop
      vertex 55.75 -41.75 0
      vertex 59.25 -40.8122 0
      vertex 58.846 -41.0281 0
    endloop
  endfacet
  facet normal 0 0 -1
    outer loop
      vertex 60.0113 40.3035 0
      vertex 55.75 41.75 0
      vertex 59.639 40.5703 0
    endloop
  endfacet
  facet normal 0 0 -1
    outer loop
      vertex 55.75 -41.75 0
      vertex 58.846 -41.0281 0
      vertex 58.4288 -41.2171 0
    endloop
  endfacet
  facet normal 0 0 -1
    outer loop
      vertex 59.639 40.5703 0
      vertex 55.75 41.75 0
      vertex 59.25 40.8122 0
    endloop
  endfacet
  facet normal 0 0 -1
    outer loop
      vertex 55.75 -41.75 0
      vertex 58.4288 -41.2171 0
      vertex 58.0001 -41.3785 0
    endloop
  endfacet
  facet normal 0 0 -1
    outer loop
      vertex 59.25 40.8122 0
      vertex 55.75 41.75 0
      vertex 58.846 41.0281 0
    endloop
  endfacet
  facet normal 0 0 -1
    outer loop
      vertex 55.75 -41.75 0
      vertex 58.0001 -41.3785 0
      vertex 57.5617 -41.5115 0
    endloop
  endfacet
  facet normal 0 0 -1
    outer loop
      vertex 58.846 41.0281 0
      vertex 55.75 41.75 0
      vertex 58.4288 41.2171 0
    endloop
  endfacet
  facet normal 0 0 -1
    outer loop
      vertex 55.75 -41.75 0
      vertex 57.5617 -41.5115 0
      vertex 57.1156 -41.6155 0
    endloop
  endfacet
  facet normal 0 0 -1
    outer loop
      vertex 58.4288 41.2171 0
      vertex 55.75 41.75 0
      vertex 58.0001 41.3785 0
    endloop
  endfacet
  facet normal 0 0 -1
    outer loop
      vertex 55.75 -41.75 0
      vertex 57.1156 -41.6155 0
      vertex 56.6637 -41.6901 0
    endloop
  endfacet
  facet normal 0 0 -1
    outer loop
      vertex 58.0001 41.3785 0
      vertex 55.75 41.75 0
      vertex 57.5617 41.5115 0
    endloop
  endfacet
  facet normal 0 0 -1
    outer loop
      vertex 55.75 -41.75 0
      vertex 56.6637 -41.6901 0
      vertex 56.2078 -41.735 0
    endloop
  endfacet
  facet normal 0 0 -1
    outer loop
      vertex 57.5617 41.5115 0
      vertex 55.75 41.75 0
      vertex 57.1156 41.6155 0
    endloop
  endfacet
  facet normal 0 0 -1
    outer loop
      vertex 57.1156 41.6155 0
      vertex 55.75 41.75 0
      vertex 56.6637 41.6901 0
    endloop
  endfacet
  facet normal 0 0 -1
    outer loop
      vertex 56.6637 41.6901 0
      vertex 55.75 41.75 0
      vertex 56.2078 41.735 0
    endloop
  endfacet
  facet normal 0 0 -1
    outer loop
      vertex -55.75 -41.75 0
      vertex 55.75 41.75 0
      vertex 55.75 -41.75 0
    endloop
  endfacet
  facet normal 0 0 -1
    outer loop
      vertex -55.75 -41.75 0
      vertex -55.75 41.75 0
      vertex 55.75 41.75 0
    endloop
  endfacet
  facet normal 0 0 -1
    outer loop
      vertex -62.75 -34.75 0
      vertex -55.75 -41.75 0
      vertex -56.2078 -41.735 0
    endloop
  endfacet
  facet normal 0 0 -1
    outer loop
      vertex -55.75 -41.75 0
      vertex -62.75 -34.75 0
      vertex -55.75 41.75 0
    endloop
  endfacet
  facet normal 0 0 -1
    outer loop
      vertex -62.75 -34.75 0
      vertex -56.2078 -41.735 0
      vertex -56.6637 -41.6901 0
    endloop
  endfacet
  facet normal 0 0 -1
    outer loop
      vertex -62.75 34.75 0
      vertex -55.75 41.75 0
      vertex -62.75 -34.75 0
    endloop
  endfacet
  facet normal 0 0 -1
    outer loop
      vertex -62.75 -34.75 0
      vertex -56.6637 -41.6901 0
      vertex -57.1156 -41.6155 0
    endloop
  endfacet
  facet normal 0 0 -1
    outer loop
      vertex -55.75 41.75 0
      vertex -62.75 34.75 0
      vertex -56.2078 41.735 0
    endloop
  endfacet
  facet normal 0 0 -1
    outer loop
      vertex -62.75 -34.75 0
      vertex -57.1156 -41.6155 0
      vertex -57.5617 -41.5115 0
    endloop
  endfacet
  facet normal 0 0 -1
    outer loop
      vertex -56.2078 41.735 0
      vertex -62.75 34.75 0
      vertex -56.6637 41.6901 0
    endloop
  endfacet
  facet normal 0 0 -1
    outer loop
      vertex -62.75 -34.75 0
      vertex -57.5617 -41.5115 0
      vertex -58.0001 -41.3785 0
    endloop
  endfacet
  facet normal 0 0 -1
    outer loop
      vertex -56.6637 41.6901 0
      vertex -62.75 34.75 0
      vertex -57.1156 41.6155 0
    endloop
  endfacet
  facet normal 0 0 -1
    outer loop
      vertex -62.75 -34.75 0
      vertex -58.0001 -41.3785 0
      vertex -58.4288 -41.2171 0
    endloop
  endfacet
  facet normal 0 0 -1
    outer loop
      vertex -57.1156 41.6155 0
      vertex -62.75 34.75 0
      vertex -57.5617 41.5115 0
    endloop
  endfacet
  facet normal 0 0 -1
    outer loop
      vertex -62.75 -34.75 0
      vertex -58.4288 -41.2171 0
      vertex -58.846 -41.0281 0
    endloop
  endfacet
  facet normal 0 0 -1
    outer loop
      vertex -57.5617 41.5115 0
      vertex -62.75 34.75 0
      vertex -58.0001 41.3785 0
    endloop
  endfacet
  facet normal 0 0 -1
    outer loop
      vertex -62.75 -34.75 0
      vertex -58.846 -41.0281 0
      vertex -59.25 -40.8122 0
    endloop
  endfacet
  facet normal 0 0 -1
    outer loop
      vertex -58.0001 41.3785 0
      vertex -62.75 34.75 0
      vertex -58.4288 41.2171 0
    endloop
  endfacet
  facet normal 0 0 -1
    outer loop
      vertex -62.75 -34.75 0
      vertex -59.25 -40.8122 0
      vertex -59.639 -40.5703 0
    endloop
  endfacet
  facet normal 0 0 -1
    outer loop
      vertex -58.4288 41.2171 0
      vertex -62.75 34.75 0
      vertex -58.846 41.0281 0
    endloop
  endfacet
  facet normal 0 0 -1
    outer loop
      vertex -62.75 -34.75 0
      vertex -59.639 -40.5703 0
      vertex -60.0113 -40.3035 0
    endloop
  endfacet
  facet normal 0 0 -1
    outer loop
      vertex -58.846 41.0281 0
      vertex -62.75 34.75 0
      vertex -59.25 40.8122 0
    endloop
  endfacet
  facet normal 0 0 -1
    outer loop
      vertex -62.75 -34.75 0
      vertex -60.0113 -40.3035 0
      vertex -60.3654 -40.0129 0
    endloop
  endfacet
  facet normal 0 0 -1
    outer loop
      vertex -59.25 40.8122 0
      vertex -62.75 34.75 0
      vertex -59.639 40.5703 0
    endloop
  endfacet
  facet normal 0 0 -1
    outer loop
      vertex -62.75 -34.75 0
      vertex -60.3654 -40.0129 0
      vertex -60.6997 -39.6997 0
    endloop
  endfacet
  facet normal 0 0 -1
    outer loop
      vertex -59.639 40.5703 0
      vertex -62.75 34.75 0
      vertex -60.0113 40.3035 0
    endloop
  endfacet
  facet normal 0 0 -1
    outer loop
      vertex -62.75 -34.75 0
      vertex -60.6997 -39.6997 0
      vertex -61.0129 -39.3654 0
    endloop
  endfacet
  facet normal 0 0 -1
    outer loop
      vertex -60.0113 40.3035 0
      vertex -62.75 34.75 0
      vertex -60.3654 40.0129 0
    endloop
  endfacet
  facet normal 0 0 -1
    outer loop
      vertex -62.75 -34.75 0
      vertex -61.0129 -39.3654 0
      vertex -61.3035 -39.0113 0
    endloop
  endfacet
  facet normal 0 0 -1
    outer loop
      vertex -60.3654 40.0129 0
      vertex -62.75 34.75 0
      vertex -60.6997 39.6997 0
    endloop
  endfacet
  facet normal 0 0 -1
    outer loop
      vertex -62.75 -34.75 0
      vertex -61.3035 -39.0113 0
      vertex -61.5703 -38.639 0
    endloop
  endfacet
  facet normal 0 0 -1
    outer loop
      vertex -60.6997 39.6997 0
      vertex -62.75 34.75 0
      vertex -61.0129 39.3654 0
    endloop
  endfacet
  facet normal 0 0 -1
    outer loop
      vertex -62.75 -34.75 0
      vertex -61.5703 -38.639 0
      vertex -61.8122 -38.25 0
    endloop
  endfacet
  facet normal 0 0 -1
    outer loop
      vertex -61.0129 39.3654 0
      vertex -62.75 34.75 0
      vertex -61.3035 39.0113 0
    endloop
  endfacet
  facet normal 0 0 -1
    outer loop
      vertex -62.75 -34.75 0
      vertex -61.8122 -38.25 0
      vertex -62.0281 -37.846 0
    endloop
  endfacet
  facet normal 0 0 -1
    outer loop
      vertex -61.3035 39.0113 0
      vertex -62.75 34.75 0
      vertex -61.5703 38.639 0
    endloop
  endfacet
  facet normal 0 0 -1
    outer loop
      vertex -62.75 -34.75 0
      vertex -62.0281 -37.846 0
      vertex -62.2171 -37.4288 0
    endloop
  endfacet
  facet normal 0 0 -1
    outer loop
      vertex -61.5703 38.639 0
      vertex -62.75 34.75 0
      vertex -61.8122 38.25 0
    endloop
  endfacet
  facet normal 0 0 -1
    outer loop
      vertex -62.75 -34.75 0
      vertex -62.2171 -37.4288 0
      vertex -62.3785 -37.0001 0
    endloop
  endfacet
  facet normal 0 0 -1
    outer loop
      vertex -61.8122 38.25 0
      vertex -62.75 34.75 0
      vertex -62.0281 37.846 0
    endloop
  endfacet
  facet normal 0 0 -1
    outer loop
      vertex -62.75 -34.75 0
      vertex -62.3785 -37.0001 0
      vertex -62.5115 -36.5617 0
    endloop
  endfacet
  facet normal 0 0 -1
    outer loop
      vertex -62.0281 37.846 0
      vertex -62.75 34.75 0
      vertex -62.2171 37.4288 0
    endloop
  endfacet
  facet normal 0 0 -1
    outer loop
      vertex -62.75 -34.75 0
      vertex -62.5115 -36.5617 0
      vertex -62.6155 -36.1156 0
    endloop
  endfacet
  facet normal 0 0 -1
    outer loop
      vertex -62.2171 37.4288 0
      vertex -62.75 34.75 0
      vertex -62.3785 37.0001 0
    endloop
  endfacet
  facet normal 0 0 -1
    outer loop
      vertex -62.75 -34.75 0
      vertex -62.6155 -36.1156 0
      vertex -62.6901 -35.6637 0
    endloop
  endfacet
  facet normal 0 0 -1
    outer loop
      vertex -62.3785 37.0001 0
      vertex -62.75 34.75 0
      vertex -62.5115 36.5617 0
    endloop
  endfacet
  facet normal 0 0 -1
    outer loop
      vertex -62.75 -34.75 0
      vertex -62.6901 -35.6637 0
      vertex -62.735 -35.2078 0
    endloop
  endfacet
  facet normal 0 0 -1
    outer loop
      vertex -62.5115 36.5617 0
      vertex -62.75 34.75 0
      vertex -62.6155 36.1156 0
    endloop
  endfacet
  facet normal 0 0 -1
    outer loop
      vertex -62.6155 36.1156 0
      vertex -62.75 34.75 0
      vertex -62.6901 35.6637 0
    endloop
  endfacet
  facet normal 0 0 -1
    outer loop
      vertex -62.6901 35.6637 0
      vertex -62.75 34.75 0
      vertex -62.735 35.2078 0
    endloop
  endfacet
  facet normal 0.956933 -0.29031 0
    outer loop
      vertex 62.3785 -37.0001 62
      vertex 62.5115 -36.5617 0
      vertex 62.5115 -36.5617 62
    endloop
  endfacet
  facet normal 0.956933 -0.29031 0
    outer loop
      vertex 62.5115 -36.5617 0
      vertex 62.3785 -37.0001 62
      vertex 62.3785 -37.0001 0
    endloop
  endfacet
  facet normal 0.973885 -0.227043 0
    outer loop
      vertex 62.5115 -36.5617 62
      vertex 62.6155 -36.1156 0
      vertex 62.6155 -36.1156 62
    endloop
  endfacet
  facet normal 0.973885 -0.227043 0
    outer loop
      vertex 62.6155 -36.1156 0
      vertex 62.5115 -36.5617 62
      vertex 62.5115 -36.5617 0
    endloop
  endfacet
  facet normal -0.683701 -0.729762 0
    outer loop
      vertex -60.6997 -39.6997 0
      vertex -60.3654 -40.0129 62
      vertex -60.6997 -39.6997 62
    endloop
  endfacet
  facet normal -0.683701 -0.729762 -0
    outer loop
      vertex -60.3654 -40.0129 62
      vertex -60.6997 -39.6997 0
      vertex -60.3654 -40.0129 0
    endloop
  endfacet
  facet normal 0.812833 0.582497 0
    outer loop
      vertex 61.5703 38.639 62
      vertex 61.3035 39.0113 0
      vertex 61.3035 39.0113 62
    endloop
  endfacet
  facet normal 0.812833 0.582497 0
    outer loop
      vertex 61.3035 39.0113 0
      vertex 61.5703 38.639 62
      vertex 61.5703 38.639 0
    endloop
  endfacet
  facet normal -0.582497 -0.812833 0
    outer loop
      vertex -60.0113 -40.3035 0
      vertex -59.639 -40.5703 62
      vertex -60.0113 -40.3035 62
    endloop
  endfacet
  facet normal -0.582497 -0.812833 -0
    outer loop
      vertex -59.639 -40.5703 62
      vertex -60.0113 -40.3035 0
      vertex -59.639 -40.5703 0
    endloop
  endfacet
  facet normal 0.935942 0.352154 0
    outer loop
      vertex -60.7542 -36.9399 62
      vertex -60.874 -36.6215 3.2
      vertex -60.874 -36.6215 62
    endloop
  endfacet
  facet normal 0.935942 0.352154 0
    outer loop
      vertex -60.874 -36.6215 3.2
      vertex -60.7542 -36.9399 62
      vertex -60.7542 -36.9399 3.2
    endloop
  endfacet
  facet normal 0.634326 0.773066 -0
    outer loop
      vertex -59.1156 -39.0754 3.2
      vertex -59.3786 -38.8596 62
      vertex -59.1156 -39.0754 62
    endloop
  endfacet
  facet normal 0.634326 0.773066 0
    outer loop
      vertex -59.3786 -38.8596 62
      vertex -59.1156 -39.0754 3.2
      vertex -59.3786 -38.8596 3.2
    endloop
  endfacet
  facet normal 0 1 -0
    outer loop
      vertex -37.3 -40.15 20
      vertex -44.05 -40.15 23.1177
      vertex -35.15 -40.15 23.1177
    endloop
  endfacet
  facet normal 0 1 0
    outer loop
      vertex -37.3 -40.15 20
      vertex -41.9 -40.15 20
      vertex -44.05 -40.15 23.1177
    endloop
  endfacet
  facet normal 0 1 0
    outer loop
      vertex -35.15 -40.15 16.8823
      vertex -41.9 -40.15 20
      vertex -37.3 -40.15 20
    endloop
  endfacet
  facet normal 0 1 0
    outer loop
      vertex -41.9 -40.15 20
      vertex -35.15 -40.15 16.8823
      vertex -44.05 -40.15 16.8823
    endloop
  endfacet
  facet normal 0 1 -0
    outer loop
      vertex -24.1 -40.15 20
      vertex -30.85 -40.15 23.1177
      vertex -21.95 -40.15 23.1177
    endloop
  endfacet
  facet normal 0 1 0
    outer loop
      vertex -24.1 -40.15 20
      vertex -28.7 -40.15 20
      vertex -30.85 -40.15 23.1177
    endloop
  endfacet
  facet normal 0 1 0
    outer loop
      vertex -21.95 -40.15 16.8823
      vertex -28.7 -40.15 20
      vertex -24.1 -40.15 20
    endloop
  endfacet
  facet normal 0 1 0
    outer loop
      vertex -28.7 -40.15 20
      vertex -21.95 -40.15 16.8823
      vertex -30.85 -40.15 16.8823
    endloop
  endfacet
  facet normal 0 1 -0
    outer loop
      vertex -10.9 -40.15 20
      vertex -17.65 -40.15 23.1177
      vertex -8.75 -40.15 23.1177
    endloop
  endfacet
  facet normal 0 1 0
    outer loop
      vertex -10.9 -40.15 20
      vertex -15.5 -40.15 20
      vertex -17.65 -40.15 23.1177
    endloop
  endfacet
  facet normal 0 1 0
    outer loop
      vertex -8.75 -40.15 16.8823
      vertex -15.5 -40.15 20
      vertex -10.9 -40.15 20
    endloop
  endfacet
  facet normal 0 1 0
    outer loop
      vertex -15.5 -40.15 20
      vertex -8.75 -40.15 16.8823
      vertex -17.65 -40.15 16.8823
    endloop
  endfacet
  facet normal 0 1 -0
    outer loop
      vertex 2.3 -40.15 20
      vertex -4.45 -40.15 23.1177
      vertex 4.45 -40.15 23.1177
    endloop
  endfacet
  facet normal 0 1 0
    outer loop
      vertex 2.3 -40.15 20
      vertex -2.3 -40.15 20
      vertex -4.45 -40.15 23.1177
    endloop
  endfacet
  facet normal 0 1 0
    outer loop
      vertex 4.45 -40.15 16.8823
      vertex -2.3 -40.15 20
      vertex 2.3 -40.15 20
    endloop
  endfacet
  facet normal 0 1 0
    outer loop
      vertex -2.3 -40.15 20
      vertex 4.45 -40.15 16.8823
      vertex -4.45 -40.15 16.8823
    endloop
  endfacet
  facet normal 0 1 -0
    outer loop
      vertex 15.5 -40.15 20
      vertex 8.75 -40.15 23.1177
      vertex 17.65 -40.15 23.1177
    endloop
  endfacet
  facet normal 0 1 0
    outer loop
      vertex 15.5 -40.15 20
      vertex 10.9 -40.15 20
      vertex 8.75 -40.15 23.1177
    endloop
  endfacet
  facet normal 0 1 0
    outer loop
      vertex 17.65 -40.15 16.8823
      vertex 10.9 -40.15 20
      vertex 15.5 -40.15 20
    endloop
  endfacet
  facet normal 0 1 0
    outer loop
      vertex 10.9 -40.15 20
      vertex 17.65 -40.15 16.8823
      vertex 8.75 -40.15 16.8823
    endloop
  endfacet
  facet normal 0 1 -0
    outer loop
      vertex 28.7 -40.15 20
      vertex 21.95 -40.15 23.1177
      vertex 30.85 -40.15 23.1177
    endloop
  endfacet
  facet normal 0 1 0
    outer loop
      vertex 28.7 -40.15 20
      vertex 24.1 -40.15 20
      vertex 21.95 -40.15 23.1177
    endloop
  endfacet
  facet normal 0 1 0
    outer loop
      vertex 30.85 -40.15 16.8823
      vertex 24.1 -40.15 20
      vertex 28.7 -40.15 20
    endloop
  endfacet
  facet normal 0 1 0
    outer loop
      vertex 24.1 -40.15 20
      vertex 30.85 -40.15 16.8823
      vertex 21.95 -40.15 16.8823
    endloop
  endfacet
  facet normal 0 1 -0
    outer loop
      vertex 41.9 -40.15 20
      vertex 35.15 -40.15 23.1177
      vertex 44.05 -40.15 23.1177
    endloop
  endfacet
  facet normal 0 1 0
    outer loop
      vertex 41.9 -40.15 20
      vertex 37.3 -40.15 20
      vertex 35.15 -40.15 23.1177
    endloop
  endfacet
  facet normal 0 1 0
    outer loop
      vertex 44.05 -40.15 16.8823
      vertex 37.3 -40.15 20
      vertex 41.9 -40.15 20
    endloop
  endfacet
  facet normal 0 1 0
    outer loop
      vertex 37.3 -40.15 20
      vertex 44.05 -40.15 16.8823
      vertex 35.15 -40.15 16.8823
    endloop
  endfacet
  facet normal 0 1 -0
    outer loop
      vertex -30.7 -40.15 33.6
      vertex -37.45 -40.15 36.7177
      vertex -28.55 -40.15 36.7177
    endloop
  endfacet
  facet normal 0 1 0
    outer loop
      vertex -30.7 -40.15 33.6
      vertex -35.3 -40.15 33.6
      vertex -37.45 -40.15 36.7177
    endloop
  endfacet
  facet normal 0 1 0
    outer loop
      vertex -28.55 -40.15 30.4823
      vertex -35.3 -40.15 33.6
      vertex -30.7 -40.15 33.6
    endloop
  endfacet
  facet normal 0 1 0
    outer loop
      vertex -35.3 -40.15 33.6
      vertex -28.55 -40.15 30.4823
      vertex -37.45 -40.15 30.4823
    endloop
  endfacet
  facet normal 0 1 -0
    outer loop
      vertex -17.5 -40.15 33.6
      vertex -24.25 -40.15 36.7177
      vertex -15.35 -40.15 36.7177
    endloop
  endfacet
  facet normal 0 1 0
    outer loop
      vertex -17.5 -40.15 33.6
      vertex -22.1 -40.15 33.6
      vertex -24.25 -40.15 36.7177
    endloop
  endfacet
  facet normal 0 1 0
    outer loop
      vertex -15.35 -40.15 30.4823
      vertex -22.1 -40.15 33.6
      vertex -17.5 -40.15 33.6
    endloop
  endfacet
  facet normal 0 1 0
    outer loop
      vertex -22.1 -40.15 33.6
      vertex -15.35 -40.15 30.4823
      vertex -24.25 -40.15 30.4823
    endloop
  endfacet
  facet normal 0 1 -0
    outer loop
      vertex -4.3 -40.15 33.6
      vertex -11.05 -40.15 36.7177
      vertex -2.15 -40.15 36.7177
    endloop
  endfacet
  facet normal 0 1 0
    outer loop
      vertex -4.3 -40.15 33.6
      vertex -8.9 -40.15 33.6
      vertex -11.05 -40.15 36.7177
    endloop
  endfacet
  facet normal 0 1 0
    outer loop
      vertex -2.15 -40.15 30.4823
      vertex -8.9 -40.15 33.6
      vertex -4.3 -40.15 33.6
    endloop
  endfacet
  facet normal 0 1 0
    outer loop
      vertex -8.9 -40.15 33.6
      vertex -2.15 -40.15 30.4823
      vertex -11.05 -40.15 30.4823
    endloop
  endfacet
  facet normal 0 1 -0
    outer loop
      vertex 8.9 -40.15 33.6
      vertex 2.15 -40.15 36.7177
      vertex 11.05 -40.15 36.7177
    endloop
  endfacet
  facet normal 0 1 0
    outer loop
      vertex 8.9 -40.15 33.6
      vertex 4.3 -40.15 33.6
      vertex 2.15 -40.15 36.7177
    endloop
  endfacet
  facet normal 0 1 0
    outer loop
      vertex 11.05 -40.15 30.4823
      vertex 4.3 -40.15 33.6
      vertex 8.9 -40.15 33.6
    endloop
  endfacet
  facet normal 0 1 0
    outer loop
      vertex 4.3 -40.15 33.6
      vertex 11.05 -40.15 30.4823
      vertex 2.15 -40.15 30.4823
    endloop
  endfacet
  facet normal 0 1 -0
    outer loop
      vertex 22.1 -40.15 33.6
      vertex 15.35 -40.15 36.7177
      vertex 24.25 -40.15 36.7177
    endloop
  endfacet
  facet normal 0 1 0
    outer loop
      vertex 22.1 -40.15 33.6
      vertex 17.5 -40.15 33.6
      vertex 15.35 -40.15 36.7177
    endloop
  endfacet
  facet normal 0 1 0
    outer loop
      vertex 24.25 -40.15 30.4823
      vertex 17.5 -40.15 33.6
      vertex 22.1 -40.15 33.6
    endloop
  endfacet
  facet normal 0 1 0
    outer loop
      vertex 17.5 -40.15 33.6
      vertex 24.25 -40.15 30.4823
      vertex 15.35 -40.15 30.4823
    endloop
  endfacet
  facet normal 0 1 -0
    outer loop
      vertex 35.3 -40.15 33.6
      vertex 28.55 -40.15 36.7177
      vertex 37.45 -40.15 36.7177
    endloop
  endfacet
  facet normal 0 1 0
    outer loop
      vertex 35.3 -40.15 33.6
      vertex 30.7 -40.15 33.6
      vertex 28.55 -40.15 36.7177
    endloop
  endfacet
  facet normal 0 1 0
    outer loop
      vertex 37.45 -40.15 30.4823
      vertex 30.7 -40.15 33.6
      vertex 35.3 -40.15 33.6
    endloop
  endfacet
  facet normal 0 1 0
    outer loop
      vertex 30.7 -40.15 33.6
      vertex 37.45 -40.15 30.4823
      vertex 28.55 -40.15 30.4823
    endloop
  endfacet
  facet normal 0 1 -0
    outer loop
      vertex -37.3 -40.15 47.2
      vertex -44.05 -40.15 50.3177
      vertex -35.15 -40.15 50.3177
    endloop
  endfacet
  facet normal 0 1 0
    outer loop
      vertex -37.3 -40.15 47.2
      vertex -41.9 -40.15 47.2
      vertex -44.05 -40.15 50.3177
    endloop
  endfacet
  facet normal 0 1 0
    outer loop
      vertex -35.15 -40.15 44.0823
      vertex -41.9 -40.15 47.2
      vertex -37.3 -40.15 47.2
    endloop
  endfacet
  facet normal 0 1 0
    outer loop
      vertex -41.9 -40.15 47.2
      vertex -35.15 -40.15 44.0823
      vertex -44.05 -40.15 44.0823
    endloop
  endfacet
  facet normal 0 1 -0
    outer loop
      vertex -24.1 -40.15 47.2
      vertex -30.85 -40.15 50.3177
      vertex -21.95 -40.15 50.3177
    endloop
  endfacet
  facet normal 0 1 0
    outer loop
      vertex -24.1 -40.15 47.2
      vertex -28.7 -40.15 47.2
      vertex -30.85 -40.15 50.3177
    endloop
  endfacet
  facet normal 0 1 0
    outer loop
      vertex -21.95 -40.15 44.0823
      vertex -28.7 -40.15 47.2
      vertex -24.1 -40.15 47.2
    endloop
  endfacet
  facet normal 0 1 0
    outer loop
      vertex -28.7 -40.15 47.2
      vertex -21.95 -40.15 44.0823
      vertex -30.85 -40.15 44.0823
    endloop
  endfacet
  facet normal 0 1 -0
    outer loop
      vertex -10.9 -40.15 47.2
      vertex -17.65 -40.15 50.3177
      vertex -8.75 -40.15 50.3177
    endloop
  endfacet
  facet normal 0 1 0
    outer loop
      vertex -10.9 -40.15 47.2
      vertex -15.5 -40.15 47.2
      vertex -17.65 -40.15 50.3177
    endloop
  endfacet
  facet normal 0 1 0
    outer loop
      vertex -8.75 -40.15 44.0823
      vertex -15.5 -40.15 47.2
      vertex -10.9 -40.15 47.2
    endloop
  endfacet
  facet normal 0 1 0
    outer loop
      vertex -15.5 -40.15 47.2
      vertex -8.75 -40.15 44.0823
      vertex -17.65 -40.15 44.0823
    endloop
  endfacet
  facet normal 0 1 -0
    outer loop
      vertex 2.3 -40.15 47.2
      vertex -4.45 -40.15 50.3177
      vertex 4.45 -40.15 50.3177
    endloop
  endfacet
  facet normal 0 1 0
    outer loop
      vertex 2.3 -40.15 47.2
      vertex -2.3 -40.15 47.2
      vertex -4.45 -40.15 50.3177
    endloop
  endfacet
  facet normal 0 1 0
    outer loop
      vertex 4.45 -40.15 44.0823
      vertex -2.3 -40.15 47.2
      vertex 2.3 -40.15 47.2
    endloop
  endfacet
  facet normal 0 1 0
    outer loop
      vertex -2.3 -40.15 47.2
      vertex 4.45 -40.15 44.0823
      vertex -4.45 -40.15 44.0823
    endloop
  endfacet
  facet normal 0 1 -0
    outer loop
      vertex 15.5 -40.15 47.2
      vertex 8.75 -40.15 50.3177
      vertex 17.65 -40.15 50.3177
    endloop
  endfacet
  facet normal 0 1 0
    outer loop
      vertex 15.5 -40.15 47.2
      vertex 10.9 -40.15 47.2
      vertex 8.75 -40.15 50.3177
    endloop
  endfacet
  facet normal 0 1 0
    outer loop
      vertex 17.65 -40.15 44.0823
      vertex 10.9 -40.15 47.2
      vertex 15.5 -40.15 47.2
    endloop
  endfacet
  facet normal 0 1 0
    outer loop
      vertex 10.9 -40.15 47.2
      vertex 17.65 -40.15 44.0823
      vertex 8.75 -40.15 44.0823
    endloop
  endfacet
  facet normal 0 1 -0
    outer loop
      vertex 28.7 -40.15 47.2
      vertex 21.95 -40.15 50.3177
      vertex 30.85 -40.15 50.3177
    endloop
  endfacet
  facet normal 0 1 0
    outer loop
      vertex 28.7 -40.15 47.2
      vertex 24.1 -40.15 47.2
      vertex 21.95 -40.15 50.3177
    endloop
  endfacet
  facet normal 0 1 0
    outer loop
      vertex 30.85 -40.15 44.0823
      vertex 24.1 -40.15 47.2
      vertex 28.7 -40.15 47.2
    endloop
  endfacet
  facet normal 0 1 0
    outer loop
      vertex 24.1 -40.15 47.2
      vertex 30.85 -40.15 44.0823
      vertex 21.95 -40.15 44.0823
    endloop
  endfacet
  facet normal 0 1 -0
    outer loop
      vertex 41.9 -40.15 47.2
      vertex 35.15 -40.15 50.3177
      vertex 44.05 -40.15 50.3177
    endloop
  endfacet
  facet normal 0 1 0
    outer loop
      vertex 41.9 -40.15 47.2
      vertex 37.3 -40.15 47.2
      vertex 35.15 -40.15 50.3177
    endloop
  endfacet
  facet normal 0 1 0
    outer loop
      vertex 44.05 -40.15 44.0823
      vertex 37.3 -40.15 47.2
      vertex 41.9 -40.15 47.2
    endloop
  endfacet
  facet normal 0 1 0
    outer loop
      vertex 37.3 -40.15 47.2
      vertex 44.05 -40.15 44.0823
      vertex 35.15 -40.15 44.0823
    endloop
  endfacet
  facet normal 0 1 0
    outer loop
      vertex 44.05 -40.15 50.3177
      vertex 55.95 -40.15 62
      vertex 48.35 -40.15 50.3177
    endloop
  endfacet
  facet normal 0 1 0
    outer loop
      vertex 55.95 -40.15 62
      vertex 50.5 -40.15 47.2
      vertex 48.35 -40.15 50.3177
    endloop
  endfacet
  facet normal 0 1 0
    outer loop
      vertex 41.75 -40.15 36.7177
      vertex 44.05 -40.15 44.0823
      vertex 48.35 -40.15 44.0823
    endloop
  endfacet
  facet normal 0 1 0
    outer loop
      vertex 44.05 -40.15 44.0823
      vertex 41.75 -40.15 36.7177
      vertex 35.15 -40.15 44.0823
    endloop
  endfacet
  facet normal 0 1 0
    outer loop
      vertex 35.15 -40.15 44.0823
      vertex 37.45 -40.15 36.7177
      vertex 30.85 -40.15 44.0823
    endloop
  endfacet
  facet normal 0 1 0
    outer loop
      vertex 28.55 -40.15 36.7177
      vertex 30.85 -40.15 44.0823
      vertex 37.45 -40.15 36.7177
    endloop
  endfacet
  facet normal 0 1 -0
    outer loop
      vertex 24.25 -40.15 36.7177
      vertex 21.95 -40.15 44.0823
      vertex 28.55 -40.15 36.7177
    endloop
  endfacet
  facet normal 0 1 0
    outer loop
      vertex 21.95 -40.15 44.0823
      vertex 24.25 -40.15 36.7177
      vertex 17.65 -40.15 44.0823
    endloop
  endfacet
  facet normal 0 1 0
    outer loop
      vertex 17.65 -40.15 44.0823
      vertex 15.35 -40.15 36.7177
      vertex 8.75 -40.15 44.0823
    endloop
  endfacet
  facet normal 0 1 -0
    outer loop
      vertex 11.05 -40.15 36.7177
      vertex 8.75 -40.15 44.0823
      vertex 15.35 -40.15 36.7177
    endloop
  endfacet
  facet normal 0 1 0
    outer loop
      vertex 2.15 -40.15 36.7177
      vertex 4.45 -40.15 44.0823
      vertex 11.05 -40.15 36.7177
    endloop
  endfacet
  facet normal 0 1 0
    outer loop
      vertex 4.45 -40.15 44.0823
      vertex 2.15 -40.15 36.7177
      vertex -4.45 -40.15 44.0823
    endloop
  endfacet
  facet normal 0 1 0
    outer loop
      vertex -4.45 -40.15 44.0823
      vertex -2.15 -40.15 36.7177
      vertex -8.75 -40.15 44.0823
    endloop
  endfacet
  facet normal 0 1 0
    outer loop
      vertex -11.05 -40.15 36.7177
      vertex -8.75 -40.15 44.0823
      vertex -2.15 -40.15 36.7177
    endloop
  endfacet
  facet normal 0 1 -0
    outer loop
      vertex -15.35 -40.15 36.7177
      vertex -17.65 -40.15 44.0823
      vertex -11.05 -40.15 36.7177
    endloop
  endfacet
  facet normal 0 1 0
    outer loop
      vertex -17.65 -40.15 44.0823
      vertex -15.35 -40.15 36.7177
      vertex -21.95 -40.15 44.0823
    endloop
  endfacet
  facet normal 0 1 0
    outer loop
      vertex 35.15 -40.15 44.0823
      vertex 41.75 -40.15 36.7177
      vertex 37.45 -40.15 36.7177
    endloop
  endfacet
  facet normal 0 1 0
    outer loop
      vertex 48.35 -40.15 44.0823
      vertex 43.9 -40.15 33.6
      vertex 41.75 -40.15 36.7177
    endloop
  endfacet
  facet normal 0 1 0
    outer loop
      vertex 48.35 -40.15 23.1177
      vertex 48.35 -40.15 44.0823
      vertex 50.5 -40.15 47.2
    endloop
  endfacet
  facet normal 0 1 0
    outer loop
      vertex 35.15 -40.15 23.1177
      vertex 37.45 -40.15 30.4823
      vertex 41.75 -40.15 30.4823
    endloop
  endfacet
  facet normal 0 1 0
    outer loop
      vertex 37.45 -40.15 30.4823
      vertex 35.15 -40.15 23.1177
      vertex 28.55 -40.15 30.4823
    endloop
  endfacet
  facet normal 0 1 0
    outer loop
      vertex 28.55 -40.15 30.4823
      vertex 30.85 -40.15 23.1177
      vertex 24.25 -40.15 30.4823
    endloop
  endfacet
  facet normal 0 1 0
    outer loop
      vertex 21.95 -40.15 23.1177
      vertex 24.25 -40.15 30.4823
      vertex 30.85 -40.15 23.1177
    endloop
  endfacet
  facet normal 0 1 -0
    outer loop
      vertex 17.65 -40.15 23.1177
      vertex 15.35 -40.15 30.4823
      vertex 21.95 -40.15 23.1177
    endloop
  endfacet
  facet normal 0 1 0
    outer loop
      vertex 15.35 -40.15 30.4823
      vertex 17.65 -40.15 23.1177
      vertex 11.05 -40.15 30.4823
    endloop
  endfacet
  facet normal 0 1 0
    outer loop
      vertex 11.05 -40.15 30.4823
      vertex 8.75 -40.15 23.1177
      vertex 2.15 -40.15 30.4823
    endloop
  endfacet
  facet normal 0 1 -0
    outer loop
      vertex 4.45 -40.15 23.1177
      vertex 2.15 -40.15 30.4823
      vertex 8.75 -40.15 23.1177
    endloop
  endfacet
  facet normal 0 1 0
    outer loop
      vertex -4.45 -40.15 23.1177
      vertex -2.15 -40.15 30.4823
      vertex 4.45 -40.15 23.1177
    endloop
  endfacet
  facet normal 0 1 0
    outer loop
      vertex -2.15 -40.15 30.4823
      vertex -4.45 -40.15 23.1177
      vertex -11.05 -40.15 30.4823
    endloop
  endfacet
  facet normal 0 1 0
    outer loop
      vertex -11.05 -40.15 30.4823
      vertex -8.75 -40.15 23.1177
      vertex -15.35 -40.15 30.4823
    endloop
  endfacet
  facet normal 0 1 0
    outer loop
      vertex -17.65 -40.15 23.1177
      vertex -15.35 -40.15 30.4823
      vertex -8.75 -40.15 23.1177
    endloop
  endfacet
  facet normal 0 1 -0
    outer loop
      vertex 44.05 -40.15 23.1177
      vertex 41.75 -40.15 30.4823
      vertex 48.35 -40.15 23.1177
    endloop
  endfacet
  facet normal 0 1 0
    outer loop
      vertex 43.9 -40.15 33.6
      vertex 48.35 -40.15 23.1177
      vertex 41.75 -40.15 30.4823
    endloop
  endfacet
  facet normal 0 1 0
    outer loop
      vertex 48.35 -40.15 44.0823
      vertex 48.35 -40.15 23.1177
      vertex 43.9 -40.15 33.6
    endloop
  endfacet
  facet normal 0 1 0
    outer loop
      vertex 50.5 -40.15 20
      vertex 50.5 -40.15 47.2
      vertex 55.95 -40.15 62
    endloop
  endfacet
  facet normal 0 1 0
    outer loop
      vertex 50.5 -40.15 47.2
      vertex 50.5 -40.15 20
      vertex 48.35 -40.15 23.1177
    endloop
  endfacet
  facet normal 0 1 0
    outer loop
      vertex 55.95 -40.15 3.2
      vertex 44.05 -40.15 16.8823
      vertex 48.35 -40.15 16.8823
    endloop
  endfacet
  facet normal 0 1 0
    outer loop
      vertex 44.05 -40.15 16.8823
      vertex 55.95 -40.15 3.2
      vertex 35.15 -40.15 16.8823
    endloop
  endfacet
  facet normal 0 1 0
    outer loop
      vertex 35.15 -40.15 16.8823
      vertex 55.95 -40.15 3.2
      vertex 30.85 -40.15 16.8823
    endloop
  endfacet
  facet normal 0 1 0
    outer loop
      vertex 30.85 -40.15 16.8823
      vertex 55.95 -40.15 3.2
      vertex 21.95 -40.15 16.8823
    endloop
  endfacet
  facet normal 0 1 0
    outer loop
      vertex 21.95 -40.15 16.8823
      vertex 55.95 -40.15 3.2
      vertex 17.65 -40.15 16.8823
    endloop
  endfacet
  facet normal 0 1 0
    outer loop
      vertex 17.65 -40.15 16.8823
      vertex 55.95 -40.15 3.2
      vertex 8.75 -40.15 16.8823
    endloop
  endfacet
  facet normal 0 1 0
    outer loop
      vertex 8.75 -40.15 16.8823
      vertex 55.95 -40.15 3.2
      vertex 4.45 -40.15 16.8823
    endloop
  endfacet
  facet normal 0 1 0
    outer loop
      vertex 4.45 -40.15 16.8823
      vertex 55.95 -40.15 3.2
      vertex -4.45 -40.15 16.8823
    endloop
  endfacet
  facet normal 0 1 0
    outer loop
      vertex -55.95 -40.15 3.2
      vertex -4.45 -40.15 16.8823
      vertex 55.95 -40.15 3.2
    endloop
  endfacet
  facet normal 0 1 0
    outer loop
      vertex -4.45 -40.15 16.8823
      vertex -55.95 -40.15 3.2
      vertex -8.75 -40.15 16.8823
    endloop
  endfacet
  facet normal 0 1 0
    outer loop
      vertex -8.75 -40.15 16.8823
      vertex -55.95 -40.15 3.2
      vertex -17.65 -40.15 16.8823
    endloop
  endfacet
  facet normal 0 1 0
    outer loop
      vertex -17.65 -40.15 16.8823
      vertex -55.95 -40.15 3.2
      vertex -21.95 -40.15 16.8823
    endloop
  endfacet
  facet normal 0 1 0
    outer loop
      vertex -21.95 -40.15 16.8823
      vertex -55.95 -40.15 3.2
      vertex -30.85 -40.15 16.8823
    endloop
  endfacet
  facet normal 0 1 0
    outer loop
      vertex -30.85 -40.15 16.8823
      vertex -55.95 -40.15 3.2
      vertex -35.15 -40.15 16.8823
    endloop
  endfacet
  facet normal 0 1 0
    outer loop
      vertex -35.15 -40.15 16.8823
      vertex -55.95 -40.15 3.2
      vertex -44.05 -40.15 16.8823
    endloop
  endfacet
  facet normal 0 1 0
    outer loop
      vertex 50.5 -40.15 20
      vertex 55.95 -40.15 3.2
      vertex 48.35 -40.15 16.8823
    endloop
  endfacet
  facet normal 0 1 -0
    outer loop
      vertex 55.95 -40.15 3.2
      vertex 50.5 -40.15 20
      vertex 55.95 -40.15 62
    endloop
  endfacet
  facet normal 0 1 0
    outer loop
      vertex 35.15 -40.15 50.3177
      vertex 55.95 -40.15 62
      vertex 44.05 -40.15 50.3177
    endloop
  endfacet
  facet normal 0 1 0
    outer loop
      vertex 30.85 -40.15 50.3177
      vertex 55.95 -40.15 62
      vertex 35.15 -40.15 50.3177
    endloop
  endfacet
  facet normal 0 1 0
    outer loop
      vertex 21.95 -40.15 50.3177
      vertex 55.95 -40.15 62
      vertex 30.85 -40.15 50.3177
    endloop
  endfacet
  facet normal 0 1 0
    outer loop
      vertex 17.65 -40.15 50.3177
      vertex 55.95 -40.15 62
      vertex 21.95 -40.15 50.3177
    endloop
  endfacet
  facet normal 0 1 0
    outer loop
      vertex 8.75 -40.15 50.3177
      vertex 55.95 -40.15 62
      vertex 17.65 -40.15 50.3177
    endloop
  endfacet
  facet normal 0 1 0
    outer loop
      vertex 4.45 -40.15 50.3177
      vertex 55.95 -40.15 62
      vertex 8.75 -40.15 50.3177
    endloop
  endfacet
  facet normal 0 1 0
    outer loop
      vertex 55.95 -40.15 62
      vertex 4.45 -40.15 50.3177
      vertex -55.95 -40.15 62
    endloop
  endfacet
  facet normal 0 1 -0
    outer loop
      vertex -4.45 -40.15 50.3177
      vertex -55.95 -40.15 62
      vertex 4.45 -40.15 50.3177
    endloop
  endfacet
  facet normal 0 1 -0
    outer loop
      vertex -8.75 -40.15 50.3177
      vertex -55.95 -40.15 62
      vertex -4.45 -40.15 50.3177
    endloop
  endfacet
  facet normal 0 1 -0
    outer loop
      vertex -17.65 -40.15 50.3177
      vertex -55.95 -40.15 62
      vertex -8.75 -40.15 50.3177
    endloop
  endfacet
  facet normal 0 1 -0
    outer loop
      vertex -21.95 -40.15 50.3177
      vertex -55.95 -40.15 62
      vertex -17.65 -40.15 50.3177
    endloop
  endfacet
  facet normal 0 1 -0
    outer loop
      vertex -30.85 -40.15 50.3177
      vertex -55.95 -40.15 62
      vertex -21.95 -40.15 50.3177
    endloop
  endfacet
  facet normal 0 1 -0
    outer loop
      vertex -35.15 -40.15 50.3177
      vertex -55.95 -40.15 62
      vertex -30.85 -40.15 50.3177
    endloop
  endfacet
  facet normal 0 1 -0
    outer loop
      vertex -44.05 -40.15 50.3177
      vertex -55.95 -40.15 62
      vertex -35.15 -40.15 50.3177
    endloop
  endfacet
  facet normal 0 1 -0
    outer loop
      vertex -48.35 -40.15 50.3177
      vertex -55.95 -40.15 62
      vertex -44.05 -40.15 50.3177
    endloop
  endfacet
  facet normal 0 1 -0
    outer loop
      vertex -50.5 -40.15 47.2
      vertex -55.95 -40.15 62
      vertex -48.35 -40.15 50.3177
    endloop
  endfacet
  facet normal 0 1 0
    outer loop
      vertex 30.85 -40.15 44.0823
      vertex 28.55 -40.15 36.7177
      vertex 21.95 -40.15 44.0823
    endloop
  endfacet
  facet normal 0 1 0
    outer loop
      vertex 15.35 -40.15 36.7177
      vertex 17.65 -40.15 44.0823
      vertex 24.25 -40.15 36.7177
    endloop
  endfacet
  facet normal 0 1 0
    outer loop
      vertex 8.75 -40.15 44.0823
      vertex 11.05 -40.15 36.7177
      vertex 4.45 -40.15 44.0823
    endloop
  endfacet
  facet normal 0 1 -0
    outer loop
      vertex -2.15 -40.15 36.7177
      vertex -4.45 -40.15 44.0823
      vertex 2.15 -40.15 36.7177
    endloop
  endfacet
  facet normal 0 1 0
    outer loop
      vertex -8.75 -40.15 44.0823
      vertex -11.05 -40.15 36.7177
      vertex -17.65 -40.15 44.0823
    endloop
  endfacet
  facet normal 0 1 0
    outer loop
      vertex -24.25 -40.15 36.7177
      vertex -21.95 -40.15 44.0823
      vertex -15.35 -40.15 36.7177
    endloop
  endfacet
  facet normal 0 1 0
    outer loop
      vertex -21.95 -40.15 44.0823
      vertex -24.25 -40.15 36.7177
      vertex -30.85 -40.15 44.0823
    endloop
  endfacet
  facet normal 0 1 -0
    outer loop
      vertex -28.55 -40.15 36.7177
      vertex -30.85 -40.15 44.0823
      vertex -24.25 -40.15 36.7177
    endloop
  endfacet
  facet normal 0 1 0
    outer loop
      vertex -30.85 -40.15 44.0823
      vertex -28.55 -40.15 36.7177
      vertex -35.15 -40.15 44.0823
    endloop
  endfacet
  facet normal 0 1 0
    outer loop
      vertex -37.45 -40.15 36.7177
      vertex -35.15 -40.15 44.0823
      vertex -28.55 -40.15 36.7177
    endloop
  endfacet
  facet normal 0 1 0
    outer loop
      vertex -35.15 -40.15 44.0823
      vertex -37.45 -40.15 36.7177
      vertex -44.05 -40.15 44.0823
    endloop
  endfacet
  facet normal 0 1 -0
    outer loop
      vertex -41.75 -40.15 36.7177
      vertex -44.05 -40.15 44.0823
      vertex -37.45 -40.15 36.7177
    endloop
  endfacet
  facet normal 0 1 0
    outer loop
      vertex -44.05 -40.15 44.0823
      vertex -41.75 -40.15 36.7177
      vertex -48.35 -40.15 44.0823
    endloop
  endfacet
  facet normal 0 1 -0
    outer loop
      vertex -43.9 -40.15 33.6
      vertex -48.35 -40.15 44.0823
      vertex -41.75 -40.15 36.7177
    endloop
  endfacet
  facet normal 0 1 0
    outer loop
      vertex -48.35 -40.15 23.1177
      vertex -48.35 -40.15 44.0823
      vertex -43.9 -40.15 33.6
    endloop
  endfacet
  facet normal 0 1 0
    outer loop
      vertex 35.15 -40.15 23.1177
      vertex 41.75 -40.15 30.4823
      vertex 44.05 -40.15 23.1177
    endloop
  endfacet
  facet normal 0 1 0
    outer loop
      vertex 28.55 -40.15 30.4823
      vertex 35.15 -40.15 23.1177
      vertex 30.85 -40.15 23.1177
    endloop
  endfacet
  facet normal 0 1 0
    outer loop
      vertex 24.25 -40.15 30.4823
      vertex 21.95 -40.15 23.1177
      vertex 15.35 -40.15 30.4823
    endloop
  endfacet
  facet normal 0 1 0
    outer loop
      vertex 8.75 -40.15 23.1177
      vertex 11.05 -40.15 30.4823
      vertex 17.65 -40.15 23.1177
    endloop
  endfacet
  facet normal 0 1 0
    outer loop
      vertex 2.15 -40.15 30.4823
      vertex 4.45 -40.15 23.1177
      vertex -2.15 -40.15 30.4823
    endloop
  endfacet
  facet normal 0 1 -0
    outer loop
      vertex -8.75 -40.15 23.1177
      vertex -11.05 -40.15 30.4823
      vertex -4.45 -40.15 23.1177
    endloop
  endfacet
  facet normal 0 1 0
    outer loop
      vertex -15.35 -40.15 30.4823
      vertex -17.65 -40.15 23.1177
      vertex -24.25 -40.15 30.4823
    endloop
  endfacet
  facet normal 0 1 -0
    outer loop
      vertex -21.95 -40.15 23.1177
      vertex -24.25 -40.15 30.4823
      vertex -17.65 -40.15 23.1177
    endloop
  endfacet
  facet normal 0 1 0
    outer loop
      vertex -24.25 -40.15 30.4823
      vertex -21.95 -40.15 23.1177
      vertex -28.55 -40.15 30.4823
    endloop
  endfacet
  facet normal 0 1 0
    outer loop
      vertex -30.85 -40.15 23.1177
      vertex -28.55 -40.15 30.4823
      vertex -21.95 -40.15 23.1177
    endloop
  endfacet
  facet normal 0 1 0
    outer loop
      vertex -28.55 -40.15 30.4823
      vertex -30.85 -40.15 23.1177
      vertex -37.45 -40.15 30.4823
    endloop
  endfacet
  facet normal 0 1 -0
    outer loop
      vertex -35.15 -40.15 23.1177
      vertex -37.45 -40.15 30.4823
      vertex -30.85 -40.15 23.1177
    endloop
  endfacet
  facet normal 0 1 0
    outer loop
      vertex -37.45 -40.15 30.4823
      vertex -35.15 -40.15 23.1177
      vertex -41.75 -40.15 30.4823
    endloop
  endfacet
  facet normal 0 1 0
    outer loop
      vertex -44.05 -40.15 23.1177
      vertex -41.75 -40.15 30.4823
      vertex -35.15 -40.15 23.1177
    endloop
  endfacet
  facet normal 0 1 0
    outer loop
      vertex -48.35 -40.15 23.1177
      vertex -41.75 -40.15 30.4823
      vertex -44.05 -40.15 23.1177
    endloop
  endfacet
  facet normal 0 1 0
    outer loop
      vertex -41.75 -40.15 30.4823
      vertex -48.35 -40.15 23.1177
      vertex -43.9 -40.15 33.6
    endloop
  endfacet
  facet normal 0 1 0
    outer loop
      vertex -48.35 -40.15 44.0823
      vertex -48.35 -40.15 23.1177
      vertex -50.5 -40.15 47.2
    endloop
  endfacet
  facet normal 0 1 0
    outer loop
      vertex -50.5 -40.15 20
      vertex -50.5 -40.15 47.2
      vertex -48.35 -40.15 23.1177
    endloop
  endfacet
  facet normal 0 1 0
    outer loop
      vertex -50.5 -40.15 47.2
      vertex -50.5 -40.15 20
      vertex -55.95 -40.15 62
    endloop
  endfacet
  facet normal 0 1 0
    outer loop
      vertex -50.5 -40.15 20
      vertex -55.95 -40.15 3.2
      vertex -55.95 -40.15 62
    endloop
  endfacet
  facet normal 0 1 0
    outer loop
      vertex -48.35 -40.15 16.8823
      vertex -55.95 -40.15 3.2
      vertex -50.5 -40.15 20
    endloop
  endfacet
  facet normal 0 1 0
    outer loop
      vertex -44.05 -40.15 16.8823
      vertex -55.95 -40.15 3.2
      vertex -48.35 -40.15 16.8823
    endloop
  endfacet
  facet normal -0.986663 0.162779 0
    outer loop
      vertex 61.0501 -35.9645 3.2
      vertex 61.1055 -35.6287 62
      vertex 61.1055 -35.6287 3.2
    endloop
  endfacet
  facet normal -0.986663 0.162779 0
    outer loop
      vertex 61.1055 -35.6287 62
      vertex 61.0501 -35.9645 3.2
      vertex 61.0501 -35.9645 62
    endloop
  endfacet
  facet normal 0.973859 0.227155 0
    outer loop
      vertex -60.9728 -36.2959 62
      vertex -61.0501 -35.9645 3.2
      vertex -61.0501 -35.9645 62
    endloop
  endfacet
  facet normal 0.973859 0.227155 0
    outer loop
      vertex -61.0501 -35.9645 3.2
      vertex -60.9728 -36.2959 62
      vertex -60.9728 -36.2959 3.2
    endloop
  endfacet
  facet normal 0.956916 0.290366 0
    outer loop
      vertex -60.874 -36.6215 62
      vertex -60.9728 -36.2959 3.2
      vertex -60.9728 -36.2959 62
    endloop
  endfacet
  facet normal 0.956916 0.290366 0
    outer loop
      vertex -60.9728 -36.2959 3.2
      vertex -60.874 -36.6215 62
      vertex -60.874 -36.6215 3.2
    endloop
  endfacet
  facet normal -0.773066 -0.634326 0
    outer loop
      vertex 60.0754 38.1156 3.2
      vertex 59.8596 38.3786 62
      vertex 59.8596 38.3786 3.2
    endloop
  endfacet
  facet normal -0.773066 -0.634326 0
    outer loop
      vertex 59.8596 38.3786 62
      vertex 60.0754 38.1156 3.2
      vertex 60.0754 38.1156 62
    endloop
  endfacet
  facet normal -0.352154 0.935942 0
    outer loop
      vertex 57.9399 -39.7542 3.2
      vertex 57.6215 -39.874 62
      vertex 57.9399 -39.7542 62
    endloop
  endfacet
  facet normal -0.352154 0.935942 0
    outer loop
      vertex 57.6215 -39.874 62
      vertex 57.9399 -39.7542 3.2
      vertex 57.6215 -39.874 3.2
    endloop
  endfacet
  facet normal 0.973859 -0.227155 0
    outer loop
      vertex -61.0501 35.9645 62
      vertex -60.9728 36.2959 3.2
      vertex -60.9728 36.2959 62
    endloop
  endfacet
  facet normal 0.973859 -0.227155 0
    outer loop
      vertex -60.9728 36.2959 3.2
      vertex -61.0501 35.9645 62
      vertex -61.0501 35.9645 3.2
    endloop
  endfacet
  facet normal -0.986663 -0.162779 0
    outer loop
      vertex 61.1055 35.6287 3.2
      vertex 61.0501 35.9645 62
      vertex 61.0501 35.9645 3.2
    endloop
  endfacet
  facet normal -0.986663 -0.162779 0
    outer loop
      vertex 61.0501 35.9645 62
      vertex 61.1055 35.6287 3.2
      vertex 61.1055 35.6287 62
    endloop
  endfacet
  facet normal 0.999468 0.0326201 0
    outer loop
      vertex -61.1389 -35.2901 62
      vertex -61.15 -34.95 3.2
      vertex -61.15 -34.95 62
    endloop
  endfacet
  facet normal 0.999468 0.0326201 0
    outer loop
      vertex -61.15 -34.95 3.2
      vertex -61.1389 -35.2901 62
      vertex -61.1389 -35.2901 3.2
    endloop
  endfacet
  facet normal 0.986663 0.162779 0
    outer loop
      vertex -61.0501 -35.9645 62
      vertex -61.1055 -35.6287 3.2
      vertex -61.1055 -35.6287 62
    endloop
  endfacet
  facet normal 0.986663 0.162779 0
    outer loop
      vertex -61.1055 -35.6287 3.2
      vertex -61.0501 -35.9645 62
      vertex -61.0501 -35.9645 3.2
    endloop
  endfacet
  facet normal -0.72994 -0.683511 0
    outer loop
      vertex 59.8596 38.3786 3.2
      vertex 59.627 38.627 62
      vertex 59.627 38.627 3.2
    endloop
  endfacet
  facet normal -0.72994 -0.683511 0
    outer loop
      vertex 59.627 38.627 62
      vertex 59.8596 38.3786 3.2
      vertex 59.8596 38.3786 62
    endloop
  endfacet
  facet normal 0.528043 -0.849218 0
    outer loop
      vertex -58.839 39.2736 3.2
      vertex -58.55 39.4533 62
      vertex -58.839 39.2736 62
    endloop
  endfacet
  facet normal 0.528043 -0.849218 0
    outer loop
      vertex -58.55 39.4533 62
      vertex -58.839 39.2736 3.2
      vertex -58.55 39.4533 3.2
    endloop
  endfacet
  facet normal -0.910819 -0.412807 0
    outer loop
      vertex 60.7542 36.9399 3.2
      vertex 60.6137 37.2499 62
      vertex 60.6137 37.2499 3.2
    endloop
  endfacet
  facet normal -0.910819 -0.412807 0
    outer loop
      vertex 60.6137 37.2499 62
      vertex 60.7542 36.9399 3.2
      vertex 60.7542 36.9399 62
    endloop
  endfacet
  facet normal 0.290366 -0.956916 0
    outer loop
      vertex -57.6215 39.874 3.2
      vertex -57.2959 39.9728 62
      vertex -57.6215 39.874 62
    endloop
  endfacet
  facet normal 0.290366 -0.956916 0
    outer loop
      vertex -57.2959 39.9728 62
      vertex -57.6215 39.874 3.2
      vertex -57.2959 39.9728 3.2
    endloop
  endfacet
  facet normal 0.412807 -0.910819 0
    outer loop
      vertex -58.2499 39.6137 3.2
      vertex -57.9399 39.7542 62
      vertex -58.2499 39.6137 62
    endloop
  endfacet
  facet normal 0.412807 -0.910819 0
    outer loop
      vertex -57.9399 39.7542 62
      vertex -58.2499 39.6137 3.2
      vertex -57.9399 39.7542 3.2
    endloop
  endfacet
  facet normal -0.973859 -0.227155 0
    outer loop
      vertex 61.0501 35.9645 3.2
      vertex 60.9728 36.2959 62
      vertex 60.9728 36.2959 3.2
    endloop
  endfacet
  facet normal -0.973859 -0.227155 0
    outer loop
      vertex 60.9728 36.2959 62
      vertex 61.0501 35.9645 3.2
      vertex 61.0501 35.9645 62
    endloop
  endfacet
  facet normal 0.582461 -0.812859 0
    outer loop
      vertex -59.1156 39.0754 3.2
      vertex -58.839 39.2736 62
      vertex -59.1156 39.0754 62
    endloop
  endfacet
  facet normal 0.582461 -0.812859 0
    outer loop
      vertex -58.839 39.2736 62
      vertex -59.1156 39.0754 3.2
      vertex -58.839 39.2736 3.2
    endloop
  endfacet
  facet normal -0.910819 0.412807 0
    outer loop
      vertex 60.6137 -37.2499 3.2
      vertex 60.7542 -36.9399 62
      vertex 60.7542 -36.9399 3.2
    endloop
  endfacet
  facet normal -0.910819 0.412807 0
    outer loop
      vertex 60.7542 -36.9399 62
      vertex 60.6137 -37.2499 3.2
      vertex 60.6137 -37.2499 62
    endloop
  endfacet
  facet normal 0 -1 0
    outer loop
      vertex 37.3 40.15 20
      vertex 44.05 40.15 23.1177
      vertex 35.15 40.15 23.1177
    endloop
  endfacet
  facet normal 0 -1 0
    outer loop
      vertex 37.3 40.15 20
      vertex 41.9 40.15 20
      vertex 44.05 40.15 23.1177
    endloop
  endfacet
  facet normal 0 -1 0
    outer loop
      vertex 35.15 40.15 16.8823
      vertex 41.9 40.15 20
      vertex 37.3 40.15 20
    endloop
  endfacet
  facet normal 0 -1 -0
    outer loop
      vertex 41.9 40.15 20
      vertex 35.15 40.15 16.8823
      vertex 44.05 40.15 16.8823
    endloop
  endfacet
  facet normal 0 -1 0
    outer loop
      vertex 24.1 40.15 20
      vertex 30.85 40.15 23.1177
      vertex 21.95 40.15 23.1177
    endloop
  endfacet
  facet normal 0 -1 0
    outer loop
      vertex 24.1 40.15 20
      vertex 28.7 40.15 20
      vertex 30.85 40.15 23.1177
    endloop
  endfacet
  facet normal 0 -1 0
    outer loop
      vertex 21.95 40.15 16.8823
      vertex 28.7 40.15 20
      vertex 24.1 40.15 20
    endloop
  endfacet
  facet normal 0 -1 -0
    outer loop
      vertex 28.7 40.15 20
      vertex 21.95 40.15 16.8823
      vertex 30.85 40.15 16.8823
    endloop
  endfacet
  facet normal 0 -1 0
    outer loop
      vertex 10.9 40.15 20
      vertex 17.65 40.15 23.1177
      vertex 8.75 40.15 23.1177
    endloop
  endfacet
  facet normal 0 -1 0
    outer loop
      vertex 10.9 40.15 20
      vertex 15.5 40.15 20
      vertex 17.65 40.15 23.1177
    endloop
  endfacet
  facet normal 0 -1 0
    outer loop
      vertex 8.75 40.15 16.8823
      vertex 15.5 40.15 20
      vertex 10.9 40.15 20
    endloop
  endfacet
  facet normal 0 -1 -0
    outer loop
      vertex 15.5 40.15 20
      vertex 8.75 40.15 16.8823
      vertex 17.65 40.15 16.8823
    endloop
  endfacet
  facet normal 0 -1 0
    outer loop
      vertex -2.3 40.15 20
      vertex 4.45 40.15 23.1177
      vertex -4.45 40.15 23.1177
    endloop
  endfacet
  facet normal 0 -1 0
    outer loop
      vertex -2.3 40.15 20
      vertex 2.3 40.15 20
      vertex 4.45 40.15 23.1177
    endloop
  endfacet
  facet normal 0 -1 0
    outer loop
      vertex -4.45 40.15 16.8823
      vertex 2.3 40.15 20
      vertex -2.3 40.15 20
    endloop
  endfacet
  facet normal 0 -1 -0
    outer loop
      vertex 2.3 40.15 20
      vertex -4.45 40.15 16.8823
      vertex 4.45 40.15 16.8823
    endloop
  endfacet
  facet normal 0 -1 0
    outer loop
      vertex -15.5 40.15 20
      vertex -8.75 40.15 23.1177
      vertex -17.65 40.15 23.1177
    endloop
  endfacet
  facet normal 0 -1 0
    outer loop
      vertex -15.5 40.15 20
      vertex -10.9 40.15 20
      vertex -8.75 40.15 23.1177
    endloop
  endfacet
  facet normal 0 -1 0
    outer loop
      vertex -17.65 40.15 16.8823
      vertex -10.9 40.15 20
      vertex -15.5 40.15 20
    endloop
  endfacet
  facet normal 0 -1 -0
    outer loop
      vertex -10.9 40.15 20
      vertex -17.65 40.15 16.8823
      vertex -8.75 40.15 16.8823
    endloop
  endfacet
  facet normal 0 -1 0
    outer loop
      vertex -28.7 40.15 20
      vertex -21.95 40.15 23.1177
      vertex -30.85 40.15 23.1177
    endloop
  endfacet
  facet normal 0 -1 0
    outer loop
      vertex -28.7 40.15 20
      vertex -24.1 40.15 20
      vertex -21.95 40.15 23.1177
    endloop
  endfacet
  facet normal 0 -1 0
    outer loop
      vertex -30.85 40.15 16.8823
      vertex -24.1 40.15 20
      vertex -28.7 40.15 20
    endloop
  endfacet
  facet normal 0 -1 -0
    outer loop
      vertex -24.1 40.15 20
      vertex -30.85 40.15 16.8823
      vertex -21.95 40.15 16.8823
    endloop
  endfacet
  facet normal 0 -1 0
    outer loop
      vertex -41.9 40.15 20
      vertex -35.15 40.15 23.1177
      vertex -44.05 40.15 23.1177
    endloop
  endfacet
  facet normal 0 -1 0
    outer loop
      vertex -41.9 40.15 20
      vertex -37.3 40.15 20
      vertex -35.15 40.15 23.1177
    endloop
  endfacet
  facet normal 0 -1 0
    outer loop
      vertex -44.05 40.15 16.8823
      vertex -37.3 40.15 20
      vertex -41.9 40.15 20
    endloop
  endfacet
  facet normal 0 -1 -0
    outer loop
      vertex -37.3 40.15 20
      vertex -44.05 40.15 16.8823
      vertex -35.15 40.15 16.8823
    endloop
  endfacet
  facet normal 0 -1 0
    outer loop
      vertex 30.7 40.15 33.6
      vertex 37.45 40.15 36.7177
      vertex 28.55 40.15 36.7177
    endloop
  endfacet
  facet normal 0 -1 0
    outer loop
      vertex 30.7 40.15 33.6
      vertex 35.3 40.15 33.6
      vertex 37.45 40.15 36.7177
    endloop
  endfacet
  facet normal 0 -1 0
    outer loop
      vertex 28.55 40.15 30.4823
      vertex 35.3 40.15 33.6
      vertex 30.7 40.15 33.6
    endloop
  endfacet
  facet normal 0 -1 -0
    outer loop
      vertex 35.3 40.15 33.6
      vertex 28.55 40.15 30.4823
      vertex 37.45 40.15 30.4823
    endloop
  endfacet
  facet normal 0 -1 0
    outer loop
      vertex 17.5 40.15 33.6
      vertex 24.25 40.15 36.7177
      vertex 15.35 40.15 36.7177
    endloop
  endfacet
  facet normal 0 -1 0
    outer loop
      vertex 17.5 40.15 33.6
      vertex 22.1 40.15 33.6
      vertex 24.25 40.15 36.7177
    endloop
  endfacet
  facet normal 0 -1 0
    outer loop
      vertex 15.35 40.15 30.4823
      vertex 22.1 40.15 33.6
      vertex 17.5 40.15 33.6
    endloop
  endfacet
  facet normal 0 -1 -0
    outer loop
      vertex 22.1 40.15 33.6
      vertex 15.35 40.15 30.4823
      vertex 24.25 40.15 30.4823
    endloop
  endfacet
  facet normal 0 -1 0
    outer loop
      vertex 4.3 40.15 33.6
      vertex 11.05 40.15 36.7177
      vertex 2.15 40.15 36.7177
    endloop
  endfacet
  facet normal 0 -1 0
    outer loop
      vertex 4.3 40.15 33.6
      vertex 8.9 40.15 33.6
      vertex 11.05 40.15 36.7177
    endloop
  endfacet
  facet normal 0 -1 0
    outer loop
      vertex 2.15 40.15 30.4823
      vertex 8.9 40.15 33.6
      vertex 4.3 40.15 33.6
    endloop
  endfacet
  facet normal 0 -1 -0
    outer loop
      vertex 8.9 40.15 33.6
      vertex 2.15 40.15 30.4823
      vertex 11.05 40.15 30.4823
    endloop
  endfacet
  facet normal 0 -1 0
    outer loop
      vertex -8.9 40.15 33.6
      vertex -2.15 40.15 36.7177
      vertex -11.05 40.15 36.7177
    endloop
  endfacet
  facet normal 0 -1 0
    outer loop
      vertex -8.9 40.15 33.6
      vertex -4.3 40.15 33.6
      vertex -2.15 40.15 36.7177
    endloop
  endfacet
  facet normal 0 -1 0
    outer loop
      vertex -11.05 40.15 30.4823
      vertex -4.3 40.15 33.6
      vertex -8.9 40.15 33.6
    endloop
  endfacet
  facet normal 0 -1 -0
    outer loop
      vertex -4.3 40.15 33.6
      vertex -11.05 40.15 30.4823
      vertex -2.15 40.15 30.4823
    endloop
  endfacet
  facet normal 0 -1 0
    outer loop
      vertex -22.1 40.15 33.6
      vertex -15.35 40.15 36.7177
      vertex -24.25 40.15 36.7177
    endloop
  endfacet
  facet normal 0 -1 0
    outer loop
      vertex -22.1 40.15 33.6
      vertex -17.5 40.15 33.6
      vertex -15.35 40.15 36.7177
    endloop
  endfacet
  facet normal 0 -1 0
    outer loop
      vertex -24.25 40.15 30.4823
      vertex -17.5 40.15 33.6
      vertex -22.1 40.15 33.6
    endloop
  endfacet
  facet normal 0 -1 -0
    outer loop
      vertex -17.5 40.15 33.6
      vertex -24.25 40.15 30.4823
      vertex -15.35 40.15 30.4823
    endloop
  endfacet
  facet normal 0 -1 0
    outer loop
      vertex -35.3 40.15 33.6
      vertex -28.55 40.15 36.7177
      vertex -37.45 40.15 36.7177
    endloop
  endfacet
  facet normal 0 -1 0
    outer loop
      vertex -35.3 40.15 33.6
      vertex -30.7 40.15 33.6
      vertex -28.55 40.15 36.7177
    endloop
  endfacet
  facet normal 0 -1 0
    outer loop
      vertex -37.45 40.15 30.4823
      vertex -30.7 40.15 33.6
      vertex -35.3 40.15 33.6
    endloop
  endfacet
  facet normal 0 -1 -0
    outer loop
      vertex -30.7 40.15 33.6
      vertex -37.45 40.15 30.4823
      vertex -28.55 40.15 30.4823
    endloop
  endfacet
  facet normal 0 -1 0
    outer loop
      vertex 37.3 40.15 47.2
      vertex 44.05 40.15 50.3177
      vertex 35.15 40.15 50.3177
    endloop
  endfacet
  facet normal 0 -1 0
    outer loop
      vertex 37.3 40.15 47.2
      vertex 41.9 40.15 47.2
      vertex 44.05 40.15 50.3177
    endloop
  endfacet
  facet normal 0 -1 0
    outer loop
      vertex 35.15 40.15 44.0823
      vertex 41.9 40.15 47.2
      vertex 37.3 40.15 47.2
    endloop
  endfacet
  facet normal 0 -1 -0
    outer loop
      vertex 41.9 40.15 47.2
      vertex 35.15 40.15 44.0823
      vertex 44.05 40.15 44.0823
    endloop
  endfacet
  facet normal 0 -1 0
    outer loop
      vertex 24.1 40.15 47.2
      vertex 30.85 40.15 50.3177
      vertex 21.95 40.15 50.3177
    endloop
  endfacet
  facet normal 0 -1 0
    outer loop
      vertex 24.1 40.15 47.2
      vertex 28.7 40.15 47.2
      vertex 30.85 40.15 50.3177
    endloop
  endfacet
  facet normal 0 -1 0
    outer loop
      vertex 21.95 40.15 44.0823
      vertex 28.7 40.15 47.2
      vertex 24.1 40.15 47.2
    endloop
  endfacet
  facet normal 0 -1 -0
    outer loop
      vertex 28.7 40.15 47.2
      vertex 21.95 40.15 44.0823
      vertex 30.85 40.15 44.0823
    endloop
  endfacet
  facet normal 0 -1 0
    outer loop
      vertex 10.9 40.15 47.2
      vertex 17.65 40.15 50.3177
      vertex 8.75 40.15 50.3177
    endloop
  endfacet
  facet normal 0 -1 0
    outer loop
      vertex 10.9 40.15 47.2
      vertex 15.5 40.15 47.2
      vertex 17.65 40.15 50.3177
    endloop
  endfacet
  facet normal 0 -1 0
    outer loop
      vertex 8.75 40.15 44.0823
      vertex 15.5 40.15 47.2
      vertex 10.9 40.15 47.2
    endloop
  endfacet
  facet normal 0 -1 -0
    outer loop
      vertex 15.5 40.15 47.2
      vertex 8.75 40.15 44.0823
      vertex 17.65 40.15 44.0823
    endloop
  endfacet
  facet normal 0 -1 0
    outer loop
      vertex -2.3 40.15 47.2
      vertex 4.45 40.15 50.3177
      vertex -4.45 40.15 50.3177
    endloop
  endfacet
  facet normal 0 -1 0
    outer loop
      vertex -2.3 40.15 47.2
      vertex 2.3 40.15 47.2
      vertex 4.45 40.15 50.3177
    endloop
  endfacet
  facet normal 0 -1 0
    outer loop
      vertex -4.45 40.15 44.0823
      vertex 2.3 40.15 47.2
      vertex -2.3 40.15 47.2
    endloop
  endfacet
  facet normal 0 -1 -0
    outer loop
      vertex 2.3 40.15 47.2
      vertex -4.45 40.15 44.0823
      vertex 4.45 40.15 44.0823
    endloop
  endfacet
  facet normal 0 -1 0
    outer loop
      vertex -15.5 40.15 47.2
      vertex -8.75 40.15 50.3177
      vertex -17.65 40.15 50.3177
    endloop
  endfacet
  facet normal 0 -1 0
    outer loop
      vertex -15.5 40.15 47.2
      vertex -10.9 40.15 47.2
      vertex -8.75 40.15 50.3177
    endloop
  endfacet
  facet normal 0 -1 0
    outer loop
      vertex -17.65 40.15 44.0823
      vertex -10.9 40.15 47.2
      vertex -15.5 40.15 47.2
    endloop
  endfacet
  facet normal 0 -1 -0
    outer loop
      vertex -10.9 40.15 47.2
      vertex -17.65 40.15 44.0823
      vertex -8.75 40.15 44.0823
    endloop
  endfacet
  facet normal 0 -1 0
    outer loop
      vertex -28.7 40.15 47.2
      vertex -21.95 40.15 50.3177
      vertex -30.85 40.15 50.3177
    endloop
  endfacet
  facet normal 0 -1 0
    outer loop
      vertex -28.7 40.15 47.2
      vertex -24.1 40.15 47.2
      vertex -21.95 40.15 50.3177
    endloop
  endfacet
  facet normal 0 -1 0
    outer loop
      vertex -30.85 40.15 44.0823
      vertex -24.1 40.15 47.2
      vertex -28.7 40.15 47.2
    endloop
  endfacet
  facet normal 0 -1 -0
    outer loop
      vertex -24.1 40.15 47.2
      vertex -30.85 40.15 44.0823
      vertex -21.95 40.15 44.0823
    endloop
  endfacet
  facet normal 0 -1 0
    outer loop
      vertex -41.9 40.15 47.2
      vertex -35.15 40.15 50.3177
      vertex -44.05 40.15 50.3177
    endloop
  endfacet
  facet normal 0 -1 0
    outer loop
      vertex -41.9 40.15 47.2
      vertex -37.3 40.15 47.2
      vertex -35.15 40.15 50.3177
    endloop
  endfacet
  facet normal 0 -1 0
    outer loop
      vertex -44.05 40.15 44.0823
      vertex -37.3 40.15 47.2
      vertex -41.9 40.15 47.2
    endloop
  endfacet
  facet normal 0 -1 -0
    outer loop
      vertex -37.3 40.15 47.2
      vertex -44.05 40.15 44.0823
      vertex -35.15 40.15 44.0823
    endloop
  endfacet
  facet normal 0 -1 0
    outer loop
      vertex -44.05 40.15 50.3177
      vertex -55.95 40.15 62
      vertex -48.35 40.15 50.3177
    endloop
  endfacet
  facet normal 0 -1 0
    outer loop
      vertex -55.95 40.15 62
      vertex -50.5 40.15 47.2
      vertex -48.35 40.15 50.3177
    endloop
  endfacet
  facet normal 0 -1 0
    outer loop
      vertex -41.75 40.15 36.7177
      vertex -44.05 40.15 44.0823
      vertex -48.35 40.15 44.0823
    endloop
  endfacet
  facet normal 0 -1 0
    outer loop
      vertex -44.05 40.15 44.0823
      vertex -41.75 40.15 36.7177
      vertex -35.15 40.15 44.0823
    endloop
  endfacet
  facet normal 0 -1 -0
    outer loop
      vertex -35.15 40.15 44.0823
      vertex -37.45 40.15 36.7177
      vertex -30.85 40.15 44.0823
    endloop
  endfacet
  facet normal 0 -1 0
    outer loop
      vertex -28.55 40.15 36.7177
      vertex -30.85 40.15 44.0823
      vertex -37.45 40.15 36.7177
    endloop
  endfacet
  facet normal 0 -1 0
    outer loop
      vertex -24.25 40.15 36.7177
      vertex -21.95 40.15 44.0823
      vertex -28.55 40.15 36.7177
    endloop
  endfacet
  facet normal 0 -1 -0
    outer loop
      vertex -21.95 40.15 44.0823
      vertex -24.25 40.15 36.7177
      vertex -17.65 40.15 44.0823
    endloop
  endfacet
  facet normal 0 -1 0
    outer loop
      vertex -17.65 40.15 44.0823
      vertex -15.35 40.15 36.7177
      vertex -8.75 40.15 44.0823
    endloop
  endfacet
  facet normal 0 -1 0
    outer loop
      vertex -11.05 40.15 36.7177
      vertex -8.75 40.15 44.0823
      vertex -15.35 40.15 36.7177
    endloop
  endfacet
  facet normal 0 -1 0
    outer loop
      vertex -2.15 40.15 36.7177
      vertex -4.45 40.15 44.0823
      vertex -11.05 40.15 36.7177
    endloop
  endfacet
  facet normal 0 -1 0
    outer loop
      vertex -4.45 40.15 44.0823
      vertex -2.15 40.15 36.7177
      vertex 4.45 40.15 44.0823
    endloop
  endfacet
  facet normal 0 -1 -0
    outer loop
      vertex 4.45 40.15 44.0823
      vertex 2.15 40.15 36.7177
      vertex 8.75 40.15 44.0823
    endloop
  endfacet
  facet normal 0 -1 0
    outer loop
      vertex 11.05 40.15 36.7177
      vertex 8.75 40.15 44.0823
      vertex 2.15 40.15 36.7177
    endloop
  endfacet
  facet normal 0 -1 0
    outer loop
      vertex 15.35 40.15 36.7177
      vertex 17.65 40.15 44.0823
      vertex 11.05 40.15 36.7177
    endloop
  endfacet
  facet normal 0 -1 -0
    outer loop
      vertex 17.65 40.15 44.0823
      vertex 15.35 40.15 36.7177
      vertex 21.95 40.15 44.0823
    endloop
  endfacet
  facet normal 0 -1 0
    outer loop
      vertex -35.15 40.15 44.0823
      vertex -41.75 40.15 36.7177
      vertex -37.45 40.15 36.7177
    endloop
  endfacet
  facet normal 0 -1 0
    outer loop
      vertex -48.35 40.15 44.0823
      vertex -43.9 40.15 33.6
      vertex -41.75 40.15 36.7177
    endloop
  endfacet
  facet normal 0 -1 0
    outer loop
      vertex -48.35 40.15 23.1177
      vertex -48.35 40.15 44.0823
      vertex -50.5 40.15 47.2
    endloop
  endfacet
  facet normal 0 -1 0
    outer loop
      vertex -35.15 40.15 23.1177
      vertex -37.45 40.15 30.4823
      vertex -41.75 40.15 30.4823
    endloop
  endfacet
  facet normal 0 -1 0
    outer loop
      vertex -37.45 40.15 30.4823
      vertex -35.15 40.15 23.1177
      vertex -28.55 40.15 30.4823
    endloop
  endfacet
  facet normal 0 -1 -0
    outer loop
      vertex -28.55 40.15 30.4823
      vertex -30.85 40.15 23.1177
      vertex -24.25 40.15 30.4823
    endloop
  endfacet
  facet normal 0 -1 0
    outer loop
      vertex -21.95 40.15 23.1177
      vertex -24.25 40.15 30.4823
      vertex -30.85 40.15 23.1177
    endloop
  endfacet
  facet normal 0 -1 0
    outer loop
      vertex -17.65 40.15 23.1177
      vertex -15.35 40.15 30.4823
      vertex -21.95 40.15 23.1177
    endloop
  endfacet
  facet normal 0 -1 -0
    outer loop
      vertex -15.35 40.15 30.4823
      vertex -17.65 40.15 23.1177
      vertex -11.05 40.15 30.4823
    endloop
  endfacet
  facet normal 0 -1 0
    outer loop
      vertex -11.05 40.15 30.4823
      vertex -8.75 40.15 23.1177
      vertex -2.15 40.15 30.4823
    endloop
  endfacet
  facet normal 0 -1 0
    outer loop
      vertex -4.45 40.15 23.1177
      vertex -2.15 40.15 30.4823
      vertex -8.75 40.15 23.1177
    endloop
  endfacet
  facet normal 0 -1 0
    outer loop
      vertex 4.45 40.15 23.1177
      vertex 2.15 40.15 30.4823
      vertex -4.45 40.15 23.1177
    endloop
  endfacet
  facet normal 0 -1 0
    outer loop
      vertex 2.15 40.15 30.4823
      vertex 4.45 40.15 23.1177
      vertex 11.05 40.15 30.4823
    endloop
  endfacet
  facet normal 0 -1 -0
    outer loop
      vertex 11.05 40.15 30.4823
      vertex 8.75 40.15 23.1177
      vertex 15.35 40.15 30.4823
    endloop
  endfacet
  facet normal 0 -1 0
    outer loop
      vertex 17.65 40.15 23.1177
      vertex 15.35 40.15 30.4823
      vertex 8.75 40.15 23.1177
    endloop
  endfacet
  facet normal 0 -1 0
    outer loop
      vertex -44.05 40.15 23.1177
      vertex -41.75 40.15 30.4823
      vertex -48.35 40.15 23.1177
    endloop
  endfacet
  facet normal 0 -1 -0
    outer loop
      vertex -43.9 40.15 33.6
      vertex -48.35 40.15 23.1177
      vertex -41.75 40.15 30.4823
    endloop
  endfacet
  facet normal 0 -1 0
    outer loop
      vertex -48.35 40.15 44.0823
      vertex -48.35 40.15 23.1177
      vertex -43.9 40.15 33.6
    endloop
  endfacet
  facet normal 0 -1 0
    outer loop
      vertex -50.5 40.15 20
      vertex -50.5 40.15 47.2
      vertex -55.95 40.15 62
    endloop
  endfacet
  facet normal 0 -1 0
    outer loop
      vertex -50.5 40.15 47.2
      vertex -50.5 40.15 20
      vertex -48.35 40.15 23.1177
    endloop
  endfacet
  facet normal 0 -1 0
    outer loop
      vertex -55.95 40.15 3.2
      vertex -44.05 40.15 16.8823
      vertex -48.35 40.15 16.8823
    endloop
  endfacet
  facet normal 0 -1 -0
    outer loop
      vertex -44.05 40.15 16.8823
      vertex -55.95 40.15 3.2
      vertex -35.15 40.15 16.8823
    endloop
  endfacet
  facet normal 0 -1 -0
    outer loop
      vertex -35.15 40.15 16.8823
      vertex -55.95 40.15 3.2
      vertex -30.85 40.15 16.8823
    endloop
  endfacet
  facet normal 0 -1 -0
    outer loop
      vertex -30.85 40.15 16.8823
      vertex -55.95 40.15 3.2
      vertex -21.95 40.15 16.8823
    endloop
  endfacet
  facet normal 0 -1 -0
    outer loop
      vertex -21.95 40.15 16.8823
      vertex -55.95 40.15 3.2
      vertex -17.65 40.15 16.8823
    endloop
  endfacet
  facet normal 0 -1 -0
    outer loop
      vertex -17.65 40.15 16.8823
      vertex -55.95 40.15 3.2
      vertex -8.75 40.15 16.8823
    endloop
  endfacet
  facet normal 0 -1 -0
    outer loop
      vertex -8.75 40.15 16.8823
      vertex -55.95 40.15 3.2
      vertex -4.45 40.15 16.8823
    endloop
  endfacet
  facet normal 0 -1 -0
    outer loop
      vertex -4.45 40.15 16.8823
      vertex -55.95 40.15 3.2
      vertex 4.45 40.15 16.8823
    endloop
  endfacet
  facet normal 0 -1 0
    outer loop
      vertex 55.95 40.15 3.2
      vertex 4.45 40.15 16.8823
      vertex -55.95 40.15 3.2
    endloop
  endfacet
  facet normal 0 -1 0
    outer loop
      vertex 4.45 40.15 16.8823
      vertex 55.95 40.15 3.2
      vertex 8.75 40.15 16.8823
    endloop
  endfacet
  facet normal 0 -1 0
    outer loop
      vertex 8.75 40.15 16.8823
      vertex 55.95 40.15 3.2
      vertex 17.65 40.15 16.8823
    endloop
  endfacet
  facet normal 0 -1 0
    outer loop
      vertex 17.65 40.15 16.8823
      vertex 55.95 40.15 3.2
      vertex 21.95 40.15 16.8823
    endloop
  endfacet
  facet normal 0 -1 0
    outer loop
      vertex 21.95 40.15 16.8823
      vertex 55.95 40.15 3.2
      vertex 30.85 40.15 16.8823
    endloop
  endfacet
  facet normal 0 -1 0
    outer loop
      vertex 30.85 40.15 16.8823
      vertex 55.95 40.15 3.2
      vertex 35.15 40.15 16.8823
    endloop
  endfacet
  facet normal 0 -1 0
    outer loop
      vertex 35.15 40.15 16.8823
      vertex 55.95 40.15 3.2
      vertex 44.05 40.15 16.8823
    endloop
  endfacet
  facet normal 0 -1 -0
    outer loop
      vertex -50.5 40.15 20
      vertex -55.95 40.15 3.2
      vertex -48.35 40.15 16.8823
    endloop
  endfacet
  facet normal 0 -1 0
    outer loop
      vertex -55.95 40.15 3.2
      vertex -50.5 40.15 20
      vertex -55.95 40.15 62
    endloop
  endfacet
  facet normal 0 -1 0
    outer loop
      vertex -35.15 40.15 50.3177
      vertex -55.95 40.15 62
      vertex -44.05 40.15 50.3177
    endloop
  endfacet
  facet normal 0 -1 0
    outer loop
      vertex -30.85 40.15 50.3177
      vertex -55.95 40.15 62
      vertex -35.15 40.15 50.3177
    endloop
  endfacet
  facet normal 0 -1 0
    outer loop
      vertex -21.95 40.15 50.3177
      vertex -55.95 40.15 62
      vertex -30.85 40.15 50.3177
    endloop
  endfacet
  facet normal 0 -1 0
    outer loop
      vertex -17.65 40.15 50.3177
      vertex -55.95 40.15 62
      vertex -21.95 40.15 50.3177
    endloop
  endfacet
  facet normal 0 -1 0
    outer loop
      vertex -8.75 40.15 50.3177
      vertex -55.95 40.15 62
      vertex -17.65 40.15 50.3177
    endloop
  endfacet
  facet normal 0 -1 0
    outer loop
      vertex -4.45 40.15 50.3177
      vertex -55.95 40.15 62
      vertex -8.75 40.15 50.3177
    endloop
  endfacet
  facet normal 0 -1 0
    outer loop
      vertex -55.95 40.15 62
      vertex -4.45 40.15 50.3177
      vertex 55.95 40.15 62
    endloop
  endfacet
  facet normal 0 -1 0
    outer loop
      vertex 4.45 40.15 50.3177
      vertex 55.95 40.15 62
      vertex -4.45 40.15 50.3177
    endloop
  endfacet
  facet normal 0 -1 0
    outer loop
      vertex 8.75 40.15 50.3177
      vertex 55.95 40.15 62
      vertex 4.45 40.15 50.3177
    endloop
  endfacet
  facet normal 0 -1 0
    outer loop
      vertex 17.65 40.15 50.3177
      vertex 55.95 40.15 62
      vertex 8.75 40.15 50.3177
    endloop
  endfacet
  facet normal 0 -1 0
    outer loop
      vertex 21.95 40.15 50.3177
      vertex 55.95 40.15 62
      vertex 17.65 40.15 50.3177
    endloop
  endfacet
  facet normal 0 -1 0
    outer loop
      vertex 30.85 40.15 50.3177
      vertex 55.95 40.15 62
      vertex 21.95 40.15 50.3177
    endloop
  endfacet
  facet normal 0 -1 0
    outer loop
      vertex 35.15 40.15 50.3177
      vertex 55.95 40.15 62
      vertex 30.85 40.15 50.3177
    endloop
  endfacet
  facet normal 0 -1 0
    outer loop
      vertex 44.05 40.15 50.3177
      vertex 55.95 40.15 62
      vertex 35.15 40.15 50.3177
    endloop
  endfacet
  facet normal 0 -1 0
    outer loop
      vertex 48.35 40.15 50.3177
      vertex 55.95 40.15 62
      vertex 44.05 40.15 50.3177
    endloop
  endfacet
  facet normal 0 -1 0
    outer loop
      vertex 50.5 40.15 47.2
      vertex 55.95 40.15 62
      vertex 48.35 40.15 50.3177
    endloop
  endfacet
  facet normal 0 -1 0
    outer loop
      vertex -30.85 40.15 44.0823
      vertex -28.55 40.15 36.7177
      vertex -21.95 40.15 44.0823
    endloop
  endfacet
  facet normal 0 -1 0
    outer loop
      vertex -15.35 40.15 36.7177
      vertex -17.65 40.15 44.0823
      vertex -24.25 40.15 36.7177
    endloop
  endfacet
  facet normal 0 -1 -0
    outer loop
      vertex -8.75 40.15 44.0823
      vertex -11.05 40.15 36.7177
      vertex -4.45 40.15 44.0823
    endloop
  endfacet
  facet normal 0 -1 0
    outer loop
      vertex 2.15 40.15 36.7177
      vertex 4.45 40.15 44.0823
      vertex -2.15 40.15 36.7177
    endloop
  endfacet
  facet normal 0 -1 0
    outer loop
      vertex 8.75 40.15 44.0823
      vertex 11.05 40.15 36.7177
      vertex 17.65 40.15 44.0823
    endloop
  endfacet
  facet normal 0 -1 0
    outer loop
      vertex 24.25 40.15 36.7177
      vertex 21.95 40.15 44.0823
      vertex 15.35 40.15 36.7177
    endloop
  endfacet
  facet normal 0 -1 0
    outer loop
      vertex 21.95 40.15 44.0823
      vertex 24.25 40.15 36.7177
      vertex 30.85 40.15 44.0823
    endloop
  endfacet
  facet normal 0 -1 0
    outer loop
      vertex 28.55 40.15 36.7177
      vertex 30.85 40.15 44.0823
      vertex 24.25 40.15 36.7177
    endloop
  endfacet
  facet normal 0 -1 -0
    outer loop
      vertex 30.85 40.15 44.0823
      vertex 28.55 40.15 36.7177
      vertex 35.15 40.15 44.0823
    endloop
  endfacet
  facet normal 0 -1 0
    outer loop
      vertex 37.45 40.15 36.7177
      vertex 35.15 40.15 44.0823
      vertex 28.55 40.15 36.7177
    endloop
  endfacet
  facet normal 0 -1 0
    outer loop
      vertex 35.15 40.15 44.0823
      vertex 37.45 40.15 36.7177
      vertex 44.05 40.15 44.0823
    endloop
  endfacet
  facet normal 0 -1 0
    outer loop
      vertex 41.75 40.15 36.7177
      vertex 44.05 40.15 44.0823
      vertex 37.45 40.15 36.7177
    endloop
  endfacet
  facet normal 0 -1 -0
    outer loop
      vertex 44.05 40.15 44.0823
      vertex 41.75 40.15 36.7177
      vertex 48.35 40.15 44.0823
    endloop
  endfacet
  facet normal 0 -1 0
    outer loop
      vertex 43.9 40.15 33.6
      vertex 48.35 40.15 44.0823
      vertex 41.75 40.15 36.7177
    endloop
  endfacet
  facet normal 0 -1 0
    outer loop
      vertex 48.35 40.15 23.1177
      vertex 48.35 40.15 44.0823
      vertex 43.9 40.15 33.6
    endloop
  endfacet
  facet normal 0 -1 0
    outer loop
      vertex -35.15 40.15 23.1177
      vertex -41.75 40.15 30.4823
      vertex -44.05 40.15 23.1177
    endloop
  endfacet
  facet normal 0 -1 0
    outer loop
      vertex -28.55 40.15 30.4823
      vertex -35.15 40.15 23.1177
      vertex -30.85 40.15 23.1177
    endloop
  endfacet
  facet normal 0 -1 0
    outer loop
      vertex -24.25 40.15 30.4823
      vertex -21.95 40.15 23.1177
      vertex -15.35 40.15 30.4823
    endloop
  endfacet
  facet normal 0 -1 0
    outer loop
      vertex -8.75 40.15 23.1177
      vertex -11.05 40.15 30.4823
      vertex -17.65 40.15 23.1177
    endloop
  endfacet
  facet normal 0 -1 -0
    outer loop
      vertex -2.15 40.15 30.4823
      vertex -4.45 40.15 23.1177
      vertex 2.15 40.15 30.4823
    endloop
  endfacet
  facet normal 0 -1 0
    outer loop
      vertex 8.75 40.15 23.1177
      vertex 11.05 40.15 30.4823
      vertex 4.45 40.15 23.1177
    endloop
  endfacet
  facet normal 0 -1 0
    outer loop
      vertex 15.35 40.15 30.4823
      vertex 17.65 40.15 23.1177
      vertex 24.25 40.15 30.4823
    endloop
  endfacet
  facet normal 0 -1 0
    outer loop
      vertex 21.95 40.15 23.1177
      vertex 24.25 40.15 30.4823
      vertex 17.65 40.15 23.1177
    endloop
  endfacet
  facet normal 0 -1 -0
    outer loop
      vertex 24.25 40.15 30.4823
      vertex 21.95 40.15 23.1177
      vertex 28.55 40.15 30.4823
    endloop
  endfacet
  facet normal 0 -1 0
    outer loop
      vertex 30.85 40.15 23.1177
      vertex 28.55 40.15 30.4823
      vertex 21.95 40.15 23.1177
    endloop
  endfacet
  facet normal 0 -1 0
    outer loop
      vertex 28.55 40.15 30.4823
      vertex 30.85 40.15 23.1177
      vertex 37.45 40.15 30.4823
    endloop
  endfacet
  facet normal 0 -1 0
    outer loop
      vertex 35.15 40.15 23.1177
      vertex 37.45 40.15 30.4823
      vertex 30.85 40.15 23.1177
    endloop
  endfacet
  facet normal 0 -1 -0
    outer loop
      vertex 37.45 40.15 30.4823
      vertex 35.15 40.15 23.1177
      vertex 41.75 40.15 30.4823
    endloop
  endfacet
  facet normal 0 -1 0
    outer loop
      vertex 44.05 40.15 23.1177
      vertex 41.75 40.15 30.4823
      vertex 35.15 40.15 23.1177
    endloop
  endfacet
  facet normal 0 -1 0
    outer loop
      vertex 48.35 40.15 23.1177
      vertex 41.75 40.15 30.4823
      vertex 44.05 40.15 23.1177
    endloop
  endfacet
  facet normal 0 -1 0
    outer loop
      vertex 41.75 40.15 30.4823
      vertex 48.35 40.15 23.1177
      vertex 43.9 40.15 33.6
    endloop
  endfacet
  facet normal 0 -1 0
    outer loop
      vertex 48.35 40.15 44.0823
      vertex 48.35 40.15 23.1177
      vertex 50.5 40.15 47.2
    endloop
  endfacet
  facet normal 0 -1 0
    outer loop
      vertex 50.5 40.15 20
      vertex 50.5 40.15 47.2
      vertex 48.35 40.15 23.1177
    endloop
  endfacet
  facet normal 0 -1 0
    outer loop
      vertex 50.5 40.15 47.2
      vertex 50.5 40.15 20
      vertex 55.95 40.15 62
    endloop
  endfacet
  facet normal 0 -1 0
    outer loop
      vertex 50.5 40.15 20
      vertex 55.95 40.15 3.2
      vertex 55.95 40.15 62
    endloop
  endfacet
  facet normal 0 -1 0
    outer loop
      vertex 48.35 40.15 16.8823
      vertex 55.95 40.15 3.2
      vertex 50.5 40.15 20
    endloop
  endfacet
  facet normal 0 -1 0
    outer loop
      vertex 44.05 40.15 16.8823
      vertex 55.95 40.15 3.2
      vertex 48.35 40.15 16.8823
    endloop
  endfacet
  facet normal -0.956916 -0.290366 0
    outer loop
      vertex 60.9728 36.2959 3.2
      vertex 60.874 36.6215 62
      vertex 60.874 36.6215 3.2
    endloop
  endfacet
  facet normal -0.956916 -0.290366 0
    outer loop
      vertex 60.874 36.6215 62
      vertex 60.9728 36.2959 3.2
      vertex 60.9728 36.2959 62
    endloop
  endfacet
  facet normal 1 0 0
    outer loop
      vertex -61.15 -28.55 23.1177
      vertex -61.15 -21.95 30.4823
      vertex -61.15 -24.1 33.6
    endloop
  endfacet
  facet normal 1 0 0
    outer loop
      vertex -61.15 -21.95 30.4823
      vertex -61.15 -24.25 23.1177
      vertex -61.15 -22.1 20
    endloop
  endfacet
  facet normal 1 0 0
    outer loop
      vertex -61.15 -21.95 36.7177
      vertex -61.15 -28.55 44.0823
      vertex -61.15 -24.1 33.6
    endloop
  endfacet
  facet normal 1 0 0
    outer loop
      vertex -61.15 -28.55 23.1177
      vertex -61.15 -24.1 33.6
      vertex -61.15 -28.55 44.0823
    endloop
  endfacet
  facet normal 1 0 0
    outer loop
      vertex -61.15 -21.95 30.4823
      vertex -61.15 -28.55 23.1177
      vertex -61.15 -24.25 23.1177
    endloop
  endfacet
  facet normal 1 0 0
    outer loop
      vertex -61.15 -30.7 47.2
      vertex -61.15 -28.55 23.1177
      vertex -61.15 -28.55 44.0823
    endloop
  endfacet
  facet normal 1 0 0
    outer loop
      vertex -61.15 -28.55 23.1177
      vertex -61.15 -30.7 47.2
      vertex -61.15 -30.7 20
    endloop
  endfacet
  facet normal 1 0 0
    outer loop
      vertex -61.15 -15.35 44.0823
      vertex -61.15 -24.25 44.0823
      vertex -61.15 -21.95 36.7177
    endloop
  endfacet
  facet normal 1 -0 0
    outer loop
      vertex -61.15 -28.55 44.0823
      vertex -61.15 -21.95 36.7177
      vertex -61.15 -24.25 44.0823
    endloop
  endfacet
  facet normal 1 0 0
    outer loop
      vertex -61.15 -8.75 30.4823
      vertex -61.15 -17.65 30.4823
      vertex -61.15 -15.35 23.1177
    endloop
  endfacet
  facet normal 1 -0 0
    outer loop
      vertex -61.15 -21.95 30.4823
      vertex -61.15 -15.35 23.1177
      vertex -61.15 -17.65 30.4823
    endloop
  endfacet
  facet normal 1 -0 0
    outer loop
      vertex -61.15 -15.5 33.6
      vertex -61.15 -8.75 30.4823
      vertex -61.15 -10.9 33.6
    endloop
  endfacet
  facet normal 1 0 0
    outer loop
      vertex -61.15 -8.75 30.4823
      vertex -61.15 -11.05 23.1177
      vertex -61.15 -8.9 20
    endloop
  endfacet
  facet normal 1 0 0
    outer loop
      vertex -61.15 -8.75 36.7177
      vertex -61.15 -17.65 36.7177
      vertex -61.15 -10.9 33.6
    endloop
  endfacet
  facet normal 1 0 0
    outer loop
      vertex -61.15 -17.65 36.7177
      vertex -61.15 -11.05 44.0823
      vertex -61.15 -15.35 44.0823
    endloop
  endfacet
  facet normal 1 0 0
    outer loop
      vertex -61.15 -17.65 30.4823
      vertex -61.15 -8.75 30.4823
      vertex -61.15 -15.5 33.6
    endloop
  endfacet
  facet normal 1 0 0
    outer loop
      vertex -61.15 -8.75 30.4823
      vertex -61.15 -15.35 23.1177
      vertex -61.15 -11.05 23.1177
    endloop
  endfacet
  facet normal 1 -0 0
    outer loop
      vertex -61.15 -22.1 47.2
      vertex -61.15 -15.35 44.0823
      vertex -61.15 -17.5 47.2
    endloop
  endfacet
  facet normal 1 0 0
    outer loop
      vertex -61.15 -10.9 33.6
      vertex -61.15 -17.65 36.7177
      vertex -61.15 -15.5 33.6
    endloop
  endfacet
  facet normal 1 0 0
    outer loop
      vertex -61.15 -2.15 44.0823
      vertex -61.15 -11.05 44.0823
      vertex -61.15 -8.75 36.7177
    endloop
  endfacet
  facet normal 1 0 0
    outer loop
      vertex -61.15 -17.65 36.7177
      vertex -61.15 -8.75 36.7177
      vertex -61.15 -11.05 44.0823
    endloop
  endfacet
  facet normal 1 0 0
    outer loop
      vertex -61.15 4.45 30.4823
      vertex -61.15 -4.45 30.4823
      vertex -61.15 -2.15 23.1177
    endloop
  endfacet
  facet normal 1 -0 0
    outer loop
      vertex -61.15 -8.75 30.4823
      vertex -61.15 -2.15 23.1177
      vertex -61.15 -4.45 30.4823
    endloop
  endfacet
  facet normal 1 -0 0
    outer loop
      vertex -61.15 -2.3 33.6
      vertex -61.15 4.45 30.4823
      vertex -61.15 2.3 33.6
    endloop
  endfacet
  facet normal 1 0 0
    outer loop
      vertex -61.15 4.45 30.4823
      vertex -61.15 2.15 23.1177
      vertex -61.15 4.3 20
    endloop
  endfacet
  facet normal 1 0 0
    outer loop
      vertex -61.15 4.45 36.7177
      vertex -61.15 -4.45 36.7177
      vertex -61.15 2.3 33.6
    endloop
  endfacet
  facet normal 1 0 0
    outer loop
      vertex -61.15 -4.45 36.7177
      vertex -61.15 2.15 44.0823
      vertex -61.15 -2.15 44.0823
    endloop
  endfacet
  facet normal 1 0 0
    outer loop
      vertex -61.15 -4.45 30.4823
      vertex -61.15 4.45 30.4823
      vertex -61.15 -2.3 33.6
    endloop
  endfacet
  facet normal 1 0 0
    outer loop
      vertex -61.15 4.45 30.4823
      vertex -61.15 -2.15 23.1177
      vertex -61.15 2.15 23.1177
    endloop
  endfacet
  facet normal 1 -0 0
    outer loop
      vertex -61.15 -8.9 47.2
      vertex -61.15 -2.15 44.0823
      vertex -61.15 -4.3 47.2
    endloop
  endfacet
  facet normal 1 0 0
    outer loop
      vertex -61.15 2.3 33.6
      vertex -61.15 -4.45 36.7177
      vertex -61.15 -2.3 33.6
    endloop
  endfacet
  facet normal 1 0 0
    outer loop
      vertex -61.15 11.05 44.0823
      vertex -61.15 2.15 44.0823
      vertex -61.15 4.45 36.7177
    endloop
  endfacet
  facet normal 1 0 0
    outer loop
      vertex -61.15 -4.45 36.7177
      vertex -61.15 4.45 36.7177
      vertex -61.15 2.15 44.0823
    endloop
  endfacet
  facet normal 1 0 0
    outer loop
      vertex -61.15 17.65 30.4823
      vertex -61.15 8.75 30.4823
      vertex -61.15 11.05 23.1177
    endloop
  endfacet
  facet normal 1 -0 0
    outer loop
      vertex -61.15 4.45 30.4823
      vertex -61.15 11.05 23.1177
      vertex -61.15 8.75 30.4823
    endloop
  endfacet
  facet normal 1 -0 0
    outer loop
      vertex -61.15 10.9 33.6
      vertex -61.15 17.65 30.4823
      vertex -61.15 15.5 33.6
    endloop
  endfacet
  facet normal 1 0 0
    outer loop
      vertex -61.15 17.65 30.4823
      vertex -61.15 15.35 23.1177
      vertex -61.15 17.5 20
    endloop
  endfacet
  facet normal 1 0 0
    outer loop
      vertex -61.15 17.65 36.7177
      vertex -61.15 8.75 36.7177
      vertex -61.15 15.5 33.6
    endloop
  endfacet
  facet normal 1 0 0
    outer loop
      vertex -61.15 8.75 36.7177
      vertex -61.15 15.35 44.0823
      vertex -61.15 11.05 44.0823
    endloop
  endfacet
  facet normal 1 0 0
    outer loop
      vertex -61.15 8.75 30.4823
      vertex -61.15 17.65 30.4823
      vertex -61.15 10.9 33.6
    endloop
  endfacet
  facet normal 1 0 0
    outer loop
      vertex -61.15 17.65 30.4823
      vertex -61.15 11.05 23.1177
      vertex -61.15 15.35 23.1177
    endloop
  endfacet
  facet normal 1 -0 0
    outer loop
      vertex -61.15 4.3 47.2
      vertex -61.15 11.05 44.0823
      vertex -61.15 8.9 47.2
    endloop
  endfacet
  facet normal 1 0 0
    outer loop
      vertex -61.15 15.5 33.6
      vertex -61.15 8.75 36.7177
      vertex -61.15 10.9 33.6
    endloop
  endfacet
  facet normal 1 0 0
    outer loop
      vertex -61.15 24.25 44.0823
      vertex -61.15 15.35 44.0823
      vertex -61.15 17.65 36.7177
    endloop
  endfacet
  facet normal 1 0 0
    outer loop
      vertex -61.15 8.75 36.7177
      vertex -61.15 17.65 36.7177
      vertex -61.15 15.35 44.0823
    endloop
  endfacet
  facet normal 1 -0 0
    outer loop
      vertex -61.15 28.55 44.0823
      vertex -61.15 30.7 20
      vertex -61.15 30.7 47.2
    endloop
  endfacet
  facet normal 1 0 0
    outer loop
      vertex -61.15 28.55 44.0823
      vertex -61.15 28.55 23.1177
      vertex -61.15 30.7 20
    endloop
  endfacet
  facet normal 1 0 0
    outer loop
      vertex -61.15 21.95 36.7177
      vertex -61.15 28.55 44.0823
      vertex -61.15 24.25 44.0823
    endloop
  endfacet
  facet normal 1 0 0
    outer loop
      vertex -61.15 28.55 44.0823
      vertex -61.15 24.1 33.6
      vertex -61.15 28.55 23.1177
    endloop
  endfacet
  facet normal 1 -0 0
    outer loop
      vertex -61.15 21.95 30.4823
      vertex -61.15 28.55 23.1177
      vertex -61.15 24.1 33.6
    endloop
  endfacet
  facet normal 1 -0 0
    outer loop
      vertex -61.15 17.5 47.2
      vertex -61.15 24.25 44.0823
      vertex -61.15 22.1 47.2
    endloop
  endfacet
  facet normal 1 0 0
    outer loop
      vertex -61.15 28.55 44.0823
      vertex -61.15 21.95 36.7177
      vertex -61.15 24.1 33.6
    endloop
  endfacet
  facet normal 1 0 0
    outer loop
      vertex -61.15 30.7 20
      vertex -61.15 34.95 62
      vertex -61.15 30.7 47.2
    endloop
  endfacet
  facet normal 1 0 0
    outer loop
      vertex -61.15 34.95 62
      vertex -61.15 28.55 50.3177
      vertex -61.15 30.7 47.2
    endloop
  endfacet
  facet normal 1 0 0
    outer loop
      vertex -61.15 34.95 62
      vertex -61.15 24.25 50.3177
      vertex -61.15 28.55 50.3177
    endloop
  endfacet
  facet normal 1 0 0
    outer loop
      vertex -61.15 24.25 44.0823
      vertex -61.15 17.65 36.7177
      vertex -61.15 21.95 36.7177
    endloop
  endfacet
  facet normal 1 0 0
    outer loop
      vertex -61.15 15.35 44.0823
      vertex -61.15 24.25 44.0823
      vertex -61.15 17.5 47.2
    endloop
  endfacet
  facet normal 1 0 0
    outer loop
      vertex -61.15 24.25 50.3177
      vertex -61.15 17.5 47.2
      vertex -61.15 22.1 47.2
    endloop
  endfacet
  facet normal 1 0 0
    outer loop
      vertex -61.15 15.35 50.3177
      vertex -61.15 24.25 50.3177
      vertex -61.15 34.95 62
    endloop
  endfacet
  facet normal 1 0 0
    outer loop
      vertex -61.15 24.25 50.3177
      vertex -61.15 15.35 50.3177
      vertex -61.15 17.5 47.2
    endloop
  endfacet
  facet normal 1 0 0
    outer loop
      vertex -61.15 34.95 62
      vertex -61.15 11.05 50.3177
      vertex -61.15 15.35 50.3177
    endloop
  endfacet
  facet normal 1 0 0
    outer loop
      vertex -61.15 11.05 44.0823
      vertex -61.15 4.45 36.7177
      vertex -61.15 8.75 36.7177
    endloop
  endfacet
  facet normal 1 0 0
    outer loop
      vertex -61.15 2.15 44.0823
      vertex -61.15 11.05 44.0823
      vertex -61.15 4.3 47.2
    endloop
  endfacet
  facet normal 1 0 0
    outer loop
      vertex -61.15 11.05 50.3177
      vertex -61.15 4.3 47.2
      vertex -61.15 8.9 47.2
    endloop
  endfacet
  facet normal 1 0 0
    outer loop
      vertex -61.15 2.15 50.3177
      vertex -61.15 11.05 50.3177
      vertex -61.15 34.95 62
    endloop
  endfacet
  facet normal 1 0 0
    outer loop
      vertex -61.15 11.05 50.3177
      vertex -61.15 2.15 50.3177
      vertex -61.15 4.3 47.2
    endloop
  endfacet
  facet normal 1 0 0
    outer loop
      vertex -61.15 34.95 62
      vertex -61.15 -2.15 50.3177
      vertex -61.15 2.15 50.3177
    endloop
  endfacet
  facet normal 1 0 0
    outer loop
      vertex -61.15 -2.15 44.0823
      vertex -61.15 -8.75 36.7177
      vertex -61.15 -4.45 36.7177
    endloop
  endfacet
  facet normal 1 0 0
    outer loop
      vertex -61.15 -11.05 44.0823
      vertex -61.15 -2.15 44.0823
      vertex -61.15 -8.9 47.2
    endloop
  endfacet
  facet normal 1 0 0
    outer loop
      vertex -61.15 -2.15 50.3177
      vertex -61.15 -8.9 47.2
      vertex -61.15 -4.3 47.2
    endloop
  endfacet
  facet normal 1 0 0
    outer loop
      vertex -61.15 -2.15 50.3177
      vertex -61.15 -11.05 50.3177
      vertex -61.15 -8.9 47.2
    endloop
  endfacet
  facet normal 1 -0 0
    outer loop
      vertex -61.15 -34.95 62
      vertex -61.15 -2.15 50.3177
      vertex -61.15 34.95 62
    endloop
  endfacet
  facet normal 1 0 0
    outer loop
      vertex -61.15 -2.15 50.3177
      vertex -61.15 -34.95 62
      vertex -61.15 -11.05 50.3177
    endloop
  endfacet
  facet normal 1 0 0
    outer loop
      vertex -61.15 -15.35 44.0823
      vertex -61.15 -21.95 36.7177
      vertex -61.15 -17.65 36.7177
    endloop
  endfacet
  facet normal 1 0 0
    outer loop
      vertex -61.15 -24.25 44.0823
      vertex -61.15 -15.35 44.0823
      vertex -61.15 -22.1 47.2
    endloop
  endfacet
  facet normal 1 0 0
    outer loop
      vertex -61.15 -15.35 50.3177
      vertex -61.15 -22.1 47.2
      vertex -61.15 -17.5 47.2
    endloop
  endfacet
  facet normal 1 0 0
    outer loop
      vertex -61.15 -15.35 50.3177
      vertex -61.15 -24.25 50.3177
      vertex -61.15 -22.1 47.2
    endloop
  endfacet
  facet normal 1 0 0
    outer loop
      vertex -61.15 -11.05 50.3177
      vertex -61.15 -34.95 62
      vertex -61.15 -15.35 50.3177
    endloop
  endfacet
  facet normal 1 0 0
    outer loop
      vertex -61.15 -15.35 50.3177
      vertex -61.15 -34.95 62
      vertex -61.15 -24.25 50.3177
    endloop
  endfacet
  facet normal 1 0 0
    outer loop
      vertex -61.15 -30.7 47.2
      vertex -61.15 -34.95 62
      vertex -61.15 -30.7 20
    endloop
  endfacet
  facet normal 1 0 0
    outer loop
      vertex -61.15 -28.55 50.3177
      vertex -61.15 -34.95 62
      vertex -61.15 -30.7 47.2
    endloop
  endfacet
  facet normal 1 0 0
    outer loop
      vertex -61.15 -24.25 50.3177
      vertex -61.15 -34.95 62
      vertex -61.15 -28.55 50.3177
    endloop
  endfacet
  facet normal 1 0 0
    outer loop
      vertex -61.15 34.95 62
      vertex -61.15 30.7 20
      vertex -61.15 34.95 3.2
    endloop
  endfacet
  facet normal 1 -0 0
    outer loop
      vertex -61.15 28.55 16.8823
      vertex -61.15 34.95 3.2
      vertex -61.15 30.7 20
    endloop
  endfacet
  facet normal 1 -0 0
    outer loop
      vertex -61.15 24.25 16.8823
      vertex -61.15 34.95 3.2
      vertex -61.15 28.55 16.8823
    endloop
  endfacet
  facet normal 1 0 0
    outer loop
      vertex -61.15 17.5 20
      vertex -61.15 24.25 23.1177
      vertex -61.15 17.65 30.4823
    endloop
  endfacet
  facet normal 1 0 0
    outer loop
      vertex -61.15 24.25 23.1177
      vertex -61.15 17.5 20
      vertex -61.15 22.1 20
    endloop
  endfacet
  facet normal 1 -0 0
    outer loop
      vertex -61.15 17.5 20
      vertex -61.15 24.25 16.8823
      vertex -61.15 22.1 20
    endloop
  endfacet
  facet normal 1 0 0
    outer loop
      vertex -61.15 15.35 16.8823
      vertex -61.15 24.25 16.8823
      vertex -61.15 17.5 20
    endloop
  endfacet
  facet normal 1 0 0
    outer loop
      vertex -61.15 24.25 16.8823
      vertex -61.15 15.35 16.8823
      vertex -61.15 34.95 3.2
    endloop
  endfacet
  facet normal 1 -0 0
    outer loop
      vertex -61.15 11.05 16.8823
      vertex -61.15 34.95 3.2
      vertex -61.15 15.35 16.8823
    endloop
  endfacet
  facet normal 1 0 0
    outer loop
      vertex -61.15 4.3 20
      vertex -61.15 11.05 23.1177
      vertex -61.15 4.45 30.4823
    endloop
  endfacet
  facet normal 1 0 0
    outer loop
      vertex -61.15 11.05 23.1177
      vertex -61.15 4.3 20
      vertex -61.15 8.9 20
    endloop
  endfacet
  facet normal 1 -0 0
    outer loop
      vertex -61.15 4.3 20
      vertex -61.15 11.05 16.8823
      vertex -61.15 8.9 20
    endloop
  endfacet
  facet normal 1 0 0
    outer loop
      vertex -61.15 2.15 16.8823
      vertex -61.15 11.05 16.8823
      vertex -61.15 4.3 20
    endloop
  endfacet
  facet normal 1 0 0
    outer loop
      vertex -61.15 11.05 16.8823
      vertex -61.15 2.15 16.8823
      vertex -61.15 34.95 3.2
    endloop
  endfacet
  facet normal 1 -0 0
    outer loop
      vertex -61.15 -2.15 16.8823
      vertex -61.15 34.95 3.2
      vertex -61.15 2.15 16.8823
    endloop
  endfacet
  facet normal 1 0 0
    outer loop
      vertex -61.15 -8.9 20
      vertex -61.15 -2.15 23.1177
      vertex -61.15 -8.75 30.4823
    endloop
  endfacet
  facet normal 1 0 0
    outer loop
      vertex -61.15 -2.15 23.1177
      vertex -61.15 -8.9 20
      vertex -61.15 -4.3 20
    endloop
  endfacet
  facet normal 1 -0 0
    outer loop
      vertex -61.15 -8.9 20
      vertex -61.15 -2.15 16.8823
      vertex -61.15 -4.3 20
    endloop
  endfacet
  facet normal 1 0 0
    outer loop
      vertex -61.15 -11.05 16.8823
      vertex -61.15 -2.15 16.8823
      vertex -61.15 -8.9 20
    endloop
  endfacet
  facet normal 1 0 0
    outer loop
      vertex -61.15 -34.95 3.2
      vertex -61.15 -2.15 16.8823
      vertex -61.15 -11.05 16.8823
    endloop
  endfacet
  facet normal 1 0 0
    outer loop
      vertex -61.15 -34.95 3.2
      vertex -61.15 -11.05 16.8823
      vertex -61.15 -15.35 16.8823
    endloop
  endfacet
  facet normal 1 0 0
    outer loop
      vertex -61.15 -22.1 20
      vertex -61.15 -15.35 23.1177
      vertex -61.15 -21.95 30.4823
    endloop
  endfacet
  facet normal 1 0 0
    outer loop
      vertex -61.15 -15.35 23.1177
      vertex -61.15 -22.1 20
      vertex -61.15 -17.5 20
    endloop
  endfacet
  facet normal 1 -0 0
    outer loop
      vertex -61.15 -22.1 20
      vertex -61.15 -15.35 16.8823
      vertex -61.15 -17.5 20
    endloop
  endfacet
  facet normal 1 0 0
    outer loop
      vertex -61.15 -24.25 16.8823
      vertex -61.15 -15.35 16.8823
      vertex -61.15 -22.1 20
    endloop
  endfacet
  facet normal 1 0 0
    outer loop
      vertex -61.15 -34.95 3.2
      vertex -61.15 -15.35 16.8823
      vertex -61.15 -24.25 16.8823
    endloop
  endfacet
  facet normal 1 0 0
    outer loop
      vertex -61.15 -34.95 3.2
      vertex -61.15 -24.25 16.8823
      vertex -61.15 -28.55 16.8823
    endloop
  endfacet
  facet normal 1 0 0
    outer loop
      vertex -61.15 -2.15 16.8823
      vertex -61.15 -34.95 3.2
      vertex -61.15 34.95 3.2
    endloop
  endfacet
  facet normal 1 0 0
    outer loop
      vertex -61.15 -30.7 20
      vertex -61.15 -34.95 3.2
      vertex -61.15 -28.55 16.8823
    endloop
  endfacet
  facet normal 1 0 0
    outer loop
      vertex -61.15 -34.95 3.2
      vertex -61.15 -30.7 20
      vertex -61.15 -34.95 62
    endloop
  endfacet
  facet normal 1 0 0
    outer loop
      vertex -61.15 28.55 23.1177
      vertex -61.15 21.95 30.4823
      vertex -61.15 24.25 23.1177
    endloop
  endfacet
  facet normal 1 -0 0
    outer loop
      vertex -61.15 17.65 30.4823
      vertex -61.15 24.25 23.1177
      vertex -61.15 21.95 30.4823
    endloop
  endfacet
  facet normal 0.227155 -0.973859 0
    outer loop
      vertex -57.2959 39.9728 3.2
      vertex -56.9645 40.0501 62
      vertex -57.2959 39.9728 62
    endloop
  endfacet
  facet normal 0.227155 -0.973859 0
    outer loop
      vertex -56.9645 40.0501 62
      vertex -57.2959 39.9728 3.2
      vertex -56.9645 40.0501 3.2
    endloop
  endfacet
  facet normal 0.999468 -0.0326201 0
    outer loop
      vertex -61.15 34.95 62
      vertex -61.1389 35.2901 3.2
      vertex -61.1389 35.2901 62
    endloop
  endfacet
  facet normal 0.999468 -0.0326201 0
    outer loop
      vertex -61.1389 35.2901 3.2
      vertex -61.15 34.95 62
      vertex -61.15 34.95 3.2
    endloop
  endfacet
  facet normal -0.935942 -0.352154 0
    outer loop
      vertex 60.874 36.6215 3.2
      vertex 60.7542 36.9399 62
      vertex 60.7542 36.9399 3.2
    endloop
  endfacet
  facet normal -0.935942 -0.352154 0
    outer loop
      vertex 60.7542 36.9399 62
      vertex 60.874 36.6215 3.2
      vertex 60.874 36.6215 62
    endloop
  endfacet
  facet normal 0.849218 -0.528043 0
    outer loop
      vertex -60.4533 37.55 62
      vertex -60.2736 37.839 3.2
      vertex -60.2736 37.839 62
    endloop
  endfacet
  facet normal 0.849218 -0.528043 0
    outer loop
      vertex -60.2736 37.839 3.2
      vertex -60.4533 37.55 62
      vertex -60.4533 37.55 3.2
    endloop
  endfacet
  facet normal -0.812859 0.582461 0
    outer loop
      vertex 60.0754 -38.1156 3.2
      vertex 60.2736 -37.839 62
      vertex 60.2736 -37.839 3.2
    endloop
  endfacet
  facet normal -0.812859 0.582461 0
    outer loop
      vertex 60.2736 -37.839 62
      vertex 60.0754 -38.1156 3.2
      vertex 60.0754 -38.1156 62
    endloop
  endfacet
  facet normal -0.849218 -0.528043 0
    outer loop
      vertex 60.4533 37.55 3.2
      vertex 60.2736 37.839 62
      vertex 60.2736 37.839 3.2
    endloop
  endfacet
  facet normal -0.849218 -0.528043 0
    outer loop
      vertex 60.2736 37.839 62
      vertex 60.4533 37.55 3.2
      vertex 60.4533 37.55 62
    endloop
  endfacet
  facet normal 0.352154 0.935942 -0
    outer loop
      vertex -57.6215 -39.874 3.2
      vertex -57.9399 -39.7542 62
      vertex -57.6215 -39.874 62
    endloop
  endfacet
  facet normal 0.352154 0.935942 0
    outer loop
      vertex -57.9399 -39.7542 62
      vertex -57.6215 -39.874 3.2
      vertex -57.9399 -39.7542 3.2
    endloop
  endfacet
  facet normal 0.849218 0.528043 0
    outer loop
      vertex -60.2736 -37.839 62
      vertex -60.4533 -37.55 3.2
      vertex -60.4533 -37.55 62
    endloop
  endfacet
  facet normal 0.849218 0.528043 0
    outer loop
      vertex -60.4533 -37.55 3.2
      vertex -60.2736 -37.839 62
      vertex -60.2736 -37.839 3.2
    endloop
  endfacet
  facet normal -1 0 0
    outer loop
      vertex 61.15 -28.55 44.0823
      vertex 61.15 -21.95 36.7177
      vertex 61.15 -24.1 33.6
    endloop
  endfacet
  facet normal -1 0 0
    outer loop
      vertex 61.15 -21.95 36.7177
      vertex 61.15 -24.25 44.0823
      vertex 61.15 -22.1 47.2
    endloop
  endfacet
  facet normal -1 -0 0
    outer loop
      vertex 61.15 -21.95 30.4823
      vertex 61.15 -28.55 23.1177
      vertex 61.15 -24.1 33.6
    endloop
  endfacet
  facet normal -1 0 0
    outer loop
      vertex 61.15 -28.55 44.0823
      vertex 61.15 -24.1 33.6
      vertex 61.15 -28.55 23.1177
    endloop
  endfacet
  facet normal -1 0 0
    outer loop
      vertex 61.15 -21.95 36.7177
      vertex 61.15 -28.55 44.0823
      vertex 61.15 -24.25 44.0823
    endloop
  endfacet
  facet normal -1 0 0
    outer loop
      vertex 61.15 -30.7 20
      vertex 61.15 -28.55 44.0823
      vertex 61.15 -28.55 23.1177
    endloop
  endfacet
  facet normal -1 -0 0
    outer loop
      vertex 61.15 -28.55 44.0823
      vertex 61.15 -30.7 20
      vertex 61.15 -30.7 47.2
    endloop
  endfacet
  facet normal -1 0 0
    outer loop
      vertex 61.15 -15.35 23.1177
      vertex 61.15 -24.25 23.1177
      vertex 61.15 -21.95 30.4823
    endloop
  endfacet
  facet normal -1 0 0
    outer loop
      vertex 61.15 -28.55 23.1177
      vertex 61.15 -21.95 30.4823
      vertex 61.15 -24.25 23.1177
    endloop
  endfacet
  facet normal -1 0 0
    outer loop
      vertex 61.15 -8.75 36.7177
      vertex 61.15 -17.65 36.7177
      vertex 61.15 -15.35 44.0823
    endloop
  endfacet
  facet normal -1 0 0
    outer loop
      vertex 61.15 -21.95 36.7177
      vertex 61.15 -15.35 44.0823
      vertex 61.15 -17.65 36.7177
    endloop
  endfacet
  facet normal -1 0 0
    outer loop
      vertex 61.15 -15.5 33.6
      vertex 61.15 -8.75 36.7177
      vertex 61.15 -10.9 33.6
    endloop
  endfacet
  facet normal -1 0 0
    outer loop
      vertex 61.15 -8.75 36.7177
      vertex 61.15 -11.05 44.0823
      vertex 61.15 -8.9 47.2
    endloop
  endfacet
  facet normal -1 0 0
    outer loop
      vertex 61.15 -8.75 30.4823
      vertex 61.15 -17.65 30.4823
      vertex 61.15 -10.9 33.6
    endloop
  endfacet
  facet normal -1 0 0
    outer loop
      vertex 61.15 -17.65 30.4823
      vertex 61.15 -11.05 23.1177
      vertex 61.15 -15.35 23.1177
    endloop
  endfacet
  facet normal -1 0 0
    outer loop
      vertex 61.15 -17.65 36.7177
      vertex 61.15 -8.75 36.7177
      vertex 61.15 -15.5 33.6
    endloop
  endfacet
  facet normal -1 0 0
    outer loop
      vertex 61.15 -8.75 36.7177
      vertex 61.15 -15.35 44.0823
      vertex 61.15 -11.05 44.0823
    endloop
  endfacet
  facet normal -1 0 0
    outer loop
      vertex 61.15 -22.1 20
      vertex 61.15 -15.35 23.1177
      vertex 61.15 -17.5 20
    endloop
  endfacet
  facet normal -1 -0 0
    outer loop
      vertex 61.15 -10.9 33.6
      vertex 61.15 -17.65 30.4823
      vertex 61.15 -15.5 33.6
    endloop
  endfacet
  facet normal -1 0 0
    outer loop
      vertex 61.15 -2.15 23.1177
      vertex 61.15 -11.05 23.1177
      vertex 61.15 -8.75 30.4823
    endloop
  endfacet
  facet normal -1 0 0
    outer loop
      vertex 61.15 -17.65 30.4823
      vertex 61.15 -8.75 30.4823
      vertex 61.15 -11.05 23.1177
    endloop
  endfacet
  facet normal -1 0 0
    outer loop
      vertex 61.15 4.45 36.7177
      vertex 61.15 -4.45 36.7177
      vertex 61.15 -2.15 44.0823
    endloop
  endfacet
  facet normal -1 0 0
    outer loop
      vertex 61.15 -8.75 36.7177
      vertex 61.15 -2.15 44.0823
      vertex 61.15 -4.45 36.7177
    endloop
  endfacet
  facet normal -1 0 0
    outer loop
      vertex 61.15 -2.3 33.6
      vertex 61.15 4.45 36.7177
      vertex 61.15 2.3 33.6
    endloop
  endfacet
  facet normal -1 0 0
    outer loop
      vertex 61.15 4.45 36.7177
      vertex 61.15 2.15 44.0823
      vertex 61.15 4.3 47.2
    endloop
  endfacet
  facet normal -1 0 0
    outer loop
      vertex 61.15 4.45 30.4823
      vertex 61.15 -4.45 30.4823
      vertex 61.15 2.3 33.6
    endloop
  endfacet
  facet normal -1 0 0
    outer loop
      vertex 61.15 -4.45 30.4823
      vertex 61.15 2.15 23.1177
      vertex 61.15 -2.15 23.1177
    endloop
  endfacet
  facet normal -1 0 0
    outer loop
      vertex 61.15 -4.45 36.7177
      vertex 61.15 4.45 36.7177
      vertex 61.15 -2.3 33.6
    endloop
  endfacet
  facet normal -1 0 0
    outer loop
      vertex 61.15 4.45 36.7177
      vertex 61.15 -2.15 44.0823
      vertex 61.15 2.15 44.0823
    endloop
  endfacet
  facet normal -1 0 0
    outer loop
      vertex 61.15 -8.9 20
      vertex 61.15 -2.15 23.1177
      vertex 61.15 -4.3 20
    endloop
  endfacet
  facet normal -1 -0 0
    outer loop
      vertex 61.15 2.3 33.6
      vertex 61.15 -4.45 30.4823
      vertex 61.15 -2.3 33.6
    endloop
  endfacet
  facet normal -1 0 0
    outer loop
      vertex 61.15 11.05 23.1177
      vertex 61.15 2.15 23.1177
      vertex 61.15 4.45 30.4823
    endloop
  endfacet
  facet normal -1 0 0
    outer loop
      vertex 61.15 -4.45 30.4823
      vertex 61.15 4.45 30.4823
      vertex 61.15 2.15 23.1177
    endloop
  endfacet
  facet normal -1 0 0
    outer loop
      vertex 61.15 17.65 36.7177
      vertex 61.15 8.75 36.7177
      vertex 61.15 11.05 44.0823
    endloop
  endfacet
  facet normal -1 0 0
    outer loop
      vertex 61.15 4.45 36.7177
      vertex 61.15 11.05 44.0823
      vertex 61.15 8.75 36.7177
    endloop
  endfacet
  facet normal -1 0 0
    outer loop
      vertex 61.15 10.9 33.6
      vertex 61.15 17.65 36.7177
      vertex 61.15 15.5 33.6
    endloop
  endfacet
  facet normal -1 0 0
    outer loop
      vertex 61.15 17.65 36.7177
      vertex 61.15 15.35 44.0823
      vertex 61.15 17.5 47.2
    endloop
  endfacet
  facet normal -1 0 0
    outer loop
      vertex 61.15 17.65 30.4823
      vertex 61.15 8.75 30.4823
      vertex 61.15 15.5 33.6
    endloop
  endfacet
  facet normal -1 0 0
    outer loop
      vertex 61.15 8.75 30.4823
      vertex 61.15 15.35 23.1177
      vertex 61.15 11.05 23.1177
    endloop
  endfacet
  facet normal -1 0 0
    outer loop
      vertex 61.15 8.75 36.7177
      vertex 61.15 17.65 36.7177
      vertex 61.15 10.9 33.6
    endloop
  endfacet
  facet normal -1 0 0
    outer loop
      vertex 61.15 17.65 36.7177
      vertex 61.15 11.05 44.0823
      vertex 61.15 15.35 44.0823
    endloop
  endfacet
  facet normal -1 0 0
    outer loop
      vertex 61.15 4.3 20
      vertex 61.15 11.05 23.1177
      vertex 61.15 8.9 20
    endloop
  endfacet
  facet normal -1 -0 0
    outer loop
      vertex 61.15 15.5 33.6
      vertex 61.15 8.75 30.4823
      vertex 61.15 10.9 33.6
    endloop
  endfacet
  facet normal -1 0 0
    outer loop
      vertex 61.15 24.25 23.1177
      vertex 61.15 15.35 23.1177
      vertex 61.15 17.65 30.4823
    endloop
  endfacet
  facet normal -1 0 0
    outer loop
      vertex 61.15 8.75 30.4823
      vertex 61.15 17.65 30.4823
      vertex 61.15 15.35 23.1177
    endloop
  endfacet
  facet normal -1 0 0
    outer loop
      vertex 61.15 28.55 23.1177
      vertex 61.15 30.7 47.2
      vertex 61.15 30.7 20
    endloop
  endfacet
  facet normal -1 0 0
    outer loop
      vertex 61.15 28.55 23.1177
      vertex 61.15 28.55 44.0823
      vertex 61.15 30.7 47.2
    endloop
  endfacet
  facet normal -1 0 0
    outer loop
      vertex 61.15 21.95 30.4823
      vertex 61.15 28.55 23.1177
      vertex 61.15 24.25 23.1177
    endloop
  endfacet
  facet normal -1 0 0
    outer loop
      vertex 61.15 28.55 23.1177
      vertex 61.15 24.1 33.6
      vertex 61.15 28.55 44.0823
    endloop
  endfacet
  facet normal -1 0 0
    outer loop
      vertex 61.15 21.95 36.7177
      vertex 61.15 28.55 44.0823
      vertex 61.15 24.1 33.6
    endloop
  endfacet
  facet normal -1 0 0
    outer loop
      vertex 61.15 17.5 20
      vertex 61.15 24.25 23.1177
      vertex 61.15 22.1 20
    endloop
  endfacet
  facet normal -1 0 0
    outer loop
      vertex 61.15 28.55 23.1177
      vertex 61.15 21.95 30.4823
      vertex 61.15 24.1 33.6
    endloop
  endfacet
  facet normal -1 0 0
    outer loop
      vertex 61.15 34.95 3.2
      vertex 61.15 30.7 20
      vertex 61.15 34.95 62
    endloop
  endfacet
  facet normal -1 0 0
    outer loop
      vertex 61.15 34.95 3.2
      vertex 61.15 28.55 16.8823
      vertex 61.15 30.7 20
    endloop
  endfacet
  facet normal -1 0 0
    outer loop
      vertex 61.15 34.95 3.2
      vertex 61.15 24.25 16.8823
      vertex 61.15 28.55 16.8823
    endloop
  endfacet
  facet normal -1 0 0
    outer loop
      vertex 61.15 24.25 23.1177
      vertex 61.15 17.65 30.4823
      vertex 61.15 21.95 30.4823
    endloop
  endfacet
  facet normal -1 0 0
    outer loop
      vertex 61.15 15.35 23.1177
      vertex 61.15 24.25 23.1177
      vertex 61.15 17.5 20
    endloop
  endfacet
  facet normal -1 0 0
    outer loop
      vertex 61.15 24.25 16.8823
      vertex 61.15 17.5 20
      vertex 61.15 22.1 20
    endloop
  endfacet
  facet normal -1 0 0
    outer loop
      vertex 61.15 15.35 16.8823
      vertex 61.15 24.25 16.8823
      vertex 61.15 34.95 3.2
    endloop
  endfacet
  facet normal -1 0 0
    outer loop
      vertex 61.15 24.25 16.8823
      vertex 61.15 15.35 16.8823
      vertex 61.15 17.5 20
    endloop
  endfacet
  facet normal -1 0 0
    outer loop
      vertex 61.15 34.95 3.2
      vertex 61.15 11.05 16.8823
      vertex 61.15 15.35 16.8823
    endloop
  endfacet
  facet normal -1 0 0
    outer loop
      vertex 61.15 11.05 23.1177
      vertex 61.15 4.45 30.4823
      vertex 61.15 8.75 30.4823
    endloop
  endfacet
  facet normal -1 0 0
    outer loop
      vertex 61.15 2.15 23.1177
      vertex 61.15 11.05 23.1177
      vertex 61.15 4.3 20
    endloop
  endfacet
  facet normal -1 0 0
    outer loop
      vertex 61.15 11.05 16.8823
      vertex 61.15 4.3 20
      vertex 61.15 8.9 20
    endloop
  endfacet
  facet normal -1 0 0
    outer loop
      vertex 61.15 2.15 16.8823
      vertex 61.15 11.05 16.8823
      vertex 61.15 34.95 3.2
    endloop
  endfacet
  facet normal -1 0 0
    outer loop
      vertex 61.15 11.05 16.8823
      vertex 61.15 2.15 16.8823
      vertex 61.15 4.3 20
    endloop
  endfacet
  facet normal -1 0 0
    outer loop
      vertex 61.15 34.95 3.2
      vertex 61.15 -2.15 16.8823
      vertex 61.15 2.15 16.8823
    endloop
  endfacet
  facet normal -1 0 0
    outer loop
      vertex 61.15 -2.15 23.1177
      vertex 61.15 -8.75 30.4823
      vertex 61.15 -4.45 30.4823
    endloop
  endfacet
  facet normal -1 0 0
    outer loop
      vertex 61.15 -11.05 23.1177
      vertex 61.15 -2.15 23.1177
      vertex 61.15 -8.9 20
    endloop
  endfacet
  facet normal -1 0 0
    outer loop
      vertex 61.15 -2.15 16.8823
      vertex 61.15 -8.9 20
      vertex 61.15 -4.3 20
    endloop
  endfacet
  facet normal -1 0 0
    outer loop
      vertex 61.15 -2.15 16.8823
      vertex 61.15 -11.05 16.8823
      vertex 61.15 -8.9 20
    endloop
  endfacet
  facet normal -1 0 0
    outer loop
      vertex 61.15 -34.95 3.2
      vertex 61.15 -2.15 16.8823
      vertex 61.15 34.95 3.2
    endloop
  endfacet
  facet normal -1 -0 0
    outer loop
      vertex 61.15 -2.15 16.8823
      vertex 61.15 -34.95 3.2
      vertex 61.15 -11.05 16.8823
    endloop
  endfacet
  facet normal -1 0 0
    outer loop
      vertex 61.15 -15.35 23.1177
      vertex 61.15 -21.95 30.4823
      vertex 61.15 -17.65 30.4823
    endloop
  endfacet
  facet normal -1 0 0
    outer loop
      vertex 61.15 -24.25 23.1177
      vertex 61.15 -15.35 23.1177
      vertex 61.15 -22.1 20
    endloop
  endfacet
  facet normal -1 0 0
    outer loop
      vertex 61.15 -15.35 16.8823
      vertex 61.15 -22.1 20
      vertex 61.15 -17.5 20
    endloop
  endfacet
  facet normal -1 0 0
    outer loop
      vertex 61.15 -15.35 16.8823
      vertex 61.15 -24.25 16.8823
      vertex 61.15 -22.1 20
    endloop
  endfacet
  facet normal -1 -0 0
    outer loop
      vertex 61.15 -11.05 16.8823
      vertex 61.15 -34.95 3.2
      vertex 61.15 -15.35 16.8823
    endloop
  endfacet
  facet normal -1 -0 0
    outer loop
      vertex 61.15 -15.35 16.8823
      vertex 61.15 -34.95 3.2
      vertex 61.15 -24.25 16.8823
    endloop
  endfacet
  facet normal -1 0 0
    outer loop
      vertex 61.15 -34.95 62
      vertex 61.15 -30.7 20
      vertex 61.15 -34.95 3.2
    endloop
  endfacet
  facet normal -1 -0 0
    outer loop
      vertex 61.15 -28.55 16.8823
      vertex 61.15 -34.95 3.2
      vertex 61.15 -30.7 20
    endloop
  endfacet
  facet normal -1 -0 0
    outer loop
      vertex 61.15 -24.25 16.8823
      vertex 61.15 -34.95 3.2
      vertex 61.15 -28.55 16.8823
    endloop
  endfacet
  facet normal -1 0 0
    outer loop
      vertex 61.15 30.7 47.2
      vertex 61.15 34.95 62
      vertex 61.15 30.7 20
    endloop
  endfacet
  facet normal -1 0 0
    outer loop
      vertex 61.15 28.55 50.3177
      vertex 61.15 34.95 62
      vertex 61.15 30.7 47.2
    endloop
  endfacet
  facet normal -1 0 0
    outer loop
      vertex 61.15 24.25 50.3177
      vertex 61.15 34.95 62
      vertex 61.15 28.55 50.3177
    endloop
  endfacet
  facet normal -1 0 0
    outer loop
      vertex 61.15 17.5 47.2
      vertex 61.15 24.25 44.0823
      vertex 61.15 17.65 36.7177
    endloop
  endfacet
  facet normal -1 0 0
    outer loop
      vertex 61.15 24.25 44.0823
      vertex 61.15 17.5 47.2
      vertex 61.15 22.1 47.2
    endloop
  endfacet
  facet normal -1 0 0
    outer loop
      vertex 61.15 17.5 47.2
      vertex 61.15 24.25 50.3177
      vertex 61.15 22.1 47.2
    endloop
  endfacet
  facet normal -1 0 0
    outer loop
      vertex 61.15 15.35 50.3177
      vertex 61.15 24.25 50.3177
      vertex 61.15 17.5 47.2
    endloop
  endfacet
  facet normal -1 0 0
    outer loop
      vertex 61.15 24.25 50.3177
      vertex 61.15 15.35 50.3177
      vertex 61.15 34.95 62
    endloop
  endfacet
  facet normal -1 0 0
    outer loop
      vertex 61.15 11.05 50.3177
      vertex 61.15 34.95 62
      vertex 61.15 15.35 50.3177
    endloop
  endfacet
  facet normal -1 0 0
    outer loop
      vertex 61.15 4.3 47.2
      vertex 61.15 11.05 44.0823
      vertex 61.15 4.45 36.7177
    endloop
  endfacet
  facet normal -1 0 0
    outer loop
      vertex 61.15 11.05 44.0823
      vertex 61.15 4.3 47.2
      vertex 61.15 8.9 47.2
    endloop
  endfacet
  facet normal -1 0 0
    outer loop
      vertex 61.15 4.3 47.2
      vertex 61.15 11.05 50.3177
      vertex 61.15 8.9 47.2
    endloop
  endfacet
  facet normal -1 0 0
    outer loop
      vertex 61.15 2.15 50.3177
      vertex 61.15 11.05 50.3177
      vertex 61.15 4.3 47.2
    endloop
  endfacet
  facet normal -1 0 0
    outer loop
      vertex 61.15 11.05 50.3177
      vertex 61.15 2.15 50.3177
      vertex 61.15 34.95 62
    endloop
  endfacet
  facet normal -1 0 0
    outer loop
      vertex 61.15 -2.15 50.3177
      vertex 61.15 34.95 62
      vertex 61.15 2.15 50.3177
    endloop
  endfacet
  facet normal -1 0 0
    outer loop
      vertex 61.15 -8.9 47.2
      vertex 61.15 -2.15 44.0823
      vertex 61.15 -8.75 36.7177
    endloop
  endfacet
  facet normal -1 0 0
    outer loop
      vertex 61.15 -2.15 44.0823
      vertex 61.15 -8.9 47.2
      vertex 61.15 -4.3 47.2
    endloop
  endfacet
  facet normal -1 0 0
    outer loop
      vertex 61.15 -8.9 47.2
      vertex 61.15 -2.15 50.3177
      vertex 61.15 -4.3 47.2
    endloop
  endfacet
  facet normal -1 0 0
    outer loop
      vertex 61.15 -11.05 50.3177
      vertex 61.15 -2.15 50.3177
      vertex 61.15 -8.9 47.2
    endloop
  endfacet
  facet normal -1 0 0
    outer loop
      vertex 61.15 -34.95 62
      vertex 61.15 -2.15 50.3177
      vertex 61.15 -11.05 50.3177
    endloop
  endfacet
  facet normal -1 0 0
    outer loop
      vertex 61.15 -34.95 62
      vertex 61.15 -11.05 50.3177
      vertex 61.15 -15.35 50.3177
    endloop
  endfacet
  facet normal -1 0 0
    outer loop
      vertex 61.15 -22.1 47.2
      vertex 61.15 -15.35 44.0823
      vertex 61.15 -21.95 36.7177
    endloop
  endfacet
  facet normal -1 0 0
    outer loop
      vertex 61.15 -15.35 44.0823
      vertex 61.15 -22.1 47.2
      vertex 61.15 -17.5 47.2
    endloop
  endfacet
  facet normal -1 0 0
    outer loop
      vertex 61.15 -22.1 47.2
      vertex 61.15 -15.35 50.3177
      vertex 61.15 -17.5 47.2
    endloop
  endfacet
  facet normal -1 0 0
    outer loop
      vertex 61.15 -24.25 50.3177
      vertex 61.15 -15.35 50.3177
      vertex 61.15 -22.1 47.2
    endloop
  endfacet
  facet normal -1 0 0
    outer loop
      vertex 61.15 -34.95 62
      vertex 61.15 -15.35 50.3177
      vertex 61.15 -24.25 50.3177
    endloop
  endfacet
  facet normal -1 0 0
    outer loop
      vertex 61.15 -34.95 62
      vertex 61.15 -24.25 50.3177
      vertex 61.15 -28.55 50.3177
    endloop
  endfacet
  facet normal -1 0 0
    outer loop
      vertex 61.15 -2.15 50.3177
      vertex 61.15 -34.95 62
      vertex 61.15 34.95 62
    endloop
  endfacet
  facet normal -1 0 0
    outer loop
      vertex 61.15 -30.7 47.2
      vertex 61.15 -34.95 62
      vertex 61.15 -28.55 50.3177
    endloop
  endfacet
  facet normal -1 0 0
    outer loop
      vertex 61.15 -30.7 20
      vertex 61.15 -34.95 62
      vertex 61.15 -30.7 47.2
    endloop
  endfacet
  facet normal -1 -0 0
    outer loop
      vertex 61.15 28.55 44.0823
      vertex 61.15 21.95 36.7177
      vertex 61.15 24.25 44.0823
    endloop
  endfacet
  facet normal -1 0 0
    outer loop
      vertex 61.15 17.65 36.7177
      vertex 61.15 24.25 44.0823
      vertex 61.15 21.95 36.7177
    endloop
  endfacet
  facet normal 0.99517 0.098165 0
    outer loop
      vertex -61.1055 -35.6287 62
      vertex -61.1389 -35.2901 3.2
      vertex -61.1389 -35.2901 62
    endloop
  endfacet
  facet normal 0.99517 0.098165 0
    outer loop
      vertex -61.1389 -35.2901 3.2
      vertex -61.1055 -35.6287 62
      vertex -61.1055 -35.6287 3.2
    endloop
  endfacet
  facet normal -0.683511 -0.72994 0
    outer loop
      vertex 59.3786 38.8596 3.2
      vertex 59.627 38.627 62
      vertex 59.3786 38.8596 62
    endloop
  endfacet
  facet normal -0.683511 -0.72994 -0
    outer loop
      vertex 59.627 38.627 62
      vertex 59.3786 38.8596 3.2
      vertex 59.627 38.627 3.2
    endloop
  endfacet
  facet normal -0.227155 -0.973859 0
    outer loop
      vertex 56.9645 40.0501 3.2
      vertex 57.2959 39.9728 62
      vertex 56.9645 40.0501 62
    endloop
  endfacet
  facet normal -0.227155 -0.973859 -0
    outer loop
      vertex 57.2959 39.9728 62
      vertex 56.9645 40.0501 3.2
      vertex 57.2959 39.9728 3.2
    endloop
  endfacet
  facet normal -0.88193 0.471381 0
    outer loop
      vertex 60.4533 -37.55 3.2
      vertex 60.6137 -37.2499 62
      vertex 60.6137 -37.2499 3.2
    endloop
  endfacet
  facet normal -0.88193 0.471381 0
    outer loop
      vertex 60.6137 -37.2499 62
      vertex 60.4533 -37.55 3.2
      vertex 60.4533 -37.55 62
    endloop
  endfacet
  facet normal -0.582461 -0.812859 0
    outer loop
      vertex 58.839 39.2736 3.2
      vertex 59.1156 39.0754 62
      vertex 58.839 39.2736 62
    endloop
  endfacet
  facet normal -0.582461 -0.812859 -0
    outer loop
      vertex 59.1156 39.0754 62
      vertex 58.839 39.2736 3.2
      vertex 59.1156 39.0754 3.2
    endloop
  endfacet
  facet normal -0.290366 0.956916 0
    outer loop
      vertex 57.6215 -39.874 3.2
      vertex 57.2959 -39.9728 62
      vertex 57.6215 -39.874 62
    endloop
  endfacet
  facet normal -0.290366 0.956916 0
    outer loop
      vertex 57.2959 -39.9728 62
      vertex 57.6215 -39.874 3.2
      vertex 57.2959 -39.9728 3.2
    endloop
  endfacet
  facet normal 0.956916 -0.290366 0
    outer loop
      vertex -60.9728 36.2959 62
      vertex -60.874 36.6215 3.2
      vertex -60.874 36.6215 62
    endloop
  endfacet
  facet normal 0.956916 -0.290366 0
    outer loop
      vertex -60.874 36.6215 3.2
      vertex -60.9728 36.2959 62
      vertex -60.9728 36.2959 3.2
    endloop
  endfacet
  facet normal 0.773066 -0.634326 0
    outer loop
      vertex -60.0754 38.1156 62
      vertex -59.8596 38.3786 3.2
      vertex -59.8596 38.3786 62
    endloop
  endfacet
  facet normal 0.773066 -0.634326 0
    outer loop
      vertex -59.8596 38.3786 3.2
      vertex -60.0754 38.1156 62
      vertex -60.0754 38.1156 3.2
    endloop
  endfacet
  facet normal -0.88193 -0.471381 0
    outer loop
      vertex 60.6137 37.2499 3.2
      vertex 60.4533 37.55 62
      vertex 60.4533 37.55 3.2
    endloop
  endfacet
  facet normal -0.88193 -0.471381 0
    outer loop
      vertex 60.4533 37.55 62
      vertex 60.6137 37.2499 3.2
      vertex 60.6137 37.2499 62
    endloop
  endfacet
  facet normal -0.999468 -0.0326201 0
    outer loop
      vertex 61.15 34.95 3.2
      vertex 61.1389 35.2901 62
      vertex 61.1389 35.2901 3.2
    endloop
  endfacet
  facet normal -0.999468 -0.0326201 0
    outer loop
      vertex 61.1389 35.2901 62
      vertex 61.15 34.95 3.2
      vertex 61.15 34.95 62
    endloop
  endfacet
  facet normal 0.935942 -0.352154 0
    outer loop
      vertex -60.874 36.6215 62
      vertex -60.7542 36.9399 3.2
      vertex -60.7542 36.9399 62
    endloop
  endfacet
  facet normal 0.935942 -0.352154 0
    outer loop
      vertex -60.7542 36.9399 3.2
      vertex -60.874 36.6215 62
      vertex -60.874 36.6215 3.2
    endloop
  endfacet
  facet normal -0.582461 0.812859 0
    outer loop
      vertex 59.1156 -39.0754 3.2
      vertex 58.839 -39.2736 62
      vertex 59.1156 -39.0754 62
    endloop
  endfacet
  facet normal -0.582461 0.812859 0
    outer loop
      vertex 58.839 -39.2736 62
      vertex 59.1156 -39.0754 3.2
      vertex 58.839 -39.2736 3.2
    endloop
  endfacet
  facet normal 0.352154 -0.935942 0
    outer loop
      vertex -57.9399 39.7542 3.2
      vertex -57.6215 39.874 62
      vertex -57.9399 39.7542 62
    endloop
  endfacet
  facet normal 0.352154 -0.935942 0
    outer loop
      vertex -57.6215 39.874 62
      vertex -57.9399 39.7542 3.2
      vertex -57.6215 39.874 3.2
    endloop
  endfacet
  facet normal 0.683511 -0.72994 0
    outer loop
      vertex -59.627 38.627 3.2
      vertex -59.3786 38.8596 62
      vertex -59.627 38.627 62
    endloop
  endfacet
  facet normal 0.683511 -0.72994 0
    outer loop
      vertex -59.3786 38.8596 62
      vertex -59.627 38.627 3.2
      vertex -59.3786 38.8596 3.2
    endloop
  endfacet
  facet normal 0.72994 -0.683511 0
    outer loop
      vertex -59.8596 38.3786 62
      vertex -59.627 38.627 3.2
      vertex -59.627 38.627 62
    endloop
  endfacet
  facet normal 0.72994 -0.683511 0
    outer loop
      vertex -59.627 38.627 3.2
      vertex -59.8596 38.3786 62
      vertex -59.8596 38.3786 3.2
    endloop
  endfacet
  facet normal 0.812859 -0.582461 0
    outer loop
      vertex -60.2736 37.839 62
      vertex -60.0754 38.1156 3.2
      vertex -60.0754 38.1156 62
    endloop
  endfacet
  facet normal 0.812859 -0.582461 0
    outer loop
      vertex -60.0754 38.1156 3.2
      vertex -60.2736 37.839 62
      vertex -60.2736 37.839 3.2
    endloop
  endfacet
  facet normal 0.812859 0.582461 0
    outer loop
      vertex -60.0754 -38.1156 62
      vertex -60.2736 -37.839 3.2
      vertex -60.2736 -37.839 62
    endloop
  endfacet
  facet normal 0.812859 0.582461 0
    outer loop
      vertex -60.2736 -37.839 3.2
      vertex -60.0754 -38.1156 62
      vertex -60.0754 -38.1156 3.2
    endloop
  endfacet
  facet normal -0.528043 -0.849218 0
    outer loop
      vertex 58.55 39.4533 3.2
      vertex 58.839 39.2736 62
      vertex 58.55 39.4533 62
    endloop
  endfacet
  facet normal -0.528043 -0.849218 -0
    outer loop
      vertex 58.839 39.2736 62
      vertex 58.55 39.4533 3.2
      vertex 58.839 39.2736 3.2
    endloop
  endfacet
  facet normal 0.910819 0.412807 0
    outer loop
      vertex -60.6137 -37.2499 62
      vertex -60.7542 -36.9399 3.2
      vertex -60.7542 -36.9399 62
    endloop
  endfacet
  facet normal 0.910819 0.412807 0
    outer loop
      vertex -60.7542 -36.9399 3.2
      vertex -60.6137 -37.2499 62
      vertex -60.6137 -37.2499 3.2
    endloop
  endfacet
  facet normal 0.162779 0.986663 -0
    outer loop
      vertex -56.6287 -40.1055 3.2
      vertex -56.9645 -40.0501 62
      vertex -56.6287 -40.1055 62
    endloop
  endfacet
  facet normal 0.162779 0.986663 0
    outer loop
      vertex -56.9645 -40.0501 62
      vertex -56.6287 -40.1055 3.2
      vertex -56.9645 -40.0501 3.2
    endloop
  endfacet
  facet normal 0.0326201 0.999468 -0
    outer loop
      vertex -55.95 -40.15 3.2
      vertex -56.2901 -40.1389 62
      vertex -55.95 -40.15 62
    endloop
  endfacet
  facet normal 0.0326201 0.999468 0
    outer loop
      vertex -56.2901 -40.1389 62
      vertex -55.95 -40.15 3.2
      vertex -56.2901 -40.1389 3.2
    endloop
  endfacet
  facet normal -0.634326 0.773066 0
    outer loop
      vertex 59.3786 -38.8596 3.2
      vertex 59.1156 -39.0754 62
      vertex 59.3786 -38.8596 62
    endloop
  endfacet
  facet normal -0.634326 0.773066 0
    outer loop
      vertex 59.1156 -39.0754 62
      vertex 59.3786 -38.8596 3.2
      vertex 59.1156 -39.0754 3.2
    endloop
  endfacet
  facet normal 0.634326 -0.773066 0
    outer loop
      vertex -59.3786 38.8596 3.2
      vertex -59.1156 39.0754 62
      vertex -59.3786 38.8596 62
    endloop
  endfacet
  facet normal 0.634326 -0.773066 0
    outer loop
      vertex -59.1156 39.0754 62
      vertex -59.3786 38.8596 3.2
      vertex -59.1156 39.0754 3.2
    endloop
  endfacet
  facet normal -0.0326201 0.999468 0
    outer loop
      vertex 56.2901 -40.1389 3.2
      vertex 55.95 -40.15 62
      vertex 56.2901 -40.1389 62
    endloop
  endfacet
  facet normal -0.0326201 0.999468 0
    outer loop
      vertex 55.95 -40.15 62
      vertex 56.2901 -40.1389 3.2
      vertex 55.95 -40.15 3.2
    endloop
  endfacet
  facet normal 0.99517 -0.098165 0
    outer loop
      vertex -61.1389 35.2901 62
      vertex -61.1055 35.6287 3.2
      vertex -61.1055 35.6287 62
    endloop
  endfacet
  facet normal 0.99517 -0.098165 0
    outer loop
      vertex -61.1055 35.6287 3.2
      vertex -61.1389 35.2901 62
      vertex -61.1389 35.2901 3.2
    endloop
  endfacet
  facet normal -0.999468 0.0326201 0
    outer loop
      vertex 61.1389 -35.2901 3.2
      vertex 61.15 -34.95 62
      vertex 61.15 -34.95 3.2
    endloop
  endfacet
  facet normal -0.999468 0.0326201 0
    outer loop
      vertex 61.15 -34.95 62
      vertex 61.1389 -35.2901 3.2
      vertex 61.1389 -35.2901 62
    endloop
  endfacet
  facet normal -0.0326201 -0.999468 0
    outer loop
      vertex 55.95 40.15 3.2
      vertex 56.2901 40.1389 62
      vertex 55.95 40.15 62
    endloop
  endfacet
  facet normal -0.0326201 -0.999468 -0
    outer loop
      vertex 56.2901 40.1389 62
      vertex 55.95 40.15 3.2
      vertex 56.2901 40.1389 3.2
    endloop
  endfacet
  facet normal -0.098165 0.99517 0
    outer loop
      vertex 56.6287 -40.1055 3.2
      vertex 56.2901 -40.1389 62
      vertex 56.6287 -40.1055 62
    endloop
  endfacet
  facet normal -0.098165 0.99517 0
    outer loop
      vertex 56.2901 -40.1389 62
      vertex 56.6287 -40.1055 3.2
      vertex 56.2901 -40.1389 3.2
    endloop
  endfacet
  facet normal -0.290366 -0.956916 0
    outer loop
      vertex 57.2959 39.9728 3.2
      vertex 57.6215 39.874 62
      vertex 57.2959 39.9728 62
    endloop
  endfacet
  facet normal -0.290366 -0.956916 -0
    outer loop
      vertex 57.6215 39.874 62
      vertex 57.2959 39.9728 3.2
      vertex 57.6215 39.874 3.2
    endloop
  endfacet
  facet normal -0.99517 -0.098165 0
    outer loop
      vertex 61.1389 35.2901 3.2
      vertex 61.1055 35.6287 62
      vertex 61.1055 35.6287 3.2
    endloop
  endfacet
  facet normal -0.99517 -0.098165 0
    outer loop
      vertex 61.1055 35.6287 62
      vertex 61.1389 35.2901 3.2
      vertex 61.1389 35.2901 62
    endloop
  endfacet
  facet normal -0.098165 -0.99517 0
    outer loop
      vertex 56.2901 40.1389 3.2
      vertex 56.6287 40.1055 62
      vertex 56.2901 40.1389 62
    endloop
  endfacet
  facet normal -0.098165 -0.99517 -0
    outer loop
      vertex 56.6287 40.1055 62
      vertex 56.2901 40.1389 3.2
      vertex 56.6287 40.1055 3.2
    endloop
  endfacet
  facet normal -0.227155 0.973859 0
    outer loop
      vertex 57.2959 -39.9728 3.2
      vertex 56.9645 -40.0501 62
      vertex 57.2959 -39.9728 62
    endloop
  endfacet
  facet normal -0.227155 0.973859 0
    outer loop
      vertex 56.9645 -40.0501 62
      vertex 57.2959 -39.9728 3.2
      vertex 56.9645 -40.0501 3.2
    endloop
  endfacet
  facet normal 0.098165 0.99517 -0
    outer loop
      vertex -56.2901 -40.1389 3.2
      vertex -56.6287 -40.1055 62
      vertex -56.2901 -40.1389 62
    endloop
  endfacet
  facet normal 0.098165 0.99517 0
    outer loop
      vertex -56.6287 -40.1055 62
      vertex -56.2901 -40.1389 3.2
      vertex -56.6287 -40.1055 3.2
    endloop
  endfacet
  facet normal 0.72994 0.683511 0
    outer loop
      vertex -59.627 -38.627 62
      vertex -59.8596 -38.3786 3.2
      vertex -59.8596 -38.3786 62
    endloop
  endfacet
  facet normal 0.72994 0.683511 0
    outer loop
      vertex -59.8596 -38.3786 3.2
      vertex -59.627 -38.627 62
      vertex -59.627 -38.627 3.2
    endloop
  endfacet
  facet normal -0.99517 0.098165 0
    outer loop
      vertex 61.1055 -35.6287 3.2
      vertex 61.1389 -35.2901 62
      vertex 61.1389 -35.2901 3.2
    endloop
  endfacet
  facet normal -0.99517 0.098165 0
    outer loop
      vertex 61.1389 -35.2901 62
      vertex 61.1055 -35.6287 3.2
      vertex 61.1055 -35.6287 62
    endloop
  endfacet
  facet normal -0.352154 -0.935942 0
    outer loop
      vertex 57.6215 39.874 3.2
      vertex 57.9399 39.7542 62
      vertex 57.6215 39.874 62
    endloop
  endfacet
  facet normal -0.352154 -0.935942 -0
    outer loop
      vertex 57.9399 39.7542 62
      vertex 57.6215 39.874 3.2
      vertex 57.9399 39.7542 3.2
    endloop
  endfacet
  facet normal -0.812859 -0.582461 0
    outer loop
      vertex 60.2736 37.839 3.2
      vertex 60.0754 38.1156 62
      vertex 60.0754 38.1156 3.2
    endloop
  endfacet
  facet normal -0.812859 -0.582461 0
    outer loop
      vertex 60.0754 38.1156 62
      vertex 60.2736 37.839 3.2
      vertex 60.2736 37.839 62
    endloop
  endfacet
  facet normal -0.412807 0.910819 0
    outer loop
      vertex 58.2499 -39.6137 3.2
      vertex 57.9399 -39.7542 62
      vertex 58.2499 -39.6137 62
    endloop
  endfacet
  facet normal -0.412807 0.910819 0
    outer loop
      vertex 57.9399 -39.7542 62
      vertex 58.2499 -39.6137 3.2
      vertex 57.9399 -39.7542 3.2
    endloop
  endfacet
  facet normal 0.88193 0.471381 0
    outer loop
      vertex -60.4533 -37.55 62
      vertex -60.6137 -37.2499 3.2
      vertex -60.6137 -37.2499 62
    endloop
  endfacet
  facet normal 0.88193 0.471381 0
    outer loop
      vertex -60.6137 -37.2499 3.2
      vertex -60.4533 -37.55 62
      vertex -60.4533 -37.55 3.2
    endloop
  endfacet
  facet normal -0.412807 -0.910819 0
    outer loop
      vertex 57.9399 39.7542 3.2
      vertex 58.2499 39.6137 62
      vertex 57.9399 39.7542 62
    endloop
  endfacet
  facet normal -0.412807 -0.910819 -0
    outer loop
      vertex 58.2499 39.6137 62
      vertex 57.9399 39.7542 3.2
      vertex 58.2499 39.6137 3.2
    endloop
  endfacet
  facet normal 0.910819 -0.412807 0
    outer loop
      vertex -60.7542 36.9399 62
      vertex -60.6137 37.2499 3.2
      vertex -60.6137 37.2499 62
    endloop
  endfacet
  facet normal 0.910819 -0.412807 0
    outer loop
      vertex -60.6137 37.2499 3.2
      vertex -60.7542 36.9399 62
      vertex -60.7542 36.9399 3.2
    endloop
  endfacet
  facet normal 0.88193 -0.471381 0
    outer loop
      vertex -60.6137 37.2499 62
      vertex -60.4533 37.55 3.2
      vertex -60.4533 37.55 62
    endloop
  endfacet
  facet normal 0.88193 -0.471381 0
    outer loop
      vertex -60.4533 37.55 3.2
      vertex -60.6137 37.2499 62
      vertex -60.6137 37.2499 3.2
    endloop
  endfacet
  facet normal 0.582461 0.812859 -0
    outer loop
      vertex -58.839 -39.2736 3.2
      vertex -59.1156 -39.0754 62
      vertex -58.839 -39.2736 62
    endloop
  endfacet
  facet normal 0.582461 0.812859 0
    outer loop
      vertex -59.1156 -39.0754 62
      vertex -58.839 -39.2736 3.2
      vertex -59.1156 -39.0754 3.2
    endloop
  endfacet
  facet normal 0.162779 -0.986663 0
    outer loop
      vertex -56.9645 40.0501 3.2
      vertex -56.6287 40.1055 62
      vertex -56.9645 40.0501 62
    endloop
  endfacet
  facet normal 0.162779 -0.986663 0
    outer loop
      vertex -56.6287 40.1055 62
      vertex -56.9645 40.0501 3.2
      vertex -56.6287 40.1055 3.2
    endloop
  endfacet
  facet normal -0.471381 0.88193 0
    outer loop
      vertex 58.55 -39.4533 3.2
      vertex 58.2499 -39.6137 62
      vertex 58.55 -39.4533 62
    endloop
  endfacet
  facet normal -0.471381 0.88193 0
    outer loop
      vertex 58.2499 -39.6137 62
      vertex 58.55 -39.4533 3.2
      vertex 58.2499 -39.6137 3.2
    endloop
  endfacet
  facet normal -0.528043 0.849218 0
    outer loop
      vertex 58.839 -39.2736 3.2
      vertex 58.55 -39.4533 62
      vertex 58.839 -39.2736 62
    endloop
  endfacet
  facet normal -0.528043 0.849218 0
    outer loop
      vertex 58.55 -39.4533 62
      vertex 58.839 -39.2736 3.2
      vertex 58.55 -39.4533 3.2
    endloop
  endfacet
  facet normal -0.849218 0.528043 0
    outer loop
      vertex 60.2736 -37.839 3.2
      vertex 60.4533 -37.55 62
      vertex 60.4533 -37.55 3.2
    endloop
  endfacet
  facet normal -0.849218 0.528043 0
    outer loop
      vertex 60.4533 -37.55 62
      vertex 60.2736 -37.839 3.2
      vertex 60.2736 -37.839 62
    endloop
  endfacet
  facet normal 0.528043 0.849218 -0
    outer loop
      vertex -58.55 -39.4533 3.2
      vertex -58.839 -39.2736 62
      vertex -58.55 -39.4533 62
    endloop
  endfacet
  facet normal 0.528043 0.849218 0
    outer loop
      vertex -58.839 -39.2736 62
      vertex -58.55 -39.4533 3.2
      vertex -58.839 -39.2736 3.2
    endloop
  endfacet
  facet normal 0.773066 0.634326 0
    outer loop
      vertex -59.8596 -38.3786 62
      vertex -60.0754 -38.1156 3.2
      vertex -60.0754 -38.1156 62
    endloop
  endfacet
  facet normal 0.773066 0.634326 0
    outer loop
      vertex -60.0754 -38.1156 3.2
      vertex -59.8596 -38.3786 62
      vertex -59.8596 -38.3786 3.2
    endloop
  endfacet
  facet normal 0.986663 -0.162779 0
    outer loop
      vertex -61.1055 35.6287 62
      vertex -61.0501 35.9645 3.2
      vertex -61.0501 35.9645 62
    endloop
  endfacet
  facet normal 0.986663 -0.162779 0
    outer loop
      vertex -61.0501 35.9645 3.2
      vertex -61.1055 35.6287 62
      vertex -61.1055 35.6287 3.2
    endloop
  endfacet
  facet normal -0.634326 -0.773066 0
    outer loop
      vertex 59.1156 39.0754 3.2
      vertex 59.3786 38.8596 62
      vertex 59.1156 39.0754 62
    endloop
  endfacet
  facet normal -0.634326 -0.773066 -0
    outer loop
      vertex 59.3786 38.8596 62
      vertex 59.1156 39.0754 3.2
      vertex 59.3786 38.8596 3.2
    endloop
  endfacet
  facet normal 0.412807 0.910819 -0
    outer loop
      vertex -57.9399 -39.7542 3.2
      vertex -58.2499 -39.6137 62
      vertex -57.9399 -39.7542 62
    endloop
  endfacet
  facet normal 0.412807 0.910819 0
    outer loop
      vertex -58.2499 -39.6137 62
      vertex -57.9399 -39.7542 3.2
      vertex -58.2499 -39.6137 3.2
    endloop
  endfacet
  facet normal -0.973859 0.227155 0
    outer loop
      vertex 60.9728 -36.2959 3.2
      vertex 61.0501 -35.9645 62
      vertex 61.0501 -35.9645 3.2
    endloop
  endfacet
  facet normal -0.973859 0.227155 0
    outer loop
      vertex 61.0501 -35.9645 62
      vertex 60.9728 -36.2959 3.2
      vertex 60.9728 -36.2959 62
    endloop
  endfacet
  facet normal 0.471381 -0.88193 0
    outer loop
      vertex -58.55 39.4533 3.2
      vertex -58.2499 39.6137 62
      vertex -58.55 39.4533 62
    endloop
  endfacet
  facet normal 0.471381 -0.88193 0
    outer loop
      vertex -58.2499 39.6137 62
      vertex -58.55 39.4533 3.2
      vertex -58.2499 39.6137 3.2
    endloop
  endfacet
  facet normal -0.935942 0.352154 0
    outer loop
      vertex 60.7542 -36.9399 3.2
      vertex 60.874 -36.6215 62
      vertex 60.874 -36.6215 3.2
    endloop
  endfacet
  facet normal -0.935942 0.352154 0
    outer loop
      vertex 60.874 -36.6215 62
      vertex 60.7542 -36.9399 3.2
      vertex 60.7542 -36.9399 62
    endloop
  endfacet
  facet normal 0.227155 0.973859 -0
    outer loop
      vertex -56.9645 -40.0501 3.2
      vertex -57.2959 -39.9728 62
      vertex -56.9645 -40.0501 62
    endloop
  endfacet
  facet normal 0.227155 0.973859 0
    outer loop
      vertex -57.2959 -39.9728 62
      vertex -56.9645 -40.0501 3.2
      vertex -57.2959 -39.9728 3.2
    endloop
  endfacet
  facet normal -0.956916 0.290366 0
    outer loop
      vertex 60.874 -36.6215 3.2
      vertex 60.9728 -36.2959 62
      vertex 60.9728 -36.2959 3.2
    endloop
  endfacet
  facet normal -0.956916 0.290366 0
    outer loop
      vertex 60.9728 -36.2959 62
      vertex 60.874 -36.6215 3.2
      vertex 60.874 -36.6215 62
    endloop
  endfacet
  facet normal 0.683511 0.72994 -0
    outer loop
      vertex -59.3786 -38.8596 3.2
      vertex -59.627 -38.627 62
      vertex -59.3786 -38.8596 62
    endloop
  endfacet
  facet normal 0.683511 0.72994 0
    outer loop
      vertex -59.627 -38.627 62
      vertex -59.3786 -38.8596 3.2
      vertex -59.627 -38.627 3.2
    endloop
  endfacet
  facet normal 0.471381 0.88193 -0
    outer loop
      vertex -58.2499 -39.6137 3.2
      vertex -58.55 -39.4533 62
      vertex -58.2499 -39.6137 62
    endloop
  endfacet
  facet normal 0.471381 0.88193 0
    outer loop
      vertex -58.55 -39.4533 62
      vertex -58.2499 -39.6137 3.2
      vertex -58.55 -39.4533 3.2
    endloop
  endfacet
  facet normal -0.162779 -0.986663 0
    outer loop
      vertex 56.6287 40.1055 3.2
      vertex 56.9645 40.0501 62
      vertex 56.6287 40.1055 62
    endloop
  endfacet
  facet normal -0.162779 -0.986663 -0
    outer loop
      vertex 56.9645 40.0501 62
      vertex 56.6287 40.1055 3.2
      vertex 56.9645 40.0501 3.2
    endloop
  endfacet
  facet normal -0.683511 0.72994 0
    outer loop
      vertex 59.627 -38.627 3.2
      vertex 59.3786 -38.8596 62
      vertex 59.627 -38.627 62
    endloop
  endfacet
  facet normal -0.683511 0.72994 0
    outer loop
      vertex 59.3786 -38.8596 62
      vertex 59.627 -38.627 3.2
      vertex 59.3786 -38.8596 3.2
    endloop
  endfacet
  facet normal 0.290366 0.956916 -0
    outer loop
      vertex -57.2959 -39.9728 3.2
      vertex -57.6215 -39.874 62
      vertex -57.2959 -39.9728 62
    endloop
  endfacet
  facet normal 0.290366 0.956916 0
    outer loop
      vertex -57.6215 -39.874 62
      vertex -57.2959 -39.9728 3.2
      vertex -57.6215 -39.874 3.2
    endloop
  endfacet
  facet normal -0.471381 -0.88193 0
    outer loop
      vertex 58.2499 39.6137 3.2
      vertex 58.55 39.4533 62
      vertex 58.2499 39.6137 62
    endloop
  endfacet
  facet normal -0.471381 -0.88193 -0
    outer loop
      vertex 58.55 39.4533 62
      vertex 58.2499 39.6137 3.2
      vertex 58.55 39.4533 3.2
    endloop
  endfacet
  facet normal -0.162779 0.986663 0
    outer loop
      vertex 56.9645 -40.0501 3.2
      vertex 56.6287 -40.1055 62
      vertex 56.9645 -40.0501 62
    endloop
  endfacet
  facet normal -0.162779 0.986663 0
    outer loop
      vertex 56.6287 -40.1055 62
      vertex 56.9645 -40.0501 3.2
      vertex 56.6287 -40.1055 3.2
    endloop
  endfacet
  facet normal -0.773066 0.634326 0
    outer loop
      vertex 59.8596 -38.3786 3.2
      vertex 60.0754 -38.1156 62
      vertex 60.0754 -38.1156 3.2
    endloop
  endfacet
  facet normal -0.773066 0.634326 0
    outer loop
      vertex 60.0754 -38.1156 62
      vertex 59.8596 -38.3786 3.2
      vertex 59.8596 -38.3786 62
    endloop
  endfacet
  facet normal 0.098165 -0.99517 0
    outer loop
      vertex -56.6287 40.1055 3.2
      vertex -56.2901 40.1389 62
      vertex -56.6287 40.1055 62
    endloop
  endfacet
  facet normal 0.098165 -0.99517 0
    outer loop
      vertex -56.2901 40.1389 62
      vertex -56.6287 40.1055 3.2
      vertex -56.2901 40.1389 3.2
    endloop
  endfacet
  facet normal 0.0326201 -0.999468 0
    outer loop
      vertex -56.2901 40.1389 3.2
      vertex -55.95 40.15 62
      vertex -56.2901 40.1389 62
    endloop
  endfacet
  facet normal 0.0326201 -0.999468 0
    outer loop
      vertex -55.95 40.15 62
      vertex -56.2901 40.1389 3.2
      vertex -55.95 40.15 3.2
    endloop
  endfacet
  facet normal -0.72994 0.683511 0
    outer loop
      vertex 59.627 -38.627 3.2
      vertex 59.8596 -38.3786 62
      vertex 59.8596 -38.3786 3.2
    endloop
  endfacet
  facet normal -0.72994 0.683511 0
    outer loop
      vertex 59.8596 -38.3786 62
      vertex 59.627 -38.627 3.2
      vertex 59.627 -38.627 62
    endloop
  endfacet
  facet normal 0 0 1
    outer loop
      vertex 55.95 40.15 3.2
      vertex 61.15 34.95 3.2
      vertex 61.1389 35.2901 3.2
    endloop
  endfacet
  facet normal 0 0 1
    outer loop
      vertex 61.15 34.95 3.2
      vertex 55.95 40.15 3.2
      vertex 61.15 -34.95 3.2
    endloop
  endfacet
  facet normal 0 0 1
    outer loop
      vertex 55.95 40.15 3.2
      vertex 61.1389 35.2901 3.2
      vertex 61.1055 35.6287 3.2
    endloop
  endfacet
  facet normal 0 0 1
    outer loop
      vertex 55.95 -40.15 3.2
      vertex 61.15 -34.95 3.2
      vertex 55.95 40.15 3.2
    endloop
  endfacet
  facet normal 0 0 1
    outer loop
      vertex 55.95 40.15 3.2
      vertex 61.1055 35.6287 3.2
      vertex 61.0501 35.9645 3.2
    endloop
  endfacet
  facet normal 0 0 1
    outer loop
      vertex 61.15 -34.95 3.2
      vertex 55.95 -40.15 3.2
      vertex 61.1389 -35.2901 3.2
    endloop
  endfacet
  facet normal 0 0 1
    outer loop
      vertex 55.95 40.15 3.2
      vertex 61.0501 35.9645 3.2
      vertex 60.9728 36.2959 3.2
    endloop
  endfacet
  facet normal 0 0 1
    outer loop
      vertex 61.1389 -35.2901 3.2
      vertex 55.95 -40.15 3.2
      vertex 61.1055 -35.6287 3.2
    endloop
  endfacet
  facet normal 0 0 1
    outer loop
      vertex 55.95 40.15 3.2
      vertex 60.9728 36.2959 3.2
      vertex 60.874 36.6215 3.2
    endloop
  endfacet
  facet normal 0 0 1
    outer loop
      vertex 61.1055 -35.6287 3.2
      vertex 55.95 -40.15 3.2
      vertex 61.0501 -35.9645 3.2
    endloop
  endfacet
  facet normal 0 0 1
    outer loop
      vertex 55.95 40.15 3.2
      vertex 60.874 36.6215 3.2
      vertex 60.7542 36.9399 3.2
    endloop
  endfacet
  facet normal 0 0 1
    outer loop
      vertex 61.0501 -35.9645 3.2
      vertex 55.95 -40.15 3.2
      vertex 60.9728 -36.2959 3.2
    endloop
  endfacet
  facet normal 0 0 1
    outer loop
      vertex 55.95 40.15 3.2
      vertex 60.7542 36.9399 3.2
      vertex 60.6137 37.2499 3.2
    endloop
  endfacet
  facet normal 0 0 1
    outer loop
      vertex 60.9728 -36.2959 3.2
      vertex 55.95 -40.15 3.2
      vertex 60.874 -36.6215 3.2
    endloop
  endfacet
  facet normal 0 0 1
    outer loop
      vertex 55.95 40.15 3.2
      vertex 60.6137 37.2499 3.2
      vertex 60.4533 37.55 3.2
    endloop
  endfacet
  facet normal 0 0 1
    outer loop
      vertex 60.874 -36.6215 3.2
      vertex 55.95 -40.15 3.2
      vertex 60.7542 -36.9399 3.2
    endloop
  endfacet
  facet normal 0 0 1
    outer loop
      vertex 55.95 40.15 3.2
      vertex 60.4533 37.55 3.2
      vertex 60.2736 37.839 3.2
    endloop
  endfacet
  facet normal 0 0 1
    outer loop
      vertex 60.7542 -36.9399 3.2
      vertex 55.95 -40.15 3.2
      vertex 60.6137 -37.2499 3.2
    endloop
  endfacet
  facet normal 0 0 1
    outer loop
      vertex 55.95 40.15 3.2
      vertex 60.2736 37.839 3.2
      vertex 60.0754 38.1156 3.2
    endloop
  endfacet
  facet normal 0 0 1
    outer loop
      vertex 60.6137 -37.2499 3.2
      vertex 55.95 -40.15 3.2
      vertex 60.4533 -37.55 3.2
    endloop
  endfacet
  facet normal 0 0 1
    outer loop
      vertex 55.95 40.15 3.2
      vertex 60.0754 38.1156 3.2
      vertex 59.8596 38.3786 3.2
    endloop
  endfacet
  facet normal 0 0 1
    outer loop
      vertex 60.4533 -37.55 3.2
      vertex 55.95 -40.15 3.2
      vertex 60.2736 -37.839 3.2
    endloop
  endfacet
  facet normal 0 0 1
    outer loop
      vertex 55.95 40.15 3.2
      vertex 59.8596 38.3786 3.2
      vertex 59.627 38.627 3.2
    endloop
  endfacet
  facet normal 0 0 1
    outer loop
      vertex 60.2736 -37.839 3.2
      vertex 55.95 -40.15 3.2
      vertex 60.0754 -38.1156 3.2
    endloop
  endfacet
  facet normal 0 0 1
    outer loop
      vertex 55.95 40.15 3.2
      vertex 59.627 38.627 3.2
      vertex 59.3786 38.8596 3.2
    endloop
  endfacet
  facet normal 0 0 1
    outer loop
      vertex 60.0754 -38.1156 3.2
      vertex 55.95 -40.15 3.2
      vertex 59.8596 -38.3786 3.2
    endloop
  endfacet
  facet normal 0 0 1
    outer loop
      vertex 55.95 40.15 3.2
      vertex 59.3786 38.8596 3.2
      vertex 59.1156 39.0754 3.2
    endloop
  endfacet
  facet normal 0 0 1
    outer loop
      vertex 59.8596 -38.3786 3.2
      vertex 55.95 -40.15 3.2
      vertex 59.627 -38.627 3.2
    endloop
  endfacet
  facet normal 0 0 1
    outer loop
      vertex 55.95 40.15 3.2
      vertex 59.1156 39.0754 3.2
      vertex 58.839 39.2736 3.2
    endloop
  endfacet
  facet normal 0 0 1
    outer loop
      vertex 59.627 -38.627 3.2
      vertex 55.95 -40.15 3.2
      vertex 59.3786 -38.8596 3.2
    endloop
  endfacet
  facet normal 0 0 1
    outer loop
      vertex 55.95 40.15 3.2
      vertex 58.839 39.2736 3.2
      vertex 58.55 39.4533 3.2
    endloop
  endfacet
  facet normal 0 0 1
    outer loop
      vertex 59.3786 -38.8596 3.2
      vertex 55.95 -40.15 3.2
      vertex 59.1156 -39.0754 3.2
    endloop
  endfacet
  facet normal 0 0 1
    outer loop
      vertex 55.95 40.15 3.2
      vertex 58.55 39.4533 3.2
      vertex 58.2499 39.6137 3.2
    endloop
  endfacet
  facet normal 0 0 1
    outer loop
      vertex 59.1156 -39.0754 3.2
      vertex 55.95 -40.15 3.2
      vertex 58.839 -39.2736 3.2
    endloop
  endfacet
  facet normal 0 0 1
    outer loop
      vertex 55.95 40.15 3.2
      vertex 58.2499 39.6137 3.2
      vertex 57.9399 39.7542 3.2
    endloop
  endfacet
  facet normal 0 0 1
    outer loop
      vertex 58.839 -39.2736 3.2
      vertex 55.95 -40.15 3.2
      vertex 58.55 -39.4533 3.2
    endloop
  endfacet
  facet normal 0 0 1
    outer loop
      vertex 55.95 40.15 3.2
      vertex 57.9399 39.7542 3.2
      vertex 57.6215 39.874 3.2
    endloop
  endfacet
  facet normal 0 0 1
    outer loop
      vertex 58.55 -39.4533 3.2
      vertex 55.95 -40.15 3.2
      vertex 58.2499 -39.6137 3.2
    endloop
  endfacet
  facet normal 0 0 1
    outer loop
      vertex 55.95 40.15 3.2
      vertex 57.6215 39.874 3.2
      vertex 57.2959 39.9728 3.2
    endloop
  endfacet
  facet normal 0 0 1
    outer loop
      vertex 58.2499 -39.6137 3.2
      vertex 55.95 -40.15 3.2
      vertex 57.9399 -39.7542 3.2
    endloop
  endfacet
  facet normal 0 0 1
    outer loop
      vertex 55.95 40.15 3.2
      vertex 57.2959 39.9728 3.2
      vertex 56.9645 40.0501 3.2
    endloop
  endfacet
  facet normal 0 0 1
    outer loop
      vertex 57.9399 -39.7542 3.2
      vertex 55.95 -40.15 3.2
      vertex 57.6215 -39.874 3.2
    endloop
  endfacet
  facet normal 0 0 1
    outer loop
      vertex 55.95 40.15 3.2
      vertex 56.9645 40.0501 3.2
      vertex 56.6287 40.1055 3.2
    endloop
  endfacet
  facet normal 0 0 1
    outer loop
      vertex 57.6215 -39.874 3.2
      vertex 55.95 -40.15 3.2
      vertex 57.2959 -39.9728 3.2
    endloop
  endfacet
  facet normal 0 0 1
    outer loop
      vertex 55.95 40.15 3.2
      vertex 56.6287 40.1055 3.2
      vertex 56.2901 40.1389 3.2
    endloop
  endfacet
  facet normal 0 0 1
    outer loop
      vertex 57.2959 -39.9728 3.2
      vertex 55.95 -40.15 3.2
      vertex 56.9645 -40.0501 3.2
    endloop
  endfacet
  facet normal 0 0 1
    outer loop
      vertex 56.9645 -40.0501 3.2
      vertex 55.95 -40.15 3.2
      vertex 56.6287 -40.1055 3.2
    endloop
  endfacet
  facet normal 0 0 1
    outer loop
      vertex 56.6287 -40.1055 3.2
      vertex 55.95 -40.15 3.2
      vertex 56.2901 -40.1389 3.2
    endloop
  endfacet
  facet normal -0 0 1
    outer loop
      vertex -55.95 40.15 3.2
      vertex 55.95 -40.15 3.2
      vertex 55.95 40.15 3.2
    endloop
  endfacet
  facet normal 0 0 1
    outer loop
      vertex -55.95 40.15 3.2
      vertex -55.95 -40.15 3.2
      vertex 55.95 -40.15 3.2
    endloop
  endfacet
  facet normal 0 0 1
    outer loop
      vertex -61.15 34.95 3.2
      vertex -55.95 40.15 3.2
      vertex -56.2901 40.1389 3.2
    endloop
  endfacet
  facet normal 0 0 1
    outer loop
      vertex -55.95 40.15 3.2
      vertex -61.15 34.95 3.2
      vertex -55.95 -40.15 3.2
    endloop
  endfacet
  facet normal 0 0 1
    outer loop
      vertex -61.15 34.95 3.2
      vertex -56.2901 40.1389 3.2
      vertex -56.6287 40.1055 3.2
    endloop
  endfacet
  facet normal -0 0 1
    outer loop
      vertex -61.15 -34.95 3.2
      vertex -55.95 -40.15 3.2
      vertex -61.15 34.95 3.2
    endloop
  endfacet
  facet normal 0 0 1
    outer loop
      vertex -61.15 34.95 3.2
      vertex -56.6287 40.1055 3.2
      vertex -56.9645 40.0501 3.2
    endloop
  endfacet
  facet normal 0 0 1
    outer loop
      vertex -55.95 -40.15 3.2
      vertex -61.15 -34.95 3.2
      vertex -56.2901 -40.1389 3.2
    endloop
  endfacet
  facet normal 0 0 1
    outer loop
      vertex -61.15 34.95 3.2
      vertex -56.9645 40.0501 3.2
      vertex -57.2959 39.9728 3.2
    endloop
  endfacet
  facet normal 0 0 1
    outer loop
      vertex -56.2901 -40.1389 3.2
      vertex -61.15 -34.95 3.2
      vertex -56.6287 -40.1055 3.2
    endloop
  endfacet
  facet normal 0 0 1
    outer loop
      vertex -61.15 34.95 3.2
      vertex -57.2959 39.9728 3.2
      vertex -57.6215 39.874 3.2
    endloop
  endfacet
  facet normal 0 0 1
    outer loop
      vertex -56.6287 -40.1055 3.2
      vertex -61.15 -34.95 3.2
      vertex -56.9645 -40.0501 3.2
    endloop
  endfacet
  facet normal 0 0 1
    outer loop
      vertex -61.15 34.95 3.2
      vertex -57.6215 39.874 3.2
      vertex -57.9399 39.7542 3.2
    endloop
  endfacet
  facet normal 0 0 1
    outer loop
      vertex -56.9645 -40.0501 3.2
      vertex -61.15 -34.95 3.2
      vertex -57.2959 -39.9728 3.2
    endloop
  endfacet
  facet normal 0 0 1
    outer loop
      vertex -61.15 34.95 3.2
      vertex -57.9399 39.7542 3.2
      vertex -58.2499 39.6137 3.2
    endloop
  endfacet
  facet normal 0 0 1
    outer loop
      vertex -57.2959 -39.9728 3.2
      vertex -61.15 -34.95 3.2
      vertex -57.6215 -39.874 3.2
    endloop
  endfacet
  facet normal 0 0 1
    outer loop
      vertex -61.15 34.95 3.2
      vertex -58.2499 39.6137 3.2
      vertex -58.55 39.4533 3.2
    endloop
  endfacet
  facet normal 0 0 1
    outer loop
      vertex -57.6215 -39.874 3.2
      vertex -61.15 -34.95 3.2
      vertex -57.9399 -39.7542 3.2
    endloop
  endfacet
  facet normal 0 0 1
    outer loop
      vertex -61.15 34.95 3.2
      vertex -58.55 39.4533 3.2
      vertex -58.839 39.2736 3.2
    endloop
  endfacet
  facet normal 0 0 1
    outer loop
      vertex -57.9399 -39.7542 3.2
      vertex -61.15 -34.95 3.2
      vertex -58.2499 -39.6137 3.2
    endloop
  endfacet
  facet normal 0 0 1
    outer loop
      vertex -61.15 34.95 3.2
      vertex -58.839 39.2736 3.2
      vertex -59.1156 39.0754 3.2
    endloop
  endfacet
  facet normal 0 0 1
    outer loop
      vertex -58.2499 -39.6137 3.2
      vertex -61.15 -34.95 3.2
      vertex -58.55 -39.4533 3.2
    endloop
  endfacet
  facet normal 0 0 1
    outer loop
      vertex -61.15 34.95 3.2
      vertex -59.1156 39.0754 3.2
      vertex -59.3786 38.8596 3.2
    endloop
  endfacet
  facet normal 0 0 1
    outer loop
      vertex -58.55 -39.4533 3.2
      vertex -61.15 -34.95 3.2
      vertex -58.839 -39.2736 3.2
    endloop
  endfacet
  facet normal 0 0 1
    outer loop
      vertex -61.15 34.95 3.2
      vertex -59.3786 38.8596 3.2
      vertex -59.627 38.627 3.2
    endloop
  endfacet
  facet normal 0 0 1
    outer loop
      vertex -58.839 -39.2736 3.2
      vertex -61.15 -34.95 3.2
      vertex -59.1156 -39.0754 3.2
    endloop
  endfacet
  facet normal 0 0 1
    outer loop
      vertex -61.15 34.95 3.2
      vertex -59.627 38.627 3.2
      vertex -59.8596 38.3786 3.2
    endloop
  endfacet
  facet normal 0 0 1
    outer loop
      vertex -59.1156 -39.0754 3.2
      vertex -61.15 -34.95 3.2
      vertex -59.3786 -38.8596 3.2
    endloop
  endfacet
  facet normal 0 0 1
    outer loop
      vertex -61.15 34.95 3.2
      vertex -59.8596 38.3786 3.2
      vertex -60.0754 38.1156 3.2
    endloop
  endfacet
  facet normal 0 0 1
    outer loop
      vertex -59.3786 -38.8596 3.2
      vertex -61.15 -34.95 3.2
      vertex -59.627 -38.627 3.2
    endloop
  endfacet
  facet normal 0 0 1
    outer loop
      vertex -61.15 34.95 3.2
      vertex -60.0754 38.1156 3.2
      vertex -60.2736 37.839 3.2
    endloop
  endfacet
  facet normal 0 0 1
    outer loop
      vertex -59.627 -38.627 3.2
      vertex -61.15 -34.95 3.2
      vertex -59.8596 -38.3786 3.2
    endloop
  endfacet
  facet normal 0 0 1
    outer loop
      vertex -61.15 34.95 3.2
      vertex -60.2736 37.839 3.2
      vertex -60.4533 37.55 3.2
    endloop
  endfacet
  facet normal 0 0 1
    outer loop
      vertex -59.8596 -38.3786 3.2
      vertex -61.15 -34.95 3.2
      vertex -60.0754 -38.1156 3.2
    endloop
  endfacet
  facet normal 0 0 1
    outer loop
      vertex -61.15 34.95 3.2
      vertex -60.4533 37.55 3.2
      vertex -60.6137 37.2499 3.2
    endloop
  endfacet
  facet normal 0 0 1
    outer loop
      vertex -60.0754 -38.1156 3.2
      vertex -61.15 -34.95 3.2
      vertex -60.2736 -37.839 3.2
    endloop
  endfacet
  facet normal 0 0 1
    outer loop
      vertex -61.15 34.95 3.2
      vertex -60.6137 37.2499 3.2
      vertex -60.7542 36.9399 3.2
    endloop
  endfacet
  facet normal 0 0 1
    outer loop
      vertex -60.2736 -37.839 3.2
      vertex -61.15 -34.95 3.2
      vertex -60.4533 -37.55 3.2
    endloop
  endfacet
  facet normal 0 0 1
    outer loop
      vertex -61.15 34.95 3.2
      vertex -60.7542 36.9399 3.2
      vertex -60.874 36.6215 3.2
    endloop
  endfacet
  facet normal 0 0 1
    outer loop
      vertex -60.4533 -37.55 3.2
      vertex -61.15 -34.95 3.2
      vertex -60.6137 -37.2499 3.2
    endloop
  endfacet
  facet normal 0 0 1
    outer loop
      vertex -61.15 34.95 3.2
      vertex -60.874 36.6215 3.2
      vertex -60.9728 36.2959 3.2
    endloop
  endfacet
  facet normal 0 0 1
    outer loop
      vertex -60.6137 -37.2499 3.2
      vertex -61.15 -34.95 3.2
      vertex -60.7542 -36.9399 3.2
    endloop
  endfacet
  facet normal 0 0 1
    outer loop
      vertex -61.15 34.95 3.2
      vertex -60.9728 36.2959 3.2
      vertex -61.0501 35.9645 3.2
    endloop
  endfacet
  facet normal 0 0 1
    outer loop
      vertex -60.7542 -36.9399 3.2
      vertex -61.15 -34.95 3.2
      vertex -60.874 -36.6215 3.2
    endloop
  endfacet
  facet normal 0 0 1
    outer loop
      vertex -61.15 34.95 3.2
      vertex -61.0501 35.9645 3.2
      vertex -61.1055 35.6287 3.2
    endloop
  endfacet
  facet normal 0 0 1
    outer loop
      vertex -60.874 -36.6215 3.2
      vertex -61.15 -34.95 3.2
      vertex -60.9728 -36.2959 3.2
    endloop
  endfacet
  facet normal 0 0 1
    outer loop
      vertex -61.15 34.95 3.2
      vertex -61.1055 35.6287 3.2
      vertex -61.1389 35.2901 3.2
    endloop
  endfacet
  facet normal 0 0 1
    outer loop
      vertex -60.9728 -36.2959 3.2
      vertex -61.15 -34.95 3.2
      vertex -61.0501 -35.9645 3.2
    endloop
  endfacet
  facet normal 0 0 1
    outer loop
      vertex -61.0501 -35.9645 3.2
      vertex -61.15 -34.95 3.2
      vertex -61.1055 -35.6287 3.2
    endloop
  endfacet
  facet normal 0 0 1
    outer loop
      vertex -61.1055 -35.6287 3.2
      vertex -61.15 -34.95 3.2
      vertex -61.1389 -35.2901 3.2
    endloop
  endfacet
endsolid OpenSCAD_Model
