solid OpenSCAD_Model
  facet normal -0.7071067811865476 -0.7071067811865476 0
    outer loop
      vertex 2.1213494806803395 0.7560552551280155 61.989700000000006
      vertex 2.125 0.752404735808355 61.9797
      vertex 2.125 0.752404735808355 61.989700000000006
    endloop
  endfacet
  facet normal -0.7071067811865475 -0.7071067811865475 0
    outer loop
      vertex 2.1213494806803395 0.7560552551280155 61.989700000000006
      vertex 2.125 0.752404735808355 61.989700000000006
      vertex 2.125 0.752404735808355 65.7397
    endloop
  endfacet
  facet normal -0.7071067811871071 -0.707106781185988 -1.1172461445870995e-14
    outer loop
      vertex 0.7526448930767005 2.1247598427316543 61.9797
      vertex 0.752404735808355 2.125 61.989700000000006
      vertex 0.7525747408787148 2.12482999492964 61.9797
    endloop
  endfacet
  facet normal -0.7071067811865476 -0.7071067811865476 0
    outer loop
      vertex 2.1213494806803395 0.7560552551280155 61.989700000000006
      vertex 0.752404735808355 2.125 65.7397
      vertex 0.752404735808355 2.125 61.989700000000006
    endloop
  endfacet
  facet normal -0.25881904510252074 -0.9659258262890683 0
    outer loop
      vertex 2.125 0.752404735808355 61.989700000000006
      vertex 4 0.25 61.989700000000006
      vertex 2.125 0.752404735808355 65.7397
    endloop
  endfacet
  facet normal 6.185984347739791e-15 0.7983023388320251 0.6022569018411651
    outer loop
      vertex 3.075000000000003 2.3978530029987866 62.749700000000004
      vertex 4.248414235671141 2.9410368924009584 62.029700000000005
      vertex 4.219183475086975 2.9505345422506224 62.01711069456371
    endloop
  endfacet
  facet normal -0.7071067811865475 -0.7071067811865475 0
    outer loop
      vertex 2.1213494806803395 0.7560552551280155 61.989700000000006
      vertex 2.125 0.752404735808355 65.7397
      vertex 0.752404735808355 2.125 65.7397
    endloop
  endfacet
  facet normal -0.9659258262890683 -0.25881904510252074 0
    outer loop
      vertex 0.752404735808355 2.125 61.989700000000006
      vertex 0.752404735808355 2.125 65.7397
      vertex 0.25 4 65.7397
    endloop
  endfacet
  facet normal 0 0 1
    outer loop
      vertex 2.125 0.752404735808355 65.7397
      vertex 0.25 4 65.7397
      vertex 0.752404735808355 2.125 65.7397
    endloop
  endfacet
  facet normal 0 0 1
    outer loop
      vertex 2.125 0.752404735808355 65.7397
      vertex 1.2610546415766466 2.680993433082624 65.7397
      vertex 0.25 4 65.7397
    endloop
  endfacet
  facet normal 0 0 1
    outer loop
      vertex 2.125 0.752404735808355 65.7397
      vertex 2.1045910023494505 1.62323229329719 65.7397
      vertex 1.2610546415766466 2.680993433082624 65.7397
    endloop
  endfacet
  facet normal 0.5598116215581758 0.4464348709797522 0.6980736740070476
    outer loop
      vertex 1.2610546415766466 2.680993433082624 65.7397
      vertex 2.846543866561344 2.553611757434144 64.5497
      vertex 2.333207594380525 3.1973150826325174 64.5497
    endloop
  endfacet
  facet normal 0.5598116215581758 0.44643487097975215 0.6980736740070476
    outer loop
      vertex 2.1045910023494505 1.62323229329719 65.7397
      vertex 2.846543866561344 2.553611757434144 64.5497
      vertex 1.2610546415766466 2.680993433082624 65.7397
    endloop
  endfacet
  facet normal -0.25881904510252074 -0.9659258262890683 0
    outer loop
      vertex 4 0.25 61.989700000000006
      vertex 4 0.25 65.7397
      vertex 2.125 0.752404735808355 65.7397
    endloop
  endfacet
  facet normal 0 0 1
    outer loop
      vertex 2.125 0.752404735808355 65.7397
      vertex 3.323536360772805 1.0362191469672546 65.7397
      vertex 2.1045910023494505 1.62323229329719 65.7397
    endloop
  endfacet
  facet normal 0.8660254037844375 0.5000000000000021 0
    outer loop
      vertex 3.075000000000003 2.3978530029987866 62.749700000000004
      vertex 3.0384218712267548 2.461208180479849 64.5497
      vertex 3.075000000000003 2.3978530029987866 64.5919701891431
    endloop
  endfacet
  facet normal 0 1 0
    outer loop
      vertex 3.075000000000003 2.3978530029987866 62.749700000000004
      vertex 3.075000000000003 2.3978530029987866 64.5919701891431
      vertex 3.169980252849818 2.3978530029987866 64.5497
    endloop
  endfacet
  facet normal 0.3106720118207321 0.6451170798619112 0.6980736740070488
    outer loop
      vertex 2.1045910023494505 1.62323229329719 65.7397
      vertex 3.169980252849818 2.3978530029987866 64.5497
      vertex 3.075000000000003 2.3978530029987866 64.5919701891431
    endloop
  endfacet
  facet normal 0.31067201182072535 0.6451170798619169 0.6980736740070463
    outer loop
      vertex 2.1045910023494505 1.62323229329719 65.7397
      vertex 3.075000000000003 2.3978530029987866 64.5919701891431
      vertex 3.0384218712267548 2.461208180479849 64.5497
    endloop
  endfacet
  facet normal 0.31067201182072857 0.6451170798619146 0.6980736740070475
    outer loop
      vertex 2.1045910023494505 1.62323229329719 65.7397
      vertex 3.5883362721808183 2.1963833624636244 64.5497
      vertex 3.169980252849818 2.3978530029987866 64.5497
    endloop
  endfacet
  facet normal 0.31067201182072857 0.6451170798619141 0.6980736740070475
    outer loop
      vertex 2.1045910023494505 1.62323229329719 65.7397
      vertex 3.323536360772805 1.0362191469672546 65.7397
      vertex 3.5883362721808183 2.1963833624636244 64.5497
    endloop
  endfacet
  facet normal 0.3106720118207292 0.6451170798619136 0.6980736740070478
    outer loop
      vertex 2.1045910023494505 1.62323229329719 65.7397
      vertex 3.0384218712267548 2.461208180479849 64.5497
      vertex 2.846543866561344 2.553611757434144 64.5497
    endloop
  endfacet
  facet normal -0.9659258262890683 -0.25881904510252074 0
    outer loop
      vertex 0.752404735808355 2.125 61.989700000000006
      vertex 0.25 4 65.7397
      vertex 0.25 4 61.989700000000006
    endloop
  endfacet
  facet normal 0.7103509843597905 0.41012133203929135 0.5720157095966804
    outer loop
      vertex 3.075000000000003 2.3978530029987866 62.749700000000004
      vertex 3.1441675620418823 3.299828386162772 62.01711069456371
      vertex 3.131689050012263 3.3038829005008745 62.029700000000005
    endloop
  endfacet
  facet normal 0.7103509843598327 0.41012133203926315 0.5720157095966484
    outer loop
      vertex 3.075000000000003 2.3978530029987866 62.749700000000004
      vertex 3.131689050012263 3.3038829005008745 62.029700000000005
      vertex 3.0696304564688113 3.411371537564399 62.029700000000005
    endloop
  endfacet
  facet normal 0.7103509843598298 0.4101213320392648 0.5720157095966506
    outer loop
      vertex 3.075000000000003 2.3978530029987866 62.749700000000004
      vertex 3.0696304564688113 3.411371537564399 62.029700000000005
      vertex 2.1499999999999986 4 62.749700000000004
    endloop
  endfacet
  facet normal 0.7103509843598298 0.4101213320392723 0.5720157095966454
    outer loop
      vertex 2.1499999999999986 4 62.749700000000004
      vertex 3.0696304564688113 3.411371537564399 62.029700000000005
      vertex 3.0696304564688113 3.4327293955377054 62.01438693601494
    endloop
  endfacet
  facet normal 0.1978150635215474 0.6088121644055473 0.7682557836526837
    outer loop
      vertex 3.075000000000003 2.3978530029987866 62.749700000000004
      vertex 4.219183475086975 2.9505345422506224 62.01711069456371
      vertex 3.1441675620418823 3.299828386162772 62.01711069456371
    endloop
  endfacet
  facet normal 0.8660254037844379 0.5000000000000013 3.959128653881e-17
    outer loop
      vertex 3.075000000000003 2.3978530029987866 62.749700000000004
      vertex 2.1499999999999986 4 62.749700000000004
      vertex 3.0384218712267548 2.461208180479849 64.5497
    endloop
  endfacet
  facet normal 0 0 1
    outer loop
      vertex 1.2610546415766466 2.680993433082624 65.7397
      vertex 0.9599999999999999 4 65.7397
      vertex 0.25 4 65.7397
    endloop
  endfacet
  facet normal 0.6980736740070463 0.15933076073566568 0.6980736740070477
    outer loop
      vertex 1.2610546415766466 2.680993433082624 65.7397
      vertex 2.333207594380525 3.1973150826325174 64.5497
      vertex 0.9599999999999999 4 65.7397
    endloop
  endfacet
  facet normal 0.6980736740070467 0.15933076073566685 0.6980736740070472
    outer loop
      vertex 2.1499999999999986 4 64.5497
      vertex 0.9599999999999999 4 65.7397
      vertex 2.333207594380525 3.1973150826325174 64.5497
    endloop
  endfacet
  facet normal 0.8660254037844379 0.5000000000000012 0
    outer loop
      vertex 3.0384218712267548 2.461208180479849 64.5497
      vertex 2.1499999999999986 4 62.749700000000004
      vertex 2.1499999999999986 4 64.5497
    endloop
  endfacet
  facet normal 0 0 1
    outer loop
      vertex 3.0384218712267548 2.461208180479849 64.5497
      vertex 2.1499999999999986 4 64.5497
      vertex 2.846543866561344 2.553611757434144 64.5497
    endloop
  endfacet
  facet normal 0 0 1
    outer loop
      vertex 2.846543866561344 2.553611757434144 64.5497
      vertex 2.1499999999999986 4 64.5497
      vertex 2.333207594380525 3.1973150826325174 64.5497
    endloop
  endfacet
  facet normal 0 1 0
    outer loop
      vertex 3.075000000000003 2.3978530029987866 62.749700000000004
      vertex 3.169980252849818 2.3978530029987866 64.5497
      vertex 38.83001974715018 2.3978530029987866 64.5497
    endloop
  endfacet
  facet normal 0 0 1
    outer loop
      vertex 3.169980252849818 2.3978530029987866 64.5497
      vertex 3.5883362721808183 2.1963833624636244 64.5497
      vertex 38.83001974715018 2.3978530029987866 64.5497
    endloop
  endfacet
  facet normal 0 0.716025939235655 0.6980736740070479
    outer loop
      vertex 3.323536360772805 1.0362191469672546 65.7397
      vertex 38.41166372781918 2.1963833624636244 64.5497
      vertex 3.5883362721808183 2.1963833624636244 64.5497
    endloop
  endfacet
  facet normal 1 0 0
    outer loop
      vertex 2.1499999999999986 4 62.749700000000004
      vertex 2.1499999999999986 38 64.5497
      vertex 2.1499999999999986 4 64.5497
    endloop
  endfacet
  facet normal 0 0 1
    outer loop
      vertex 0.25 4 65.7397
      vertex 0.9599999999999999 4 65.7397
      vertex 0.9599999999999996 38 65.7397
    endloop
  endfacet
  facet normal 0.7071067811865472 7.761208396855054e-18 0.7071067811865478
    outer loop
      vertex 2.1499999999999986 4 64.5497
      vertex 0.9599999999999996 38 65.7397
      vertex 0.9599999999999999 4 65.7397
    endloop
  endfacet
  facet normal 0 0.7160259392356552 0.6980736740070478
    outer loop
      vertex 3.323536360772805 1.0362191469672546 65.7397
      vertex 38.676463639227194 1.0362191469672546 65.7397
      vertex 38.41166372781918 2.1963833624636244 64.5497
    endloop
  endfacet
  facet normal 0 0 1
    outer loop
      vertex 3.5883362721808183 2.1963833624636244 64.5497
      vertex 38.41166372781918 2.1963833624636244 64.5497
      vertex 38.83001974715018 2.3978530029987866 64.5497
    endloop
  endfacet
  facet normal 0 1 0
    outer loop
      vertex 3.075000000000003 2.3978530029987866 62.749700000000004
      vertex 38.83001974715018 2.3978530029987866 64.5497
      vertex 44.72233040481368 2.3978530029987866 64.7489229245408
    endloop
  endfacet
  facet normal 0 1 0
    outer loop
      vertex 3.075000000000003 2.3978530029987866 62.749700000000004
      vertex 44.72233040481368 2.3978530029987866 64.7489229245408
      vertex 45.16998025284982 2.3978530029987866 64.5497
    endloop
  endfacet
  facet normal 0.7071067811865472 0 0.7071067811865479
    outer loop
      vertex 2.1499999999999986 4 64.5497
      vertex 2.1499999999999986 38 64.5497
      vertex 0.9599999999999996 38 65.7397
    endloop
  endfacet
  facet normal 0.6244923879149225 0 0.781030894034492
    outer loop
      vertex 2.1499999999999986 4 62.749700000000004
      vertex 3.0696304564688113 3.4327293955377054 62.01438693601494
      vertex 3.0696304564688113 80.4 62.01438693601494
    endloop
  endfacet
  facet normal -1 0 0
    outer loop
      vertex 0.25 4 61.989700000000006
      vertex 0.25 4 65.7397
      vertex 0.25 80 65.7397
    endloop
  endfacet
  facet normal 1 0 0
    outer loop
      vertex 2.1499999999999986 4 62.749700000000004
      vertex 2.1499999999999986 45.10908695520607 64.75304508872328
      vertex 2.1499999999999986 38 64.5497
    endloop
  endfacet
  facet normal 1 0 0
    outer loop
      vertex 2.1499999999999986 4 62.749700000000004
      vertex 2.1499999999999986 46 64.5497
      vertex 2.1499999999999986 45.10908695520607 64.75304508872328
    endloop
  endfacet
  facet normal 0.6980736740070427 -0.1593307607356716 0.6980736740070501
    outer loop
      vertex 2.1499999999999986 38 64.5497
      vertex 2.1499999999999986 38.89091304479393 64.75304508872328
      vertex 1.2610546415766468 39.31900656691737 65.7397
    endloop
  endfacet
  facet normal 0.6980736740070467 -0.1593307607356664 0.6980736740070475
    outer loop
      vertex 2.1499999999999986 38 64.5497
      vertex 1.2610546415766468 39.31900656691737 65.7397
      vertex 0.9599999999999996 38 65.7397
    endloop
  endfacet
  facet normal 1 0 0
    outer loop
      vertex 2.1499999999999986 38 64.5497
      vertex 2.1499999999999986 45.10908695520607 64.75304508872328
      vertex 2.1499999999999986 38.89091304479393 64.75304508872328
    endloop
  endfacet
  facet normal 0 0 1
    outer loop
      vertex 0.25 4 65.7397
      vertex 0.9599999999999996 38 65.7397
      vertex 0.25 80 65.7397
    endloop
  endfacet
  facet normal 0.5598116215581754 -0.44643487097975165 0.6980736740070483
    outer loop
      vertex 2.1499999999999986 38.89091304479393 64.75304508872328
      vertex 2.1045910023494505 40.37676770670281 65.7397
      vertex 1.2610546415766468 39.31900656691737 65.7397
    endloop
  endfacet
  facet normal 0.5598116215581954 -0.44643487097974377 0.6980736740070372
    outer loop
      vertex 2.1499999999999986 38.89091304479393 64.75304508872328
      vertex 2.1499999999999986 40.319826624676004 65.6668696224779
      vertex 2.1045910023494505 40.37676770670281 65.7397
    endloop
  endfacet
  facet normal 0.3106720118207347 -0.6451170798619237 0.698073674007036
    outer loop
      vertex 2.1499999999999986 40.319826624676004 65.6668696224779
      vertex 2.1499999999999986 40.3986355274368 65.7397
      vertex 2.1045910023494505 40.37676770670281 65.7397
    endloop
  endfacet
  facet normal 0 0 1
    outer loop
      vertex 0.9599999999999996 38 65.7397
      vertex 1.2610546415766468 39.31900656691737 65.7397
      vertex 0.9599999999999997 46 65.7397
    endloop
  endfacet
  facet normal 1 0 0
    outer loop
      vertex 2.1499999999999986 38.89091304479393 64.75304508872328
      vertex 2.1499999999999986 43.680173375323996 65.6668696224779
      vertex 2.1499999999999986 40.319826624676004 65.6668696224779
    endloop
  endfacet
  facet normal 0 0 1
    outer loop
      vertex 1.2610546415766468 39.31900656691737 65.7397
      vertex 2.1045910023494505 40.37676770670281 65.7397
      vertex 1.2610546415766466 44.68099343308263 65.7397
    endloop
  endfacet
  facet normal 1 0 0
    outer loop
      vertex 2.1499999999999986 40.319826624676004 65.6668696224779
      vertex 2.1499999999999986 43.6013644725632 65.7397
      vertex 2.1499999999999986 40.3986355274368 65.7397
    endloop
  endfacet
  facet normal 0 0 1
    outer loop
      vertex 2.1045910023494505 40.37676770670281 65.7397
      vertex 2.1499999999999986 40.3986355274368 65.7397
      vertex 2.1045910023494505 43.62323229329719 65.7397
    endloop
  endfacet
  facet normal -0.31067201182072757 0.6451170798619125 0.6980736740070496
    outer loop
      vertex 38.41166372781918 2.1963833624636244 64.5497
      vertex 39.27766959518632 2.3978530029987866 64.7489229245408
      vertex 38.83001974715018 2.3978530029987866 64.5497
    endloop
  endfacet
  facet normal -0.3106720118207277 0.6451170798619148 0.6980736740070475
    outer loop
      vertex 38.676463639227194 1.0362191469672546 65.7397
      vertex 39.27766959518632 2.3978530029987866 64.7489229245408
      vertex 38.41166372781918 2.1963833624636244 64.5497
    endloop
  endfacet
  facet normal -0.3106720118207304 0.6451170798619149 0.698073674007046
    outer loop
      vertex 38.676463639227194 1.0362191469672546 65.7397
      vertex 39.89540899765054 1.6232322932971897 65.7397
      vertex 39.27766959518632 2.3978530029987866 64.7489229245408
    endloop
  endfacet
  facet normal 0 -1 0
    outer loop
      vertex 4 0.25 61.9797
      vertex 122 0.25 61.9797
      vertex 4 0.25 61.989700000000006
    endloop
  endfacet
  facet normal 0 -1 0
    outer loop
      vertex 4 0.25 61.989700000000006
      vertex 121.6861702127658 0.25 61.989700000000006
      vertex 4 0.25 65.7397
    endloop
  endfacet
  facet normal 0 0 1
    outer loop
      vertex 38.676463639227194 1.0362191469672546 65.7397
      vertex 44.10459100234945 1.6232322932971897 65.7397
      vertex 39.89540899765054 1.6232322932971897 65.7397
    endloop
  endfacet
  facet normal 0 1 0
    outer loop
      vertex 38.83001974715018 2.3978530029987866 64.5497
      vertex 39.27766959518632 2.3978530029987866 64.7489229245408
      vertex 44.72233040481368 2.3978530029987866 64.7489229245408
    endloop
  endfacet
  facet normal -0.5598116215581749 0.4464348709797558 0.698073674007046
    outer loop
      vertex 39.27766959518632 2.3978530029987866 64.7489229245408
      vertex 39.89540899765054 1.6232322932971897 65.7397
      vertex 40.51314840011477 2.3978530029987866 65.7397
    endloop
  endfacet
  facet normal 0 0 1
    outer loop
      vertex 2.125 0.752404735808355 65.7397
      vertex 123.875 0.752404735808355 65.7397
      vertex 3.323536360772805 1.0362191469672546 65.7397
    endloop
  endfacet
  facet normal 0 0 1
    outer loop
      vertex 2.125 0.752404735808355 65.7397
      vertex 4 0.25 65.7397
      vertex 123.875 0.752404735808355 65.7397
    endloop
  endfacet
  facet normal 0 0 1
    outer loop
      vertex 38.676463639227194 1.0362191469672546 65.7397
      vertex 45.323536360772806 1.0362191469672546 65.7397
      vertex 44.10459100234945 1.6232322932971897 65.7397
    endloop
  endfacet
  facet normal 0 1 0
    outer loop
      vertex 3.075000000000003 2.3978530029987866 62.749700000000004
      vertex 45.16998025284982 2.3978530029987866 64.5497
      vertex 80.83001974715019 2.3978530029987866 64.5497
    endloop
  endfacet
  facet normal 0 0 1
    outer loop
      vertex 39.89540899765054 1.6232322932971897 65.7397
      vertex 44.10459100234945 1.6232322932971897 65.7397
      vertex 40.51314840011477 2.3978530029987866 65.7397
    endloop
  endfacet
  facet normal 0 1 0
    outer loop
      vertex 39.27766959518632 2.3978530029987866 64.7489229245408
      vertex 40.51314840011477 2.3978530029987866 65.7397
      vertex 44.72233040481368 2.3978530029987866 64.7489229245408
    endloop
  endfacet
  facet normal 0 0 1
    outer loop
      vertex 40.51314840011477 2.3978530029987866 65.7397
      vertex 44.10459100234945 1.6232322932971897 65.7397
      vertex 43.48685159988523 2.3978530029987866 65.7397
    endloop
  endfacet
  facet normal 0 1 0
    outer loop
      vertex 40.51314840011477 2.3978530029987866 65.7397
      vertex 43.48685159988523 2.3978530029987866 65.7397
      vertex 44.72233040481368 2.3978530029987866 64.7489229245408
    endloop
  endfacet
  facet normal 0 0.7983023388320306 0.6022569018411578
    outer loop
      vertex 3.075000000000003 2.3978530029987866 62.749700000000004
      vertex 122.925 2.3978530029987866 62.749700000000004
      vertex 4.248414235671141 2.9410368924009584 62.029700000000005
    endloop
  endfacet
  facet normal 0.31067201182072757 0.6451170798619125 0.6980736740070494
    outer loop
      vertex 45.16998025284982 2.3978530029987866 64.5497
      vertex 44.72233040481368 2.3978530029987866 64.7489229245408
      vertex 45.58833627218082 2.1963833624636244 64.5497
    endloop
  endfacet
  facet normal 0.5598116215581763 0.4464348709797517 0.6980736740070477
    outer loop
      vertex 44.10459100234945 1.6232322932971897 65.7397
      vertex 44.72233040481368 2.3978530029987866 64.7489229245408
      vertex 43.48685159988523 2.3978530029987866 65.7397
    endloop
  endfacet
  facet normal 0.3106720118207277 0.6451170798619154 0.6980736740070469
    outer loop
      vertex 44.10459100234945 1.6232322932971897 65.7397
      vertex 45.58833627218082 2.1963833624636244 64.5497
      vertex 44.72233040481368 2.3978530029987866 64.7489229245408
    endloop
  endfacet
  facet normal 0.3106720118207284 0.6451170798619146 0.6980736740070475
    outer loop
      vertex 45.323536360772806 1.0362191469672546 65.7397
      vertex 45.58833627218082 2.1963833624636244 64.5497
      vertex 44.10459100234945 1.6232322932971897 65.7397
    endloop
  endfacet
  facet normal 0 0 1
    outer loop
      vertex 3.323536360772805 1.0362191469672546 65.7397
      vertex 123.875 0.752404735808355 65.7397
      vertex 38.676463639227194 1.0362191469672546 65.7397
    endloop
  endfacet
  facet normal 0 1 0
    outer loop
      vertex 3.075000000000003 2.3978530029987866 62.749700000000004
      vertex 80.83001974715019 2.3978530029987866 64.5497
      vertex 87.16998025284981 2.3978530029987866 64.5497
    endloop
  endfacet
  facet normal 0 0.716025939235655 0.6980736740070478
    outer loop
      vertex 45.323536360772806 1.0362191469672546 65.7397
      vertex 80.41166372781919 2.1963833624636244 64.5497
      vertex 45.58833627218082 2.1963833624636244 64.5497
    endloop
  endfacet
  facet normal 0 0 1
    outer loop
      vertex 45.16998025284982 2.3978530029987866 64.5497
      vertex 45.58833627218082 2.1963833624636244 64.5497
      vertex 80.83001974715019 2.3978530029987866 64.5497
    endloop
  endfacet
  facet normal 1 0 0
    outer loop
      vertex 2.1499999999999986 4 62.749700000000004
      vertex 2.1499999999999986 80 62.749700000000004
      vertex 2.1499999999999986 46 64.5497
    endloop
  endfacet
  facet normal 1 0 0
    outer loop
      vertex 2.1499999999999986 38.89091304479393 64.75304508872328
      vertex 2.1499999999999986 45.10908695520607 64.75304508872328
      vertex 2.1499999999999986 43.680173375323996 65.6668696224779
    endloop
  endfacet
  facet normal 1 0 0
    outer loop
      vertex 2.1499999999999986 40.319826624676004 65.6668696224779
      vertex 2.1499999999999986 43.680173375323996 65.6668696224779
      vertex 2.1499999999999986 43.6013644725632 65.7397
    endloop
  endfacet
  facet normal 0 0 1
    outer loop
      vertex 2.1499999999999986 40.3986355274368 65.7397
      vertex 2.1499999999999986 43.6013644725632 65.7397
      vertex 2.1045910023494505 43.62323229329719 65.7397
    endloop
  endfacet
  facet normal 0 0 1
    outer loop
      vertex 2.1045910023494505 40.37676770670281 65.7397
      vertex 2.1045910023494505 43.62323229329719 65.7397
      vertex 1.2610546415766466 44.68099343308263 65.7397
    endloop
  endfacet
  facet normal 0 0 1
    outer loop
      vertex 1.2610546415766468 39.31900656691737 65.7397
      vertex 1.2610546415766466 44.68099343308263 65.7397
      vertex 0.9599999999999997 46 65.7397
    endloop
  endfacet
  facet normal 0.31067201182073473 0.6451170798619237 0.698073674007036
    outer loop
      vertex 2.1045910023494505 43.62323229329719 65.7397
      vertex 2.1499999999999986 43.6013644725632 65.7397
      vertex 2.1499999999999986 43.680173375323996 65.6668696224779
    endloop
  endfacet
  facet normal 0.5598116215581818 0.4464348709797569 0.6980736740070398
    outer loop
      vertex 2.1045910023494505 43.62323229329719 65.7397
      vertex 2.1499999999999986 43.680173375323996 65.6668696224779
      vertex 1.2610546415766466 44.68099343308263 65.7397
    endloop
  endfacet
  facet normal 0.5598116215581758 0.44643487097975093 0.6980736740070486
    outer loop
      vertex 2.1499999999999986 43.680173375323996 65.6668696224779
      vertex 2.1499999999999986 45.10908695520607 64.75304508872328
      vertex 1.2610546415766466 44.68099343308263 65.7397
    endloop
  endfacet
  facet normal 0.6980736740070462 0.15933076073567082 0.6980736740070468
    outer loop
      vertex 2.1499999999999986 45.10908695520607 64.75304508872328
      vertex 2.1499999999999986 46 64.5497
      vertex 0.9599999999999997 46 65.7397
    endloop
  endfacet
  facet normal 0.6980736740070446 0.15933076073566577 0.6980736740070496
    outer loop
      vertex 2.1499999999999986 45.10908695520607 64.75304508872328
      vertex 0.9599999999999997 46 65.7397
      vertex 1.2610546415766466 44.68099343308263 65.7397
    endloop
  endfacet
  facet normal -1 0 0
    outer loop
      vertex 0.25 4 61.989700000000006
      vertex 0.25 80 65.7397
      vertex 0.25 80 61.989700000000006
    endloop
  endfacet
  facet normal 0.6244923879149182 8.580177106674496e-17 0.7810308940344954
    outer loop
      vertex 2.1499999999999986 4 62.749700000000004
      vertex 3.0696304564688113 80.4 62.01438693601494
      vertex 2.798459799774413 80.4 62.23120807871875
    endloop
  endfacet
  facet normal 0.6244923879149242 0 0.7810308940344907
    outer loop
      vertex 2.1499999999999986 4 62.749700000000004
      vertex 2.798459799774413 80.4 62.23120807871875
      vertex 2.1499999999999986 80 62.749700000000004
    endloop
  endfacet
  facet normal 0 0 1
    outer loop
      vertex 0.9599999999999996 38 65.7397
      vertex 0.9599999999999997 46 65.7397
      vertex 0.25 80 65.7397
    endloop
  endfacet
  facet normal 0.7071067811865472 -3.880604198427527e-18 0.7071067811865478
    outer loop
      vertex 2.1499999999999986 46 64.5497
      vertex 0.96 80 65.7397
      vertex 0.9599999999999997 46 65.7397
    endloop
  endfacet
  facet normal 1 0 0
    outer loop
      vertex 2.1499999999999986 46 64.5497
      vertex 2.1499999999999986 80 62.749700000000004
      vertex 2.1499999999999986 80 64.5497
    endloop
  endfacet
  facet normal 0 0 1
    outer loop
      vertex 0.9599999999999997 46 65.7397
      vertex 0.96 80 65.7397
      vertex 0.25 80 65.7397
    endloop
  endfacet
  facet normal 0.7071067811865472 0 0.7071067811865478
    outer loop
      vertex 2.1499999999999986 46 64.5497
      vertex 2.1499999999999986 80 64.5497
      vertex 0.96 80 65.7397
    endloop
  endfacet
  facet normal -0.965925826289556 0.2588190451007003 0
    outer loop
      vertex 0.25 80 61.9797
      vertex 0.25 80 61.989700000000006
      vertex 0.2500878541555673 80.00032787617224 61.9797
    endloop
  endfacet
  facet normal -0.9659258262890682 0.2588190451025207 0
    outer loop
      vertex 0.25 80 61.989700000000006
      vertex 0.25 80 65.7397
      vertex 0.35717967697245057 80.4 61.989700000000006
    endloop
  endfacet
  facet normal 0.710350984359831 -0.4101213320392655 0.5720157095966487
    outer loop
      vertex 2.1499999999999986 80 62.749700000000004
      vertex 2.798459799774413 80.4 62.23120807871875
      vertex 2.380940107675853 80.4 62.749700000000004
    endloop
  endfacet
  facet normal 0.8660254037844379 -0.5000000000000012 4.3400199519072905e-16
    outer loop
      vertex 2.1499999999999986 80 62.749700000000004
      vertex 2.380940107675853 80.4 62.749700000000004
      vertex 2.380940107675852 80.4 64.5497
    endloop
  endfacet
  facet normal -0.9659258262890682 0.2588190451025207 0
    outer loop
      vertex 0.25 80 65.7397
      vertex 0.35717967697245057 80.4 65.7397
      vertex 0.35717967697245057 80.4 61.989700000000006
    endloop
  endfacet
  facet normal 0 0 1
    outer loop
      vertex 0.25 80 65.7397
      vertex 0.96 80 65.7397
      vertex 0.35717967697245057 80.4 65.7397
    endloop
  endfacet
  facet normal 0 0 1
    outer loop
      vertex 0.96 80 65.7397
      vertex 1.0512973897560622 80.4 65.7397
      vertex 0.35717967697245057 80.4 65.7397
    endloop
  endfacet
  facet normal 0.698073674007047 -0.1593307607356659 0.6980736740070471
    outer loop
      vertex 2.1499999999999986 80 64.5497
      vertex 2.24129738975606 80.4 64.5497
      vertex 1.0512973897560622 80.4 65.7397
    endloop
  endfacet
  facet normal 0.6980736740070467 -0.1593307607356669 0.6980736740070472
    outer loop
      vertex 2.1499999999999986 80 64.5497
      vertex 1.0512973897560622 80.4 65.7397
      vertex 0.96 80 65.7397
    endloop
  endfacet
  facet normal 0.8660254037844388 -0.4999999999999999 0
    outer loop
      vertex 2.1499999999999986 80 62.749700000000004
      vertex 2.380940107675852 80.4 64.5497
      vertex 2.1499999999999986 80 64.5497
    endloop
  endfacet
  facet normal 0 0 1
    outer loop
      vertex 2.1499999999999986 80 64.5497
      vertex 2.380940107675852 80.4 64.5497
      vertex 2.24129738975606 80.4 64.5497
    endloop
  endfacet
  facet normal 0 0.7160259392356552 0.6980736740070478
    outer loop
      vertex 45.323536360772806 1.0362191469672546 65.7397
      vertex 80.6764636392272 1.0362191469672546 65.7397
      vertex 80.41166372781919 2.1963833624636244 64.5497
    endloop
  endfacet
  facet normal 0 0 1
    outer loop
      vertex 38.676463639227194 1.0362191469672546 65.7397
      vertex 123.875 0.752404735808355 65.7397
      vertex 45.323536360772806 1.0362191469672546 65.7397
    endloop
  endfacet
  facet normal 0 0 1
    outer loop
      vertex 45.58833627218082 2.1963833624636244 64.5497
      vertex 80.41166372781919 2.1963833624636244 64.5497
      vertex 80.83001974715019 2.3978530029987866 64.5497
    endloop
  endfacet
  facet normal 0 1 0
    outer loop
      vertex 3.075000000000003 2.3978530029987866 62.749700000000004
      vertex 87.16998025284981 2.3978530029987866 64.5497
      vertex 122.83001974715019 2.3978530029987866 64.5497
    endloop
  endfacet
  facet normal 0 -1 0
    outer loop
      vertex 4 0.25 61.989700000000006
      vertex 122 0.25 61.9797
      vertex 121.6861702127658 0.25 61.989700000000006
    endloop
  endfacet
  facet normal 0 -1 0
    outer loop
      vertex 4 0.25 65.7397
      vertex 121.6861702127658 0.25 61.989700000000006
      vertex 122 0.25 65.7397
    endloop
  endfacet
  facet normal -0.31067201182072757 0.6451170798619125 0.6980736740070496
    outer loop
      vertex 80.41166372781919 2.1963833624636244 64.5497
      vertex 81.27766959518632 2.3978530029987866 64.7489229245408
      vertex 80.83001974715019 2.3978530029987866 64.5497
    endloop
  endfacet
  facet normal -0.3106720118207277 0.6451170798619157 0.6980736740070466
    outer loop
      vertex 80.41166372781919 2.1963833624636244 64.5497
      vertex 80.6764636392272 1.0362191469672546 65.7397
      vertex 81.27766959518632 2.3978530029987866 64.7489229245408
    endloop
  endfacet
  facet normal -0.310672011820729 0.6451170798619158 0.6980736740070459
    outer loop
      vertex 80.6764636392272 1.0362191469672546 65.7397
      vertex 81.89540899765055 1.6232322932971897 65.7397
      vertex 81.27766959518632 2.3978530029987866 64.7489229245408
    endloop
  endfacet
  facet normal -0.5598116215581779 0.44643487097975293 0.6980736740070456
    outer loop
      vertex 81.27766959518632 2.3978530029987866 64.7489229245408
      vertex 81.89540899765055 1.6232322932971897 65.7397
      vertex 82.51314840011477 2.3978530029987866 65.7397
    endloop
  endfacet
  facet normal 6.0020458905538324e-18 0.798302338832031 0.602256901841157
    outer loop
      vertex 4.248414235671141 2.9410368924009584 62.029700000000005
      vertex 122.925 2.3978530029987866 62.749700000000004
      vertex 122.38061826674058 2.9410368924009576 62.029700000000005
    endloop
  endfacet
  facet normal 0 1 0
    outer loop
      vertex 3.075000000000003 2.3978530029987866 62.749700000000004
      vertex 122.83001974715019 2.3978530029987866 64.5497
      vertex 122.925 2.3978530029987866 62.749700000000004
    endloop
  endfacet
  facet normal 0 0 1
    outer loop
      vertex 4 0.25 65.7397
      vertex 122 0.25 65.7397
      vertex 123.875 0.752404735808355 65.7397
    endloop
  endfacet
  facet normal 0 0 1
    outer loop
      vertex 80.6764636392272 1.0362191469672546 65.7397
      vertex 86.10459100234945 1.6232322932971897 65.7397
      vertex 81.89540899765055 1.6232322932971897 65.7397
    endloop
  endfacet
  facet normal 0 0 1
    outer loop
      vertex 45.323536360772806 1.0362191469672546 65.7397
      vertex 123.875 0.752404735808355 65.7397
      vertex 80.6764636392272 1.0362191469672546 65.7397
    endloop
  endfacet
  facet normal 0 1 0
    outer loop
      vertex 80.83001974715019 2.3978530029987866 64.5497
      vertex 81.27766959518632 2.3978530029987866 64.7489229245408
      vertex 87.16998025284981 2.3978530029987866 64.5497
    endloop
  endfacet
  facet normal 0 0 1
    outer loop
      vertex 81.89540899765055 1.6232322932971897 65.7397
      vertex 86.10459100234945 1.6232322932971897 65.7397
      vertex 82.51314840011477 2.3978530029987866 65.7397
    endloop
  endfacet
  facet normal 0 1 0
    outer loop
      vertex 81.27766959518632 2.3978530029987866 64.7489229245408
      vertex 82.51314840011477 2.3978530029987866 65.7397
      vertex 86.72233040481368 2.3978530029987866 64.7489229245408
    endloop
  endfacet
  facet normal 0 0 1
    outer loop
      vertex 80.6764636392272 1.0362191469672546 65.7397
      vertex 87.3235363607728 1.0362191469672546 65.7397
      vertex 86.10459100234945 1.6232322932971897 65.7397
    endloop
  endfacet
  facet normal 0 1 0
    outer loop
      vertex 81.27766959518632 2.3978530029987866 64.7489229245408
      vertex 86.72233040481368 2.3978530029987866 64.7489229245408
      vertex 87.16998025284981 2.3978530029987866 64.5497
    endloop
  endfacet
  facet normal 0 0 1
    outer loop
      vertex 82.51314840011477 2.3978530029987866 65.7397
      vertex 86.10459100234945 1.6232322932971897 65.7397
      vertex 85.48685159988523 2.3978530029987866 65.7397
    endloop
  endfacet
  facet normal 0 1 0
    outer loop
      vertex 82.51314840011477 2.3978530029987866 65.7397
      vertex 85.48685159988523 2.3978530029987866 65.7397
      vertex 86.72233040481368 2.3978530029987866 64.7489229245408
    endloop
  endfacet
  facet normal 0.5598116215581779 0.44643487097975293 0.6980736740070456
    outer loop
      vertex 85.48685159988523 2.3978530029987866 65.7397
      vertex 86.10459100234945 1.6232322932971897 65.7397
      vertex 86.72233040481368 2.3978530029987866 64.7489229245408
    endloop
  endfacet
  facet normal 0.31067201182072757 0.6451170798619125 0.6980736740070494
    outer loop
      vertex 87.16998025284981 2.3978530029987866 64.5497
      vertex 86.72233040481368 2.3978530029987866 64.7489229245408
      vertex 87.58833627218081 2.1963833624636244 64.5497
    endloop
  endfacet
  facet normal 0.3106720118207277 0.6451170798619167 0.6980736740070457
    outer loop
      vertex 86.10459100234945 1.6232322932971897 65.7397
      vertex 87.58833627218081 2.1963833624636244 64.5497
      vertex 86.72233040481368 2.3978530029987866 64.7489229245408
    endloop
  endfacet
  facet normal 0.3106720118207288 0.6451170798619154 0.6980736740070463
    outer loop
      vertex 86.10459100234945 1.6232322932971897 65.7397
      vertex 87.3235363607728 1.0362191469672546 65.7397
      vertex 87.58833627218081 2.1963833624636244 64.5497
    endloop
  endfacet
  facet normal 0 0 1
    outer loop
      vertex 80.6764636392272 1.0362191469672546 65.7397
      vertex 123.875 0.752404735808355 65.7397
      vertex 87.3235363607728 1.0362191469672546 65.7397
    endloop
  endfacet
  facet normal 0 0 1
    outer loop
      vertex 87.16998025284981 2.3978530029987866 64.5497
      vertex 87.58833627218081 2.1963833624636244 64.5497
      vertex 122.83001974715019 2.3978530029987866 64.5497
    endloop
  endfacet
  facet normal 0 0.7160259392356552 0.6980736740070478
    outer loop
      vertex 87.3235363607728 1.0362191469672546 65.7397
      vertex 122.41166372781919 2.1963833624636244 64.5497
      vertex 87.58833627218081 2.1963833624636244 64.5497
    endloop
  endfacet
  facet normal 0 0.7160259392356552 0.6980736740070478
    outer loop
      vertex 87.3235363607728 1.0362191469672546 65.7397
      vertex 122.6764636392272 1.0362191469672546 65.7397
      vertex 122.41166372781919 2.1963833624636244 64.5497
    endloop
  endfacet
  facet normal 0 0 1
    outer loop
      vertex 87.3235363607728 1.0362191469672546 65.7397
      vertex 123.875 0.752404735808355 65.7397
      vertex 122.6764636392272 1.0362191469672546 65.7397
    endloop
  endfacet
  facet normal 0 0 1
    outer loop
      vertex 87.58833627218081 2.1963833624636244 64.5497
      vertex 122.41166372781919 2.1963833624636244 64.5497
      vertex 122.83001974715019 2.3978530029987866 64.5497
    endloop
  endfacet
  facet normal 0 -1 0
    outer loop
      vertex 121.6861702127658 0.25 61.989700000000006
      vertex 122 0.25 61.9797
      vertex 122 0.25 61.98031737251687
    endloop
  endfacet
  facet normal 0 -1 0
    outer loop
      vertex 121.6861702127658 0.25 61.989700000000006
      vertex 122 0.25 61.989700000000006
      vertex 122 0.25 65.7397
    endloop
  endfacet
  facet normal 0.25881904510252074 -0.9659258262890683 0
    outer loop
      vertex 122 0.25 61.989700000000006
      vertex 123.875 0.752404735808355 61.989700000000006
      vertex 122 0.25 65.7397
    endloop
  endfacet
  facet normal 0 0.7983023388320301 0.6022569018411585
    outer loop
      vertex 122.925 2.3978530029987866 62.749700000000004
      vertex 122.38226534297628 2.9433038983534145 62.02669504289871
      vertex 122.38061826674058 2.9410368924009576 62.029700000000005
    endloop
  endfacet
  facet normal 0.2588190450974225 -0.9659258262904344 0
    outer loop
      vertex 123.87467187732338 0.752316815602138 61.9797
      vertex 123.875 0.752404735808355 61.9797
      vertex 123.875 0.752404735808355 61.989700000000006
    endloop
  endfacet
  facet normal 0.7071067811865475 -0.7071067811865475 0
    outer loop
      vertex 123.875 0.752404735808355 61.989700000000006
      vertex 125.24759526419165 2.125 61.989700000000006
      vertex 123.875 0.752404735808355 65.7397
    endloop
  endfacet
  facet normal 0.9659258262890683 -0.25881904510252074 0
    outer loop
      vertex 125.24759526419165 2.125 61.989700000000006
      vertex 125.75 4 61.989700000000006
      vertex 125.24759526419165 2.125 65.7397
    endloop
  endfacet
  facet normal 0.25881904510252074 -0.9659258262890683 0
    outer loop
      vertex 123.875 0.752404735808355 61.989700000000006
      vertex 123.875 0.752404735808355 65.7397
      vertex 122 0.25 65.7397
    endloop
  endfacet
  facet normal 0 0 1
    outer loop
      vertex 122.6764636392272 1.0362191469672546 65.7397
      vertex 123.875 0.752404735808355 65.7397
      vertex 123.89540899765055 1.6232322932971897 65.7397
    endloop
  endfacet
  facet normal 0 1 0
    outer loop
      vertex 122.925 2.3978530029987866 62.749700000000004
      vertex 122.83001974715019 2.3978530029987866 64.5497
      vertex 122.925 2.3978530029987866 64.5919701891431
    endloop
  endfacet
  facet normal -0.8660254037844693 0.49999999999994676 0
    outer loop
      vertex 122.925 2.3978530029987866 62.749700000000004
      vertex 122.925 2.3978530029987866 64.5919701891431
      vertex 122.96157812877324 2.46120818047985 64.5497
    endloop
  endfacet
  facet normal -0.31067201182072884 0.6451170798619154 0.6980736740070465
    outer loop
      vertex 122.6764636392272 1.0362191469672546 65.7397
      vertex 122.83001974715019 2.3978530029987866 64.5497
      vertex 122.41166372781919 2.1963833624636244 64.5497
    endloop
  endfacet
  facet normal -0.31067201182075116 0.6451170798619119 0.6980736740070396
    outer loop
      vertex 122.6764636392272 1.0362191469672546 65.7397
      vertex 122.925 2.3978530029987866 64.5919701891431
      vertex 122.83001974715019 2.3978530029987866 64.5497
    endloop
  endfacet
  facet normal -0.3106720118207246 0.6451170798619139 0.6980736740070496
    outer loop
      vertex 122.6764636392272 1.0362191469672546 65.7397
      vertex 123.15345613343865 2.553611757434144 64.5497
      vertex 122.96157812877324 2.46120818047985 64.5497
    endloop
  endfacet
  facet normal -0.31067201182079324 0.6451170798619071 0.6980736740070254
    outer loop
      vertex 122.6764636392272 1.0362191469672546 65.7397
      vertex 122.96157812877324 2.46120818047985 64.5497
      vertex 122.925 2.3978530029987866 64.5919701891431
    endloop
  endfacet
  facet normal -0.3106720118207281 0.6451170798619139 0.6980736740070479
    outer loop
      vertex 122.6764636392272 1.0362191469672546 65.7397
      vertex 123.89540899765055 1.6232322932971897 65.7397
      vertex 123.15345613343865 2.553611757434144 64.5497
    endloop
  endfacet
  facet normal -0.5598116215581735 0.4464348709797535 0.6980736740070486
    outer loop
      vertex 123.15345613343865 2.553611757434144 64.5497
      vertex 123.89540899765055 1.6232322932971897 65.7397
      vertex 123.66679240561947 3.1973150826325174 64.5497
    endloop
  endfacet
  facet normal 0.7071067811865475 -0.7071067811865475 0
    outer loop
      vertex 125.24759526419165 2.125 61.989700000000006
      vertex 125.24759526419165 2.125 65.7397
      vertex 123.875 0.752404735808355 65.7397
    endloop
  endfacet
  facet normal 0 0 1
    outer loop
      vertex 123.875 0.752404735808355 65.7397
      vertex 124.73894535842335 2.680993433082624 65.7397
      vertex 123.89540899765055 1.6232322932971897 65.7397
    endloop
  endfacet
  facet normal -0.5598116215581769 0.4464348709797519 0.698073674007047
    outer loop
      vertex 123.89540899765055 1.6232322932971897 65.7397
      vertex 124.73894535842335 2.680993433082624 65.7397
      vertex 123.66679240561947 3.1973150826325174 64.5497
    endloop
  endfacet
  facet normal 0 0 1
    outer loop
      vertex 123.875 0.752404735808355 65.7397
      vertex 125.24759526419165 2.125 65.7397
      vertex 125.75 4 65.7397
    endloop
  endfacet
  facet normal 0 0 1
    outer loop
      vertex 123.875 0.752404735808355 65.7397
      vertex 125.75 4 65.7397
      vertex 124.73894535842335 2.680993433082624 65.7397
    endloop
  endfacet
  facet normal -0.5577368632762367 0.40521955060648307 0.7243802227760392
    outer loop
      vertex 122.925 2.3978530029987866 62.749700000000004
      vertex 123.03796952454707 3.8458032790447825 62.02669504289873
      vertex 122.38226534297628 2.9433038983534145 62.02669504289871
    endloop
  endfacet
  facet normal -0.6546536707080416 0.3779644730092035 0.6546536707079263
    outer loop
      vertex 122.925 2.3978530029987866 62.749700000000004
      vertex 123.05260318681778 3.8659447872244757 62.02970000000001
      vertex 123.03796952454707 3.8458032790447825 62.02669504289873
    endloop
  endfacet
  facet normal -0.6546536707079758 0.3779644730092248 0.65465367070798
    outer loop
      vertex 122.925 2.3978530029987866 62.749700000000004
      vertex 123.85 4 62.749700000000004
      vertex 123.05260318681778 3.8659447872244757 62.02970000000001
    endloop
  endfacet
  facet normal -0.6546536707079661 0.3779644730092764 0.6546536707079597
    outer loop
      vertex 123.05260318681778 3.8659447872244757 62.02970000000001
      vertex 123.85 4 62.749700000000004
      vertex 123.13000000000001 4 62.02970000000001
    endloop
  endfacet
  facet normal -0.8660254037844395 0.4999999999999984 0
    outer loop
      vertex 122.925 2.3978530029987866 62.749700000000004
      vertex 123.85 4 64.5497
      vertex 123.85 4 62.749700000000004
    endloop
  endfacet
  facet normal 0.9659258262896434 -0.258819045100374 0
    outer loop
      vertex 125.74991214584443 3.999672123827767 61.9797
      vertex 125.75 4 61.9797
      vertex 125.75 4 61.98031639647408
    endloop
  endfacet
  facet normal 0.9659258262896435 -0.258819045100374 0
    outer loop
      vertex 125.74991214584443 3.999672123827767 61.9797
      vertex 125.75 4 61.98031639647408
      vertex 125.75 4 61.989700000000006
    endloop
  endfacet
  facet normal 1 0 0
    outer loop
      vertex 125.75 4 61.989700000000006
      vertex 125.75 4 61.98031639647408
      vertex 125.75 4.005731857495378 61.980050299897705
    endloop
  endfacet
  facet normal 1 0 0
    outer loop
      vertex 125.75 4 61.989700000000006
      vertex 125.75 4.005731857495378 61.980050299897705
      vertex 125.75 4.005947008392677 61.98004292295769
    endloop
  endfacet
  facet normal -0.8660254037844384 0.5000000000000006 -2.5231799189865647e-15
    outer loop
      vertex 122.925 2.3978530029987866 62.749700000000004
      vertex 122.96157812877324 2.46120818047985 64.5497
      vertex 123.85 4 64.5497
    endloop
  endfacet
  facet normal 0 0 1
    outer loop
      vertex 122.96157812877324 2.46120818047985 64.5497
      vertex 123.15345613343865 2.553611757434144 64.5497
      vertex 123.85 4 64.5497
    endloop
  endfacet
  facet normal 0 0 1
    outer loop
      vertex 123.15345613343865 2.553611757434144 64.5497
      vertex 123.66679240561947 3.1973150826325174 64.5497
      vertex 123.85 4 64.5497
    endloop
  endfacet
  facet normal 0.9659258262890683 -0.25881904510252074 0
    outer loop
      vertex 125.24759526419165 2.125 65.7397
      vertex 125.75 4 61.989700000000006
      vertex 125.75 4 65.7397
    endloop
  endfacet
  facet normal -0.6980736740070488 0.1593307607356611 0.6980736740070462
    outer loop
      vertex 124.73894535842335 2.680993433082624 65.7397
      vertex 123.85 4 64.5497
      vertex 123.66679240561947 3.1973150826325174 64.5497
    endloop
  endfacet
  facet normal -0.6980736740070473 0.15933076073566305 0.6980736740070473
    outer loop
      vertex 124.73894535842335 2.680993433082624 65.7397
      vertex 125.03999999999999 4 65.7397
      vertex 123.85 4 64.5497
    endloop
  endfacet
  facet normal 0 0 1
    outer loop
      vertex 124.73894535842335 2.680993433082624 65.7397
      vertex 125.75 4 65.7397
      vertex 125.03999999999999 4 65.7397
    endloop
  endfacet
  facet normal -1 0 0
    outer loop
      vertex 123.85 4 62.749700000000004
      vertex 123.85 4 64.5497
      vertex 123.85 38 64.5497
    endloop
  endfacet
  facet normal -0.7071067811865476 0 0.7071067811865476
    outer loop
      vertex 123.85 4 64.5497
      vertex 125.03999999999999 4 65.7397
      vertex 123.85 38 64.5497
    endloop
  endfacet
  facet normal -0.7071067811865476 0 0.7071067811865476
    outer loop
      vertex 125.03999999999999 4 65.7397
      vertex 125.03999999999999 38 65.7397
      vertex 123.85 38 64.5497
    endloop
  endfacet
  facet normal -0.707106781186551 0 0.7071067811865441
    outer loop
      vertex 123.13000000000001 4 62.02970000000001
      vertex 123.85 4 62.749700000000004
      vertex 123.85 80 62.749700000000004
    endloop
  endfacet
  facet normal 1 0 0
    outer loop
      vertex 125.75 4 61.989700000000006
      vertex 125.75 80 61.989700000000006
      vertex 125.75 4 65.7397
    endloop
  endfacet
  facet normal -1 0 0
    outer loop
      vertex 123.85 4 62.749700000000004
      vertex 123.85 38 64.5497
      vertex 123.85 45.109086955206074 64.75304508872327
    endloop
  endfacet
  facet normal 0 0 1
    outer loop
      vertex 125.03999999999999 4 65.7397
      vertex 125.75 4 65.7397
      vertex 125.75 80 65.7397
    endloop
  endfacet
  facet normal -1 0 0
    outer loop
      vertex 123.85 4 62.749700000000004
      vertex 123.85 45.109086955206074 64.75304508872327
      vertex 123.85 46 64.5497
    endloop
  endfacet
  facet normal -0.6980736740070476 -0.15933076073566116 0.6980736740070476
    outer loop
      vertex 123.85 38 64.5497
      vertex 125.03999999999999 38 65.7397
      vertex 123.85 38.890913044793926 64.75304508872327
    endloop
  endfacet
  facet normal -0.6980736740070459 -0.1593307607356555 0.6980736740070506
    outer loop
      vertex 125.03999999999999 38 65.7397
      vertex 124.73894535842336 39.31900656691737 65.7397
      vertex 123.85 38.890913044793926 64.75304508872327
    endloop
  endfacet
  facet normal -1 0 0
    outer loop
      vertex 123.85 38 64.5497
      vertex 123.85 38.890913044793926 64.75304508872327
      vertex 123.85 45.109086955206074 64.75304508872327
    endloop
  endfacet
  facet normal -0.559811621558173 -0.446434870979752 0.6980736740070501
    outer loop
      vertex 123.85 38.890913044793926 64.75304508872327
      vertex 124.73894535842336 39.31900656691737 65.7397
      vertex 123.85 40.319826624676 65.66686962247789
    endloop
  endfacet
  facet normal -0.5598116215581803 -0.44643487097975926 0.6980736740070392
    outer loop
      vertex 124.73894535842336 39.31900656691737 65.7397
      vertex 123.89540899765055 40.376767706702815 65.7397
      vertex 123.85 40.319826624676 65.66686962247789
    endloop
  endfacet
  facet normal -0.31067201182069865 -0.645117079861937 0.69807367400704
    outer loop
      vertex 123.85 40.319826624676 65.66686962247789
      vertex 123.89540899765055 40.376767706702815 65.7397
      vertex 123.85 40.39863552743681 65.7397
    endloop
  endfacet
  facet normal 0 0 1
    outer loop
      vertex 125.03999999999999 38 65.7397
      vertex 124.73894535842335 44.68099343308263 65.7397
      vertex 124.73894535842336 39.31900656691737 65.7397
    endloop
  endfacet
  facet normal 0 0 1
    outer loop
      vertex 125.03999999999999 4 65.7397
      vertex 125.75 80 65.7397
      vertex 125.03999999999999 38 65.7397
    endloop
  endfacet
  facet normal 0 0 1
    outer loop
      vertex 124.73894535842336 39.31900656691737 65.7397
      vertex 123.89540899765055 43.623232293297185 65.7397
      vertex 123.89540899765055 40.376767706702815 65.7397
    endloop
  endfacet
  facet normal -1 0 0
    outer loop
      vertex 123.85 38.890913044793926 64.75304508872327
      vertex 123.85 40.319826624676 65.66686962247789
      vertex 123.85 45.109086955206074 64.75304508872327
    endloop
  endfacet
  facet normal -1 0 0
    outer loop
      vertex 123.85 40.319826624676 65.66686962247789
      vertex 123.85 40.39863552743681 65.7397
      vertex 123.85 43.680173375323996 65.6668696224779
    endloop
  endfacet
  facet normal 0 0 1
    outer loop
      vertex 123.85 40.39863552743681 65.7397
      vertex 123.89540899765055 40.376767706702815 65.7397
      vertex 123.85 43.60136447256319 65.7397
    endloop
  endfacet
  facet normal -1 0 0
    outer loop
      vertex 123.85 40.39863552743681 65.7397
      vertex 123.85 43.60136447256319 65.7397
      vertex 123.85 43.680173375323996 65.6668696224779
    endloop
  endfacet
  facet normal 0 0 1
    outer loop
      vertex 123.89540899765055 40.376767706702815 65.7397
      vertex 123.89540899765055 43.623232293297185 65.7397
      vertex 123.85 43.60136447256319 65.7397
    endloop
  endfacet
  facet normal 0 0 1
    outer loop
      vertex 124.73894535842336 39.31900656691737 65.7397
      vertex 124.73894535842335 44.68099343308263 65.7397
      vertex 123.89540899765055 43.623232293297185 65.7397
    endloop
  endfacet
  facet normal -1 0 0
    outer loop
      vertex 123.85 40.319826624676 65.66686962247789
      vertex 123.85 43.680173375323996 65.6668696224779
      vertex 123.85 45.109086955206074 64.75304508872327
    endloop
  endfacet
  facet normal 0 0 1
    outer loop
      vertex 125.03999999999999 38 65.7397
      vertex 125.03999999999999 46 65.7397
      vertex 124.73894535842335 44.68099343308263 65.7397
    endloop
  endfacet
  facet normal -1 0 0
    outer loop
      vertex 123.85 4 62.749700000000004
      vertex 123.85 46 64.5497
      vertex 123.85 80 64.5497
    endloop
  endfacet
  facet normal -0.3106720118206827 0.6451170798619039 0.6980736740070775
    outer loop
      vertex 123.85 43.60136447256319 65.7397
      vertex 123.89540899765055 43.623232293297185 65.7397
      vertex 123.85 43.680173375323996 65.6668696224779
    endloop
  endfacet
  facet normal -0.5598116215581482 0.4464348709797261 0.6980736740070862
    outer loop
      vertex 123.89540899765055 43.623232293297185 65.7397
      vertex 124.73894535842335 44.68099343308263 65.7397
      vertex 123.85 43.680173375323996 65.6668696224779
    endloop
  endfacet
  facet normal -0.5598116215581763 0.44643487097975404 0.6980736740070459
    outer loop
      vertex 123.85 43.680173375323996 65.6668696224779
      vertex 124.73894535842335 44.68099343308263 65.7397
      vertex 123.85 45.109086955206074 64.75304508872327
    endloop
  endfacet
  facet normal -0.6980736740070493 0.15933076073566077 0.6980736740070459
    outer loop
      vertex 123.85 45.109086955206074 64.75304508872327
      vertex 124.73894535842335 44.68099343308263 65.7397
      vertex 123.85 46 64.5497
    endloop
  endfacet
  facet normal -0.6980736740070473 0.15933076073566338 0.6980736740070473
    outer loop
      vertex 124.73894535842335 44.68099343308263 65.7397
      vertex 125.03999999999999 46 65.7397
      vertex 123.85 46 64.5497
    endloop
  endfacet
  facet normal -0.707106781186551 0 0.7071067811865441
    outer loop
      vertex 123.13000000000001 4 62.02970000000001
      vertex 123.85 80 62.749700000000004
      vertex 123.13000000000001 80 62.02970000000001
    endloop
  endfacet
  facet normal -1 0 0
    outer loop
      vertex 123.85 4 62.749700000000004
      vertex 123.85 80 64.5497
      vertex 123.85 80 62.749700000000004
    endloop
  endfacet
  facet normal 1 0 0
    outer loop
      vertex 125.75 4 65.7397
      vertex 125.75 80 61.989700000000006
      vertex 125.75 80 65.7397
    endloop
  endfacet
  facet normal 0 0 1
    outer loop
      vertex 125.03999999999999 38 65.7397
      vertex 125.75 80 65.7397
      vertex 125.03999999999999 46 65.7397
    endloop
  endfacet
  facet normal -0.7071067811865476 0 0.7071067811865476
    outer loop
      vertex 123.85 46 64.5497
      vertex 125.03999999999999 46 65.7397
      vertex 123.85 80 64.5497
    endloop
  endfacet
  facet normal -0.7071067811865434 2.9554681575223826e-16 0.7071067811865518
    outer loop
      vertex 125.03999999999999 46 65.7397
      vertex 125.04 80 65.7397
      vertex 123.85 80 64.5497
    endloop
  endfacet
  facet normal 0 0 1
    outer loop
      vertex 125.03999999999999 46 65.7397
      vertex 125.75 80 65.7397
      vertex 125.04 80 65.7397
    endloop
  endfacet
  facet normal -0.6546536707076839 -0.37796447300932856 0.6546536707082119
    outer loop
      vertex 123.03796952454708 80.154196720955 62.02669504289862
      vertex 123.05260318681825 80.13405521277473 62.02970000000001
      vertex 123.01879187734109 80.4 62.14943198501696
    endloop
  endfacet
  facet normal -0.5577368632762492 -0.4052195506064866 0.7243802227760279
    outer loop
      vertex 123.03796952454708 80.154196720955 62.02669504289862
      vertex 123.01879187734109 80.4 62.14943198501696
      vertex 122.85938298879749 80.4 62.026695042898446
    endloop
  endfacet
  facet normal -0.6546536707079886 -0.37796447300925046 0.6546536707079524
    outer loop
      vertex 123.05260318681825 80.13405521277473 62.02970000000001
      vertex 123.13000000000001 80 62.02970000000001
      vertex 123.01879187734109 80.4 62.14943198501696
    endloop
  endfacet
  facet normal -0.6546536707079627 -0.37796447300925096 0.6546536707079782
    outer loop
      vertex 123.13000000000001 80 62.02970000000001
      vertex 123.61905989232415 80.4 62.749700000000004
      vertex 123.01879187734109 80.4 62.14943198501696
    endloop
  endfacet
  facet normal -0.6546536707079817 -0.3779644730092223 0.6546536707079753
    outer loop
      vertex 123.13000000000001 80 62.02970000000001
      vertex 123.85 80 62.749700000000004
      vertex 123.61905989232415 80.4 62.749700000000004
    endloop
  endfacet
  facet normal -0.8660254037844428 -0.49999999999999256 0
    outer loop
      vertex 123.85 80 62.749700000000004
      vertex 123.85 80 64.5497
      vertex 123.61905989232415 80.4 62.749700000000004
    endloop
  endfacet
  facet normal 0.9659258262890686 0.2588190451025194 0
    outer loop
      vertex 125.75 80 61.989700000000006
      vertex 125.64282032302755 80.4 61.989700000000006
      vertex 125.64282032302755 80.4 65.7397
    endloop
  endfacet
  facet normal -0.8660254037844428 -0.49999999999999256 0
    outer loop
      vertex 123.85 80 64.5497
      vertex 123.61905989232415 80.4 64.5497
      vertex 123.61905989232415 80.4 62.749700000000004
    endloop
  endfacet
  facet normal 0 0 1
    outer loop
      vertex 123.85 80 64.5497
      vertex 123.75870261024393 80.4 64.5497
      vertex 123.61905989232415 80.4 64.5497
    endloop
  endfacet
  facet normal 0.9659258262890686 0.2588190451025194 0
    outer loop
      vertex 125.75 80 61.989700000000006
      vertex 125.64282032302755 80.4 65.7397
      vertex 125.75 80 65.7397
    endloop
  endfacet
  facet normal -0.6980736740070423 -0.15933076073567026 0.6980736740070507
    outer loop
      vertex 123.85 80 64.5497
      vertex 125.04 80 65.7397
      vertex 123.75870261024393 80.4 64.5497
    endloop
  endfacet
  facet normal -0.6980736740070423 -0.15933076073567026 0.6980736740070507
    outer loop
      vertex 125.04 80 65.7397
      vertex 124.94870261024394 80.4 65.7397
      vertex 123.75870261024393 80.4 64.5497
    endloop
  endfacet
  facet normal 0 0 1
    outer loop
      vertex 125.04 80 65.7397
      vertex 125.75 80 65.7397
      vertex 124.94870261024394 80.4 65.7397
    endloop
  endfacet
  facet normal 0 0 1
    outer loop
      vertex 125.75 80 65.7397
      vertex 125.64282032302755 80.4 65.7397
      vertex 124.94870261024394 80.4 65.7397
    endloop
  endfacet
  facet normal -0.9659258262890683 -0.2588190451025208 2.3552800284670177e-16
    outer loop
      vertex 0.752404735808355 2.125 4.803476700185675
      vertex 0.25 4 5.66
      vertex 0.6785869382749711 2.400491770897421 4.686490377251038
    endloop
  endfacet
  facet normal -0.7071067811865476 -0.7071067811865476 0
    outer loop
      vertex 1.7272913020716056 1.1501134337367493 4.645141734721316
      vertex 1.377404735808355 1.5 5.66
      vertex 0.752404735808355 2.125 4.803476700185675
    endloop
  endfacet
  facet normal -0.7071067811865475 -0.7071067811865475 0
    outer loop
      vertex 0.752404735808355 2.125 4.803476700185675
      vertex 1.377404735808355 1.5 5.66
      vertex 0.752404735808355 2.125 5.66
    endloop
  endfacet
  facet normal -0.9659258262890682 -0.2588190451025207 0
    outer loop
      vertex 0.752404735808355 2.125 4.803476700185675
      vertex 0.752404735808355 2.125 5.66
      vertex 0.25 4 5.66
    endloop
  endfacet
  facet normal -0.9659258262890682 -0.25881904510252063 0
    outer loop
      vertex 0.6785869382749711 2.400491770897421 4.686490377251038
      vertex 0.25 4 5.66
      vertex 0.25 4 4.750000000000001
    endloop
  endfacet
  facet normal -0.7071067811865475 -0.7071067811865475 0
    outer loop
      vertex 1.7272913020716056 1.1501134337367493 4.645141734721316
      vertex 1.377404735808355 1.5 16.03
      vertex 1.377404735808355 1.5 5.66
    endloop
  endfacet
  facet normal -1 0 0
    outer loop
      vertex 0.25 4 4.750000000000001
      vertex 0.25 4 5.66
      vertex 0.25 38 4.750000000000001
    endloop
  endfacet
  facet normal -1 0 0
    outer loop
      vertex 0.25 4 16.03
      vertex 0.25 22.15 17.125876598214752
      vertex 0.25 24.048113946933693 16.03
    endloop
  endfacet
  facet normal 0 -1 0
    outer loop
      vertex 4 0.25 4.846438237272076
      vertex 35.5 0.25 5.66
      vertex 29.5 0.25 5.66
    endloop
  endfacet
  facet normal 0 -1 0
    outer loop
      vertex 4 0.25 4.846438237272076
      vertex 38.85591302896306 0.25 4.846438237272076
      vertex 35.5 0.25 5.66
    endloop
  endfacet
  facet normal 0 -1 0
    outer loop
      vertex 4 0.25 4.846438237272076
      vertex 29.5 0.25 5.66
      vertex 29.5 0.25 16.029999999999998
    endloop
  endfacet
  facet normal 0 -1 0
    outer loop
      vertex 4 0.25 4.846438237272076
      vertex 29.5 0.25 16.029999999999998
      vertex 29.15 0.25 17.125876598214752
    endloop
  endfacet
  facet normal 0 -1 0
    outer loop
      vertex 4 0.25 4.846438237272076
      vertex 29.15 0.25 17.125876598214752
      vertex 29.15 0.25 20.994123401785245
    endloop
  endfacet
  facet normal 0 -1 0
    outer loop
      vertex 29.5 0.25 16.029999999999998
      vertex 31.0481139469337 0.25 16.029999999999998
      vertex 29.15 0.25 17.125876598214752
    endloop
  endfacet
  facet normal -0.7071067811865476 -0.7071067811865476 0
    outer loop
      vertex 2.125 0.752404735808355 4.8356828158306016
      vertex 0.7525747408787148 2.12482999492964 61.9797
      vertex 1.7272913020716056 1.1501134337367493 4.645141734721316
    endloop
  endfacet
  facet normal -0.2588190451025207 -0.9659258262890683 0
    outer loop
      vertex 2.125 0.752404735808355 4.8356828158306016
      vertex 3.193415770766865 0.46612359285069804 4.624756623534063
      vertex 4 0.25 61.989700000000006
    endloop
  endfacet
  facet normal -0.25881904510252074 -0.9659258262890683 0
    outer loop
      vertex 3.193415770766865 0.46612359285069804 4.624756623534063
      vertex 4 0.25 4.846438237272076
      vertex 4 0.25 61.9797
    endloop
  endfacet
  facet normal -0.7071067811865476 -0.7071067811865475 -4.379087762913398e-18
    outer loop
      vertex 1.7272913020716056 1.1501134337367493 4.645141734721316
      vertex 0.7525747408787148 2.12482999492964 61.9797
      vertex 1.377404735808355 1.5 16.03
    endloop
  endfacet
  facet normal -0.7071067811865476 -0.7071067811865476 -1.7084904348491667e-18
    outer loop
      vertex 0.7525747408787148 2.12482999492964 61.9797
      vertex 0.752404735808355 2.125 16.03
      vertex 1.377404735808355 1.5 16.03
    endloop
  endfacet
  facet normal -0.9659258262890683 -0.2588190451025207 0
    outer loop
      vertex 0.25 4 61.989700000000006
      vertex 0.25 4 16.03
      vertex 0.752404735808355 2.125 16.03
    endloop
  endfacet
  facet normal 0 -1 0
    outer loop
      vertex 4 0.25 4.846438237272076
      vertex 29.15 0.25 20.994123401785245
      vertex 4 0.25 61.9797
    endloop
  endfacet
  facet normal -1 0 0
    outer loop
      vertex 0.25 4 16.03
      vertex 0.25 22.15 20.994123401785245
      vertex 0.25 22.15 17.125876598214752
    endloop
  endfacet
  facet normal 0 -1 0
    outer loop
      vertex 32.5 0.25 22.92824680357049
      vertex 32.5 0.25 31.19175319642951
      vertex 29.15 0.25 33.12587659821476
    endloop
  endfacet
  facet normal -1 0 0
    outer loop
      vertex 0.25 38 4.750000000000001
      vertex 0.25 4 5.66
      vertex 0.25 39.095321566883705 5
    endloop
  endfacet
  facet normal -1 0 0
    outer loop
      vertex 0.25 31.299755239807336 16.03
      vertex 0.25 26.951886053066307 16.03
      vertex 0.25 28.85 17.125876598214752
    endloop
  endfacet
  facet normal -1 0 0
    outer loop
      vertex 0.25 39.095321566883705 5
      vertex 0.25 4 5.66
      vertex 0.25 79.5 5.66
    endloop
  endfacet
  facet normal -1 0 0
    outer loop
      vertex 0.25 31.299755239807336 16.03
      vertex 0.25 31.15 17.125876598214752
      vertex 0.25 33.0481139469337 16.03
    endloop
  endfacet
  facet normal -1 0 0
    outer loop
      vertex 0.25 35.9518860530663 16.03
      vertex 0.25 40.15 17.125876598214752
      vertex 0.25 42.0481139469337 16.03
    endloop
  endfacet
  facet normal -1 0 0
    outer loop
      vertex 0.25 31.299755239807336 16.03
      vertex 0.25 28.85 17.125876598214752
      vertex 0.25 28.85 20.994123401785245
    endloop
  endfacet
  facet normal -1 0 0
    outer loop
      vertex 0.25 31.299755239807336 16.03
      vertex 0.25 28.85 20.994123401785245
      vertex 0.25 31.15 17.125876598214752
    endloop
  endfacet
  facet normal -1 0 0
    outer loop
      vertex 0.25 30 23.191753196429506
      vertex 0.25 31.15 17.125876598214752
      vertex 0.25 28.85 20.994123401785245
    endloop
  endfacet
  facet normal -1 0 0
    outer loop
      vertex 0.25 30 23.191753196429506
      vertex 0.25 31.15 20.994123401785245
      vertex 0.25 31.15 17.125876598214752
    endloop
  endfacet
  facet normal -1 0 0
    outer loop
      vertex 0.25 25.5 22.92824680357049
      vertex 0.25 30 23.191753196429506
      vertex 0.25 28.85 20.994123401785245
    endloop
  endfacet
  facet normal -1 0 0
    outer loop
      vertex 0.25 25.5 22.92824680357049
      vertex 0.25 26.65 25.125876598214752
      vertex 0.25 30 23.191753196429506
    endloop
  endfacet
  facet normal -1 0 0
    outer loop
      vertex 0.25 33.35 25.125876598214752
      vertex 0.25 31.15 20.994123401785245
      vertex 0.25 30 23.191753196429506
    endloop
  endfacet
  facet normal -1 0 0
    outer loop
      vertex 0.25 25.5 31.19175319642951
      vertex 0.25 26.65 28.994123401785245
      vertex 0.25 26.65 25.125876598214752
    endloop
  endfacet
  facet normal -1 0 0
    outer loop
      vertex 0.25 25.5 31.19175319642951
      vertex 0.25 26.65 25.125876598214752
      vertex 0.25 22.15 33.12587659821476
    endloop
  endfacet
  facet normal -1 0 0
    outer loop
      vertex 0.25 28.85 33.12587659821476
      vertex 0.25 26.65 28.994123401785245
      vertex 0.25 25.5 31.19175319642951
    endloop
  endfacet
  facet normal -1 0 0
    outer loop
      vertex 0.25 26.65 28.994123401785245
      vertex 0.25 28.85 33.12587659821476
      vertex 0.25 30 30.92824680357049
    endloop
  endfacet
  facet normal -1 0 0
    outer loop
      vertex 0.25 28.85 33.12587659821476
      vertex 0.25 31.15 33.12587659821476
      vertex 0.25 30 30.92824680357049
    endloop
  endfacet
  facet normal -1 0 0
    outer loop
      vertex 0.25 31.15 20.994123401785245
      vertex 0.25 33.35 25.125876598214752
      vertex 0.25 34.5 22.92824680357049
    endloop
  endfacet
  facet normal -1 0 0
    outer loop
      vertex 0.25 33.35 25.125876598214752
      vertex 0.25 35.65 25.125876598214752
      vertex 0.25 34.5 22.92824680357049
    endloop
  endfacet
  facet normal -1 0 0
    outer loop
      vertex 0.25 34.5 22.92824680357049
      vertex 0.25 35.65 25.125876598214752
      vertex 0.25 39 23.191753196429506
    endloop
  endfacet
  facet normal -1 0 0
    outer loop
      vertex 0.25 37.85 17.125876598214752
      vertex 0.25 40.15 17.125876598214752
      vertex 0.25 35.9518860530663 16.03
    endloop
  endfacet
  facet normal -1 0 0
    outer loop
      vertex 0.25 37.85 17.125876598214752
      vertex 0.25 37.85 20.994123401785245
      vertex 0.25 40.15 17.125876598214752
    endloop
  endfacet
  facet normal -1 0 0
    outer loop
      vertex 0.25 40.15 17.125876598214752
      vertex 0.25 37.85 20.994123401785245
      vertex 0.25 40.15 20.994123401785245
    endloop
  endfacet
  facet normal -1 0 0
    outer loop
      vertex 0.25 34.5 22.92824680357049
      vertex 0.25 39 23.191753196429506
      vertex 0.25 37.85 20.994123401785245
    endloop
  endfacet
  facet normal -1 0 0
    outer loop
      vertex 0.25 37.85 20.994123401785245
      vertex 0.25 39 23.191753196429506
      vertex 0.25 40.15 20.994123401785245
    endloop
  endfacet
  facet normal -1 0 0
    outer loop
      vertex 0.25 39 23.191753196429506
      vertex 0.25 42.35 25.125876598214752
      vertex 0.25 40.15 20.994123401785245
    endloop
  endfacet
  facet normal -1 0 0
    outer loop
      vertex 0.25 33.35 25.125876598214752
      vertex 0.25 33.35 28.994123401785245
      vertex 0.25 35.65 25.125876598214752
    endloop
  endfacet
  facet normal -1 0 0
    outer loop
      vertex 0.25 33.35 28.994123401785245
      vertex 0.25 35.65 28.994123401785245
      vertex 0.25 35.65 25.125876598214752
    endloop
  endfacet
  facet normal -1 0 0
    outer loop
      vertex 0.25 33.35 28.994123401785245
      vertex 0.25 30 30.92824680357049
      vertex 0.25 34.5 31.19175319642951
    endloop
  endfacet
  facet normal -1 0 0
    outer loop
      vertex 0.25 30 30.92824680357049
      vertex 0.25 31.15 33.12587659821476
      vertex 0.25 34.5 31.19175319642951
    endloop
  endfacet
  facet normal -1 0 0
    outer loop
      vertex 0.25 33.35 28.994123401785245
      vertex 0.25 34.5 31.19175319642951
      vertex 0.25 35.65 28.994123401785245
    endloop
  endfacet
  facet normal -1 0 0
    outer loop
      vertex 0.25 34.5 31.19175319642951
      vertex 0.25 37.85 33.12587659821476
      vertex 0.25 35.65 28.994123401785245
    endloop
  endfacet
  facet normal -1 0 0
    outer loop
      vertex 0.25 39 30.92824680357049
      vertex 0.25 35.65 28.994123401785245
      vertex 0.25 37.85 33.12587659821476
    endloop
  endfacet
  facet normal -1 0 0
    outer loop
      vertex 0.25 39 30.92824680357049
      vertex 0.25 37.85 33.12587659821476
      vertex 0.25 40.15 33.12587659821476
    endloop
  endfacet
  facet normal -1 0 0
    outer loop
      vertex 0.25 39 30.92824680357049
      vertex 0.25 43.5 31.19175319642951
      vertex 0.25 42.35 28.994123401785245
    endloop
  endfacet
  facet normal -1 0 0
    outer loop
      vertex 0.25 39 30.92824680357049
      vertex 0.25 40.15 33.12587659821476
      vertex 0.25 43.5 31.19175319642951
    endloop
  endfacet
  facet normal 0 -1 0
    outer loop
      vertex 38.85591302896306 0.25 4.846438237272076
      vertex 38.5 0.25 5.66
      vertex 35.5 0.25 5.66
    endloop
  endfacet
  facet normal 0 -1 0
    outer loop
      vertex 38.85591302896306 0.25 4.846438237272076
      vertex 39.20096317772361 0.25 5
      vertex 38.5 0.25 5.66
    endloop
  endfacet
  facet normal 0 -1 0
    outer loop
      vertex 39.20096317772361 0.25 5
      vertex 44.79903682227639 0.25 5
      vertex 38.5 0.25 5.66
    endloop
  endfacet
  facet normal 0 -1 0
    outer loop
      vertex 44.79903682227639 0.25 5
      vertex 44.5 0.25 5.66
      vertex 38.5 0.25 5.66
    endloop
  endfacet
  facet normal 0 -1 0
    outer loop
      vertex 44.79903682227639 0.25 5
      vertex 47.5 0.25 5.66
      vertex 44.5 0.25 5.66
    endloop
  endfacet
  facet normal 0 -1 0
    outer loop
      vertex 35.5 0.25 5.66
      vertex 38.5 0.25 5.66
      vertex 38.5 0.25 16.029999999999998
    endloop
  endfacet
  facet normal 0 -1 0
    outer loop
      vertex 35.5 0.25 16.029999999999998
      vertex 35.85 0.25 17.125876598214752
      vertex 33.9518860530663 0.25 16.03
    endloop
  endfacet
  facet normal 0 -1 0
    outer loop
      vertex 38.5 0.25 16.029999999999998
      vertex 35.5 0.25 16.029999999999998
      vertex 35.5 0.25 5.66
    endloop
  endfacet
  facet normal 0 -1 0
    outer loop
      vertex 38.5 0.25 16.029999999999998
      vertex 35.85 0.25 17.125876598214752
      vertex 35.5 0.25 16.029999999999998
    endloop
  endfacet
  facet normal 0 -1 0
    outer loop
      vertex 38.5 0.25 16.029999999999998
      vertex 40.0481139469337 0.25 16.029999999999998
      vertex 38.15 0.25 17.125876598214752
    endloop
  endfacet
  facet normal 0 -1 0
    outer loop
      vertex 44.5 0.25 5.66
      vertex 47.5 0.25 5.66
      vertex 47.5 0.25 16.029999999999998
    endloop
  endfacet
  facet normal 0 -1 0
    outer loop
      vertex 44.5 0.25 5.66
      vertex 47.5 0.25 16.029999999999998
      vertex 44.5 0.25 16.029999999999998
    endloop
  endfacet
  facet normal 0 -1 0
    outer loop
      vertex 44.5 0.25 16.029999999999998
      vertex 44.85 0.25 17.125876598214752
      vertex 42.9518860530663 0.25 16.03
    endloop
  endfacet
  facet normal 0 -1 0
    outer loop
      vertex 44.5 0.25 16.029999999999998
      vertex 47.5 0.25 16.029999999999998
      vertex 44.85 0.25 17.125876598214752
    endloop
  endfacet
  facet normal 0 -1 0
    outer loop
      vertex 44.79903682227639 0.25 5
      vertex 53.5 0.25 5.66
      vertex 47.5 0.25 5.66
    endloop
  endfacet
  facet normal 0 -1 0
    outer loop
      vertex 44.79903682227639 0.25 5
      vertex 45.14408697103694 0.25 4.846438237272076
      vertex 81.2009631777236 0.25 5
    endloop
  endfacet
  facet normal 0 -1 0
    outer loop
      vertex 44.79903682227639 0.25 5
      vertex 81.2009631777236 0.25 5
      vertex 53.5 0.25 5.66
    endloop
  endfacet
  facet normal 0 -1 0
    outer loop
      vertex 47.5 0.25 16.029999999999998
      vertex 49.0481139469337 0.25 16.029999999999998
      vertex 47.15 0.25 17.125876598214752
    endloop
  endfacet
  facet normal 0 -1 0
    outer loop
      vertex 53.5 0.25 5.66
      vertex 56.5 0.25 16.029999999999998
      vertex 53.5 0.25 16.029999999999998
    endloop
  endfacet
  facet normal 0 -1 0
    outer loop
      vertex 53.5 0.25 16.029999999999998
      vertex 53.85 0.25 17.125876598214752
      vertex 51.9518860530663 0.25 16.03
    endloop
  endfacet
  facet normal 0 -1 0
    outer loop
      vertex 53.5 0.25 16.029999999999998
      vertex 56.5 0.25 16.029999999999998
      vertex 53.85 0.25 17.125876598214752
    endloop
  endfacet
  facet normal 0 -1 0
    outer loop
      vertex 56.5 0.25 5.66
      vertex 56.5 0.25 16.029999999999998
      vertex 53.5 0.25 5.66
    endloop
  endfacet
  facet normal 0 -1 0
    outer loop
      vertex 56.5 0.25 16.029999999999998
      vertex 58.0481139469337 0.25 16.029999999999998
      vertex 56.15 0.25 17.125876598214752
    endloop
  endfacet
  facet normal 0 -1 0
    outer loop
      vertex 62.5 0.25 16.029999999999998
      vertex 62.85 0.25 17.125876598214752
      vertex 60.9518860530663 0.25 16.03
    endloop
  endfacet
  facet normal 0 -1 0
    outer loop
      vertex 35.85 0.25 17.125876598214752
      vertex 38.5 0.25 16.029999999999998
      vertex 38.15 0.25 17.125876598214752
    endloop
  endfacet
  facet normal 0 -1 0
    outer loop
      vertex 35.85 0.25 17.125876598214752
      vertex 38.15 0.25 17.125876598214752
      vertex 38.15 0.25 20.994123401785245
    endloop
  endfacet
  facet normal 0 -1 0
    outer loop
      vertex 35.85 0.25 20.994123401785245
      vertex 35.85 0.25 17.125876598214752
      vertex 37 0.25 23.191753196429506
    endloop
  endfacet
  facet normal 0 -1 0
    outer loop
      vertex 35.85 0.25 17.125876598214752
      vertex 38.15 0.25 20.994123401785245
      vertex 37 0.25 23.191753196429506
    endloop
  endfacet
  facet normal 0 -1 0
    outer loop
      vertex 35.85 0.25 20.994123401785245
      vertex 33.65 0.25 25.125876598214752
      vertex 32.5 0.25 22.92824680357049
    endloop
  endfacet
  facet normal 0 -1 0
    outer loop
      vertex 35.85 0.25 20.994123401785245
      vertex 37 0.25 23.191753196429506
      vertex 33.65 0.25 25.125876598214752
    endloop
  endfacet
  facet normal 0 -1 0
    outer loop
      vertex 38.15 0.25 20.994123401785245
      vertex 41.5 0.25 22.92824680357049
      vertex 37 0.25 23.191753196429506
    endloop
  endfacet
  facet normal 0 -1 0
    outer loop
      vertex 47.5 0.25 16.029999999999998
      vertex 47.15 0.25 17.125876598214752
      vertex 44.85 0.25 17.125876598214752
    endloop
  endfacet
  facet normal 0 -1 0
    outer loop
      vertex 47.15 0.25 17.125876598214752
      vertex 47.15 0.25 20.994123401785245
      vertex 44.85 0.25 17.125876598214752
    endloop
  endfacet
  facet normal 0 -1 0
    outer loop
      vertex 44.85 0.25 20.994123401785245
      vertex 44.85 0.25 17.125876598214752
      vertex 47.15 0.25 20.994123401785245
    endloop
  endfacet
  facet normal 0 -1 0
    outer loop
      vertex 41.5 0.25 22.92824680357049
      vertex 40.35 0.25 25.125876598214752
      vertex 37 0.25 23.191753196429506
    endloop
  endfacet
  facet normal 0 -1 0
    outer loop
      vertex 44.85 0.25 20.994123401785245
      vertex 40.35 0.25 25.125876598214752
      vertex 41.5 0.25 22.92824680357049
    endloop
  endfacet
  facet normal 0 -1 0
    outer loop
      vertex 44.85 0.25 20.994123401785245
      vertex 42.65 0.25 25.125876598214752
      vertex 40.35 0.25 25.125876598214752
    endloop
  endfacet
  facet normal 0 -1 0
    outer loop
      vertex 44.85 0.25 20.994123401785245
      vertex 50.5 0.25 22.92824680357049
      vertex 46 0.25 23.191753196429506
    endloop
  endfacet
  facet normal 0 -1 0
    outer loop
      vertex 44.85 0.25 20.994123401785245
      vertex 46 0.25 23.191753196429506
      vertex 42.65 0.25 25.125876598214752
    endloop
  endfacet
  facet normal 0 -1 0
    outer loop
      vertex 32.5 0.25 22.92824680357049
      vertex 33.65 0.25 25.125876598214752
      vertex 33.65 0.25 28.994123401785245
    endloop
  endfacet
  facet normal 0 -1 0
    outer loop
      vertex 32.5 0.25 22.92824680357049
      vertex 33.65 0.25 28.994123401785245
      vertex 32.5 0.25 31.19175319642951
    endloop
  endfacet
  facet normal 0 -1 0
    outer loop
      vertex 33.65 0.25 28.994123401785245
      vertex 37 0.25 30.92824680357049
      vertex 32.5 0.25 31.19175319642951
    endloop
  endfacet
  facet normal 0 -1 0
    outer loop
      vertex 32.5 0.25 31.19175319642951
      vertex 38.15 0.25 33.12587659821476
      vertex 35.85 0.25 33.12587659821476
    endloop
  endfacet
  facet normal 0 -1 0
    outer loop
      vertex 32.5 0.25 31.19175319642951
      vertex 37 0.25 30.92824680357049
      vertex 38.15 0.25 33.12587659821476
    endloop
  endfacet
  facet normal 0 -1 0
    outer loop
      vertex 40.35 0.25 28.994123401785245
      vertex 38.15 0.25 33.12587659821476
      vertex 37 0.25 30.92824680357049
    endloop
  endfacet
  facet normal 0 -1 0
    outer loop
      vertex 42.65 0.25 25.125876598214752
      vertex 42.65 0.25 28.994123401785245
      vertex 40.35 0.25 25.125876598214752
    endloop
  endfacet
  facet normal 0 -1 0
    outer loop
      vertex 40.35 0.25 25.125876598214752
      vertex 42.65 0.25 28.994123401785245
      vertex 40.35 0.25 28.994123401785245
    endloop
  endfacet
  facet normal 0 -1 0
    outer loop
      vertex 38.15 0.25 33.12587659821476
      vertex 40.35 0.25 28.994123401785245
      vertex 42.65 0.25 28.994123401785245
    endloop
  endfacet
  facet normal 0 -1 0
    outer loop
      vertex 42.65 0.25 28.994123401785245
      vertex 46 0.25 30.92824680357049
      vertex 41.5 0.25 31.19175319642951
    endloop
  endfacet
  facet normal 0 -1 0
    outer loop
      vertex 42.65 0.25 28.994123401785245
      vertex 41.5 0.25 31.19175319642951
      vertex 38.15 0.25 33.12587659821476
    endloop
  endfacet
  facet normal 0 -1 0
    outer loop
      vertex 44.85 0.25 33.12587659821476
      vertex 41.5 0.25 31.19175319642951
      vertex 46 0.25 30.92824680357049
    endloop
  endfacet
  facet normal 0 -1 0
    outer loop
      vertex 44.85 0.25 33.12587659821476
      vertex 46 0.25 30.92824680357049
      vertex 49.35 0.25 28.994123401785245
    endloop
  endfacet
  facet normal 0 -1 0
    outer loop
      vertex 53.85 0.25 17.125876598214752
      vertex 56.15 0.25 20.994123401785245
      vertex 53.85 0.25 20.994123401785245
    endloop
  endfacet
  facet normal 0 -1 0
    outer loop
      vertex 44.85 0.25 20.994123401785245
      vertex 47.15 0.25 20.994123401785245
      vertex 50.5 0.25 22.92824680357049
    endloop
  endfacet
  facet normal 0 -1 0
    outer loop
      vertex 46 0.25 23.191753196429506
      vertex 51.65 0.25 25.125876598214752
      vertex 49.35 0.25 25.125876598214752
    endloop
  endfacet
  facet normal 0 -1 0
    outer loop
      vertex 46 0.25 23.191753196429506
      vertex 50.5 0.25 22.92824680357049
      vertex 51.65 0.25 25.125876598214752
    endloop
  endfacet
  facet normal 0 -1 0
    outer loop
      vertex 53.85 0.25 20.994123401785245
      vertex 56.15 0.25 20.994123401785245
      vertex 51.65 0.25 25.125876598214752
    endloop
  endfacet
  facet normal 0 -1 0
    outer loop
      vertex 53.85 0.25 20.994123401785245
      vertex 51.65 0.25 25.125876598214752
      vertex 50.5 0.25 22.92824680357049
    endloop
  endfacet
  facet normal 0 -1 0
    outer loop
      vertex 56.15 0.25 20.994123401785245
      vertex 55 0.25 23.191753196429506
      vertex 51.65 0.25 25.125876598214752
    endloop
  endfacet
  facet normal 0 -1 0
    outer loop
      vertex 56.5 0.25 16.029999999999998
      vertex 56.15 0.25 17.125876598214752
      vertex 53.85 0.25 17.125876598214752
    endloop
  endfacet
  facet normal 0 -1 0
    outer loop
      vertex 56.15 0.25 17.125876598214752
      vertex 56.15 0.25 20.994123401785245
      vertex 53.85 0.25 17.125876598214752
    endloop
  endfacet
  facet normal 0 -1 0
    outer loop
      vertex 55 0.25 23.191753196429506
      vertex 56.15 0.25 20.994123401785245
      vertex 59.5 0.25 22.92824680357049
    endloop
  endfacet
  facet normal 0 -1 0
    outer loop
      vertex 59.5 0.25 22.92824680357049
      vertex 58.35 0.25 25.125876598214752
      vertex 55 0.25 23.191753196429506
    endloop
  endfacet
  facet normal 0 -1 0
    outer loop
      vertex 58.35 0.25 25.125876598214752
      vertex 62.85 0.25 20.994123401785245
      vertex 65.15 0.25 20.994123401785245
    endloop
  endfacet
  facet normal 0 -1 0
    outer loop
      vertex 58.35 0.25 25.125876598214752
      vertex 59.5 0.25 22.92824680357049
      vertex 62.85 0.25 20.994123401785245
    endloop
  endfacet
  facet normal 0 -1 0
    outer loop
      vertex 65.15 0.25 20.994123401785245
      vertex 60.65 0.25 25.125876598214752
      vertex 58.35 0.25 25.125876598214752
    endloop
  endfacet
  facet normal 0 -1 0
    outer loop
      vertex 51.65 0.25 28.994123401785245
      vertex 49.35 0.25 25.125876598214752
      vertex 51.65 0.25 25.125876598214752
    endloop
  endfacet
  facet normal 0 -1 0
    outer loop
      vertex 49.35 0.25 25.125876598214752
      vertex 51.65 0.25 28.994123401785245
      vertex 49.35 0.25 28.994123401785245
    endloop
  endfacet
  facet normal 0 -1 0
    outer loop
      vertex 44.85 0.25 33.12587659821476
      vertex 49.35 0.25 28.994123401785245
      vertex 51.65 0.25 28.994123401785245
    endloop
  endfacet
  facet normal 0 -1 0
    outer loop
      vertex 51.65 0.25 28.994123401785245
      vertex 47.15 0.25 33.12587659821476
      vertex 44.85 0.25 33.12587659821476
    endloop
  endfacet
  facet normal 0 -1 0
    outer loop
      vertex 51.65 0.25 28.994123401785245
      vertex 50.5 0.25 31.19175319642951
      vertex 47.15 0.25 33.12587659821476
    endloop
  endfacet
  facet normal 0 -1 0
    outer loop
      vertex 51.65 0.25 28.994123401785245
      vertex 55 0.25 30.92824680357049
      vertex 50.5 0.25 31.19175319642951
    endloop
  endfacet
  facet normal 0 -1 0
    outer loop
      vertex 50.5 0.25 31.19175319642951
      vertex 55 0.25 30.92824680357049
      vertex 53.85 0.25 33.12587659821476
    endloop
  endfacet
  facet normal 0 -1 0
    outer loop
      vertex 60.65 0.25 25.125876598214752
      vertex 60.65 0.25 28.994123401785245
      vertex 58.35 0.25 25.125876598214752
    endloop
  endfacet
  facet normal 0 -1 0
    outer loop
      vertex 58.35 0.25 25.125876598214752
      vertex 60.65 0.25 28.994123401785245
      vertex 58.35 0.25 28.994123401785245
    endloop
  endfacet
  facet normal 0 -1 0
    outer loop
      vertex 56.15 0.25 33.12587659821476
      vertex 58.35 0.25 28.994123401785245
      vertex 60.65 0.25 28.994123401785245
    endloop
  endfacet
  facet normal 0 -1 0
    outer loop
      vertex 53.85 0.25 33.12587659821476
      vertex 55 0.25 30.92824680357049
      vertex 58.35 0.25 28.994123401785245
    endloop
  endfacet
  facet normal 0 -1 0
    outer loop
      vertex 53.85 0.25 33.12587659821476
      vertex 58.35 0.25 28.994123401785245
      vertex 56.15 0.25 33.12587659821476
    endloop
  endfacet
  facet normal 0 -1 0
    outer loop
      vertex 60.65 0.25 28.994123401785245
      vertex 59.5 0.25 31.19175319642951
      vertex 56.15 0.25 33.12587659821476
    endloop
  endfacet
  facet normal 0 -1 0
    outer loop
      vertex 60.65 0.25 28.994123401785245
      vertex 64 0.25 30.92824680357049
      vertex 59.5 0.25 31.19175319642951
    endloop
  endfacet
  facet normal 0 -1 0
    outer loop
      vertex 59.5 0.25 31.19175319642951
      vertex 64 0.25 30.92824680357049
      vertex 62.85 0.25 33.12587659821476
    endloop
  endfacet
  facet normal -1 0 0
    outer loop
      vertex 0.25 4 61.989700000000006
      vertex 0.25 22.15 20.994123401785245
      vertex 0.25 4 16.03
    endloop
  endfacet
  facet normal -0.7071067811865476 -0.7071067811865476 0
    outer loop
      vertex 2.125 0.752404735808355 4.8356828158306016
      vertex 2.125 0.752404735808355 61.9797
      vertex 2.1213494806803395 0.7560552551280155 61.989700000000006
    endloop
  endfacet
  facet normal -0.7071067811865475 -0.7071067811865476 7.84022589126223e-21
    outer loop
      vertex 2.125 0.752404735808355 4.8356828158306016
      vertex 2.1213494806803395 0.7560552551280155 61.989700000000006
      vertex 0.7526448930767005 2.1247598427316543 61.9797
    endloop
  endfacet
  facet normal -0.7071067811878009 -0.7071067811852942 -7.833271381935846e-14
    outer loop
      vertex 2.125 0.752404735808355 4.8356828158306016
      vertex 0.7526448930767005 2.1247598427316543 61.9797
      vertex 0.7525747408787148 2.12482999492964 61.9797
    endloop
  endfacet
  facet normal -0.2588190451025207 -0.9659258262890683 0
    outer loop
      vertex 2.125 0.752404735808355 4.8356828158306016
      vertex 4 0.25 61.989700000000006
      vertex 2.125 0.752404735808355 61.9797
    endloop
  endfacet
  facet normal -0.25881904510239084 -0.9659258262891031 0
    outer loop
      vertex 3.193415770766865 0.46612359285069804 4.624756623534063
      vertex 4 0.25 61.9797
      vertex 4 0.25 61.989700000000006
    endloop
  endfacet
  facet normal -0.7071067811867785 -0.7071067811863168 0
    outer loop
      vertex 0.7525747408787148 2.12482999492964 61.9797
      vertex 0.752404735808355 2.125 61.989700000000006
      vertex 0.752404735808355 2.125 16.03
    endloop
  endfacet
  facet normal -0.9659258262890683 -0.2588190451025207 0
    outer loop
      vertex 0.752404735808355 2.125 61.989700000000006
      vertex 0.25 4 61.989700000000006
      vertex 0.752404735808355 2.125 16.03
    endloop
  endfacet
  facet normal -1 0 0
    outer loop
      vertex 0.25 4 61.989700000000006
      vertex 0.25 25.5 22.92824680357049
      vertex 0.25 22.15 20.994123401785245
    endloop
  endfacet
  facet normal -1 0 0
    outer loop
      vertex 0.25 4 61.989700000000006
      vertex 0.25 26.65 25.125876598214752
      vertex 0.25 25.5 22.92824680357049
    endloop
  endfacet
  facet normal -1 0 0
    outer loop
      vertex 0.25 4 61.989700000000006
      vertex 0.25 22.15 33.12587659821476
      vertex 0.25 26.65 25.125876598214752
    endloop
  endfacet
  facet normal -1 0 0
    outer loop
      vertex 0.25 4 61.989700000000006
      vertex 0.25 22.15 36.994123401785245
      vertex 0.25 22.15 33.12587659821476
    endloop
  endfacet
  facet normal 0 -1 0
    outer loop
      vertex 4 0.25 61.9797
      vertex 29.15 0.25 20.994123401785245
      vertex 32.5 0.25 22.92824680357049
    endloop
  endfacet
  facet normal 0 -1 0
    outer loop
      vertex 4 0.25 61.9797
      vertex 32.5 0.25 22.92824680357049
      vertex 29.15 0.25 33.12587659821476
    endloop
  endfacet
  facet normal 0 -1 0
    outer loop
      vertex 4 0.25 61.9797
      vertex 29.15 0.25 33.12587659821476
      vertex 29.15 0.25 36.994123401785245
    endloop
  endfacet
  facet normal 0 -1 0
    outer loop
      vertex 4 0.25 61.9797
      vertex 29.15 0.25 36.994123401785245
      vertex 32.5 0.25 38.928246803570495
    endloop
  endfacet
  facet normal 0 -1 0
    outer loop
      vertex 4 0.25 61.9797
      vertex 32.5 0.25 38.928246803570495
      vertex 38.15 0.25 36.994123401785245
    endloop
  endfacet
  facet normal 0 -1 0
    outer loop
      vertex 4 0.25 61.9797
      vertex 38.15 0.25 36.994123401785245
      vertex 33.65 0.25 41.12587659821476
    endloop
  endfacet
  facet normal -0.7071067811865475 -0.7071067811865475 1.1469363278280435e-14
    outer loop
      vertex 2.1213494806803395 0.7560552551280155 61.989700000000006
      vertex 0.752404735808355 2.125 61.989700000000006
      vertex 0.7526448930767005 2.1247598427316543 61.9797
    endloop
  endfacet
  facet normal -0.2588190451025207 -0.9659258262890683 0
    outer loop
      vertex 2.125 0.752404735808355 61.9797
      vertex 4 0.25 61.989700000000006
      vertex 2.125 0.752404735808355 61.989700000000006
    endloop
  endfacet
  facet normal -1 0 0
    outer loop
      vertex 0.25 4 61.989700000000006
      vertex 0.25 22.15 49.12587659821476
      vertex 0.25 22.15 36.994123401785245
    endloop
  endfacet
  facet normal -1 0 0
    outer loop
      vertex 0.25 4 61.989700000000006
      vertex 0.25 22.15 52.994123401785245
      vertex 0.25 22.15 49.12587659821476
    endloop
  endfacet
  facet normal -1 0 0
    outer loop
      vertex 0.25 4 61.989700000000006
      vertex 0.25 25.5 54.928246803570495
      vertex 0.25 22.15 52.994123401785245
    endloop
  endfacet
  facet normal 0 -1 0
    outer loop
      vertex 4 0.25 61.9797
      vertex 33.65 0.25 41.12587659821476
      vertex 33.65 0.25 44.994123401785245
    endloop
  endfacet
  facet normal 0 -1 0
    outer loop
      vertex 4 0.25 61.9797
      vertex 33.65 0.25 44.994123401785245
      vertex 32.5 0.25 47.19175319642951
    endloop
  endfacet
  facet normal 0 -1 0
    outer loop
      vertex 4 0.25 61.9797
      vertex 32.5 0.25 47.19175319642951
      vertex 29.15 0.25 49.12587659821476
    endloop
  endfacet
  facet normal 0 -1 0
    outer loop
      vertex 4 0.25 61.9797
      vertex 29.15 0.25 49.12587659821476
      vertex 29.15 0.25 52.994123401785245
    endloop
  endfacet
  facet normal 0 -1 0
    outer loop
      vertex 4 0.25 61.9797
      vertex 29.15 0.25 52.994123401785245
      vertex 32.5 0.25 54.928246803570495
    endloop
  endfacet
  facet normal 0 -1 0
    outer loop
      vertex 4 0.25 61.9797
      vertex 32.5 0.25 54.928246803570495
      vertex 41.5 0.25 54.928246803570495
    endloop
  endfacet
  facet normal -1 0 0
    outer loop
      vertex 0.25 22.15 36.994123401785245
      vertex 0.25 26.65 41.12587659821476
      vertex 0.25 25.5 38.928246803570495
    endloop
  endfacet
  facet normal -1 0 0
    outer loop
      vertex 0.25 22.15 36.994123401785245
      vertex 0.25 26.65 44.994123401785245
      vertex 0.25 26.65 41.12587659821476
    endloop
  endfacet
  facet normal -1 0 0
    outer loop
      vertex 0.25 28.85 33.12587659821476
      vertex 0.25 28.85 36.994123401785245
      vertex 0.25 31.15 33.12587659821476
    endloop
  endfacet
  facet normal -1 0 0
    outer loop
      vertex 0.25 28.85 36.994123401785245
      vertex 0.25 31.15 36.994123401785245
      vertex 0.25 31.15 33.12587659821476
    endloop
  endfacet
  facet normal -1 0 0
    outer loop
      vertex 0.25 28.85 36.994123401785245
      vertex 0.25 25.5 38.928246803570495
      vertex 0.25 31.15 36.994123401785245
    endloop
  endfacet
  facet normal -1 0 0
    outer loop
      vertex 0.25 30 39.19175319642951
      vertex 0.25 31.15 36.994123401785245
      vertex 0.25 25.5 38.928246803570495
    endloop
  endfacet
  facet normal -1 0 0
    outer loop
      vertex 0.25 25.5 38.928246803570495
      vertex 0.25 26.65 41.12587659821476
      vertex 0.25 30 39.19175319642951
    endloop
  endfacet
  facet normal -1 0 0
    outer loop
      vertex 0.25 30 39.19175319642951
      vertex 0.25 33.35 41.12587659821476
      vertex 0.25 31.15 36.994123401785245
    endloop
  endfacet
  facet normal -1 0 0
    outer loop
      vertex 0.25 22.15 36.994123401785245
      vertex 0.25 22.15 49.12587659821476
      vertex 0.25 25.5 47.19175319642951
    endloop
  endfacet
  facet normal -1 0 0
    outer loop
      vertex 0.25 22.15 36.994123401785245
      vertex 0.25 25.5 47.19175319642951
      vertex 0.25 26.65 44.994123401785245
    endloop
  endfacet
  facet normal -1 0 0
    outer loop
      vertex 0.25 25.5 47.19175319642951
      vertex 0.25 28.85 49.12587659821476
      vertex 0.25 26.65 44.994123401785245
    endloop
  endfacet
  facet normal -1 0 0
    outer loop
      vertex 0.25 26.65 44.994123401785245
      vertex 0.25 28.85 49.12587659821476
      vertex 0.25 30 46.928246803570495
    endloop
  endfacet
  facet normal -1 0 0
    outer loop
      vertex 0.25 28.85 49.12587659821476
      vertex 0.25 31.15 49.12587659821476
      vertex 0.25 30 46.928246803570495
    endloop
  endfacet
  facet normal -1 0 0
    outer loop
      vertex 0.25 33.35 41.12587659821476
      vertex 0.25 34.5 38.928246803570495
      vertex 0.25 31.15 36.994123401785245
    endloop
  endfacet
  facet normal -1 0 0
    outer loop
      vertex 0.25 33.35 41.12587659821476
      vertex 0.25 39 39.19175319642951
      vertex 0.25 34.5 38.928246803570495
    endloop
  endfacet
  facet normal -1 0 0
    outer loop
      vertex 0.25 33.35 41.12587659821476
      vertex 0.25 35.65 41.12587659821476
      vertex 0.25 39 39.19175319642951
    endloop
  endfacet
  facet normal -1 0 0
    outer loop
      vertex 0.25 37.85 33.12587659821476
      vertex 0.25 37.85 36.994123401785245
      vertex 0.25 40.15 33.12587659821476
    endloop
  endfacet
  facet normal -1 0 0
    outer loop
      vertex 0.25 40.15 33.12587659821476
      vertex 0.25 37.85 36.994123401785245
      vertex 0.25 40.15 36.994123401785245
    endloop
  endfacet
  facet normal -1 0 0
    outer loop
      vertex 0.25 34.5 38.928246803570495
      vertex 0.25 40.15 36.994123401785245
      vertex 0.25 37.85 36.994123401785245
    endloop
  endfacet
  facet normal -1 0 0
    outer loop
      vertex 0.25 34.5 38.928246803570495
      vertex 0.25 39 39.19175319642951
      vertex 0.25 40.15 36.994123401785245
    endloop
  endfacet
  facet normal -1 0 0
    outer loop
      vertex 0.25 39 39.19175319642951
      vertex 0.25 42.35 41.12587659821476
      vertex 0.25 40.15 36.994123401785245
    endloop
  endfacet
  facet normal -1 0 0
    outer loop
      vertex 0.25 33.35 41.12587659821476
      vertex 0.25 33.35 44.994123401785245
      vertex 0.25 35.65 41.12587659821476
    endloop
  endfacet
  facet normal -1 0 0
    outer loop
      vertex 0.25 33.35 44.994123401785245
      vertex 0.25 35.65 44.994123401785245
      vertex 0.25 35.65 41.12587659821476
    endloop
  endfacet
  facet normal -1 0 0
    outer loop
      vertex 0.25 33.35 44.994123401785245
      vertex 0.25 30 46.928246803570495
      vertex 0.25 34.5 47.19175319642951
    endloop
  endfacet
  facet normal -1 0 0
    outer loop
      vertex 0.25 30 46.928246803570495
      vertex 0.25 31.15 49.12587659821476
      vertex 0.25 34.5 47.19175319642951
    endloop
  endfacet
  facet normal -1 0 0
    outer loop
      vertex 0.25 33.35 44.994123401785245
      vertex 0.25 34.5 47.19175319642951
      vertex 0.25 35.65 44.994123401785245
    endloop
  endfacet
  facet normal -1 0 0
    outer loop
      vertex 0.25 34.5 47.19175319642951
      vertex 0.25 37.85 49.12587659821476
      vertex 0.25 35.65 44.994123401785245
    endloop
  endfacet
  facet normal -1 0 0
    outer loop
      vertex 0.25 37.85 49.12587659821476
      vertex 0.25 39 46.928246803570495
      vertex 0.25 35.65 44.994123401785245
    endloop
  endfacet
  facet normal -1 0 0
    outer loop
      vertex 0.25 37.85 49.12587659821476
      vertex 0.25 40.15 49.12587659821476
      vertex 0.25 39 46.928246803570495
    endloop
  endfacet
  facet normal -1 0 0
    outer loop
      vertex 0.25 39 46.928246803570495
      vertex 0.25 43.5 47.19175319642951
      vertex 0.25 42.35 44.994123401785245
    endloop
  endfacet
  facet normal -1 0 0
    outer loop
      vertex 0.25 39 46.928246803570495
      vertex 0.25 40.15 49.12587659821476
      vertex 0.25 43.5 47.19175319642951
    endloop
  endfacet
  facet normal -1 0 0
    outer loop
      vertex 0.25 4 61.989700000000006
      vertex 0.25 34.5 54.928246803570495
      vertex 0.25 25.5 54.928246803570495
    endloop
  endfacet
  facet normal -1 0 0
    outer loop
      vertex 0.25 28.85 49.12587659821476
      vertex 0.25 28.85 52.994123401785245
      vertex 0.25 31.15 49.12587659821476
    endloop
  endfacet
  facet normal -1 0 0
    outer loop
      vertex 0.25 28.85 52.994123401785245
      vertex 0.25 31.15 52.994123401785245
      vertex 0.25 31.15 49.12587659821476
    endloop
  endfacet
  facet normal -1 0 0
    outer loop
      vertex 0.25 28.85 52.994123401785245
      vertex 0.25 25.5 54.928246803570495
      vertex 0.25 31.15 52.994123401785245
    endloop
  endfacet
  facet normal -1 0 0
    outer loop
      vertex 0.25 25.5 54.928246803570495
      vertex 0.25 34.5 54.928246803570495
      vertex 0.25 31.15 52.994123401785245
    endloop
  endfacet
  facet normal -1 0 0
    outer loop
      vertex 0.25 37.85 49.12587659821476
      vertex 0.25 37.85 52.994123401785245
      vertex 0.25 40.15 49.12587659821476
    endloop
  endfacet
  facet normal -1 0 0
    outer loop
      vertex 0.25 37.85 52.994123401785245
      vertex 0.25 40.15 52.994123401785245
      vertex 0.25 40.15 49.12587659821476
    endloop
  endfacet
  facet normal -1 0 0
    outer loop
      vertex 0.25 37.85 52.994123401785245
      vertex 0.25 34.5 54.928246803570495
      vertex 0.25 40.15 52.994123401785245
    endloop
  endfacet
  facet normal -1 0 0
    outer loop
      vertex 0.25 34.5 54.928246803570495
      vertex 0.25 43.5 54.928246803570495
      vertex 0.25 40.15 52.994123401785245
    endloop
  endfacet
  facet normal -1 0 0
    outer loop
      vertex 0.25 4 61.989700000000006
      vertex 0.25 80 61.989700000000006
      vertex 0.25 34.5 54.928246803570495
    endloop
  endfacet
  facet normal 0 -1 0
    outer loop
      vertex 35.85 0.25 33.12587659821476
      vertex 38.15 0.25 33.12587659821476
      vertex 38.15 0.25 36.994123401785245
    endloop
  endfacet
  facet normal 0 -1 0
    outer loop
      vertex 38.15 0.25 36.994123401785245
      vertex 35.85 0.25 36.994123401785245
      vertex 35.85 0.25 33.12587659821476
    endloop
  endfacet
  facet normal 0 -1 0
    outer loop
      vertex 38.15 0.25 36.994123401785245
      vertex 32.5 0.25 38.928246803570495
      vertex 35.85 0.25 36.994123401785245
    endloop
  endfacet
  facet normal 0 -1 0
    outer loop
      vertex 41.5 0.25 38.928246803570495
      vertex 37 0.25 39.19175319642951
      vertex 38.15 0.25 36.994123401785245
    endloop
  endfacet
  facet normal 0 -1 0
    outer loop
      vertex 38.15 0.25 36.994123401785245
      vertex 37 0.25 39.19175319642951
      vertex 33.65 0.25 41.12587659821476
    endloop
  endfacet
  facet normal 0 -1 0
    outer loop
      vertex 44.85 0.25 33.12587659821476
      vertex 47.15 0.25 33.12587659821476
      vertex 47.15 0.25 36.994123401785245
    endloop
  endfacet
  facet normal 0 -1 0
    outer loop
      vertex 44.85 0.25 33.12587659821476
      vertex 46 0.25 39.19175319642951
      vertex 44.85 0.25 36.994123401785245
    endloop
  endfacet
  facet normal 0 -1 0
    outer loop
      vertex 41.5 0.25 38.928246803570495
      vertex 44.85 0.25 36.994123401785245
      vertex 42.65 0.25 41.12587659821476
    endloop
  endfacet
  facet normal 0 -1 0
    outer loop
      vertex 41.5 0.25 38.928246803570495
      vertex 40.35 0.25 41.12587659821476
      vertex 37 0.25 39.19175319642951
    endloop
  endfacet
  facet normal 0 -1 0
    outer loop
      vertex 40.35 0.25 41.12587659821476
      vertex 41.5 0.25 38.928246803570495
      vertex 42.65 0.25 41.12587659821476
    endloop
  endfacet
  facet normal 0 -1 0
    outer loop
      vertex 49.35 0.25 41.12587659821476
      vertex 44.85 0.25 33.12587659821476
      vertex 47.15 0.25 36.994123401785245
    endloop
  endfacet
  facet normal 0 -1 0
    outer loop
      vertex 49.35 0.25 41.12587659821476
      vertex 46 0.25 39.19175319642951
      vertex 44.85 0.25 33.12587659821476
    endloop
  endfacet
  facet normal 0 -1 0
    outer loop
      vertex 44.85 0.25 36.994123401785245
      vertex 46 0.25 39.19175319642951
      vertex 42.65 0.25 41.12587659821476
    endloop
  endfacet
  facet normal 0 -1 0
    outer loop
      vertex 32.5 0.25 47.19175319642951
      vertex 33.65 0.25 44.994123401785245
      vertex 37 0.25 46.928246803570495
    endloop
  endfacet
  facet normal 0 -1 0
    outer loop
      vertex 37 0.25 46.928246803570495
      vertex 35.85 0.25 49.12587659821476
      vertex 32.5 0.25 47.19175319642951
    endloop
  endfacet
  facet normal 0 -1 0
    outer loop
      vertex 40.35 0.25 44.994123401785245
      vertex 38.15 0.25 49.12587659821476
      vertex 37 0.25 46.928246803570495
    endloop
  endfacet
  facet normal 0 -1 0
    outer loop
      vertex 35.85 0.25 49.12587659821476
      vertex 37 0.25 46.928246803570495
      vertex 38.15 0.25 49.12587659821476
    endloop
  endfacet
  facet normal 0 -1 0
    outer loop
      vertex 40.35 0.25 41.12587659821476
      vertex 42.65 0.25 41.12587659821476
      vertex 42.65 0.25 44.994123401785245
    endloop
  endfacet
  facet normal 0 -1 0
    outer loop
      vertex 42.65 0.25 44.994123401785245
      vertex 40.35 0.25 44.994123401785245
      vertex 40.35 0.25 41.12587659821476
    endloop
  endfacet
  facet normal 0 -1 0
    outer loop
      vertex 40.35 0.25 44.994123401785245
      vertex 41.5 0.25 47.19175319642951
      vertex 38.15 0.25 49.12587659821476
    endloop
  endfacet
  facet normal 0 -1 0
    outer loop
      vertex 42.65 0.25 44.994123401785245
      vertex 41.5 0.25 47.19175319642951
      vertex 40.35 0.25 44.994123401785245
    endloop
  endfacet
  facet normal 0 -1 0
    outer loop
      vertex 42.65 0.25 44.994123401785245
      vertex 46 0.25 46.928246803570495
      vertex 41.5 0.25 47.19175319642951
    endloop
  endfacet
  facet normal 0 -1 0
    outer loop
      vertex 49.35 0.25 44.994123401785245
      vertex 44.85 0.25 49.12587659821476
      vertex 46 0.25 46.928246803570495
    endloop
  endfacet
  facet normal 0 -1 0
    outer loop
      vertex 41.5 0.25 47.19175319642951
      vertex 46 0.25 46.928246803570495
      vertex 44.85 0.25 49.12587659821476
    endloop
  endfacet
  facet normal 0 -1 0
    outer loop
      vertex 49.35 0.25 44.994123401785245
      vertex 47.15 0.25 49.12587659821476
      vertex 44.85 0.25 49.12587659821476
    endloop
  endfacet
  facet normal 0 -1 0
    outer loop
      vertex 56.15 0.25 36.994123401785245
      vertex 53.85 0.25 36.994123401785245
      vertex 53.85 0.25 33.12587659821476
    endloop
  endfacet
  facet normal 0 -1 0
    outer loop
      vertex 49.35 0.25 41.12587659821476
      vertex 47.15 0.25 36.994123401785245
      vertex 50.5 0.25 38.928246803570495
    endloop
  endfacet
  facet normal 0 -1 0
    outer loop
      vertex 49.35 0.25 41.12587659821476
      vertex 50.5 0.25 38.928246803570495
      vertex 56.15 0.25 36.994123401785245
    endloop
  endfacet
  facet normal 0 -1 0
    outer loop
      vertex 56.15 0.25 36.994123401785245
      vertex 50.5 0.25 38.928246803570495
      vertex 53.85 0.25 36.994123401785245
    endloop
  endfacet
  facet normal 0 -1 0
    outer loop
      vertex 49.35 0.25 41.12587659821476
      vertex 56.15 0.25 36.994123401785245
      vertex 51.65 0.25 41.12587659821476
    endloop
  endfacet
  facet normal 0 -1 0
    outer loop
      vertex 56.15 0.25 36.994123401785245
      vertex 55 0.25 39.19175319642951
      vertex 51.65 0.25 41.12587659821476
    endloop
  endfacet
  facet normal 0 -1 0
    outer loop
      vertex 53.85 0.25 33.12587659821476
      vertex 56.15 0.25 33.12587659821476
      vertex 56.15 0.25 36.994123401785245
    endloop
  endfacet
  facet normal 0 -1 0
    outer loop
      vertex 56.15 0.25 36.994123401785245
      vertex 59.5 0.25 38.928246803570495
      vertex 55 0.25 39.19175319642951
    endloop
  endfacet
  facet normal 0 -1 0
    outer loop
      vertex 59.5 0.25 38.928246803570495
      vertex 58.35 0.25 41.12587659821476
      vertex 55 0.25 39.19175319642951
    endloop
  endfacet
  facet normal 0 -1 0
    outer loop
      vertex 62.85 0.25 36.994123401785245
      vertex 60.65 0.25 41.12587659821476
      vertex 59.5 0.25 38.928246803570495
    endloop
  endfacet
  facet normal 0 -1 0
    outer loop
      vertex 62.85 0.25 36.994123401785245
      vertex 64 0.25 39.19175319642951
      vertex 60.65 0.25 41.12587659821476
    endloop
  endfacet
  facet normal 0 -1 0
    outer loop
      vertex 49.35 0.25 41.12587659821476
      vertex 51.65 0.25 41.12587659821476
      vertex 51.65 0.25 44.994123401785245
    endloop
  endfacet
  facet normal 0 -1 0
    outer loop
      vertex 49.35 0.25 41.12587659821476
      vertex 50.5 0.25 47.19175319642951
      vertex 49.35 0.25 44.994123401785245
    endloop
  endfacet
  facet normal 0 -1 0
    outer loop
      vertex 49.35 0.25 41.12587659821476
      vertex 51.65 0.25 44.994123401785245
      vertex 50.5 0.25 47.19175319642951
    endloop
  endfacet
  facet normal 0 -1 0
    outer loop
      vertex 49.35 0.25 44.994123401785245
      vertex 50.5 0.25 47.19175319642951
      vertex 47.15 0.25 49.12587659821476
    endloop
  endfacet
  facet normal 0 -1 0
    outer loop
      vertex 51.65 0.25 44.994123401785245
      vertex 55 0.25 46.928246803570495
      vertex 50.5 0.25 47.19175319642951
    endloop
  endfacet
  facet normal 0 -1 0
    outer loop
      vertex 50.5 0.25 47.19175319642951
      vertex 55 0.25 46.928246803570495
      vertex 53.85 0.25 49.12587659821476
    endloop
  endfacet
  facet normal 0 -1 0
    outer loop
      vertex 58.35 0.25 41.12587659821476
      vertex 59.5 0.25 47.19175319642951
      vertex 58.35 0.25 44.994123401785245
    endloop
  endfacet
  facet normal 0 -1 0
    outer loop
      vertex 59.5 0.25 38.928246803570495
      vertex 60.65 0.25 41.12587659821476
      vertex 60.65 0.25 44.994123401785245
    endloop
  endfacet
  facet normal 0 -1 0
    outer loop
      vertex 58.35 0.25 41.12587659821476
      vertex 59.5 0.25 38.928246803570495
      vertex 59.5 0.25 47.19175319642951
    endloop
  endfacet
  facet normal 0 -1 0
    outer loop
      vertex 59.5 0.25 38.928246803570495
      vertex 60.65 0.25 44.994123401785245
      vertex 59.5 0.25 47.19175319642951
    endloop
  endfacet
  facet normal 0 -1 0
    outer loop
      vertex 53.85 0.25 49.12587659821476
      vertex 55 0.25 46.928246803570495
      vertex 58.35 0.25 44.994123401785245
    endloop
  endfacet
  facet normal 0 -1 0
    outer loop
      vertex 58.35 0.25 44.994123401785245
      vertex 59.5 0.25 47.19175319642951
      vertex 56.15 0.25 49.12587659821476
    endloop
  endfacet
  facet normal 0 -1 0
    outer loop
      vertex 53.85 0.25 49.12587659821476
      vertex 58.35 0.25 44.994123401785245
      vertex 56.15 0.25 49.12587659821476
    endloop
  endfacet
  facet normal 0 -1 0
    outer loop
      vertex 60.65 0.25 44.994123401785245
      vertex 64 0.25 46.928246803570495
      vertex 59.5 0.25 47.19175319642951
    endloop
  endfacet
  facet normal 0 -1 0
    outer loop
      vertex 59.5 0.25 47.19175319642951
      vertex 64 0.25 46.928246803570495
      vertex 62.85 0.25 49.12587659821476
    endloop
  endfacet
  facet normal 0 -1 0
    outer loop
      vertex 35.85 0.25 49.12587659821476
      vertex 38.15 0.25 49.12587659821476
      vertex 38.15 0.25 52.994123401785245
    endloop
  endfacet
  facet normal 0 -1 0
    outer loop
      vertex 38.15 0.25 52.994123401785245
      vertex 35.85 0.25 52.994123401785245
      vertex 35.85 0.25 49.12587659821476
    endloop
  endfacet
  facet normal 0 -1 0
    outer loop
      vertex 35.85 0.25 52.994123401785245
      vertex 41.5 0.25 54.928246803570495
      vertex 32.5 0.25 54.928246803570495
    endloop
  endfacet
  facet normal 0 -1 0
    outer loop
      vertex 38.15 0.25 52.994123401785245
      vertex 41.5 0.25 54.928246803570495
      vertex 35.85 0.25 52.994123401785245
    endloop
  endfacet
  facet normal 0 -1 0
    outer loop
      vertex 47.15 0.25 49.12587659821476
      vertex 47.15 0.25 52.994123401785245
      vertex 44.85 0.25 49.12587659821476
    endloop
  endfacet
  facet normal 0 -1 0
    outer loop
      vertex 47.15 0.25 52.994123401785245
      vertex 44.85 0.25 52.994123401785245
      vertex 44.85 0.25 49.12587659821476
    endloop
  endfacet
  facet normal 0 -1 0
    outer loop
      vertex 44.85 0.25 52.994123401785245
      vertex 50.5 0.25 54.928246803570495
      vertex 41.5 0.25 54.928246803570495
    endloop
  endfacet
  facet normal 0 -1 0
    outer loop
      vertex 53.85 0.25 49.12587659821476
      vertex 56.15 0.25 52.994123401785245
      vertex 53.85 0.25 52.994123401785245
    endloop
  endfacet
  facet normal 0 -1 0
    outer loop
      vertex 47.15 0.25 52.994123401785245
      vertex 50.5 0.25 54.928246803570495
      vertex 44.85 0.25 52.994123401785245
    endloop
  endfacet
  facet normal 0 -1 0
    outer loop
      vertex 53.85 0.25 52.994123401785245
      vertex 59.5 0.25 54.928246803570495
      vertex 50.5 0.25 54.928246803570495
    endloop
  endfacet
  facet normal 0 -1 0
    outer loop
      vertex 53.85 0.25 49.12587659821476
      vertex 56.15 0.25 49.12587659821476
      vertex 56.15 0.25 52.994123401785245
    endloop
  endfacet
  facet normal 0 -1 0
    outer loop
      vertex 56.15 0.25 52.994123401785245
      vertex 59.5 0.25 54.928246803570495
      vertex 53.85 0.25 52.994123401785245
    endloop
  endfacet
  facet normal 0 -1 0
    outer loop
      vertex 4 0.25 61.9797
      vertex 41.5 0.25 54.928246803570495
      vertex 122 0.25 61.9797
    endloop
  endfacet
  facet normal -1 0 0
    outer loop
      vertex 0.25 44.9518860530663 16.03
      vertex 0.25 49.15 17.125876598214752
      vertex 0.25 51.0481139469337 16.03
    endloop
  endfacet
  facet normal -1 0 0
    outer loop
      vertex 0.25 39.095321566883705 5
      vertex 0.25 79.5 5.66
      vertex 0.25 44.904678433116295 5
    endloop
  endfacet
  facet normal -1 0 0
    outer loop
      vertex 0.25 44.904678433116295 5
      vertex 0.25 79.5 5.66
      vertex 0.25 46 4.750000000000001
    endloop
  endfacet
  facet normal -1 0 0
    outer loop
      vertex 0.25 53.9518860530663 16.03
      vertex 0.25 58.15 17.125876598214752
      vertex 0.25 60.0481139469337 16.03
    endloop
  endfacet
  facet normal -1 0 0
    outer loop
      vertex 0.25 46.85 17.125876598214752
      vertex 0.25 49.15 17.125876598214752
      vertex 0.25 44.9518860530663 16.03
    endloop
  endfacet
  facet normal -1 0 0
    outer loop
      vertex 0.25 40.15 20.994123401785245
      vertex 0.25 42.35 25.125876598214752
      vertex 0.25 43.5 22.92824680357049
    endloop
  endfacet
  facet normal -1 0 0
    outer loop
      vertex 0.25 42.35 25.125876598214752
      vertex 0.25 44.65 25.125876598214752
      vertex 0.25 43.5 22.92824680357049
    endloop
  endfacet
  facet normal -1 0 0
    outer loop
      vertex 0.25 43.5 22.92824680357049
      vertex 0.25 48 23.191753196429506
      vertex 0.25 46.85 20.994123401785245
    endloop
  endfacet
  facet normal -1 0 0
    outer loop
      vertex 0.25 43.5 22.92824680357049
      vertex 0.25 44.65 25.125876598214752
      vertex 0.25 48 23.191753196429506
    endloop
  endfacet
  facet normal -1 0 0
    outer loop
      vertex 0.25 46.85 17.125876598214752
      vertex 0.25 46.85 20.994123401785245
      vertex 0.25 49.15 17.125876598214752
    endloop
  endfacet
  facet normal -1 0 0
    outer loop
      vertex 0.25 46.85 20.994123401785245
      vertex 0.25 49.15 20.994123401785245
      vertex 0.25 49.15 17.125876598214752
    endloop
  endfacet
  facet normal -1 0 0
    outer loop
      vertex 0.25 46.85 20.994123401785245
      vertex 0.25 48 23.191753196429506
      vertex 0.25 49.15 20.994123401785245
    endloop
  endfacet
  facet normal -1 0 0
    outer loop
      vertex 0.25 49.15 20.994123401785245
      vertex 0.25 48 23.191753196429506
      vertex 0.25 51.35 25.125876598214752
    endloop
  endfacet
  facet normal -1 0 0
    outer loop
      vertex 0.25 49.15 20.994123401785245
      vertex 0.25 51.35 25.125876598214752
      vertex 0.25 52.5 22.92824680357049
    endloop
  endfacet
  facet normal -1 0 0
    outer loop
      vertex 0.25 42.35 25.125876598214752
      vertex 0.25 42.35 28.994123401785245
      vertex 0.25 44.65 25.125876598214752
    endloop
  endfacet
  facet normal -1 0 0
    outer loop
      vertex 0.25 42.35 28.994123401785245
      vertex 0.25 44.65 28.994123401785245
      vertex 0.25 44.65 25.125876598214752
    endloop
  endfacet
  facet normal -1 0 0
    outer loop
      vertex 0.25 42.35 28.994123401785245
      vertex 0.25 43.5 31.19175319642951
      vertex 0.25 44.65 28.994123401785245
    endloop
  endfacet
  facet normal -1 0 0
    outer loop
      vertex 0.25 44.65 28.994123401785245
      vertex 0.25 43.5 31.19175319642951
      vertex 0.25 46.85 33.12587659821476
    endloop
  endfacet
  facet normal -1 0 0
    outer loop
      vertex 0.25 46.85 33.12587659821476
      vertex 0.25 48 30.92824680357049
      vertex 0.25 44.65 28.994123401785245
    endloop
  endfacet
  facet normal -1 0 0
    outer loop
      vertex 0.25 51.35 25.125876598214752
      vertex 0.25 51.35 28.994123401785245
      vertex 0.25 53.65 25.125876598214752
    endloop
  endfacet
  facet normal -1 0 0
    outer loop
      vertex 0.25 46.85 33.12587659821476
      vertex 0.25 49.15 33.12587659821476
      vertex 0.25 48 30.92824680357049
    endloop
  endfacet
  facet normal -1 0 0
    outer loop
      vertex 0.25 48 30.92824680357049
      vertex 0.25 52.5 31.19175319642951
      vertex 0.25 51.35 28.994123401785245
    endloop
  endfacet
  facet normal -1 0 0
    outer loop
      vertex 0.25 48 30.92824680357049
      vertex 0.25 49.15 33.12587659821476
      vertex 0.25 52.5 31.19175319642951
    endloop
  endfacet
  facet normal -1 0 0
    outer loop
      vertex 0.25 55.85 17.125876598214752
      vertex 0.25 58.15 17.125876598214752
      vertex 0.25 53.9518860530663 16.03
    endloop
  endfacet
  facet normal -1 0 0
    outer loop
      vertex 0.25 55.85 17.125876598214752
      vertex 0.25 55.85 20.994123401785245
      vertex 0.25 58.15 17.125876598214752
    endloop
  endfacet
  facet normal -1 0 0
    outer loop
      vertex 0.25 55.85 20.994123401785245
      vertex 0.25 58.15 20.994123401785245
      vertex 0.25 58.15 17.125876598214752
    endloop
  endfacet
  facet normal -1 0 0
    outer loop
      vertex 0.25 51.35 25.125876598214752
      vertex 0.25 53.65 25.125876598214752
      vertex 0.25 52.5 22.92824680357049
    endloop
  endfacet
  facet normal -1 0 0
    outer loop
      vertex 0.25 52.5 22.92824680357049
      vertex 0.25 53.65 25.125876598214752
      vertex 0.25 57 23.191753196429506
    endloop
  endfacet
  facet normal -1 0 0
    outer loop
      vertex 0.25 52.5 22.92824680357049
      vertex 0.25 57 23.191753196429506
      vertex 0.25 55.85 20.994123401785245
    endloop
  endfacet
  facet normal -1 0 0
    outer loop
      vertex 0.25 55.85 20.994123401785245
      vertex 0.25 57 23.191753196429506
      vertex 0.25 58.15 20.994123401785245
    endloop
  endfacet
  facet normal -1 0 0
    outer loop
      vertex 0.25 57 23.191753196429506
      vertex 0.25 60.35 25.125876598214752
      vertex 0.25 58.15 20.994123401785245
    endloop
  endfacet
  facet normal -1 0 0
    outer loop
      vertex 0.25 60.35 25.125876598214752
      vertex 0.25 61.5 22.92824680357049
      vertex 0.25 58.15 20.994123401785245
    endloop
  endfacet
  facet normal -1 0 0
    outer loop
      vertex 0.25 60.35 25.125876598214752
      vertex 0.25 62.65 25.125876598214752
      vertex 0.25 61.5 22.92824680357049
    endloop
  endfacet
  facet normal -1 0 0
    outer loop
      vertex 0.25 53.65 25.125876598214752
      vertex 0.25 51.35 28.994123401785245
      vertex 0.25 53.65 28.994123401785245
    endloop
  endfacet
  facet normal -1 0 0
    outer loop
      vertex 0.25 51.35 28.994123401785245
      vertex 0.25 52.5 31.19175319642951
      vertex 0.25 53.65 28.994123401785245
    endloop
  endfacet
  facet normal -1 0 0
    outer loop
      vertex 0.25 53.65 28.994123401785245
      vertex 0.25 52.5 31.19175319642951
      vertex 0.25 55.85 33.12587659821476
    endloop
  endfacet
  facet normal -1 0 0
    outer loop
      vertex 0.25 53.65 28.994123401785245
      vertex 0.25 55.85 33.12587659821476
      vertex 0.25 57 30.92824680357049
    endloop
  endfacet
  facet normal -1 0 0
    outer loop
      vertex 0.25 55.85 33.12587659821476
      vertex 0.25 58.15 33.12587659821476
      vertex 0.25 57 30.92824680357049
    endloop
  endfacet
  facet normal -1 0 0
    outer loop
      vertex 0.25 60.35 25.125876598214752
      vertex 0.25 60.35 28.994123401785245
      vertex 0.25 62.65 25.125876598214752
    endloop
  endfacet
  facet normal -1 0 0
    outer loop
      vertex 0.25 60.35 28.994123401785245
      vertex 0.25 62.65 28.994123401785245
      vertex 0.25 62.65 25.125876598214752
    endloop
  endfacet
  facet normal -1 0 0
    outer loop
      vertex 0.25 57 30.92824680357049
      vertex 0.25 61.5 31.19175319642951
      vertex 0.25 60.35 28.994123401785245
    endloop
  endfacet
  facet normal -1 0 0
    outer loop
      vertex 0.25 57 30.92824680357049
      vertex 0.25 58.15 33.12587659821476
      vertex 0.25 61.5 31.19175319642951
    endloop
  endfacet
  facet normal -1 0 0
    outer loop
      vertex 0.25 60.35 28.994123401785245
      vertex 0.25 64.85 33.12587659821476
      vertex 0.25 62.65 28.994123401785245
    endloop
  endfacet
  facet normal -1 0 0
    outer loop
      vertex 0.25 60.35 28.994123401785245
      vertex 0.25 61.5 31.19175319642951
      vertex 0.25 64.85 33.12587659821476
    endloop
  endfacet
  facet normal -1 0 0
    outer loop
      vertex 0.25 46 4.750000000000001
      vertex 0.25 79.5 5.66
      vertex 0.25 80 4.750000000000001
    endloop
  endfacet
  facet normal -1 0 0
    outer loop
      vertex 0.25 62.9518860530663 16.03
      vertex 0.25 67.15 17.125876598214752
      vertex 0.25 69.0481139469337 16.03
    endloop
  endfacet
  facet normal -0.9659258262890684 0.25881904510252046 6.3916146317077035e-16
    outer loop
      vertex 0.25 80 4.750000000000001
      vertex 0.35717967697245107 80.4 5.66
      vertex 0.752404735808355 81.875 5.66
    endloop
  endfacet
  facet normal -0.965925826289068 0.25881904510252174 -2.247442505667266e-15
    outer loop
      vertex 0.25 80 4.750000000000001
      vertex 0.752404735808355 81.875 5.66
      vertex 0.6785869382749741 81.59950822910258 4.686490377251034
    endloop
  endfacet
  facet normal -0.96592582628907 0.2588190451025142 0
    outer loop
      vertex 0.6785869382749741 81.59950822910258 4.686490377251034
      vertex 0.752404735808355 81.875 5.66
      vertex 0.752404735808355 81.875 4.803476700185666
    endloop
  endfacet
  facet normal -0.7071067811865476 0.7071067811865476 0
    outer loop
      vertex 0.752404735808355 81.875 4.803476700185666
      vertex 0.752404735808355 81.875 5.66
      vertex 2.125 83.24759526419165 5.66
    endloop
  endfacet
  facet normal -0.7071067811865456 0.7071067811865493 -5.9679881335028356e-15
    outer loop
      vertex 0.752404735808355 81.875 4.803476700185666
      vertex 2.125 83.24759526419165 5.66
      vertex 1.7272913020716125 82.84988656626325 4.645141734721306
    endloop
  endfacet
  facet normal -0.7071067811865532 0.7071067811865419 0
    outer loop
      vertex 1.7272913020716125 82.84988656626325 4.645141734721306
      vertex 2.125 83.24759526419165 5.66
      vertex 2.125 83.24759526419165 4.8356828158305865
    endloop
  endfacet
  facet normal -0.25881904510252085 0.9659258262890683 2.5823154076242543e-14
    outer loop
      vertex 2.125 83.24759526419165 4.8356828158305865
      vertex 4 83.75 4.846438237272067
      vertex 3.1934157707668636 83.53387640714931 4.624756623534056
    endloop
  endfacet
  facet normal -0.2588190451025207 0.9659258262890683 0
    outer loop
      vertex 2.125 83.24759526419165 4.8356828158305865
      vertex 4 83.75 5.66
      vertex 4 83.75 4.846438237272067
    endloop
  endfacet
  facet normal -0.2588190451025207 0.9659258262890682 0
    outer loop
      vertex 2.125 83.24759526419165 4.8356828158305865
      vertex 2.125 83.24759526419165 5.66
      vertex 4 83.75 5.66
    endloop
  endfacet
  facet normal 0 1 0
    outer loop
      vertex 4 83.75 4.846438237272067
      vertex 4 83.75 5.66
      vertex 38.85591302896306 83.75 4.846438237272067
    endloop
  endfacet
  facet normal -1 0 0
    outer loop
      vertex 0.25 73.85 17.125876598214752
      vertex 0.25 79.5 16.03
      vertex 0.25 71.9518860530663 16.03
    endloop
  endfacet
  facet normal -1 0 0
    outer loop
      vertex 0.25 80 4.750000000000001
      vertex 0.25 79.5 5.66
      vertex 0.25 79.5 16.03
    endloop
  endfacet
  facet normal 0 1 0
    outer loop
      vertex 38.85591302896306 83.75 4.846438237272067
      vertex 4 83.75 5.66
      vertex 39.20096317772363 83.75 5
    endloop
  endfacet
  facet normal -1 0 0
    outer loop
      vertex 0.25 64.85 17.125876598214752
      vertex 0.25 67.15 17.125876598214752
      vertex 0.25 62.9518860530663 16.03
    endloop
  endfacet
  facet normal -1 0 0
    outer loop
      vertex 0.25 64.85 17.125876598214752
      vertex 0.25 64.85 20.994123401785245
      vertex 0.25 67.15 17.125876598214752
    endloop
  endfacet
  facet normal -1 0 0
    outer loop
      vertex 0.25 64.85 20.994123401785245
      vertex 0.25 67.15 20.994123401785245
      vertex 0.25 67.15 17.125876598214752
    endloop
  endfacet
  facet normal -1 0 0
    outer loop
      vertex 0.25 64.85 20.994123401785245
      vertex 0.25 61.5 22.92824680357049
      vertex 0.25 66 23.191753196429506
    endloop
  endfacet
  facet normal -1 0 0
    outer loop
      vertex 0.25 61.5 22.92824680357049
      vertex 0.25 62.65 25.125876598214752
      vertex 0.25 66 23.191753196429506
    endloop
  endfacet
  facet normal -1 0 0
    outer loop
      vertex 0.25 64.85 20.994123401785245
      vertex 0.25 66 23.191753196429506
      vertex 0.25 67.15 20.994123401785245
    endloop
  endfacet
  facet normal -1 0 0
    outer loop
      vertex 0.25 66 23.191753196429506
      vertex 0.25 69.35 25.125876598214752
      vertex 0.25 67.15 20.994123401785245
    endloop
  endfacet
  facet normal -1 0 0
    outer loop
      vertex 0.25 67.15 20.994123401785245
      vertex 0.25 69.35 25.125876598214752
      vertex 0.25 70.5 22.92824680357049
    endloop
  endfacet
  facet normal -1 0 0
    outer loop
      vertex 0.25 69.35 25.125876598214752
      vertex 0.25 71.65 25.125876598214752
      vertex 0.25 70.5 22.92824680357049
    endloop
  endfacet
  facet normal -1 0 0
    outer loop
      vertex 0.25 70.5 22.92824680357049
      vertex 0.25 75 23.191753196429506
      vertex 0.25 73.85 20.994123401785245
    endloop
  endfacet
  facet normal -1 0 0
    outer loop
      vertex 0.25 70.5 22.92824680357049
      vertex 0.25 71.65 25.125876598214752
      vertex 0.25 75 23.191753196429506
    endloop
  endfacet
  facet normal -1 0 0
    outer loop
      vertex 0.25 62.65 28.994123401785245
      vertex 0.25 64.85 33.12587659821476
      vertex 0.25 66 30.92824680357049
    endloop
  endfacet
  facet normal -1 0 0
    outer loop
      vertex 0.25 66 30.92824680357049
      vertex 0.25 64.85 33.12587659821476
      vertex 0.25 67.15 33.12587659821476
    endloop
  endfacet
  facet normal -1 0 0
    outer loop
      vertex 0.25 66 30.92824680357049
      vertex 0.25 67.15 33.12587659821476
      vertex 0.25 70.5 31.19175319642951
    endloop
  endfacet
  facet normal -1 0 0
    outer loop
      vertex 0.25 69.35 25.125876598214752
      vertex 0.25 69.35 28.994123401785245
      vertex 0.25 71.65 25.125876598214752
    endloop
  endfacet
  facet normal -1 0 0
    outer loop
      vertex 0.25 69.35 28.994123401785245
      vertex 0.25 71.65 28.994123401785245
      vertex 0.25 71.65 25.125876598214752
    endloop
  endfacet
  facet normal -1 0 0
    outer loop
      vertex 0.25 69.35 28.994123401785245
      vertex 0.25 66 30.92824680357049
      vertex 0.25 70.5 31.19175319642951
    endloop
  endfacet
  facet normal -1 0 0
    outer loop
      vertex 0.25 69.35 28.994123401785245
      vertex 0.25 70.5 31.19175319642951
      vertex 0.25 71.65 28.994123401785245
    endloop
  endfacet
  facet normal -1 0 0
    outer loop
      vertex 0.25 71.65 28.994123401785245
      vertex 0.25 70.5 31.19175319642951
      vertex 0.25 73.85 33.12587659821476
    endloop
  endfacet
  facet normal -1 0 0
    outer loop
      vertex 0.25 73.85 17.125876598214752
      vertex 0.25 73.85 20.994123401785245
      vertex 0.25 79.5 16.03
    endloop
  endfacet
  facet normal -1 0 0
    outer loop
      vertex 0.25 73.85 20.994123401785245
      vertex 0.25 75 23.191753196429506
      vertex 0.25 79.5 16.03
    endloop
  endfacet
  facet normal -1 0 0
    outer loop
      vertex 0.25 75 23.191753196429506
      vertex 0.25 78.35 25.125876598214752
      vertex 0.25 79.5 16.03
    endloop
  endfacet
  facet normal -1 0 0
    outer loop
      vertex 0.25 78.35 25.125876598214752
      vertex 0.25 78.35 28.994123401785245
      vertex 0.25 79.5 16.03
    endloop
  endfacet
  facet normal -0.965925826289068 0.25881904510252174 0
    outer loop
      vertex 0.25 80 4.750000000000001
      vertex 0.25 80 61.9797
      vertex 0.35717967697245107 80.4 5.66
    endloop
  endfacet
  facet normal -1 0 0
    outer loop
      vertex 0.25 71.65 28.994123401785245
      vertex 0.25 73.85 33.12587659821476
      vertex 0.25 75 30.92824680357049
    endloop
  endfacet
  facet normal -1 0 0
    outer loop
      vertex 0.25 80 4.750000000000001
      vertex 0.25 79.5 16.03
      vertex 0.25 80 61.9797
    endloop
  endfacet
  facet normal -1 0 0
    outer loop
      vertex 0.25 78.35 28.994123401785245
      vertex 0.25 78.35 41.12587659821476
      vertex 0.25 79.5 16.03
    endloop
  endfacet
  facet normal 0 1 0
    outer loop
      vertex 39.20096317772363 83.75 5
      vertex 4 83.75 5.66
      vertex 122 83.75 5.66
    endloop
  endfacet
  facet normal 0 1 0
    outer loop
      vertex 44.79903682227637 83.75 5
      vertex 80.85591302896304 83.75 4.846438237272067
      vertex 45.14408697103694 83.75 4.846438237272067
    endloop
  endfacet
  facet normal -1 0 0
    outer loop
      vertex 0.25 42.35 41.12587659821476
      vertex 0.25 43.5 38.928246803570495
      vertex 0.25 40.15 36.994123401785245
    endloop
  endfacet
  facet normal -1 0 0
    outer loop
      vertex 0.25 43.5 38.928246803570495
      vertex 0.25 49.15 36.994123401785245
      vertex 0.25 46.85 36.994123401785245
    endloop
  endfacet
  facet normal -1 0 0
    outer loop
      vertex 0.25 43.5 38.928246803570495
      vertex 0.25 48 39.19175319642951
      vertex 0.25 49.15 36.994123401785245
    endloop
  endfacet
  facet normal -1 0 0
    outer loop
      vertex 0.25 42.35 41.12587659821476
      vertex 0.25 48 39.19175319642951
      vertex 0.25 43.5 38.928246803570495
    endloop
  endfacet
  facet normal -1 0 0
    outer loop
      vertex 0.25 42.35 41.12587659821476
      vertex 0.25 44.65 41.12587659821476
      vertex 0.25 48 39.19175319642951
    endloop
  endfacet
  facet normal -1 0 0
    outer loop
      vertex 0.25 46.85 33.12587659821476
      vertex 0.25 46.85 36.994123401785245
      vertex 0.25 49.15 33.12587659821476
    endloop
  endfacet
  facet normal -1 0 0
    outer loop
      vertex 0.25 46.85 36.994123401785245
      vertex 0.25 49.15 36.994123401785245
      vertex 0.25 49.15 33.12587659821476
    endloop
  endfacet
  facet normal -1 0 0
    outer loop
      vertex 0.25 48 39.19175319642951
      vertex 0.25 51.35 41.12587659821476
      vertex 0.25 49.15 36.994123401785245
    endloop
  endfacet
  facet normal -1 0 0
    outer loop
      vertex 0.25 49.15 36.994123401785245
      vertex 0.25 51.35 41.12587659821476
      vertex 0.25 52.5 38.928246803570495
    endloop
  endfacet
  facet normal -1 0 0
    outer loop
      vertex 0.25 42.35 41.12587659821476
      vertex 0.25 42.35 44.994123401785245
      vertex 0.25 44.65 41.12587659821476
    endloop
  endfacet
  facet normal -1 0 0
    outer loop
      vertex 0.25 42.35 44.994123401785245
      vertex 0.25 44.65 44.994123401785245
      vertex 0.25 44.65 41.12587659821476
    endloop
  endfacet
  facet normal -1 0 0
    outer loop
      vertex 0.25 42.35 44.994123401785245
      vertex 0.25 43.5 47.19175319642951
      vertex 0.25 44.65 44.994123401785245
    endloop
  endfacet
  facet normal -1 0 0
    outer loop
      vertex 0.25 43.5 47.19175319642951
      vertex 0.25 46.85 49.12587659821476
      vertex 0.25 44.65 44.994123401785245
    endloop
  endfacet
  facet normal -1 0 0
    outer loop
      vertex 0.25 46.85 49.12587659821476
      vertex 0.25 48 46.928246803570495
      vertex 0.25 44.65 44.994123401785245
    endloop
  endfacet
  facet normal -1 0 0
    outer loop
      vertex 0.25 51.35 41.12587659821476
      vertex 0.25 51.35 44.994123401785245
      vertex 0.25 53.65 41.12587659821476
    endloop
  endfacet
  facet normal -1 0 0
    outer loop
      vertex 0.25 46.85 49.12587659821476
      vertex 0.25 49.15 49.12587659821476
      vertex 0.25 48 46.928246803570495
    endloop
  endfacet
  facet normal -1 0 0
    outer loop
      vertex 0.25 48 46.928246803570495
      vertex 0.25 52.5 47.19175319642951
      vertex 0.25 51.35 44.994123401785245
    endloop
  endfacet
  facet normal -1 0 0
    outer loop
      vertex 0.25 48 46.928246803570495
      vertex 0.25 49.15 49.12587659821476
      vertex 0.25 52.5 47.19175319642951
    endloop
  endfacet
  facet normal -1 0 0
    outer loop
      vertex 0.25 55.85 33.12587659821476
      vertex 0.25 55.85 36.994123401785245
      vertex 0.25 58.15 33.12587659821476
    endloop
  endfacet
  facet normal -1 0 0
    outer loop
      vertex 0.25 55.85 36.994123401785245
      vertex 0.25 58.15 36.994123401785245
      vertex 0.25 58.15 33.12587659821476
    endloop
  endfacet
  facet normal -1 0 0
    outer loop
      vertex 0.25 51.35 41.12587659821476
      vertex 0.25 57 39.19175319642951
      vertex 0.25 52.5 38.928246803570495
    endloop
  endfacet
  facet normal -1 0 0
    outer loop
      vertex 0.25 51.35 41.12587659821476
      vertex 0.25 53.65 41.12587659821476
      vertex 0.25 57 39.19175319642951
    endloop
  endfacet
  facet normal -1 0 0
    outer loop
      vertex 0.25 55.85 36.994123401785245
      vertex 0.25 52.5 38.928246803570495
      vertex 0.25 58.15 36.994123401785245
    endloop
  endfacet
  facet normal -1 0 0
    outer loop
      vertex 0.25 57 39.19175319642951
      vertex 0.25 58.15 36.994123401785245
      vertex 0.25 52.5 38.928246803570495
    endloop
  endfacet
  facet normal -1 0 0
    outer loop
      vertex 0.25 57 39.19175319642951
      vertex 0.25 60.35 41.12587659821476
      vertex 0.25 58.15 36.994123401785245
    endloop
  endfacet
  facet normal -1 0 0
    outer loop
      vertex 0.25 58.15 36.994123401785245
      vertex 0.25 62.65 41.12587659821476
      vertex 0.25 61.5 38.928246803570495
    endloop
  endfacet
  facet normal -1 0 0
    outer loop
      vertex 0.25 58.15 36.994123401785245
      vertex 0.25 60.35 41.12587659821476
      vertex 0.25 62.65 41.12587659821476
    endloop
  endfacet
  facet normal -1 0 0
    outer loop
      vertex 0.25 53.65 41.12587659821476
      vertex 0.25 51.35 44.994123401785245
      vertex 0.25 53.65 44.994123401785245
    endloop
  endfacet
  facet normal -1 0 0
    outer loop
      vertex 0.25 51.35 44.994123401785245
      vertex 0.25 52.5 47.19175319642951
      vertex 0.25 53.65 44.994123401785245
    endloop
  endfacet
  facet normal -1 0 0
    outer loop
      vertex 0.25 52.5 47.19175319642951
      vertex 0.25 55.85 49.12587659821476
      vertex 0.25 53.65 44.994123401785245
    endloop
  endfacet
  facet normal -1 0 0
    outer loop
      vertex 0.25 53.65 44.994123401785245
      vertex 0.25 55.85 49.12587659821476
      vertex 0.25 57 46.928246803570495
    endloop
  endfacet
  facet normal -1 0 0
    outer loop
      vertex 0.25 55.85 49.12587659821476
      vertex 0.25 58.15 49.12587659821476
      vertex 0.25 57 46.928246803570495
    endloop
  endfacet
  facet normal -1 0 0
    outer loop
      vertex 0.25 60.35 41.12587659821476
      vertex 0.25 60.35 44.994123401785245
      vertex 0.25 62.65 41.12587659821476
    endloop
  endfacet
  facet normal -1 0 0
    outer loop
      vertex 0.25 60.35 44.994123401785245
      vertex 0.25 62.65 44.994123401785245
      vertex 0.25 62.65 41.12587659821476
    endloop
  endfacet
  facet normal -1 0 0
    outer loop
      vertex 0.25 60.35 44.994123401785245
      vertex 0.25 57 46.928246803570495
      vertex 0.25 61.5 47.19175319642951
    endloop
  endfacet
  facet normal -1 0 0
    outer loop
      vertex 0.25 57 46.928246803570495
      vertex 0.25 58.15 49.12587659821476
      vertex 0.25 61.5 47.19175319642951
    endloop
  endfacet
  facet normal -1 0 0
    outer loop
      vertex 0.25 60.35 44.994123401785245
      vertex 0.25 64.85 49.12587659821476
      vertex 0.25 62.65 44.994123401785245
    endloop
  endfacet
  facet normal -1 0 0
    outer loop
      vertex 0.25 60.35 44.994123401785245
      vertex 0.25 61.5 47.19175319642951
      vertex 0.25 64.85 49.12587659821476
    endloop
  endfacet
  facet normal -1 0 0
    outer loop
      vertex 0.25 46.85 52.994123401785245
      vertex 0.25 43.5 54.928246803570495
      vertex 0.25 49.15 52.994123401785245
    endloop
  endfacet
  facet normal -1 0 0
    outer loop
      vertex 0.25 46.85 49.12587659821476
      vertex 0.25 46.85 52.994123401785245
      vertex 0.25 49.15 49.12587659821476
    endloop
  endfacet
  facet normal -1 0 0
    outer loop
      vertex 0.25 46.85 52.994123401785245
      vertex 0.25 49.15 52.994123401785245
      vertex 0.25 49.15 49.12587659821476
    endloop
  endfacet
  facet normal -1 0 0
    outer loop
      vertex 0.25 43.5 54.928246803570495
      vertex 0.25 52.5 54.928246803570495
      vertex 0.25 49.15 52.994123401785245
    endloop
  endfacet
  facet normal -1 0 0
    outer loop
      vertex 0.25 55.85 49.12587659821476
      vertex 0.25 55.85 52.994123401785245
      vertex 0.25 58.15 49.12587659821476
    endloop
  endfacet
  facet normal -1 0 0
    outer loop
      vertex 0.25 55.85 52.994123401785245
      vertex 0.25 58.15 52.994123401785245
      vertex 0.25 58.15 49.12587659821476
    endloop
  endfacet
  facet normal -1 0 0
    outer loop
      vertex 0.25 80 61.989700000000006
      vertex 0.25 43.5 54.928246803570495
      vertex 0.25 34.5 54.928246803570495
    endloop
  endfacet
  facet normal -1 0 0
    outer loop
      vertex 0.25 55.85 52.994123401785245
      vertex 0.25 52.5 54.928246803570495
      vertex 0.25 58.15 52.994123401785245
    endloop
  endfacet
  facet normal -1 0 0
    outer loop
      vertex 0.25 52.5 54.928246803570495
      vertex 0.25 61.5 54.928246803570495
      vertex 0.25 58.15 52.994123401785245
    endloop
  endfacet
  facet normal -1 0 0
    outer loop
      vertex 0.25 80 61.989700000000006
      vertex 0.25 52.5 54.928246803570495
      vertex 0.25 43.5 54.928246803570495
    endloop
  endfacet
  facet normal -1 0 0
    outer loop
      vertex 0.25 64.85 33.12587659821476
      vertex 0.25 64.85 36.994123401785245
      vertex 0.25 67.15 33.12587659821476
    endloop
  endfacet
  facet normal -1 0 0
    outer loop
      vertex 0.25 64.85 36.994123401785245
      vertex 0.25 67.15 36.994123401785245
      vertex 0.25 67.15 33.12587659821476
    endloop
  endfacet
  facet normal -1 0 0
    outer loop
      vertex 0.25 64.85 36.994123401785245
      vertex 0.25 61.5 38.928246803570495
      vertex 0.25 66 39.19175319642951
    endloop
  endfacet
  facet normal -1 0 0
    outer loop
      vertex 0.25 61.5 38.928246803570495
      vertex 0.25 62.65 41.12587659821476
      vertex 0.25 66 39.19175319642951
    endloop
  endfacet
  facet normal -1 0 0
    outer loop
      vertex 0.25 64.85 36.994123401785245
      vertex 0.25 69.35 41.12587659821476
      vertex 0.25 67.15 36.994123401785245
    endloop
  endfacet
  facet normal -1 0 0
    outer loop
      vertex 0.25 64.85 36.994123401785245
      vertex 0.25 66 39.19175319642951
      vertex 0.25 69.35 41.12587659821476
    endloop
  endfacet
  facet normal -1 0 0
    outer loop
      vertex 0.25 67.15 36.994123401785245
      vertex 0.25 69.35 41.12587659821476
      vertex 0.25 70.5 38.928246803570495
    endloop
  endfacet
  facet normal -1 0 0
    outer loop
      vertex 0.25 70.5 38.928246803570495
      vertex 0.25 69.35 41.12587659821476
      vertex 0.25 71.65 41.12587659821476
    endloop
  endfacet
  facet normal -1 0 0
    outer loop
      vertex 0.25 70.5 38.928246803570495
      vertex 0.25 75 39.19175319642951
      vertex 0.25 73.85 36.994123401785245
    endloop
  endfacet
  facet normal -1 0 0
    outer loop
      vertex 0.25 70.5 38.928246803570495
      vertex 0.25 71.65 41.12587659821476
      vertex 0.25 75 39.19175319642951
    endloop
  endfacet
  facet normal -1 0 0
    outer loop
      vertex 0.25 62.65 44.994123401785245
      vertex 0.25 67.15 49.12587659821476
      vertex 0.25 66 46.928246803570495
    endloop
  endfacet
  facet normal -1 0 0
    outer loop
      vertex 0.25 62.65 44.994123401785245
      vertex 0.25 64.85 49.12587659821476
      vertex 0.25 67.15 49.12587659821476
    endloop
  endfacet
  facet normal -1 0 0
    outer loop
      vertex 0.25 66 46.928246803570495
      vertex 0.25 67.15 49.12587659821476
      vertex 0.25 70.5 47.19175319642951
    endloop
  endfacet
  facet normal -1 0 0
    outer loop
      vertex 0.25 69.35 41.12587659821476
      vertex 0.25 69.35 44.994123401785245
      vertex 0.25 71.65 41.12587659821476
    endloop
  endfacet
  facet normal -1 0 0
    outer loop
      vertex 0.25 69.35 44.994123401785245
      vertex 0.25 71.65 44.994123401785245
      vertex 0.25 71.65 41.12587659821476
    endloop
  endfacet
  facet normal -1 0 0
    outer loop
      vertex 0.25 69.35 44.994123401785245
      vertex 0.25 66 46.928246803570495
      vertex 0.25 70.5 47.19175319642951
    endloop
  endfacet
  facet normal -1 0 0
    outer loop
      vertex 0.25 69.35 44.994123401785245
      vertex 0.25 70.5 47.19175319642951
      vertex 0.25 73.85 49.12587659821476
    endloop
  endfacet
  facet normal -1 0 0
    outer loop
      vertex 0.25 69.35 44.994123401785245
      vertex 0.25 73.85 49.12587659821476
      vertex 0.25 71.65 44.994123401785245
    endloop
  endfacet
  facet normal -1 0 0
    outer loop
      vertex 0.25 73.85 33.12587659821476
      vertex 0.25 73.85 36.994123401785245
      vertex 0.25 75 30.92824680357049
    endloop
  endfacet
  facet normal -1 0 0
    outer loop
      vertex 0.25 75 30.92824680357049
      vertex 0.25 73.85 36.994123401785245
      vertex 0.25 78.35 41.12587659821476
    endloop
  endfacet
  facet normal -1 0 0
    outer loop
      vertex 0.25 78.35 28.994123401785245
      vertex 0.25 75 30.92824680357049
      vertex 0.25 78.35 41.12587659821476
    endloop
  endfacet
  facet normal -1 0 0
    outer loop
      vertex 0.25 73.85 36.994123401785245
      vertex 0.25 75 39.19175319642951
      vertex 0.25 78.35 41.12587659821476
    endloop
  endfacet
  facet normal -1 0 0
    outer loop
      vertex 0.25 78.35 41.12587659821476
      vertex 0.25 78.35 44.994123401785245
      vertex 0.25 79.5 16.03
    endloop
  endfacet
  facet normal -1 0 0
    outer loop
      vertex 0.25 80 61.9797
      vertex 0.25 79.5 16.03
      vertex 0.25 78.35 44.994123401785245
    endloop
  endfacet
  facet normal -1 0 0
    outer loop
      vertex 0.25 71.65 44.994123401785245
      vertex 0.25 73.85 49.12587659821476
      vertex 0.25 75 46.928246803570495
    endloop
  endfacet
  facet normal -1 0 0
    outer loop
      vertex 0.25 78.35 44.994123401785245
      vertex 0.25 75 46.928246803570495
      vertex 0.25 73.85 52.994123401785245
    endloop
  endfacet
  facet normal -0.9659258262895561 0.2588190451007003 -1.3865659209459363e-14
    outer loop
      vertex 0.25 80 61.9797
      vertex 0.2500878541555673 80.00032787617224 61.9797
      vertex 0.35717967697245107 80.4 5.66
    endloop
  endfacet
  facet normal -0.9659258262890679 0.2588190451025222 -8.633576202159643e-18
    outer loop
      vertex 0.2500878541555673 80.00032787617224 61.9797
      vertex 0.35717967697245057 80.4 61.989700000000006
      vertex 0.35717967697245107 80.4 5.66
    endloop
  endfacet
  facet normal -1 0 0
    outer loop
      vertex 0.25 64.85 49.12587659821476
      vertex 0.25 64.85 52.994123401785245
      vertex 0.25 67.15 49.12587659821476
    endloop
  endfacet
  facet normal -1 0 0
    outer loop
      vertex 0.25 64.85 52.994123401785245
      vertex 0.25 67.15 52.994123401785245
      vertex 0.25 67.15 49.12587659821476
    endloop
  endfacet
  facet normal -1 0 0
    outer loop
      vertex 0.25 64.85 52.994123401785245
      vertex 0.25 61.5 54.928246803570495
      vertex 0.25 67.15 52.994123401785245
    endloop
  endfacet
  facet normal -1 0 0
    outer loop
      vertex 0.25 80 61.989700000000006
      vertex 0.25 61.5 54.928246803570495
      vertex 0.25 52.5 54.928246803570495
    endloop
  endfacet
  facet normal -1 0 0
    outer loop
      vertex 0.25 61.5 54.928246803570495
      vertex 0.25 70.5 54.928246803570495
      vertex 0.25 67.15 52.994123401785245
    endloop
  endfacet
  facet normal -1 0 0
    outer loop
      vertex 0.25 80 61.989700000000006
      vertex 0.25 70.5 54.928246803570495
      vertex 0.25 61.5 54.928246803570495
    endloop
  endfacet
  facet normal -1 0 0
    outer loop
      vertex 0.25 73.85 49.12587659821476
      vertex 0.25 73.85 52.994123401785245
      vertex 0.25 75 46.928246803570495
    endloop
  endfacet
  facet normal -1 0 0
    outer loop
      vertex 0.25 80 61.9797
      vertex 0.25 78.35 44.994123401785245
      vertex 0.25 73.85 52.994123401785245
    endloop
  endfacet
  facet normal -1 0 0
    outer loop
      vertex 0.25 80 61.989700000000006
      vertex 0.25 73.85 52.994123401785245
      vertex 0.25 70.5 54.928246803570495
    endloop
  endfacet
  facet normal -1 0 0
    outer loop
      vertex 0.25 80 61.9797
      vertex 0.25 73.85 52.994123401785245
      vertex 0.25 80 61.989700000000006
    endloop
  endfacet
  facet normal -0.9659258262890682 0.25881904510252063 6.397115410657949e-14
    outer loop
      vertex 0.2500878541555673 80.00032787617224 61.9797
      vertex 0.25 80 61.989700000000006
      vertex 0.35717967697245057 80.4 61.989700000000006
    endloop
  endfacet
  facet normal 0 -1 0
    outer loop
      vertex 81.2009631777236 0.25 5
      vertex 56.5 0.25 5.66
      vertex 53.5 0.25 5.66
    endloop
  endfacet
  facet normal 0 -1 0
    outer loop
      vertex 81.2009631777236 0.25 5
      vertex 62.5 0.25 5.66
      vertex 56.5 0.25 5.66
    endloop
  endfacet
  facet normal 0 -1 0
    outer loop
      vertex 45.14408697103694 0.25 4.846438237272076
      vertex 80.85591302896304 0.25 4.846438237272076
      vertex 81.2009631777236 0.25 5
    endloop
  endfacet
  facet normal 0 -1 0
    outer loop
      vertex 81.2009631777236 0.25 5
      vertex 65.5 0.25 5.66
      vertex 62.5 0.25 5.66
    endloop
  endfacet
  facet normal 0 -1 0
    outer loop
      vertex 81.2009631777236 0.25 5
      vertex 71.5 0.25 5.66
      vertex 65.5 0.25 5.66
    endloop
  endfacet
  facet normal 0 -1 0
    outer loop
      vertex 81.2009631777236 0.25 5
      vertex 74.5 0.25 5.66
      vertex 71.5 0.25 5.66
    endloop
  endfacet
  facet normal 0 -1 0
    outer loop
      vertex 62.5 0.25 5.66
      vertex 65.5 0.25 5.66
      vertex 65.5 0.25 16.029999999999998
    endloop
  endfacet
  facet normal 0 -1 0
    outer loop
      vertex 62.5 0.25 5.66
      vertex 65.5 0.25 16.029999999999998
      vertex 62.5 0.25 16.029999999999998
    endloop
  endfacet
  facet normal 0 -1 0
    outer loop
      vertex 62.5 0.25 16.029999999999998
      vertex 65.5 0.25 16.029999999999998
      vertex 62.85 0.25 17.125876598214752
    endloop
  endfacet
  facet normal 0 -1 0
    outer loop
      vertex 62.85 0.25 17.125876598214752
      vertex 65.5 0.25 16.029999999999998
      vertex 67.04811394693371 0.25 16.029999999999998
    endloop
  endfacet
  facet normal 0 -1 0
    outer loop
      vertex 74.5 0.25 5.66
      vertex 74.5 0.25 16.029999999999998
      vertex 71.5 0.25 5.66
    endloop
  endfacet
  facet normal 0 -1 0
    outer loop
      vertex 71.5 0.25 5.66
      vertex 74.5 0.25 16.029999999999998
      vertex 71.5 0.25 16.029999999999998
    endloop
  endfacet
  facet normal 0 -1 0
    outer loop
      vertex 71.5 0.25 16.029999999999998
      vertex 71.85 0.25 17.125876598214752
      vertex 69.9518860530663 0.25 16.03
    endloop
  endfacet
  facet normal 0 -1 0
    outer loop
      vertex 71.5 0.25 16.029999999999998
      vertex 74.5 0.25 16.029999999999998
      vertex 71.85 0.25 17.125876598214752
    endloop
  endfacet
  facet normal 0 -1 0
    outer loop
      vertex 74.5 0.25 16.029999999999998
      vertex 76.04811394693371 0.25 16.029999999999998
      vertex 74.15 0.25 17.125876598214752
    endloop
  endfacet
  facet normal 0 -1 0
    outer loop
      vertex 81.2009631777236 0.25 5
      vertex 80.5 0.25 5.66
      vertex 74.5 0.25 5.66
    endloop
  endfacet
  facet normal 0 -1 0
    outer loop
      vertex 81.2009631777236 0.25 5
      vertex 86.7990368222764 0.25 5
      vertex 83.5 0.25 5.66
    endloop
  endfacet
  facet normal 0 -1 0
    outer loop
      vertex 86.7990368222764 0.25 5
      vertex 89.5 0.25 5.66
      vertex 83.5 0.25 5.66
    endloop
  endfacet
  facet normal 0 -1 0
    outer loop
      vertex 86.7990368222764 0.25 5
      vertex 87.14408697103696 0.25 4.846438237272076
      vertex 89.5 0.25 5.66
    endloop
  endfacet
  facet normal 0 -1 0
    outer loop
      vertex 81.2009631777236 0.25 5
      vertex 83.5 0.25 16.029999999999998
      vertex 80.5 0.25 5.66
    endloop
  endfacet
  facet normal 0 -1 0
    outer loop
      vertex 81.2009631777236 0.25 5
      vertex 83.5 0.25 5.66
      vertex 83.5 0.25 16.029999999999998
    endloop
  endfacet
  facet normal 0 -1 0
    outer loop
      vertex 80.5 0.25 5.66
      vertex 83.5 0.25 16.029999999999998
      vertex 80.5 0.25 16.029999999999998
    endloop
  endfacet
  facet normal 0 -1 0
    outer loop
      vertex 80.5 0.25 16.029999999999998
      vertex 80.85 0.25 17.125876598214752
      vertex 78.9518860530663 0.25 16.03
    endloop
  endfacet
  facet normal 0 -1 0
    outer loop
      vertex 80.5 0.25 16.029999999999998
      vertex 83.5 0.25 16.029999999999998
      vertex 80.85 0.25 17.125876598214752
    endloop
  endfacet
  facet normal 0 -1 0
    outer loop
      vertex 83.5 0.25 16.029999999999998
      vertex 85.04811394693371 0.25 16.029999999999998
      vertex 83.15 0.25 17.125876598214752
    endloop
  endfacet
  facet normal 0 -1 0
    outer loop
      vertex 92.5 0.25 5.66
      vertex 92.5 0.25 16.029999999999998
      vertex 89.5 0.25 5.66
    endloop
  endfacet
  facet normal 0 -1 0
    outer loop
      vertex 89.5 0.25 5.66
      vertex 92.15 0.25 17.125876598214752
      vertex 89.5 0.25 16.029999999999998
    endloop
  endfacet
  facet normal 0 -1 0
    outer loop
      vertex 89.5 0.25 16.029999999999998
      vertex 89.85 0.25 17.125876598214752
      vertex 87.9518860530663 0.25 16.03
    endloop
  endfacet
  facet normal 0 -1 0
    outer loop
      vertex 89.5 0.25 5.66
      vertex 92.5 0.25 16.029999999999998
      vertex 92.15 0.25 17.125876598214752
    endloop
  endfacet
  facet normal 0 -1 0
    outer loop
      vertex 92.5 0.25 16.029999999999998
      vertex 94.04811394693371 0.25 16.029999999999998
      vertex 92.15 0.25 17.125876598214752
    endloop
  endfacet
  facet normal 0 -1 0
    outer loop
      vertex 62.85 0.25 17.125876598214752
      vertex 65.15 0.25 17.125876598214752
      vertex 65.15 0.25 20.994123401785245
    endloop
  endfacet
  facet normal 0 -1 0
    outer loop
      vertex 62.85 0.25 17.125876598214752
      vertex 67.04811394693371 0.25 16.029999999999998
      vertex 65.15 0.25 17.125876598214752
    endloop
  endfacet
  facet normal 0 -1 0
    outer loop
      vertex 65.15 0.25 20.994123401785245
      vertex 62.85 0.25 20.994123401785245
      vertex 62.85 0.25 17.125876598214752
    endloop
  endfacet
  facet normal 0 -1 0
    outer loop
      vertex 65.15 0.25 20.994123401785245
      vertex 68.5 0.25 22.92824680357049
      vertex 64 0.25 23.191753196429506
    endloop
  endfacet
  facet normal 0 -1 0
    outer loop
      vertex 65.15 0.25 20.994123401785245
      vertex 64 0.25 23.191753196429506
      vertex 60.65 0.25 25.125876598214752
    endloop
  endfacet
  facet normal 0 -1 0
    outer loop
      vertex 68.5 0.25 22.92824680357049
      vertex 67.35 0.25 25.125876598214752
      vertex 64 0.25 23.191753196429506
    endloop
  endfacet
  facet normal 0 -1 0
    outer loop
      vertex 68.5 0.25 22.92824680357049
      vertex 69.65 0.25 25.125876598214752
      vertex 67.35 0.25 25.125876598214752
    endloop
  endfacet
  facet normal 0 -1 0
    outer loop
      vertex 71.85 0.25 20.994123401785245
      vertex 69.65 0.25 25.125876598214752
      vertex 68.5 0.25 22.92824680357049
    endloop
  endfacet
  facet normal 0 -1 0
    outer loop
      vertex 74.5 0.25 16.029999999999998
      vertex 74.15 0.25 17.125876598214752
      vertex 71.85 0.25 17.125876598214752
    endloop
  endfacet
  facet normal 0 -1 0
    outer loop
      vertex 74.15 0.25 17.125876598214752
      vertex 74.15 0.25 20.994123401785245
      vertex 71.85 0.25 17.125876598214752
    endloop
  endfacet
  facet normal 0 -1 0
    outer loop
      vertex 71.85 0.25 17.125876598214752
      vertex 74.15 0.25 20.994123401785245
      vertex 71.85 0.25 20.994123401785245
    endloop
  endfacet
  facet normal 0 -1 0
    outer loop
      vertex 71.85 0.25 20.994123401785245
      vertex 74.15 0.25 20.994123401785245
      vertex 73 0.25 23.191753196429506
    endloop
  endfacet
  facet normal 0 -1 0
    outer loop
      vertex 71.85 0.25 20.994123401785245
      vertex 73 0.25 23.191753196429506
      vertex 69.65 0.25 25.125876598214752
    endloop
  endfacet
  facet normal 0 -1 0
    outer loop
      vertex 74.15 0.25 20.994123401785245
      vertex 77.5 0.25 22.92824680357049
      vertex 73 0.25 23.191753196429506
    endloop
  endfacet
  facet normal 0 -1 0
    outer loop
      vertex 77.5 0.25 22.92824680357049
      vertex 76.35 0.25 25.125876598214752
      vertex 73 0.25 23.191753196429506
    endloop
  endfacet
  facet normal 0 -1 0
    outer loop
      vertex 77.5 0.25 22.92824680357049
      vertex 78.65 0.25 25.125876598214752
      vertex 76.35 0.25 25.125876598214752
    endloop
  endfacet
  facet normal 0 -1 0
    outer loop
      vertex 69.65 0.25 25.125876598214752
      vertex 69.65 0.25 28.994123401785245
      vertex 67.35 0.25 25.125876598214752
    endloop
  endfacet
  facet normal 0 -1 0
    outer loop
      vertex 67.35 0.25 25.125876598214752
      vertex 69.65 0.25 28.994123401785245
      vertex 67.35 0.25 28.994123401785245
    endloop
  endfacet
  facet normal 0 -1 0
    outer loop
      vertex 69.65 0.25 28.994123401785245
      vertex 62.85 0.25 33.12587659821476
      vertex 64 0.25 30.92824680357049
    endloop
  endfacet
  facet normal 0 -1 0
    outer loop
      vertex 62.85 0.25 33.12587659821476
      vertex 68.5 0.25 31.19175319642951
      vertex 65.15 0.25 33.12587659821476
    endloop
  endfacet
  facet normal 0 -1 0
    outer loop
      vertex 69.65 0.25 28.994123401785245
      vertex 64 0.25 30.92824680357049
      vertex 67.35 0.25 28.994123401785245
    endloop
  endfacet
  facet normal 0 -1 0
    outer loop
      vertex 62.85 0.25 33.12587659821476
      vertex 69.65 0.25 28.994123401785245
      vertex 68.5 0.25 31.19175319642951
    endloop
  endfacet
  facet normal 0 -1 0
    outer loop
      vertex 68.5 0.25 31.19175319642951
      vertex 69.65 0.25 28.994123401785245
      vertex 71.85 0.25 33.12587659821476
    endloop
  endfacet
  facet normal 0 -1 0
    outer loop
      vertex 78.65 0.25 28.994123401785245
      vertex 76.35 0.25 25.125876598214752
      vertex 78.65 0.25 25.125876598214752
    endloop
  endfacet
  facet normal 0 -1 0
    outer loop
      vertex 78.65 0.25 28.994123401785245
      vertex 76.35 0.25 28.994123401785245
      vertex 76.35 0.25 25.125876598214752
    endloop
  endfacet
  facet normal 0 -1 0
    outer loop
      vertex 71.85 0.25 33.12587659821476
      vertex 69.65 0.25 28.994123401785245
      vertex 73 0.25 30.92824680357049
    endloop
  endfacet
  facet normal 0 -1 0
    outer loop
      vertex 73 0.25 30.92824680357049
      vertex 76.35 0.25 28.994123401785245
      vertex 74.15 0.25 33.12587659821476
    endloop
  endfacet
  facet normal 0 -1 0
    outer loop
      vertex 78.65 0.25 28.994123401785245
      vertex 77.5 0.25 31.19175319642951
      vertex 76.35 0.25 28.994123401785245
    endloop
  endfacet
  facet normal 0 -1 0
    outer loop
      vertex 76.35 0.25 28.994123401785245
      vertex 77.5 0.25 31.19175319642951
      vertex 74.15 0.25 33.12587659821476
    endloop
  endfacet
  facet normal 0 -1 0
    outer loop
      vertex 83.5 0.25 16.029999999999998
      vertex 83.15 0.25 17.125876598214752
      vertex 80.85 0.25 17.125876598214752
    endloop
  endfacet
  facet normal 0 -1 0
    outer loop
      vertex 83.15 0.25 17.125876598214752
      vertex 83.15 0.25 20.994123401785245
      vertex 80.85 0.25 17.125876598214752
    endloop
  endfacet
  facet normal 0 -1 0
    outer loop
      vertex 80.85 0.25 17.125876598214752
      vertex 83.15 0.25 20.994123401785245
      vertex 80.85 0.25 20.994123401785245
    endloop
  endfacet
  facet normal 0 -1 0
    outer loop
      vertex 80.85 0.25 20.994123401785245
      vertex 83.15 0.25 20.994123401785245
      vertex 82 0.25 23.191753196429506
    endloop
  endfacet
  facet normal 0 -1 0
    outer loop
      vertex 80.85 0.25 20.994123401785245
      vertex 78.65 0.25 25.125876598214752
      vertex 77.5 0.25 22.92824680357049
    endloop
  endfacet
  facet normal 0 -1 0
    outer loop
      vertex 80.85 0.25 20.994123401785245
      vertex 82 0.25 23.191753196429506
      vertex 78.65 0.25 25.125876598214752
    endloop
  endfacet
  facet normal 0 -1 0
    outer loop
      vertex 82 0.25 23.191753196429506
      vertex 83.15 0.25 20.994123401785245
      vertex 86.5 0.25 22.92824680357049
    endloop
  endfacet
  facet normal 0 -1 0
    outer loop
      vertex 86.5 0.25 22.92824680357049
      vertex 85.35 0.25 25.125876598214752
      vertex 82 0.25 23.191753196429506
    endloop
  endfacet
  facet normal 0 -1 0
    outer loop
      vertex 89.5 0.25 16.029999999999998
      vertex 92.15 0.25 17.125876598214752
      vertex 89.85 0.25 17.125876598214752
    endloop
  endfacet
  facet normal 0 -1 0
    outer loop
      vertex 92.15 0.25 17.125876598214752
      vertex 92.15 0.25 20.994123401785245
      vertex 89.85 0.25 17.125876598214752
    endloop
  endfacet
  facet normal 0 -1 0
    outer loop
      vertex 89.85 0.25 17.125876598214752
      vertex 92.15 0.25 20.994123401785245
      vertex 89.85 0.25 20.994123401785245
    endloop
  endfacet
  facet normal 0 -1 0
    outer loop
      vertex 89.85 0.25 20.994123401785245
      vertex 87.65 0.25 25.125876598214752
      vertex 86.5 0.25 22.92824680357049
    endloop
  endfacet
  facet normal 0 -1 0
    outer loop
      vertex 89.85 0.25 20.994123401785245
      vertex 91 0.25 23.191753196429506
      vertex 87.65 0.25 25.125876598214752
    endloop
  endfacet
  facet normal 0 -1 0
    outer loop
      vertex 92.15 0.25 20.994123401785245
      vertex 91 0.25 23.191753196429506
      vertex 89.85 0.25 20.994123401785245
    endloop
  endfacet
  facet normal 0 -1 0
    outer loop
      vertex 92.15 0.25 20.994123401785245
      vertex 95.5 0.25 22.92824680357049
      vertex 91 0.25 23.191753196429506
    endloop
  endfacet
  facet normal 0 -1 0
    outer loop
      vertex 95.5 0.25 22.92824680357049
      vertex 94.35 0.25 25.125876598214752
      vertex 91 0.25 23.191753196429506
    endloop
  endfacet
  facet normal 0 -1 0
    outer loop
      vertex 86.5 0.25 22.92824680357049
      vertex 86.5 0.25 31.19175319642951
      vertex 85.35 0.25 25.125876598214752
    endloop
  endfacet
  facet normal 0 -1 0
    outer loop
      vertex 85.35 0.25 25.125876598214752
      vertex 86.5 0.25 31.19175319642951
      vertex 85.35 0.25 28.994123401785245
    endloop
  endfacet
  facet normal 0 -1 0
    outer loop
      vertex 78.65 0.25 28.994123401785245
      vertex 82 0.25 30.92824680357049
      vertex 77.5 0.25 31.19175319642951
    endloop
  endfacet
  facet normal 0 -1 0
    outer loop
      vertex 77.5 0.25 31.19175319642951
      vertex 82 0.25 30.92824680357049
      vertex 80.85 0.25 33.12587659821476
    endloop
  endfacet
  facet normal 0 -1 0
    outer loop
      vertex 82 0.25 30.92824680357049
      vertex 85.35 0.25 28.994123401785245
      vertex 83.15 0.25 33.12587659821476
    endloop
  endfacet
  facet normal 0 -1 0
    outer loop
      vertex 85.35 0.25 28.994123401785245
      vertex 86.5 0.25 31.19175319642951
      vertex 83.15 0.25 33.12587659821476
    endloop
  endfacet
  facet normal 0 -1 0
    outer loop
      vertex 86.5 0.25 22.92824680357049
      vertex 87.65 0.25 25.125876598214752
      vertex 87.65 0.25 28.994123401785245
    endloop
  endfacet
  facet normal 0 -1 0
    outer loop
      vertex 86.5 0.25 22.92824680357049
      vertex 87.65 0.25 28.994123401785245
      vertex 86.5 0.25 31.19175319642951
    endloop
  endfacet
  facet normal 0 -1 0
    outer loop
      vertex 87.65 0.25 28.994123401785245
      vertex 91 0.25 30.92824680357049
      vertex 86.5 0.25 31.19175319642951
    endloop
  endfacet
  facet normal 0 -1 0
    outer loop
      vertex 86.5 0.25 31.19175319642951
      vertex 91 0.25 30.92824680357049
      vertex 89.85 0.25 33.12587659821476
    endloop
  endfacet
  facet normal 0 -1 0
    outer loop
      vertex 91 0.25 30.92824680357049
      vertex 94.35 0.25 28.994123401785245
      vertex 92.15 0.25 33.12587659821476
    endloop
  endfacet
  facet normal 0 -1 0
    outer loop
      vertex 94.35 0.25 28.994123401785245
      vertex 95.5 0.25 31.19175319642951
      vertex 92.15 0.25 33.12587659821476
    endloop
  endfacet
  facet normal 0 -1 0
    outer loop
      vertex 87.14408697103696 0.25 4.846438237272076
      vertex 122 0.25 4.846438237272076
      vertex 89.5 0.25 5.66
    endloop
  endfacet
  facet normal 0 -1 0
    outer loop
      vertex 122 0.25 4.846438237272076
      vertex 92.5 0.25 5.66
      vertex 89.5 0.25 5.66
    endloop
  endfacet
  facet normal 0 -1 0
    outer loop
      vertex 122 0.25 4.846438237272076
      vertex 98.5 0.25 5.66
      vertex 92.5 0.25 5.66
    endloop
  endfacet
  facet normal 0 -1 0
    outer loop
      vertex 98.85 0.25 17.125876598214752
      vertex 96.9518860530663 0.25 16.03
      vertex 98.5 0.25 16.029999999999998
    endloop
  endfacet
  facet normal 0 -1 0
    outer loop
      vertex 122 0.25 4.846438237272076
      vertex 98.5 0.25 16.029999999999998
      vertex 98.5 0.25 5.66
    endloop
  endfacet
  facet normal 0 -1 0
    outer loop
      vertex 122 0.25 4.846438237272076
      vertex 98.85 0.25 17.125876598214752
      vertex 98.5 0.25 16.029999999999998
    endloop
  endfacet
  facet normal 0 -1 0
    outer loop
      vertex 122 0.25 4.846438237272076
      vertex 100 0.25 23.191753196429506
      vertex 98.85 0.25 17.125876598214752
    endloop
  endfacet
  facet normal 0.7071067811865489 -0.7071067811865462 1.891227185239703e-15
    outer loop
      vertex 124.2727086979284 1.150113433736745 4.645141734721319
      vertex 125.24759526419165 2.125 4.80347670018568
      vertex 124.62259526419165 1.5 5.66
    endloop
  endfacet
  facet normal 0.9659258262890713 -0.25881904510250936 0
    outer loop
      vertex 125.24759526419165 2.125 4.80347670018568
      vertex 125.32141306172502 2.400491770897419 4.686490377251044
      vertex 125.24759526419165 2.125 5.66
    endloop
  endfacet
  facet normal 0.9659258262890679 -0.2588190451025225 -3.984102623682929e-15
    outer loop
      vertex 125.32141306172502 2.400491770897419 4.686490377251044
      vertex 125.75 4 4.750000000000001
      vertex 125.24759526419165 2.125 5.66
    endloop
  endfacet
  facet normal 0.7071067811865476 -0.7071067811865476 0
    outer loop
      vertex 125.24759526419165 2.125 4.80347670018568
      vertex 125.24759526419165 2.125 5.66
      vertex 124.62259526419165 1.5 5.66
    endloop
  endfacet
  facet normal 0.9659258262890683 -0.25881904510252074 0
    outer loop
      vertex 125.75 4 4.750000000000001
      vertex 125.75 4 5.66
      vertex 125.24759526419165 2.125 5.66
    endloop
  endfacet
  facet normal 1 0 0
    outer loop
      vertex 125.75 4 4.750000000000001
      vertex 125.75 38.00000000000001 4.750000000000001
      vertex 125.75 4 5.66
    endloop
  endfacet
  facet normal 1 0 0
    outer loop
      vertex 125.75 4 16.03
      vertex 125.75 24.048113946933693 16.03
      vertex 125.75 22.15 17.125876598214752
    endloop
  endfacet
  facet normal 0 -1 0
    outer loop
      vertex 98.85 0.25 17.125876598214752
      vertex 100 0.25 23.191753196429506
      vertex 98.85 0.25 20.994123401785245
    endloop
  endfacet
  facet normal 0 -1 0
    outer loop
      vertex 98.85 0.25 20.994123401785245
      vertex 96.65 0.25 25.125876598214752
      vertex 95.5 0.25 22.92824680357049
    endloop
  endfacet
  facet normal 0 -1 0
    outer loop
      vertex 98.85 0.25 20.994123401785245
      vertex 100 0.25 23.191753196429506
      vertex 96.65 0.25 25.125876598214752
    endloop
  endfacet
  facet normal 0 -1 0
    outer loop
      vertex 122 0.25 4.846438237272076
      vertex 103.35 0.25 25.125876598214752
      vertex 100 0.25 23.191753196429506
    endloop
  endfacet
  facet normal 0 -1 0
    outer loop
      vertex 122 0.25 4.846438237272076
      vertex 103.35 0.25 28.994123401785245
      vertex 103.35 0.25 25.125876598214752
    endloop
  endfacet
  facet normal 0 -1 0
    outer loop
      vertex 95.5 0.25 22.92824680357049
      vertex 95.5 0.25 31.19175319642951
      vertex 94.35 0.25 25.125876598214752
    endloop
  endfacet
  facet normal 0 -1 0
    outer loop
      vertex 95.5 0.25 22.92824680357049
      vertex 96.65 0.25 25.125876598214752
      vertex 96.65 0.25 28.994123401785245
    endloop
  endfacet
  facet normal 0 -1 0
    outer loop
      vertex 95.5 0.25 22.92824680357049
      vertex 96.65 0.25 28.994123401785245
      vertex 95.5 0.25 31.19175319642951
    endloop
  endfacet
  facet normal 0 -1 0
    outer loop
      vertex 94.35 0.25 25.125876598214752
      vertex 95.5 0.25 31.19175319642951
      vertex 94.35 0.25 28.994123401785245
    endloop
  endfacet
  facet normal 0 -1 0
    outer loop
      vertex 96.65 0.25 28.994123401785245
      vertex 100 0.25 30.92824680357049
      vertex 95.5 0.25 31.19175319642951
    endloop
  endfacet
  facet normal 0 -1 0
    outer loop
      vertex 95.5 0.25 31.19175319642951
      vertex 100 0.25 30.92824680357049
      vertex 98.85 0.25 33.12587659821476
    endloop
  endfacet
  facet normal 0.25881904510252113 -0.9659258262890681 -1.6144093215020192e-17
    outer loop
      vertex 122 0.25 4.846438237272076
      vertex 122.80658422923312 0.4661235928506955 4.624756623534066
      vertex 123.875 0.752404735808355 61.9797
    endloop
  endfacet
  facet normal 0.25881904510252035 -0.9659258262890684 0
    outer loop
      vertex 122.80658422923312 0.4661235928506955 4.624756623534066
      vertex 123.875 0.752404735808355 4.835682815830603
      vertex 123.875 0.752404735808355 61.9797
    endloop
  endfacet
  facet normal 0.7071067811865439 -0.707106781186551 0
    outer loop
      vertex 123.875 0.752404735808355 4.835682815830603
      vertex 124.2727086979284 1.150113433736745 4.645141734721319
      vertex 123.875 0.752404735808355 61.9797
    endloop
  endfacet
  facet normal 0.7071067811865513 -0.7071067811865436 1.0355945877408132e-16
    outer loop
      vertex 124.2727086979284 1.150113433736745 4.645141734721319
      vertex 124.62259526419165 1.5 5.66
      vertex 123.875 0.752404735808355 61.989700000000006
    endloop
  endfacet
  facet normal 0 -1 0
    outer loop
      vertex 122 0.25 4.846438237272076
      vertex 122 0.25 61.9797
      vertex 103.35 0.25 28.994123401785245
    endloop
  endfacet
  facet normal 0.7071067811865475 -0.7071067811865475 0
    outer loop
      vertex 123.875 0.752404735808355 61.989700000000006
      vertex 124.62259526419165 1.5 5.66
      vertex 124.62259526419165 1.5 16.03
    endloop
  endfacet
  facet normal 0.7071067811865475 -0.7071067811865475 0
    outer loop
      vertex 123.875 0.752404735808355 61.989700000000006
      vertex 124.62259526419165 1.5 16.03
      vertex 125.24759526419165 2.125 16.03
    endloop
  endfacet
  facet normal 0.9659258262890683 -0.2588190451025207 0
    outer loop
      vertex 125.24759526419165 2.125 61.989700000000006
      vertex 125.24759526419165 2.125 16.03
      vertex 125.75 4 16.03
    endloop
  endfacet
  facet normal 1 0 0
    outer loop
      vertex 125.75 4 16.03
      vertex 125.75 22.15 17.125876598214752
      vertex 125.75 22.15 20.994123401785245
    endloop
  endfacet
  facet normal 1 0 0
    outer loop
      vertex 125.75 38.00000000000001 4.750000000000001
      vertex 125.75 39.09532156688369 5
      vertex 125.75 4 5.66
    endloop
  endfacet
  facet normal 1 0 0
    outer loop
      vertex 125.75 39.09532156688369 5
      vertex 125.75 44.90467843311631 5
      vertex 125.75 4 5.66
    endloop
  endfacet
  facet normal 1 0 0
    outer loop
      vertex 125.75 33.0481139469337 16.03
      vertex 125.75 31.15 17.125876598214752
      vertex 125.75 26.951886053066307 16.03
    endloop
  endfacet
  facet normal 1 0 0
    outer loop
      vertex 125.75 44.90467843311631 5
      vertex 125.75 66.62770137524558 5.66
      vertex 125.75 4 5.66
    endloop
  endfacet
  facet normal 1 0 0
    outer loop
      vertex 125.75 37.85 17.125876598214752
      vertex 125.75 35.9518860530663 16.03
      vertex 125.75 42.0481139469337 16.03
    endloop
  endfacet
  facet normal 1 0 0
    outer loop
      vertex 125.75 26.951886053066307 16.03
      vertex 125.75 31.15 17.125876598214752
      vertex 125.75 28.85 17.125876598214752
    endloop
  endfacet
  facet normal 1 0 0
    outer loop
      vertex 125.75 31.15 20.994123401785245
      vertex 125.75 28.85 17.125876598214752
      vertex 125.75 31.15 17.125876598214752
    endloop
  endfacet
  facet normal 1 0 0
    outer loop
      vertex 125.75 31.15 20.994123401785245
      vertex 125.75 28.85 20.994123401785245
      vertex 125.75 28.85 17.125876598214752
    endloop
  endfacet
  facet normal 1 0 0
    outer loop
      vertex 125.75 26.65 25.125876598214752
      vertex 125.75 28.85 20.994123401785245
      vertex 125.75 31.15 20.994123401785245
    endloop
  endfacet
  facet normal 1 0 0
    outer loop
      vertex 125.75 30 23.191753196429506
      vertex 125.75 26.65 25.125876598214752
      vertex 125.75 31.15 20.994123401785245
    endloop
  endfacet
  facet normal 1 0 0
    outer loop
      vertex 125.75 26.65 25.125876598214752
      vertex 125.75 26.65 28.994123401785245
      vertex 125.75 22.15 33.12587659821476
    endloop
  endfacet
  facet normal 1 0 0
    outer loop
      vertex 125.75 26.65 28.994123401785245
      vertex 125.75 25.5 31.19175319642951
      vertex 125.75 22.15 33.12587659821476
    endloop
  endfacet
  facet normal 1 0 0
    outer loop
      vertex 125.75 30 30.92824680357049
      vertex 125.75 25.5 31.19175319642951
      vertex 125.75 26.65 28.994123401785245
    endloop
  endfacet
  facet normal 1 0 0
    outer loop
      vertex 125.75 28.85 33.12587659821476
      vertex 125.75 25.5 31.19175319642951
      vertex 125.75 30 30.92824680357049
    endloop
  endfacet
  facet normal 1 0 0
    outer loop
      vertex 125.75 28.85 33.12587659821476
      vertex 125.75 30 30.92824680357049
      vertex 125.75 31.15 33.12587659821476
    endloop
  endfacet
  facet normal 1 0 0
    outer loop
      vertex 125.75 30 30.92824680357049
      vertex 125.75 33.35 28.994123401785245
      vertex 125.75 31.15 33.12587659821476
    endloop
  endfacet
  facet normal 1 0 0
    outer loop
      vertex 125.75 30 23.191753196429506
      vertex 125.75 31.15 20.994123401785245
      vertex 125.75 34.5 22.92824680357049
    endloop
  endfacet
  facet normal 1 0 0
    outer loop
      vertex 125.75 33.35 25.125876598214752
      vertex 125.75 30 23.191753196429506
      vertex 125.75 34.5 22.92824680357049
    endloop
  endfacet
  facet normal 1 0 0
    outer loop
      vertex 125.75 33.35 25.125876598214752
      vertex 125.75 34.5 22.92824680357049
      vertex 125.75 35.65 25.125876598214752
    endloop
  endfacet
  facet normal 1 0 0
    outer loop
      vertex 125.75 34.5 22.92824680357049
      vertex 125.75 37.85 20.994123401785245
      vertex 125.75 35.65 25.125876598214752
    endloop
  endfacet
  facet normal 1 0 0
    outer loop
      vertex 125.75 40.15 20.994123401785245
      vertex 125.75 37.85 17.125876598214752
      vertex 125.75 40.15 17.125876598214752
    endloop
  endfacet
  facet normal 1 0 0
    outer loop
      vertex 125.75 40.15 20.994123401785245
      vertex 125.75 37.85 20.994123401785245
      vertex 125.75 37.85 17.125876598214752
    endloop
  endfacet
  facet normal 1 0 0
    outer loop
      vertex 125.75 37.85 17.125876598214752
      vertex 125.75 42.0481139469337 16.03
      vertex 125.75 40.15 17.125876598214752
    endloop
  endfacet
  facet normal 1 0 0
    outer loop
      vertex 125.75 39 23.191753196429506
      vertex 125.75 37.85 20.994123401785245
      vertex 125.75 40.15 20.994123401785245
    endloop
  endfacet
  facet normal 1 0 0
    outer loop
      vertex 125.75 39 23.191753196429506
      vertex 125.75 35.65 25.125876598214752
      vertex 125.75 37.85 20.994123401785245
    endloop
  endfacet
  facet normal 1 0 0
    outer loop
      vertex 125.75 39 23.191753196429506
      vertex 125.75 40.15 20.994123401785245
      vertex 125.75 43.5 22.92824680357049
    endloop
  endfacet
  facet normal 1 0 0
    outer loop
      vertex 125.75 39 23.191753196429506
      vertex 125.75 43.5 22.92824680357049
      vertex 125.75 42.35 25.125876598214752
    endloop
  endfacet
  facet normal 1 0 0
    outer loop
      vertex 125.75 35.65 28.994123401785245
      vertex 125.75 33.35 28.994123401785245
      vertex 125.75 33.35 25.125876598214752
    endloop
  endfacet
  facet normal 1 0 0
    outer loop
      vertex 125.75 35.65 28.994123401785245
      vertex 125.75 33.35 25.125876598214752
      vertex 125.75 35.65 25.125876598214752
    endloop
  endfacet
  facet normal 1 0 0
    outer loop
      vertex 125.75 34.5 31.19175319642951
      vertex 125.75 31.15 33.12587659821476
      vertex 125.75 33.35 28.994123401785245
    endloop
  endfacet
  facet normal 1 0 0
    outer loop
      vertex 125.75 34.5 31.19175319642951
      vertex 125.75 33.35 28.994123401785245
      vertex 125.75 35.65 28.994123401785245
    endloop
  endfacet
  facet normal 1 0 0
    outer loop
      vertex 125.75 34.5 31.19175319642951
      vertex 125.75 35.65 28.994123401785245
      vertex 125.75 39 30.92824680357049
    endloop
  endfacet
  facet normal 1 0 0
    outer loop
      vertex 125.75 39 30.92824680357049
      vertex 125.75 37.85 33.12587659821476
      vertex 125.75 34.5 31.19175319642951
    endloop
  endfacet
  facet normal 1 0 0
    outer loop
      vertex 125.75 39 30.92824680357049
      vertex 125.75 40.15 33.12587659821476
      vertex 125.75 37.85 33.12587659821476
    endloop
  endfacet
  facet normal 1 0 0
    outer loop
      vertex 125.75 39 30.92824680357049
      vertex 125.75 42.35 28.994123401785245
      vertex 125.75 40.15 33.12587659821476
    endloop
  endfacet
  facet normal 0 -1 0
    outer loop
      vertex 62.85 0.25 33.12587659821476
      vertex 65.15 0.25 33.12587659821476
      vertex 65.15 0.25 36.994123401785245
    endloop
  endfacet
  facet normal 0 -1 0
    outer loop
      vertex 62.85 0.25 33.12587659821476
      vertex 64 0.25 39.19175319642951
      vertex 62.85 0.25 36.994123401785245
    endloop
  endfacet
  facet normal 0 -1 0
    outer loop
      vertex 62.85 0.25 33.12587659821476
      vertex 65.15 0.25 36.994123401785245
      vertex 64 0.25 39.19175319642951
    endloop
  endfacet
  facet normal 0 -1 0
    outer loop
      vertex 65.15 0.25 36.994123401785245
      vertex 68.5 0.25 38.928246803570495
      vertex 64 0.25 39.19175319642951
    endloop
  endfacet
  facet normal 0 -1 0
    outer loop
      vertex 68.5 0.25 38.928246803570495
      vertex 67.35 0.25 41.12587659821476
      vertex 64 0.25 39.19175319642951
    endloop
  endfacet
  facet normal 0 -1 0
    outer loop
      vertex 71.85 0.25 36.994123401785245
      vertex 69.65 0.25 41.12587659821476
      vertex 68.5 0.25 38.928246803570495
    endloop
  endfacet
  facet normal 0 -1 0
    outer loop
      vertex 71.85 0.25 33.12587659821476
      vertex 73 0.25 30.92824680357049
      vertex 73 0.25 39.19175319642951
    endloop
  endfacet
  facet normal 0 -1 0
    outer loop
      vertex 73 0.25 30.92824680357049
      vertex 74.15 0.25 33.12587659821476
      vertex 74.15 0.25 36.994123401785245
    endloop
  endfacet
  facet normal 0 -1 0
    outer loop
      vertex 71.85 0.25 33.12587659821476
      vertex 73 0.25 39.19175319642951
      vertex 71.85 0.25 36.994123401785245
    endloop
  endfacet
  facet normal 0 -1 0
    outer loop
      vertex 73 0.25 30.92824680357049
      vertex 74.15 0.25 36.994123401785245
      vertex 73 0.25 39.19175319642951
    endloop
  endfacet
  facet normal 0 -1 0
    outer loop
      vertex 71.85 0.25 36.994123401785245
      vertex 73 0.25 39.19175319642951
      vertex 69.65 0.25 41.12587659821476
    endloop
  endfacet
  facet normal 0 -1 0
    outer loop
      vertex 74.15 0.25 36.994123401785245
      vertex 77.5 0.25 38.928246803570495
      vertex 73 0.25 39.19175319642951
    endloop
  endfacet
  facet normal 0 -1 0
    outer loop
      vertex 77.5 0.25 38.928246803570495
      vertex 76.35 0.25 41.12587659821476
      vertex 73 0.25 39.19175319642951
    endloop
  endfacet
  facet normal 0 -1 0
    outer loop
      vertex 67.35 0.25 41.12587659821476
      vertex 68.5 0.25 38.928246803570495
      vertex 68.5 0.25 47.19175319642951
    endloop
  endfacet
  facet normal 0 -1 0
    outer loop
      vertex 68.5 0.25 38.928246803570495
      vertex 69.65 0.25 41.12587659821476
      vertex 69.65 0.25 44.994123401785245
    endloop
  endfacet
  facet normal 0 -1 0
    outer loop
      vertex 67.35 0.25 41.12587659821476
      vertex 68.5 0.25 47.19175319642951
      vertex 67.35 0.25 44.994123401785245
    endloop
  endfacet
  facet normal 0 -1 0
    outer loop
      vertex 68.5 0.25 38.928246803570495
      vertex 69.65 0.25 44.994123401785245
      vertex 68.5 0.25 47.19175319642951
    endloop
  endfacet
  facet normal 0 -1 0
    outer loop
      vertex 62.85 0.25 49.12587659821476
      vertex 64 0.25 46.928246803570495
      vertex 67.35 0.25 44.994123401785245
    endloop
  endfacet
  facet normal 0 -1 0
    outer loop
      vertex 62.85 0.25 49.12587659821476
      vertex 67.35 0.25 44.994123401785245
      vertex 65.15 0.25 49.12587659821476
    endloop
  endfacet
  facet normal 0 -1 0
    outer loop
      vertex 65.15 0.25 49.12587659821476
      vertex 67.35 0.25 44.994123401785245
      vertex 68.5 0.25 47.19175319642951
    endloop
  endfacet
  facet normal 0 -1 0
    outer loop
      vertex 69.65 0.25 44.994123401785245
      vertex 71.85 0.25 49.12587659821476
      vertex 68.5 0.25 47.19175319642951
    endloop
  endfacet
  facet normal 0 -1 0
    outer loop
      vertex 77.5 0.25 38.928246803570495
      vertex 78.65 0.25 41.12587659821476
      vertex 78.65 0.25 44.994123401785245
    endloop
  endfacet
  facet normal 0 -1 0
    outer loop
      vertex 76.35 0.25 41.12587659821476
      vertex 77.5 0.25 38.928246803570495
      vertex 77.5 0.25 47.19175319642951
    endloop
  endfacet
  facet normal 0 -1 0
    outer loop
      vertex 77.5 0.25 38.928246803570495
      vertex 78.65 0.25 44.994123401785245
      vertex 77.5 0.25 47.19175319642951
    endloop
  endfacet
  facet normal 0 -1 0
    outer loop
      vertex 76.35 0.25 41.12587659821476
      vertex 77.5 0.25 47.19175319642951
      vertex 76.35 0.25 44.994123401785245
    endloop
  endfacet
  facet normal 0 -1 0
    outer loop
      vertex 73 0.25 46.928246803570495
      vertex 76.35 0.25 44.994123401785245
      vertex 74.15 0.25 49.12587659821476
    endloop
  endfacet
  facet normal 0 -1 0
    outer loop
      vertex 69.65 0.25 44.994123401785245
      vertex 73 0.25 46.928246803570495
      vertex 74.15 0.25 52.994123401785245
    endloop
  endfacet
  facet normal 0 -1 0
    outer loop
      vertex 69.65 0.25 44.994123401785245
      vertex 74.15 0.25 52.994123401785245
      vertex 71.85 0.25 49.12587659821476
    endloop
  endfacet
  facet normal 0 -1 0
    outer loop
      vertex 76.35 0.25 44.994123401785245
      vertex 77.5 0.25 47.19175319642951
      vertex 74.15 0.25 49.12587659821476
    endloop
  endfacet
  facet normal 0 -1 0
    outer loop
      vertex 80.85 0.25 33.12587659821476
      vertex 82 0.25 30.92824680357049
      vertex 82 0.25 39.19175319642951
    endloop
  endfacet
  facet normal 0 -1 0
    outer loop
      vertex 82 0.25 30.92824680357049
      vertex 83.15 0.25 36.994123401785245
      vertex 82 0.25 39.19175319642951
    endloop
  endfacet
  facet normal 0 -1 0
    outer loop
      vertex 80.85 0.25 33.12587659821476
      vertex 82 0.25 39.19175319642951
      vertex 80.85 0.25 36.994123401785245
    endloop
  endfacet
  facet normal 0 -1 0
    outer loop
      vertex 82 0.25 30.92824680357049
      vertex 83.15 0.25 33.12587659821476
      vertex 83.15 0.25 36.994123401785245
    endloop
  endfacet
  facet normal 0 -1 0
    outer loop
      vertex 80.85 0.25 36.994123401785245
      vertex 78.65 0.25 41.12587659821476
      vertex 77.5 0.25 38.928246803570495
    endloop
  endfacet
  facet normal 0 -1 0
    outer loop
      vertex 80.85 0.25 36.994123401785245
      vertex 82 0.25 39.19175319642951
      vertex 78.65 0.25 41.12587659821476
    endloop
  endfacet
  facet normal 0 -1 0
    outer loop
      vertex 83.15 0.25 36.994123401785245
      vertex 86.5 0.25 38.928246803570495
      vertex 82 0.25 39.19175319642951
    endloop
  endfacet
  facet normal 0 -1 0
    outer loop
      vertex 86.5 0.25 38.928246803570495
      vertex 85.35 0.25 41.12587659821476
      vertex 82 0.25 39.19175319642951
    endloop
  endfacet
  facet normal 0 -1 0
    outer loop
      vertex 89.85 0.25 33.12587659821476
      vertex 91 0.25 39.19175319642951
      vertex 89.85 0.25 36.994123401785245
    endloop
  endfacet
  facet normal 0 -1 0
    outer loop
      vertex 91 0.25 30.92824680357049
      vertex 92.15 0.25 33.12587659821476
      vertex 92.15 0.25 36.994123401785245
    endloop
  endfacet
  facet normal 0 -1 0
    outer loop
      vertex 89.85 0.25 33.12587659821476
      vertex 91 0.25 30.92824680357049
      vertex 91 0.25 39.19175319642951
    endloop
  endfacet
  facet normal 0 -1 0
    outer loop
      vertex 91 0.25 30.92824680357049
      vertex 92.15 0.25 36.994123401785245
      vertex 91 0.25 39.19175319642951
    endloop
  endfacet
  facet normal 0 -1 0
    outer loop
      vertex 89.85 0.25 36.994123401785245
      vertex 87.65 0.25 41.12587659821476
      vertex 86.5 0.25 38.928246803570495
    endloop
  endfacet
  facet normal 0 -1 0
    outer loop
      vertex 89.85 0.25 36.994123401785245
      vertex 91 0.25 39.19175319642951
      vertex 87.65 0.25 41.12587659821476
    endloop
  endfacet
  facet normal 0 -1 0
    outer loop
      vertex 92.15 0.25 36.994123401785245
      vertex 95.5 0.25 38.928246803570495
      vertex 91 0.25 39.19175319642951
    endloop
  endfacet
  facet normal 0 -1 0
    outer loop
      vertex 95.5 0.25 38.928246803570495
      vertex 94.35 0.25 41.12587659821476
      vertex 91 0.25 39.19175319642951
    endloop
  endfacet
  facet normal 0 -1 0
    outer loop
      vertex 85.35 0.25 41.12587659821476
      vertex 86.5 0.25 38.928246803570495
      vertex 86.5 0.25 47.19175319642951
    endloop
  endfacet
  facet normal 0 -1 0
    outer loop
      vertex 85.35 0.25 41.12587659821476
      vertex 86.5 0.25 47.19175319642951
      vertex 85.35 0.25 44.994123401785245
    endloop
  endfacet
  facet normal 0 -1 0
    outer loop
      vertex 78.65 0.25 44.994123401785245
      vertex 80.85 0.25 49.12587659821476
      vertex 77.5 0.25 47.19175319642951
    endloop
  endfacet
  facet normal 0 -1 0
    outer loop
      vertex 78.65 0.25 44.994123401785245
      vertex 82 0.25 46.928246803570495
      vertex 83.15 0.25 52.994123401785245
    endloop
  endfacet
  facet normal 0 -1 0
    outer loop
      vertex 78.65 0.25 44.994123401785245
      vertex 83.15 0.25 52.994123401785245
      vertex 80.85 0.25 49.12587659821476
    endloop
  endfacet
  facet normal 0 -1 0
    outer loop
      vertex 82 0.25 46.928246803570495
      vertex 85.35 0.25 44.994123401785245
      vertex 83.15 0.25 49.12587659821476
    endloop
  endfacet
  facet normal 0 -1 0
    outer loop
      vertex 85.35 0.25 44.994123401785245
      vertex 86.5 0.25 47.19175319642951
      vertex 83.15 0.25 49.12587659821476
    endloop
  endfacet
  facet normal 0 -1 0
    outer loop
      vertex 86.5 0.25 38.928246803570495
      vertex 87.65 0.25 41.12587659821476
      vertex 87.65 0.25 44.994123401785245
    endloop
  endfacet
  facet normal 0 -1 0
    outer loop
      vertex 86.5 0.25 38.928246803570495
      vertex 87.65 0.25 44.994123401785245
      vertex 86.5 0.25 47.19175319642951
    endloop
  endfacet
  facet normal 0 -1 0
    outer loop
      vertex 87.65 0.25 44.994123401785245
      vertex 89.85 0.25 49.12587659821476
      vertex 86.5 0.25 47.19175319642951
    endloop
  endfacet
  facet normal 0 -1 0
    outer loop
      vertex 87.65 0.25 44.994123401785245
      vertex 91 0.25 46.928246803570495
      vertex 92.15 0.25 52.994123401785245
    endloop
  endfacet
  facet normal 0 -1 0
    outer loop
      vertex 87.65 0.25 44.994123401785245
      vertex 92.15 0.25 52.994123401785245
      vertex 89.85 0.25 49.12587659821476
    endloop
  endfacet
  facet normal 0 -1 0
    outer loop
      vertex 91 0.25 46.928246803570495
      vertex 94.35 0.25 44.994123401785245
      vertex 92.15 0.25 49.12587659821476
    endloop
  endfacet
  facet normal 0 -1 0
    outer loop
      vertex 94.35 0.25 44.994123401785245
      vertex 95.5 0.25 47.19175319642951
      vertex 92.15 0.25 49.12587659821476
    endloop
  endfacet
  facet normal 0 -1 0
    outer loop
      vertex 62.85 0.25 49.12587659821476
      vertex 65.15 0.25 49.12587659821476
      vertex 65.15 0.25 52.994123401785245
    endloop
  endfacet
  facet normal 0 -1 0
    outer loop
      vertex 62.85 0.25 49.12587659821476
      vertex 65.15 0.25 52.994123401785245
      vertex 62.85 0.25 52.994123401785245
    endloop
  endfacet
  facet normal 0 -1 0
    outer loop
      vertex 62.85 0.25 52.994123401785245
      vertex 68.5 0.25 54.928246803570495
      vertex 59.5 0.25 54.928246803570495
    endloop
  endfacet
  facet normal 0 -1 0
    outer loop
      vertex 62.85 0.25 52.994123401785245
      vertex 65.15 0.25 52.994123401785245
      vertex 68.5 0.25 54.928246803570495
    endloop
  endfacet
  facet normal 0 -1 0
    outer loop
      vertex 73 0.25 46.928246803570495
      vertex 74.15 0.25 49.12587659821476
      vertex 74.15 0.25 52.994123401785245
    endloop
  endfacet
  facet normal 0 -1 0
    outer loop
      vertex 71.85 0.25 49.12587659821476
      vertex 74.15 0.25 52.994123401785245
      vertex 71.85 0.25 52.994123401785245
    endloop
  endfacet
  facet normal 0 -1 0
    outer loop
      vertex 71.85 0.25 52.994123401785245
      vertex 77.5 0.25 54.928246803570495
      vertex 68.5 0.25 54.928246803570495
    endloop
  endfacet
  facet normal 0 -1 0
    outer loop
      vertex 74.15 0.25 52.994123401785245
      vertex 77.5 0.25 54.928246803570495
      vertex 71.85 0.25 52.994123401785245
    endloop
  endfacet
  facet normal 0 -1 0
    outer loop
      vertex 122 0.25 61.9797
      vertex 41.5 0.25 54.928246803570495
      vertex 50.5 0.25 54.928246803570495
    endloop
  endfacet
  facet normal 0 -1 0
    outer loop
      vertex 122 0.25 61.9797
      vertex 50.5 0.25 54.928246803570495
      vertex 59.5 0.25 54.928246803570495
    endloop
  endfacet
  facet normal 0 -1 0
    outer loop
      vertex 80.85 0.25 49.12587659821476
      vertex 83.15 0.25 52.994123401785245
      vertex 80.85 0.25 52.994123401785245
    endloop
  endfacet
  facet normal 0 -1 0
    outer loop
      vertex 82 0.25 46.928246803570495
      vertex 83.15 0.25 49.12587659821476
      vertex 83.15 0.25 52.994123401785245
    endloop
  endfacet
  facet normal 0 -1 0
    outer loop
      vertex 80.85 0.25 52.994123401785245
      vertex 86.5 0.25 54.928246803570495
      vertex 77.5 0.25 54.928246803570495
    endloop
  endfacet
  facet normal 0 -1 0
    outer loop
      vertex 83.15 0.25 52.994123401785245
      vertex 86.5 0.25 54.928246803570495
      vertex 80.85 0.25 52.994123401785245
    endloop
  endfacet
  facet normal 0 -1 0
    outer loop
      vertex 122 0.25 61.9797
      vertex 59.5 0.25 54.928246803570495
      vertex 68.5 0.25 54.928246803570495
    endloop
  endfacet
  facet normal 0 -1 0
    outer loop
      vertex 91 0.25 46.928246803570495
      vertex 92.15 0.25 49.12587659821476
      vertex 92.15 0.25 52.994123401785245
    endloop
  endfacet
  facet normal 0 -1 0
    outer loop
      vertex 89.85 0.25 49.12587659821476
      vertex 92.15 0.25 52.994123401785245
      vertex 89.85 0.25 52.994123401785245
    endloop
  endfacet
  facet normal 0 -1 0
    outer loop
      vertex 122 0.25 61.9797
      vertex 68.5 0.25 54.928246803570495
      vertex 77.5 0.25 54.928246803570495
    endloop
  endfacet
  facet normal 0 -1 0
    outer loop
      vertex 89.85 0.25 52.994123401785245
      vertex 95.5 0.25 54.928246803570495
      vertex 86.5 0.25 54.928246803570495
    endloop
  endfacet
  facet normal 0 -1 0
    outer loop
      vertex 92.15 0.25 52.994123401785245
      vertex 95.5 0.25 54.928246803570495
      vertex 89.85 0.25 52.994123401785245
    endloop
  endfacet
  facet normal 0 -1 0
    outer loop
      vertex 98.85 0.25 33.12587659821476
      vertex 100 0.25 30.92824680357049
      vertex 100 0.25 39.19175319642951
    endloop
  endfacet
  facet normal 0 -1 0
    outer loop
      vertex 100 0.25 30.92824680357049
      vertex 103.35 0.25 28.994123401785245
      vertex 100 0.25 39.19175319642951
    endloop
  endfacet
  facet normal 0 -1 0
    outer loop
      vertex 98.85 0.25 33.12587659821476
      vertex 100 0.25 39.19175319642951
      vertex 98.85 0.25 36.994123401785245
    endloop
  endfacet
  facet normal 0 -1 0
    outer loop
      vertex 98.85 0.25 36.994123401785245
      vertex 96.65 0.25 41.12587659821476
      vertex 95.5 0.25 38.928246803570495
    endloop
  endfacet
  facet normal 0 -1 0
    outer loop
      vertex 98.85 0.25 36.994123401785245
      vertex 100 0.25 39.19175319642951
      vertex 96.65 0.25 41.12587659821476
    endloop
  endfacet
  facet normal 0 -1 0
    outer loop
      vertex 103.35 0.25 28.994123401785245
      vertex 103.35 0.25 41.12587659821476
      vertex 100 0.25 39.19175319642951
    endloop
  endfacet
  facet normal 0 -1 0
    outer loop
      vertex 95.5 0.25 38.928246803570495
      vertex 96.65 0.25 41.12587659821476
      vertex 96.65 0.25 44.994123401785245
    endloop
  endfacet
  facet normal 0 -1 0
    outer loop
      vertex 94.35 0.25 41.12587659821476
      vertex 95.5 0.25 38.928246803570495
      vertex 95.5 0.25 47.19175319642951
    endloop
  endfacet
  facet normal 0 -1 0
    outer loop
      vertex 95.5 0.25 38.928246803570495
      vertex 96.65 0.25 44.994123401785245
      vertex 95.5 0.25 47.19175319642951
    endloop
  endfacet
  facet normal 0 -1 0
    outer loop
      vertex 94.35 0.25 41.12587659821476
      vertex 95.5 0.25 47.19175319642951
      vertex 94.35 0.25 44.994123401785245
    endloop
  endfacet
  facet normal 0 -1 0
    outer loop
      vertex 96.65 0.25 44.994123401785245
      vertex 100 0.25 46.928246803570495
      vertex 95.5 0.25 47.19175319642951
    endloop
  endfacet
  facet normal 0 -1 0
    outer loop
      vertex 95.5 0.25 47.19175319642951
      vertex 100 0.25 46.928246803570495
      vertex 98.85 0.25 49.12587659821476
    endloop
  endfacet
  facet normal 0 -1 0
    outer loop
      vertex 122 0.25 61.9797
      vertex 103.35 0.25 41.12587659821476
      vertex 103.35 0.25 28.994123401785245
    endloop
  endfacet
  facet normal 1 0 0
    outer loop
      vertex 125.75 4.005731857495378 61.980050299897705
      vertex 125.75 4 16.03
      vertex 125.75 22.15 20.994123401785245
    endloop
  endfacet
  facet normal 0.2588190451025216 -0.9659258262890681 0
    outer loop
      vertex 122 0.25 4.846438237272076
      vertex 123.87467187732338 0.752316815602138 61.9797
      vertex 122 0.25 61.9797
    endloop
  endfacet
  facet normal 0.2588190450972853 -0.9659258262904712 1.773333577285937e-13
    outer loop
      vertex 122 0.25 4.846438237272076
      vertex 123.875 0.752404735808355 61.9797
      vertex 123.87467187732338 0.752316815602138 61.9797
    endloop
  endfacet
  facet normal 0.7071067811868633 -0.7071067811862317 0
    outer loop
      vertex 124.2727086979284 1.150113433736745 4.645141734721319
      vertex 123.875 0.752404735808355 61.989700000000006
      vertex 123.875 0.752404735808355 61.9797
    endloop
  endfacet
  facet normal 0.7071067811865476 -0.7071067811865476 0
    outer loop
      vertex 123.875 0.752404735808355 61.989700000000006
      vertex 125.24759526419165 2.125 16.03
      vertex 125.24759526419165 2.125 61.989700000000006
    endloop
  endfacet
  facet normal 0.9659258262890682 -0.2588190451025211 -1.6184130621478387e-17
    outer loop
      vertex 125.24759526419165 2.125 61.989700000000006
      vertex 125.75 4 16.03
      vertex 125.74991214584443 3.999672123827767 61.9797
    endloop
  endfacet
  facet normal 0.9659258262896435 -0.258819045100374 0
    outer loop
      vertex 125.74991214584443 3.999672123827767 61.9797
      vertex 125.75 4 16.03
      vertex 125.75 4 61.9797
    endloop
  endfacet
  facet normal 1 0 0
    outer loop
      vertex 125.75 4 61.9797
      vertex 125.75 4 16.03
      vertex 125.75 4.005731857495378 61.980050299897705
    endloop
  endfacet
  facet normal 1 0 0
    outer loop
      vertex 125.75 4.005731857495378 61.980050299897705
      vertex 125.75 22.15 20.994123401785245
      vertex 125.75 25.5 22.92824680357049
    endloop
  endfacet
  facet normal 1 0 0
    outer loop
      vertex 125.75 4.005731857495378 61.980050299897705
      vertex 125.75 25.5 22.92824680357049
      vertex 125.75 28.85 20.994123401785245
    endloop
  endfacet
  facet normal 1 0 0
    outer loop
      vertex 125.75 4.005947008392677 61.98004292295769
      vertex 125.75 28.85 20.994123401785245
      vertex 125.75 26.65 25.125876598214752
    endloop
  endfacet
  facet normal 1 0 0
    outer loop
      vertex 125.75 4.005947008392677 61.98004292295769
      vertex 125.75 26.65 25.125876598214752
      vertex 125.75 22.15 33.12587659821476
    endloop
  endfacet
  facet normal 1 0 0
    outer loop
      vertex 125.75 4.005731857495378 61.980050299897705
      vertex 125.75 28.85 20.994123401785245
      vertex 125.75 4.005947008392677 61.98004292295769
    endloop
  endfacet
  facet normal 1 0 0
    outer loop
      vertex 125.75 4.005947008392677 61.98004292295769
      vertex 125.75 22.15 33.12587659821476
      vertex 125.75 22.15 36.994123401785245
    endloop
  endfacet
  facet normal 1 0 0
    outer loop
      vertex 125.75 4 61.989700000000006
      vertex 125.75 22.15 36.994123401785245
      vertex 125.75 25.5 38.928246803570495
    endloop
  endfacet
  facet normal 1 0 0
    outer loop
      vertex 125.75 4 61.989700000000006
      vertex 125.75 25.5 38.928246803570495
      vertex 125.75 26.65 41.12587659821476
    endloop
  endfacet
  facet normal 0 -1 0
    outer loop
      vertex 122 0.25 61.9797
      vertex 77.5 0.25 54.928246803570495
      vertex 86.5 0.25 54.928246803570495
    endloop
  endfacet
  facet normal 0 -1 0
    outer loop
      vertex 122 0.25 61.9797
      vertex 86.5 0.25 54.928246803570495
      vertex 95.5 0.25 54.928246803570495
    endloop
  endfacet
  facet normal 0 -1 0
    outer loop
      vertex 122 0.25 61.9797
      vertex 103.35 0.25 44.994123401785245
      vertex 103.35 0.25 41.12587659821476
    endloop
  endfacet
  facet normal 0 -1 0
    outer loop
      vertex 122 0.25 61.9797
      vertex 100 0.25 46.928246803570495
      vertex 103.35 0.25 44.994123401785245
    endloop
  endfacet
  facet normal 0 -1 0
    outer loop
      vertex 122 0.25 61.9797
      vertex 98.85 0.25 49.12587659821476
      vertex 100 0.25 46.928246803570495
    endloop
  endfacet
  facet normal 0 -1 0
    outer loop
      vertex 122 0.25 61.9797
      vertex 95.5 0.25 54.928246803570495
      vertex 98.85 0.25 52.994123401785245
    endloop
  endfacet
  facet normal 0 -1 0
    outer loop
      vertex 122 0.25 61.9797
      vertex 98.85 0.25 52.994123401785245
      vertex 98.85 0.25 49.12587659821476
    endloop
  endfacet
  facet normal 1 0 0
    outer loop
      vertex 125.75 4 61.989700000000006
      vertex 125.75 4.005947008392677 61.98004292295769
      vertex 125.75 22.15 36.994123401785245
    endloop
  endfacet
  facet normal 0 -1 0
    outer loop
      vertex 121.6861702127658 0.25 61.989700000000006
      vertex 122 0.25 61.98031737251687
      vertex 122 0.25 61.989700000000006
    endloop
  endfacet
  facet normal 0.25881904510252074 -0.9659258262890683 0
    outer loop
      vertex 122 0.25 61.98031737251687
      vertex 123.875 0.752404735808355 61.989700000000006
      vertex 122 0.25 61.989700000000006
    endloop
  endfacet
  facet normal 0.2588190451025207 -0.9659258262890682 0
    outer loop
      vertex 122 0.25 61.9797
      vertex 123.875 0.752404735808355 61.989700000000006
      vertex 122 0.25 61.98031737251687
    endloop
  endfacet
  facet normal 0.2588190451025216 -0.9659258262890681 -1.7733335773223787e-13
    outer loop
      vertex 122 0.25 61.9797
      vertex 123.87467187732338 0.752316815602138 61.9797
      vertex 123.875 0.752404735808355 61.989700000000006
    endloop
  endfacet
  facet normal 0.9659258262890683 -0.2588190451025207 7.435258774151204e-14
    outer loop
      vertex 125.24759526419165 2.125 61.989700000000006
      vertex 125.74991214584443 3.999672123827767 61.9797
      vertex 125.75 4 61.989700000000006
    endloop
  endfacet
  facet normal 1 0 0
    outer loop
      vertex 125.75 4 61.9797
      vertex 125.75 4.005731857495378 61.980050299897705
      vertex 125.75 4 61.98031639647408
    endloop
  endfacet
  facet normal 1 0 0
    outer loop
      vertex 125.75 4 61.989700000000006
      vertex 125.75 26.65 44.994123401785245
      vertex 125.75 22.15 49.12587659821476
    endloop
  endfacet
  facet normal 1 0 0
    outer loop
      vertex 125.75 4 61.989700000000006
      vertex 125.75 26.65 41.12587659821476
      vertex 125.75 26.65 44.994123401785245
    endloop
  endfacet
  facet normal 1 0 0
    outer loop
      vertex 125.75 4 61.989700000000006
      vertex 125.75 22.15 49.12587659821476
      vertex 125.75 22.15 52.994123401785245
    endloop
  endfacet
  facet normal 1 0 0
    outer loop
      vertex 125.75 4 61.989700000000006
      vertex 125.75 22.15 52.994123401785245
      vertex 125.75 25.5 54.928246803570495
    endloop
  endfacet
  facet normal 1 0 0
    outer loop
      vertex 125.75 31.15 33.12587659821476
      vertex 125.75 31.15 36.994123401785245
      vertex 125.75 28.85 33.12587659821476
    endloop
  endfacet
  facet normal 1 0 0
    outer loop
      vertex 125.75 28.85 33.12587659821476
      vertex 125.75 31.15 36.994123401785245
      vertex 125.75 28.85 36.994123401785245
    endloop
  endfacet
  facet normal 1 0 0
    outer loop
      vertex 125.75 25.5 38.928246803570495
      vertex 125.75 28.85 36.994123401785245
      vertex 125.75 26.65 41.12587659821476
    endloop
  endfacet
  facet normal 1 0 0
    outer loop
      vertex 125.75 30 39.19175319642951
      vertex 125.75 26.65 41.12587659821476
      vertex 125.75 28.85 36.994123401785245
    endloop
  endfacet
  facet normal 1 0 0
    outer loop
      vertex 125.75 30 39.19175319642951
      vertex 125.75 28.85 36.994123401785245
      vertex 125.75 31.15 36.994123401785245
    endloop
  endfacet
  facet normal 1 0 0
    outer loop
      vertex 125.75 25.5 47.19175319642951
      vertex 125.75 22.15 49.12587659821476
      vertex 125.75 26.65 44.994123401785245
    endloop
  endfacet
  facet normal 1 0 0
    outer loop
      vertex 125.75 25.5 47.19175319642951
      vertex 125.75 26.65 44.994123401785245
      vertex 125.75 30 46.928246803570495
    endloop
  endfacet
  facet normal 1 0 0
    outer loop
      vertex 125.75 25.5 47.19175319642951
      vertex 125.75 30 46.928246803570495
      vertex 125.75 31.15 49.12587659821476
    endloop
  endfacet
  facet normal 1 0 0
    outer loop
      vertex 125.75 28.85 49.12587659821476
      vertex 125.75 25.5 47.19175319642951
      vertex 125.75 31.15 49.12587659821476
    endloop
  endfacet
  facet normal 1 0 0
    outer loop
      vertex 125.75 30 46.928246803570495
      vertex 125.75 33.35 44.994123401785245
      vertex 125.75 31.15 49.12587659821476
    endloop
  endfacet
  facet normal 1 0 0
    outer loop
      vertex 125.75 30 39.19175319642951
      vertex 125.75 31.15 36.994123401785245
      vertex 125.75 34.5 38.928246803570495
    endloop
  endfacet
  facet normal 1 0 0
    outer loop
      vertex 125.75 33.35 41.12587659821476
      vertex 125.75 30 39.19175319642951
      vertex 125.75 34.5 38.928246803570495
    endloop
  endfacet
  facet normal 1 0 0
    outer loop
      vertex 125.75 33.35 41.12587659821476
      vertex 125.75 34.5 38.928246803570495
      vertex 125.75 37.85 36.994123401785245
    endloop
  endfacet
  facet normal 1 0 0
    outer loop
      vertex 125.75 33.35 41.12587659821476
      vertex 125.75 37.85 36.994123401785245
      vertex 125.75 33.35 44.994123401785245
    endloop
  endfacet
  facet normal 1 0 0
    outer loop
      vertex 125.75 33.35 44.994123401785245
      vertex 125.75 37.85 36.994123401785245
      vertex 125.75 35.65 41.12587659821476
    endloop
  endfacet
  facet normal 1 0 0
    outer loop
      vertex 125.75 40.15 36.994123401785245
      vertex 125.75 37.85 33.12587659821476
      vertex 125.75 40.15 33.12587659821476
    endloop
  endfacet
  facet normal 1 0 0
    outer loop
      vertex 125.75 37.85 33.12587659821476
      vertex 125.75 40.15 36.994123401785245
      vertex 125.75 37.85 36.994123401785245
    endloop
  endfacet
  facet normal 1 0 0
    outer loop
      vertex 125.75 39 39.19175319642951
      vertex 125.75 35.65 41.12587659821476
      vertex 125.75 37.85 36.994123401785245
    endloop
  endfacet
  facet normal 1 0 0
    outer loop
      vertex 125.75 37.85 36.994123401785245
      vertex 125.75 40.15 36.994123401785245
      vertex 125.75 43.5 38.928246803570495
    endloop
  endfacet
  facet normal 1 0 0
    outer loop
      vertex 125.75 39 39.19175319642951
      vertex 125.75 37.85 36.994123401785245
      vertex 125.75 43.5 38.928246803570495
    endloop
  endfacet
  facet normal 1 0 0
    outer loop
      vertex 125.75 33.35 44.994123401785245
      vertex 125.75 35.65 41.12587659821476
      vertex 125.75 31.15 49.12587659821476
    endloop
  endfacet
  facet normal 1 0 0
    outer loop
      vertex 125.75 35.65 44.994123401785245
      vertex 125.75 31.15 49.12587659821476
      vertex 125.75 35.65 41.12587659821476
    endloop
  endfacet
  facet normal 1 0 0
    outer loop
      vertex 125.75 34.5 47.19175319642951
      vertex 125.75 31.15 49.12587659821476
      vertex 125.75 35.65 44.994123401785245
    endloop
  endfacet
  facet normal 1 0 0
    outer loop
      vertex 125.75 34.5 47.19175319642951
      vertex 125.75 35.65 44.994123401785245
      vertex 125.75 39 46.928246803570495
    endloop
  endfacet
  facet normal 1 0 0
    outer loop
      vertex 125.75 39 46.928246803570495
      vertex 125.75 40.15 49.12587659821476
      vertex 125.75 34.5 47.19175319642951
    endloop
  endfacet
  facet normal 1 0 0
    outer loop
      vertex 125.75 37.85 49.12587659821476
      vertex 125.75 34.5 47.19175319642951
      vertex 125.75 40.15 49.12587659821476
    endloop
  endfacet
  facet normal 1 0 0
    outer loop
      vertex 125.75 39 46.928246803570495
      vertex 125.75 42.35 44.994123401785245
      vertex 125.75 40.15 49.12587659821476
    endloop
  endfacet
  facet normal 1 0 0
    outer loop
      vertex 125.75 4 61.989700000000006
      vertex 125.75 25.5 54.928246803570495
      vertex 125.75 34.5 54.928246803570495
    endloop
  endfacet
  facet normal 1 0 0
    outer loop
      vertex 125.75 28.85 49.12587659821476
      vertex 125.75 31.15 49.12587659821476
      vertex 125.75 31.15 52.994123401785245
    endloop
  endfacet
  facet normal 1 0 0
    outer loop
      vertex 125.75 28.85 49.12587659821476
      vertex 125.75 31.15 52.994123401785245
      vertex 125.75 28.85 52.994123401785245
    endloop
  endfacet
  facet normal 1 0 0
    outer loop
      vertex 125.75 4 61.989700000000006
      vertex 125.75 34.5 54.928246803570495
      vertex 125.75 43.5 54.928246803570495
    endloop
  endfacet
  facet normal 1 0 0
    outer loop
      vertex 125.75 25.5 54.928246803570495
      vertex 125.75 28.85 52.994123401785245
      vertex 125.75 34.5 54.928246803570495
    endloop
  endfacet
  facet normal 1 0 0
    outer loop
      vertex 125.75 28.85 52.994123401785245
      vertex 125.75 31.15 52.994123401785245
      vertex 125.75 34.5 54.928246803570495
    endloop
  endfacet
  facet normal 1 0 0
    outer loop
      vertex 125.75 4 61.989700000000006
      vertex 125.75 43.5 54.928246803570495
      vertex 125.75 52.5 54.928246803570495
    endloop
  endfacet
  facet normal 1 0 0
    outer loop
      vertex 125.75 37.85 49.12587659821476
      vertex 125.75 40.15 49.12587659821476
      vertex 125.75 40.15 52.994123401785245
    endloop
  endfacet
  facet normal 1 0 0
    outer loop
      vertex 125.75 37.85 49.12587659821476
      vertex 125.75 40.15 52.994123401785245
      vertex 125.75 37.85 52.994123401785245
    endloop
  endfacet
  facet normal 1 0 0
    outer loop
      vertex 125.75 34.5 54.928246803570495
      vertex 125.75 37.85 52.994123401785245
      vertex 125.75 43.5 54.928246803570495
    endloop
  endfacet
  facet normal 1 0 0
    outer loop
      vertex 125.75 37.85 52.994123401785245
      vertex 125.75 40.15 52.994123401785245
      vertex 125.75 43.5 54.928246803570495
    endloop
  endfacet
  facet normal 0 1 0
    outer loop
      vertex 39.20096317772363 83.75 5
      vertex 122 83.75 5.66
      vertex 44.79903682227637 83.75 5
    endloop
  endfacet
  facet normal 0 1 0
    outer loop
      vertex 44.79903682227637 83.75 5
      vertex 81.20096317772361 83.75 5
      vertex 80.85591302896304 83.75 4.846438237272067
    endloop
  endfacet
  facet normal 0 1 0
    outer loop
      vertex 44.79903682227637 83.75 5
      vertex 122 83.75 5.66
      vertex 81.20096317772361 83.75 5
    endloop
  endfacet
  facet normal 1 0 0
    outer loop
      vertex 125.75 46.85 17.125876598214752
      vertex 125.75 44.9518860530663 16.03
      vertex 125.75 51.0481139469337 16.03
    endloop
  endfacet
  facet normal 1 0 0
    outer loop
      vertex 125.75 44.90467843311631 5
      vertex 125.75 45.99999999999999 4.750000000000001
      vertex 125.75 80.00000000000001 4.749999999999997
    endloop
  endfacet
  facet normal 1 0 0
    outer loop
      vertex 125.75 55.85 17.125876598214752
      vertex 125.75 53.9518860530663 16.03
      vertex 125.75 60.0481139469337 16.03
    endloop
  endfacet
  facet normal 1 0 0
    outer loop
      vertex 125.75 42.35 25.125876598214752
      vertex 125.75 43.5 22.92824680357049
      vertex 125.75 44.65 25.125876598214752
    endloop
  endfacet
  facet normal 1 0 0
    outer loop
      vertex 125.75 43.5 22.92824680357049
      vertex 125.75 46.85 20.994123401785245
      vertex 125.75 44.65 25.125876598214752
    endloop
  endfacet
  facet normal 1 0 0
    outer loop
      vertex 125.75 48 23.191753196429506
      vertex 125.75 44.65 25.125876598214752
      vertex 125.75 46.85 20.994123401785245
    endloop
  endfacet
  facet normal 1 0 0
    outer loop
      vertex 125.75 49.15 20.994123401785245
      vertex 125.75 46.85 17.125876598214752
      vertex 125.75 49.15 17.125876598214752
    endloop
  endfacet
  facet normal 1 0 0
    outer loop
      vertex 125.75 46.85 17.125876598214752
      vertex 125.75 51.0481139469337 16.03
      vertex 125.75 49.15 17.125876598214752
    endloop
  endfacet
  facet normal 1 0 0
    outer loop
      vertex 125.75 49.15 20.994123401785245
      vertex 125.75 46.85 20.994123401785245
      vertex 125.75 46.85 17.125876598214752
    endloop
  endfacet
  facet normal 1 0 0
    outer loop
      vertex 125.75 49.15 20.994123401785245
      vertex 125.75 48 23.191753196429506
      vertex 125.75 46.85 20.994123401785245
    endloop
  endfacet
  facet normal 1 0 0
    outer loop
      vertex 125.75 49.15 20.994123401785245
      vertex 125.75 52.5 22.92824680357049
      vertex 125.75 48 23.191753196429506
    endloop
  endfacet
  facet normal 1 0 0
    outer loop
      vertex 125.75 51.35 25.125876598214752
      vertex 125.75 48 23.191753196429506
      vertex 125.75 52.5 22.92824680357049
    endloop
  endfacet
  facet normal 1 0 0
    outer loop
      vertex 125.75 44.65 28.994123401785245
      vertex 125.75 42.35 25.125876598214752
      vertex 125.75 44.65 25.125876598214752
    endloop
  endfacet
  facet normal 1 0 0
    outer loop
      vertex 125.75 44.65 28.994123401785245
      vertex 125.75 42.35 28.994123401785245
      vertex 125.75 42.35 25.125876598214752
    endloop
  endfacet
  facet normal 1 0 0
    outer loop
      vertex 125.75 44.65 28.994123401785245
      vertex 125.75 43.5 31.19175319642951
      vertex 125.75 42.35 28.994123401785245
    endloop
  endfacet
  facet normal 1 0 0
    outer loop
      vertex 125.75 42.35 28.994123401785245
      vertex 125.75 43.5 31.19175319642951
      vertex 125.75 40.15 33.12587659821476
    endloop
  endfacet
  facet normal 1 0 0
    outer loop
      vertex 125.75 43.5 31.19175319642951
      vertex 125.75 44.65 28.994123401785245
      vertex 125.75 48 30.92824680357049
    endloop
  endfacet
  facet normal 1 0 0
    outer loop
      vertex 125.75 46.85 33.12587659821476
      vertex 125.75 43.5 31.19175319642951
      vertex 125.75 48 30.92824680357049
    endloop
  endfacet
  facet normal 1 0 0
    outer loop
      vertex 125.75 53.65 28.994123401785245
      vertex 125.75 51.35 28.994123401785245
      vertex 125.75 51.35 25.125876598214752
    endloop
  endfacet
  facet normal 1 0 0
    outer loop
      vertex 125.75 46.85 33.12587659821476
      vertex 125.75 48 30.92824680357049
      vertex 125.75 51.35 28.994123401785245
    endloop
  endfacet
  facet normal 1 0 0
    outer loop
      vertex 125.75 49.15 33.12587659821476
      vertex 125.75 46.85 33.12587659821476
      vertex 125.75 51.35 28.994123401785245
    endloop
  endfacet
  facet normal 1 0 0
    outer loop
      vertex 125.75 49.15 33.12587659821476
      vertex 125.75 51.35 28.994123401785245
      vertex 125.75 52.5 31.19175319642951
    endloop
  endfacet
  facet normal 1 0 0
    outer loop
      vertex 125.75 58.15 20.994123401785245
      vertex 125.75 55.85 17.125876598214752
      vertex 125.75 58.15 17.125876598214752
    endloop
  endfacet
  facet normal 1 0 0
    outer loop
      vertex 125.75 58.15 20.994123401785245
      vertex 125.75 55.85 20.994123401785245
      vertex 125.75 55.85 17.125876598214752
    endloop
  endfacet
  facet normal 1 0 0
    outer loop
      vertex 125.75 51.35 25.125876598214752
      vertex 125.75 52.5 22.92824680357049
      vertex 125.75 55.85 20.994123401785245
    endloop
  endfacet
  facet normal 1 0 0
    outer loop
      vertex 125.75 58.15 20.994123401785245
      vertex 125.75 53.65 25.125876598214752
      vertex 125.75 51.35 25.125876598214752
    endloop
  endfacet
  facet normal 1 0 0
    outer loop
      vertex 125.75 51.35 25.125876598214752
      vertex 125.75 55.85 20.994123401785245
      vertex 125.75 58.15 20.994123401785245
    endloop
  endfacet
  facet normal 1 0 0
    outer loop
      vertex 125.75 58.15 20.994123401785245
      vertex 125.75 57 23.191753196429506
      vertex 125.75 53.65 25.125876598214752
    endloop
  endfacet
  facet normal 1 0 0
    outer loop
      vertex 125.75 55.85 17.125876598214752
      vertex 125.75 60.0481139469337 16.03
      vertex 125.75 58.15 17.125876598214752
    endloop
  endfacet
  facet normal 1 0 0
    outer loop
      vertex 125.75 58.15 20.994123401785245
      vertex 125.75 61.5 22.92824680357049
      vertex 125.75 57 23.191753196429506
    endloop
  endfacet
  facet normal 1 0 0
    outer loop
      vertex 125.75 60.35 25.125876598214752
      vertex 125.75 57 23.191753196429506
      vertex 125.75 61.5 22.92824680357049
    endloop
  endfacet
  facet normal 1 0 0
    outer loop
      vertex 125.75 60.35 25.125876598214752
      vertex 125.75 61.5 22.92824680357049
      vertex 125.75 62.65 25.125876598214752
    endloop
  endfacet
  facet normal 1 0 0
    outer loop
      vertex 125.75 51.35 25.125876598214752
      vertex 125.75 53.65 25.125876598214752
      vertex 125.75 53.65 28.994123401785245
    endloop
  endfacet
  facet normal 1 0 0
    outer loop
      vertex 125.75 52.5 31.19175319642951
      vertex 125.75 51.35 28.994123401785245
      vertex 125.75 57 30.92824680357049
    endloop
  endfacet
  facet normal 1 0 0
    outer loop
      vertex 125.75 53.65 28.994123401785245
      vertex 125.75 57 30.92824680357049
      vertex 125.75 51.35 28.994123401785245
    endloop
  endfacet
  facet normal 1 0 0
    outer loop
      vertex 125.75 55.85 33.12587659821476
      vertex 125.75 52.5 31.19175319642951
      vertex 125.75 58.15 33.12587659821476
    endloop
  endfacet
  facet normal 1 0 0
    outer loop
      vertex 125.75 57 30.92824680357049
      vertex 125.75 61.5 31.19175319642951
      vertex 125.75 52.5 31.19175319642951
    endloop
  endfacet
  facet normal 1 0 0
    outer loop
      vertex 125.75 61.5 31.19175319642951
      vertex 125.75 58.15 33.12587659821476
      vertex 125.75 52.5 31.19175319642951
    endloop
  endfacet
  facet normal 1 0 0
    outer loop
      vertex 125.75 60.35 25.125876598214752
      vertex 125.75 62.65 25.125876598214752
      vertex 125.75 62.65 28.994123401785245
    endloop
  endfacet
  facet normal 1 0 0
    outer loop
      vertex 125.75 60.35 25.125876598214752
      vertex 125.75 62.65 28.994123401785245
      vertex 125.75 60.35 28.994123401785245
    endloop
  endfacet
  facet normal 1 0 0
    outer loop
      vertex 125.75 57 30.92824680357049
      vertex 125.75 60.35 28.994123401785245
      vertex 125.75 66 30.92824680357049
    endloop
  endfacet
  facet normal 1 0 0
    outer loop
      vertex 125.75 57 30.92824680357049
      vertex 125.75 66 30.92824680357049
      vertex 125.75 61.5 31.19175319642951
    endloop
  endfacet
  facet normal 0 1 0
    outer loop
      vertex 81.20096317772361 83.75 5
      vertex 122 83.75 5.66
      vertex 86.79903682227639 83.75 5
    endloop
  endfacet
  facet normal 0 1 0
    outer loop
      vertex 86.79903682227639 83.75 5
      vertex 122 83.75 5.66
      vertex 87.14408697103696 83.75 4.846438237272067
    endloop
  endfacet
  facet normal 1 0 0
    outer loop
      vertex 125.75 44.90467843311631 5
      vertex 125.75 80.00000000000001 4.749999999999997
      vertex 125.75 66.62770137524558 5.66
    endloop
  endfacet
  facet normal 1 0 0
    outer loop
      vertex 125.75 62.9518860530663 16.03
      vertex 125.75 69.0481139469337 16.03
      vertex 125.75 64.85 17.125876598214752
    endloop
  endfacet
  facet normal 0 1 0
    outer loop
      vertex 87.14408697103696 83.75 4.846438237272067
      vertex 122 83.75 5.66
      vertex 122 83.75 4.846438237272073
    endloop
  endfacet
  facet normal 1 0 0
    outer loop
      vertex 125.75 80.00000000000001 4.749999999999997
      vertex 125.75 79.5 5.66
      vertex 125.75 66.62770137524558 5.66
    endloop
  endfacet
  facet normal 0.9659258262890679 0.25881904510252257 2.5706331655438284e-15
    outer loop
      vertex 125.75 80.00000000000001 4.749999999999997
      vertex 125.32141306172502 81.5995082291026 4.686490377251041
      vertex 125.64282032302755 80.4 5.66
    endloop
  endfacet
  facet normal 0.25881904510252074 0.9659258262890683 0
    outer loop
      vertex 122 83.75 4.846438237272073
      vertex 123.875 83.24759526419165 5.66
      vertex 123.875 83.24759526419165 4.835682815830598
    endloop
  endfacet
  facet normal 0.2588190451025208 0.9659258262890683 1.1067066032674939e-14
    outer loop
      vertex 122 83.75 4.846438237272073
      vertex 123.875 83.24759526419165 4.835682815830598
      vertex 122.80658422923312 83.53387640714931 4.624756623534056
    endloop
  endfacet
  facet normal 0.25881904510252074 0.9659258262890684 0
    outer loop
      vertex 122 83.75 4.846438237272073
      vertex 122 83.75 5.66
      vertex 123.875 83.24759526419165 5.66
    endloop
  endfacet
  facet normal 0.965925826289068 0.25881904510252224 2.0672419216444643e-15
    outer loop
      vertex 125.32141306172502 81.5995082291026 4.686490377251041
      vertex 125.24759526419165 81.875 4.803476700185672
      vertex 125.64282032302755 80.4 5.66
    endloop
  endfacet
  facet normal 0.7071067811865476 0.7071067811865476 0
    outer loop
      vertex 125.24759526419165 81.875 4.803476700185672
      vertex 124.27270869792838 82.84988656626327 4.645141734721314
      vertex 125.24759526419165 81.875 5.66
    endloop
  endfacet
  facet normal 0.9659258262890682 0.2588190451025211 0
    outer loop
      vertex 125.24759526419165 81.875 4.803476700185672
      vertex 125.24759526419165 81.875 5.66
      vertex 125.64282032302755 80.4 5.66
    endloop
  endfacet
  facet normal 0.7071067811865476 0.7071067811865476 0
    outer loop
      vertex 124.27270869792838 82.84988656626327 4.645141734721314
      vertex 123.875 83.24759526419165 4.835682815830598
      vertex 125.24759526419165 81.875 5.66
    endloop
  endfacet
  facet normal 0.7071067811865476 0.7071067811865476 0
    outer loop
      vertex 123.875 83.24759526419165 4.835682815830598
      vertex 123.875 83.24759526419165 5.66
      vertex 125.24759526419165 81.875 5.66
    endloop
  endfacet
  facet normal 1 0 0
    outer loop
      vertex 125.75 79.5 16.03
      vertex 125.75 73.85 17.125876598214752
      vertex 125.75 71.9518860530663 16.03
    endloop
  endfacet
  facet normal 1 0 0
    outer loop
      vertex 125.75 80.00000000000001 4.749999999999997
      vertex 125.75 79.5 16.03
      vertex 125.75 79.5 5.66
    endloop
  endfacet
  facet normal 1 0 0
    outer loop
      vertex 125.75 67.15 20.994123401785245
      vertex 125.75 64.85 17.125876598214752
      vertex 125.75 67.15 17.125876598214752
    endloop
  endfacet
  facet normal 1 0 0
    outer loop
      vertex 125.75 64.85 17.125876598214752
      vertex 125.75 69.0481139469337 16.03
      vertex 125.75 67.15 17.125876598214752
    endloop
  endfacet
  facet normal 1 0 0
    outer loop
      vertex 125.75 67.15 20.994123401785245
      vertex 125.75 64.85 20.994123401785245
      vertex 125.75 64.85 17.125876598214752
    endloop
  endfacet
  facet normal 1 0 0
    outer loop
      vertex 125.75 61.5 22.92824680357049
      vertex 125.75 64.85 20.994123401785245
      vertex 125.75 62.65 25.125876598214752
    endloop
  endfacet
  facet normal 1 0 0
    outer loop
      vertex 125.75 64.85 20.994123401785245
      vertex 125.75 66 23.191753196429506
      vertex 125.75 62.65 25.125876598214752
    endloop
  endfacet
  facet normal 1 0 0
    outer loop
      vertex 125.75 66 23.191753196429506
      vertex 125.75 64.85 20.994123401785245
      vertex 125.75 67.15 20.994123401785245
    endloop
  endfacet
  facet normal 1 0 0
    outer loop
      vertex 125.75 66 23.191753196429506
      vertex 125.75 67.15 20.994123401785245
      vertex 125.75 70.5 22.92824680357049
    endloop
  endfacet
  facet normal 1 0 0
    outer loop
      vertex 125.75 69.35 25.125876598214752
      vertex 125.75 66 23.191753196429506
      vertex 125.75 70.5 22.92824680357049
    endloop
  endfacet
  facet normal 1 0 0
    outer loop
      vertex 125.75 69.35 25.125876598214752
      vertex 125.75 70.5 22.92824680357049
      vertex 125.75 71.65 25.125876598214752
    endloop
  endfacet
  facet normal 1 0 0
    outer loop
      vertex 125.75 70.5 22.92824680357049
      vertex 125.75 73.85 20.994123401785245
      vertex 125.75 71.65 25.125876598214752
    endloop
  endfacet
  facet normal 1 0 0
    outer loop
      vertex 125.75 60.35 28.994123401785245
      vertex 125.75 62.65 28.994123401785245
      vertex 125.75 66 30.92824680357049
    endloop
  endfacet
  facet normal 1 0 0
    outer loop
      vertex 125.75 64.85 33.12587659821476
      vertex 125.75 61.5 31.19175319642951
      vertex 125.75 67.15 33.12587659821476
    endloop
  endfacet
  facet normal 1 0 0
    outer loop
      vertex 125.75 66 30.92824680357049
      vertex 125.75 70.5 31.19175319642951
      vertex 125.75 61.5 31.19175319642951
    endloop
  endfacet
  facet normal 1 0 0
    outer loop
      vertex 125.75 70.5 31.19175319642951
      vertex 125.75 67.15 33.12587659821476
      vertex 125.75 61.5 31.19175319642951
    endloop
  endfacet
  facet normal 1 0 0
    outer loop
      vertex 125.75 71.65 28.994123401785245
      vertex 125.75 69.35 28.994123401785245
      vertex 125.75 69.35 25.125876598214752
    endloop
  endfacet
  facet normal 1 0 0
    outer loop
      vertex 125.75 71.65 28.994123401785245
      vertex 125.75 69.35 25.125876598214752
      vertex 125.75 71.65 25.125876598214752
    endloop
  endfacet
  facet normal 1 0 0
    outer loop
      vertex 125.75 66 30.92824680357049
      vertex 125.75 69.35 28.994123401785245
      vertex 125.75 75 30.92824680357049
    endloop
  endfacet
  facet normal 1 0 0
    outer loop
      vertex 125.75 66 30.92824680357049
      vertex 125.75 75 30.92824680357049
      vertex 125.75 70.5 31.19175319642951
    endloop
  endfacet
  facet normal 1 0 0
    outer loop
      vertex 125.75 71.65 28.994123401785245
      vertex 125.75 75 30.92824680357049
      vertex 125.75 69.35 28.994123401785245
    endloop
  endfacet
  facet normal 1 0 0
    outer loop
      vertex 125.75 73.85 33.12587659821476
      vertex 125.75 70.5 31.19175319642951
      vertex 125.75 75 30.92824680357049
    endloop
  endfacet
  facet normal 1 0 0
    outer loop
      vertex 125.75 79.5 16.03
      vertex 125.75 73.85 20.994123401785245
      vertex 125.75 73.85 17.125876598214752
    endloop
  endfacet
  facet normal 1 0 0
    outer loop
      vertex 125.75 79.5 16.03
      vertex 125.75 75 23.191753196429506
      vertex 125.75 73.85 20.994123401785245
    endloop
  endfacet
  facet normal 1 0 0
    outer loop
      vertex 125.75 73.85 20.994123401785245
      vertex 125.75 75 23.191753196429506
      vertex 125.75 71.65 25.125876598214752
    endloop
  endfacet
  facet normal 1 0 0
    outer loop
      vertex 125.75 79.5 16.03
      vertex 125.75 78.35 25.125876598214752
      vertex 125.75 75 23.191753196429506
    endloop
  endfacet
  facet normal 1 0 0
    outer loop
      vertex 125.75 79.5 16.03
      vertex 125.75 78.35 28.994123401785245
      vertex 125.75 78.35 25.125876598214752
    endloop
  endfacet
  facet normal 0.9659258262890664 0.258819045102528 0
    outer loop
      vertex 125.75 80.00000000000001 4.749999999999997
      vertex 125.64282032302755 80.4 5.66
      vertex 125.64282032302755 80.4 61.989700000000006
    endloop
  endfacet
  facet normal 1 0 0
    outer loop
      vertex 125.75 80.00000000000001 4.749999999999997
      vertex 125.75 80 61.989700000000006
      vertex 125.75 79.5 16.03
    endloop
  endfacet
  facet normal 1 0 0
    outer loop
      vertex 125.75 79.5 16.03
      vertex 125.75 78.35 41.12587659821476
      vertex 125.75 78.35 28.994123401785245
    endloop
  endfacet
  facet normal 1 0 0
    outer loop
      vertex 125.75 39 39.19175319642951
      vertex 125.75 44.65 41.12587659821476
      vertex 125.75 42.35 41.12587659821476
    endloop
  endfacet
  facet normal 1 0 0
    outer loop
      vertex 125.75 39 39.19175319642951
      vertex 125.75 43.5 38.928246803570495
      vertex 125.75 48 39.19175319642951
    endloop
  endfacet
  facet normal 1 0 0
    outer loop
      vertex 125.75 39 39.19175319642951
      vertex 125.75 48 39.19175319642951
      vertex 125.75 44.65 41.12587659821476
    endloop
  endfacet
  facet normal 1 0 0
    outer loop
      vertex 125.75 43.5 38.928246803570495
      vertex 125.75 46.85 36.994123401785245
      vertex 125.75 48 39.19175319642951
    endloop
  endfacet
  facet normal 1 0 0
    outer loop
      vertex 125.75 49.15 33.12587659821476
      vertex 125.75 46.85 36.994123401785245
      vertex 125.75 46.85 33.12587659821476
    endloop
  endfacet
  facet normal 1 0 0
    outer loop
      vertex 125.75 49.15 33.12587659821476
      vertex 125.75 48 39.19175319642951
      vertex 125.75 46.85 36.994123401785245
    endloop
  endfacet
  facet normal 1 0 0
    outer loop
      vertex 125.75 49.15 33.12587659821476
      vertex 125.75 49.15 36.994123401785245
      vertex 125.75 48 39.19175319642951
    endloop
  endfacet
  facet normal 1 0 0
    outer loop
      vertex 125.75 48 39.19175319642951
      vertex 125.75 49.15 36.994123401785245
      vertex 125.75 52.5 38.928246803570495
    endloop
  endfacet
  facet normal 1 0 0
    outer loop
      vertex 125.75 51.35 41.12587659821476
      vertex 125.75 48 39.19175319642951
      vertex 125.75 53.65 41.12587659821476
    endloop
  endfacet
  facet normal 1 0 0
    outer loop
      vertex 125.75 44.65 44.994123401785245
      vertex 125.75 42.35 41.12587659821476
      vertex 125.75 44.65 41.12587659821476
    endloop
  endfacet
  facet normal 1 0 0
    outer loop
      vertex 125.75 44.65 44.994123401785245
      vertex 125.75 42.35 44.994123401785245
      vertex 125.75 42.35 41.12587659821476
    endloop
  endfacet
  facet normal 1 0 0
    outer loop
      vertex 125.75 42.35 44.994123401785245
      vertex 125.75 43.5 47.19175319642951
      vertex 125.75 40.15 49.12587659821476
    endloop
  endfacet
  facet normal 1 0 0
    outer loop
      vertex 125.75 42.35 44.994123401785245
      vertex 125.75 44.65 44.994123401785245
      vertex 125.75 48 46.928246803570495
    endloop
  endfacet
  facet normal 1 0 0
    outer loop
      vertex 125.75 42.35 44.994123401785245
      vertex 125.75 48 46.928246803570495
      vertex 125.75 43.5 47.19175319642951
    endloop
  endfacet
  facet normal 1 0 0
    outer loop
      vertex 125.75 48 46.928246803570495
      vertex 125.75 49.15 49.12587659821476
      vertex 125.75 43.5 47.19175319642951
    endloop
  endfacet
  facet normal 1 0 0
    outer loop
      vertex 125.75 46.85 49.12587659821476
      vertex 125.75 43.5 47.19175319642951
      vertex 125.75 49.15 49.12587659821476
    endloop
  endfacet
  facet normal 1 0 0
    outer loop
      vertex 125.75 53.65 44.994123401785245
      vertex 125.75 51.35 44.994123401785245
      vertex 125.75 51.35 41.12587659821476
    endloop
  endfacet
  facet normal 1 0 0
    outer loop
      vertex 125.75 48 46.928246803570495
      vertex 125.75 51.35 44.994123401785245
      vertex 125.75 49.15 49.12587659821476
    endloop
  endfacet
  facet normal 1 0 0
    outer loop
      vertex 125.75 51.35 44.994123401785245
      vertex 125.75 52.5 47.19175319642951
      vertex 125.75 49.15 49.12587659821476
    endloop
  endfacet
  facet normal 1 0 0
    outer loop
      vertex 125.75 58.15 33.12587659821476
      vertex 125.75 58.15 36.994123401785245
      vertex 125.75 55.85 33.12587659821476
    endloop
  endfacet
  facet normal 1 0 0
    outer loop
      vertex 125.75 58.15 36.994123401785245
      vertex 125.75 55.85 36.994123401785245
      vertex 125.75 55.85 33.12587659821476
    endloop
  endfacet
  facet normal 1 0 0
    outer loop
      vertex 125.75 48 39.19175319642951
      vertex 125.75 52.5 38.928246803570495
      vertex 125.75 57 39.19175319642951
    endloop
  endfacet
  facet normal 1 0 0
    outer loop
      vertex 125.75 48 39.19175319642951
      vertex 125.75 57 39.19175319642951
      vertex 125.75 53.65 41.12587659821476
    endloop
  endfacet
  facet normal 1 0 0
    outer loop
      vertex 125.75 52.5 38.928246803570495
      vertex 125.75 55.85 36.994123401785245
      vertex 125.75 61.5 38.928246803570495
    endloop
  endfacet
  facet normal 1 0 0
    outer loop
      vertex 125.75 52.5 38.928246803570495
      vertex 125.75 61.5 38.928246803570495
      vertex 125.75 57 39.19175319642951
    endloop
  endfacet
  facet normal 1 0 0
    outer loop
      vertex 125.75 58.15 36.994123401785245
      vertex 125.75 61.5 38.928246803570495
      vertex 125.75 55.85 36.994123401785245
    endloop
  endfacet
  facet normal 1 0 0
    outer loop
      vertex 125.75 60.35 41.12587659821476
      vertex 125.75 57 39.19175319642951
      vertex 125.75 62.65 41.12587659821476
    endloop
  endfacet
  facet normal 1 0 0
    outer loop
      vertex 125.75 57 39.19175319642951
      vertex 125.75 61.5 38.928246803570495
      vertex 125.75 66 39.19175319642951
    endloop
  endfacet
  facet normal 1 0 0
    outer loop
      vertex 125.75 57 39.19175319642951
      vertex 125.75 66 39.19175319642951
      vertex 125.75 62.65 41.12587659821476
    endloop
  endfacet
  facet normal 1 0 0
    outer loop
      vertex 125.75 53.65 44.994123401785245
      vertex 125.75 51.35 41.12587659821476
      vertex 125.75 53.65 41.12587659821476
    endloop
  endfacet
  facet normal 1 0 0
    outer loop
      vertex 125.75 51.35 44.994123401785245
      vertex 125.75 57 46.928246803570495
      vertex 125.75 52.5 47.19175319642951
    endloop
  endfacet
  facet normal 1 0 0
    outer loop
      vertex 125.75 51.35 44.994123401785245
      vertex 125.75 53.65 44.994123401785245
      vertex 125.75 57 46.928246803570495
    endloop
  endfacet
  facet normal 1 0 0
    outer loop
      vertex 125.75 57 46.928246803570495
      vertex 125.75 58.15 49.12587659821476
      vertex 125.75 52.5 47.19175319642951
    endloop
  endfacet
  facet normal 1 0 0
    outer loop
      vertex 125.75 55.85 49.12587659821476
      vertex 125.75 52.5 47.19175319642951
      vertex 125.75 58.15 49.12587659821476
    endloop
  endfacet
  facet normal 1 0 0
    outer loop
      vertex 125.75 60.35 41.12587659821476
      vertex 125.75 62.65 41.12587659821476
      vertex 125.75 62.65 44.994123401785245
    endloop
  endfacet
  facet normal 1 0 0
    outer loop
      vertex 125.75 60.35 41.12587659821476
      vertex 125.75 62.65 44.994123401785245
      vertex 125.75 60.35 44.994123401785245
    endloop
  endfacet
  facet normal 1 0 0
    outer loop
      vertex 125.75 57 46.928246803570495
      vertex 125.75 60.35 44.994123401785245
      vertex 125.75 58.15 49.12587659821476
    endloop
  endfacet
  facet normal 1 0 0
    outer loop
      vertex 125.75 61.5 47.19175319642951
      vertex 125.75 58.15 49.12587659821476
      vertex 125.75 60.35 44.994123401785245
    endloop
  endfacet
  facet normal 1 0 0
    outer loop
      vertex 125.75 61.5 47.19175319642951
      vertex 125.75 60.35 44.994123401785245
      vertex 125.75 66 46.928246803570495
    endloop
  endfacet
  facet normal 1 0 0
    outer loop
      vertex 125.75 46.85 49.12587659821476
      vertex 125.75 49.15 49.12587659821476
      vertex 125.75 49.15 52.994123401785245
    endloop
  endfacet
  facet normal 1 0 0
    outer loop
      vertex 125.75 46.85 49.12587659821476
      vertex 125.75 49.15 52.994123401785245
      vertex 125.75 46.85 52.994123401785245
    endloop
  endfacet
  facet normal 1 0 0
    outer loop
      vertex 125.75 43.5 54.928246803570495
      vertex 125.75 46.85 52.994123401785245
      vertex 125.75 52.5 54.928246803570495
    endloop
  endfacet
  facet normal 1 0 0
    outer loop
      vertex 125.75 49.15 52.994123401785245
      vertex 125.75 52.5 54.928246803570495
      vertex 125.75 46.85 52.994123401785245
    endloop
  endfacet
  facet normal 1 0 0
    outer loop
      vertex 125.75 4 61.989700000000006
      vertex 125.75 52.5 54.928246803570495
      vertex 125.75 80 61.989700000000006
    endloop
  endfacet
  facet normal 1 0 0
    outer loop
      vertex 125.75 55.85 49.12587659821476
      vertex 125.75 58.15 49.12587659821476
      vertex 125.75 58.15 52.994123401785245
    endloop
  endfacet
  facet normal 1 0 0
    outer loop
      vertex 125.75 55.85 49.12587659821476
      vertex 125.75 58.15 52.994123401785245
      vertex 125.75 55.85 52.994123401785245
    endloop
  endfacet
  facet normal 1 0 0
    outer loop
      vertex 125.75 52.5 54.928246803570495
      vertex 125.75 55.85 52.994123401785245
      vertex 125.75 61.5 54.928246803570495
    endloop
  endfacet
  facet normal 1 0 0
    outer loop
      vertex 125.75 58.15 52.994123401785245
      vertex 125.75 61.5 54.928246803570495
      vertex 125.75 55.85 52.994123401785245
    endloop
  endfacet
  facet normal 1 0 0
    outer loop
      vertex 125.75 67.15 33.12587659821476
      vertex 125.75 67.15 36.994123401785245
      vertex 125.75 64.85 33.12587659821476
    endloop
  endfacet
  facet normal 1 0 0
    outer loop
      vertex 125.75 67.15 36.994123401785245
      vertex 125.75 64.85 36.994123401785245
      vertex 125.75 64.85 33.12587659821476
    endloop
  endfacet
  facet normal 1 0 0
    outer loop
      vertex 125.75 61.5 38.928246803570495
      vertex 125.75 64.85 36.994123401785245
      vertex 125.75 70.5 38.928246803570495
    endloop
  endfacet
  facet normal 1 0 0
    outer loop
      vertex 125.75 61.5 38.928246803570495
      vertex 125.75 70.5 38.928246803570495
      vertex 125.75 66 39.19175319642951
    endloop
  endfacet
  facet normal 1 0 0
    outer loop
      vertex 125.75 64.85 36.994123401785245
      vertex 125.75 67.15 36.994123401785245
      vertex 125.75 70.5 38.928246803570495
    endloop
  endfacet
  facet normal 1 0 0
    outer loop
      vertex 125.75 69.35 41.12587659821476
      vertex 125.75 66 39.19175319642951
      vertex 125.75 71.65 41.12587659821476
    endloop
  endfacet
  facet normal 1 0 0
    outer loop
      vertex 125.75 70.5 38.928246803570495
      vertex 125.75 75 39.19175319642951
      vertex 125.75 66 39.19175319642951
    endloop
  endfacet
  facet normal 1 0 0
    outer loop
      vertex 125.75 70.5 38.928246803570495
      vertex 125.75 73.85 36.994123401785245
      vertex 125.75 75 39.19175319642951
    endloop
  endfacet
  facet normal 1 0 0
    outer loop
      vertex 125.75 66 39.19175319642951
      vertex 125.75 75 39.19175319642951
      vertex 125.75 71.65 41.12587659821476
    endloop
  endfacet
  facet normal 1 0 0
    outer loop
      vertex 125.75 60.35 44.994123401785245
      vertex 125.75 62.65 44.994123401785245
      vertex 125.75 66 46.928246803570495
    endloop
  endfacet
  facet normal 1 0 0
    outer loop
      vertex 125.75 66 46.928246803570495
      vertex 125.75 67.15 49.12587659821476
      vertex 125.75 61.5 47.19175319642951
    endloop
  endfacet
  facet normal 1 0 0
    outer loop
      vertex 125.75 64.85 49.12587659821476
      vertex 125.75 61.5 47.19175319642951
      vertex 125.75 67.15 49.12587659821476
    endloop
  endfacet
  facet normal 1 0 0
    outer loop
      vertex 125.75 66 46.928246803570495
      vertex 125.75 69.35 44.994123401785245
      vertex 125.75 67.15 49.12587659821476
    endloop
  endfacet
  facet normal 1 0 0
    outer loop
      vertex 125.75 71.65 44.994123401785245
      vertex 125.75 69.35 44.994123401785245
      vertex 125.75 69.35 41.12587659821476
    endloop
  endfacet
  facet normal 1 0 0
    outer loop
      vertex 125.75 71.65 44.994123401785245
      vertex 125.75 69.35 41.12587659821476
      vertex 125.75 71.65 41.12587659821476
    endloop
  endfacet
  facet normal 1 0 0
    outer loop
      vertex 125.75 70.5 47.19175319642951
      vertex 125.75 67.15 49.12587659821476
      vertex 125.75 69.35 44.994123401785245
    endloop
  endfacet
  facet normal 1 0 0
    outer loop
      vertex 125.75 71.65 44.994123401785245
      vertex 125.75 75 46.928246803570495
      vertex 125.75 69.35 44.994123401785245
    endloop
  endfacet
  facet normal 1 0 0
    outer loop
      vertex 125.75 70.5 47.19175319642951
      vertex 125.75 69.35 44.994123401785245
      vertex 125.75 75 46.928246803570495
    endloop
  endfacet
  facet normal 1 0 0
    outer loop
      vertex 125.75 73.85 49.12587659821476
      vertex 125.75 70.5 47.19175319642951
      vertex 125.75 75 46.928246803570495
    endloop
  endfacet
  facet normal 1 0 0
    outer loop
      vertex 125.75 73.85 33.12587659821476
      vertex 125.75 75 30.92824680357049
      vertex 125.75 78.35 41.12587659821476
    endloop
  endfacet
  facet normal 1 0 0
    outer loop
      vertex 125.75 75 30.92824680357049
      vertex 125.75 78.35 28.994123401785245
      vertex 125.75 78.35 41.12587659821476
    endloop
  endfacet
  facet normal 1 0 0
    outer loop
      vertex 125.75 78.35 41.12587659821476
      vertex 125.75 73.85 36.994123401785245
      vertex 125.75 73.85 33.12587659821476
    endloop
  endfacet
  facet normal 1 0 0
    outer loop
      vertex 125.75 78.35 41.12587659821476
      vertex 125.75 75 39.19175319642951
      vertex 125.75 73.85 36.994123401785245
    endloop
  endfacet
  facet normal 1 0 0
    outer loop
      vertex 125.75 79.5 16.03
      vertex 125.75 78.35 44.994123401785245
      vertex 125.75 78.35 41.12587659821476
    endloop
  endfacet
  facet normal 1 0 0
    outer loop
      vertex 125.75 80 61.989700000000006
      vertex 125.75 78.35 44.994123401785245
      vertex 125.75 79.5 16.03
    endloop
  endfacet
  facet normal 1 0 0
    outer loop
      vertex 125.75 73.85 49.12587659821476
      vertex 125.75 75 46.928246803570495
      vertex 125.75 78.35 44.994123401785245
    endloop
  endfacet
  facet normal 1 0 0
    outer loop
      vertex 125.75 78.35 44.994123401785245
      vertex 125.75 73.85 52.994123401785245
      vertex 125.75 73.85 49.12587659821476
    endloop
  endfacet
  facet normal 0.9659258262890686 0.2588190451025194 6.42567981222686e-17
    outer loop
      vertex 125.75 80.00000000000001 4.749999999999997
      vertex 125.64282032302755 80.4 61.989700000000006
      vertex 125.75 80 61.989700000000006
    endloop
  endfacet
  facet normal 1 0 0
    outer loop
      vertex 125.75 64.85 49.12587659821476
      vertex 125.75 67.15 49.12587659821476
      vertex 125.75 67.15 52.994123401785245
    endloop
  endfacet
  facet normal 1 0 0
    outer loop
      vertex 125.75 64.85 49.12587659821476
      vertex 125.75 67.15 52.994123401785245
      vertex 125.75 64.85 52.994123401785245
    endloop
  endfacet
  facet normal 1 0 0
    outer loop
      vertex 125.75 80 61.989700000000006
      vertex 125.75 52.5 54.928246803570495
      vertex 125.75 61.5 54.928246803570495
    endloop
  endfacet
  facet normal 1 0 0
    outer loop
      vertex 125.75 61.5 54.928246803570495
      vertex 125.75 64.85 52.994123401785245
      vertex 125.75 70.5 54.928246803570495
    endloop
  endfacet
  facet normal 1 0 0
    outer loop
      vertex 125.75 64.85 52.994123401785245
      vertex 125.75 67.15 52.994123401785245
      vertex 125.75 70.5 54.928246803570495
    endloop
  endfacet
  facet normal 1 0 0
    outer loop
      vertex 125.75 80 61.989700000000006
      vertex 125.75 61.5 54.928246803570495
      vertex 125.75 70.5 54.928246803570495
    endloop
  endfacet
  facet normal 1 0 0
    outer loop
      vertex 125.75 80 61.989700000000006
      vertex 125.75 73.85 52.994123401785245
      vertex 125.75 78.35 44.994123401785245
    endloop
  endfacet
  facet normal 1 0 0
    outer loop
      vertex 125.75 80 61.989700000000006
      vertex 125.75 70.5 54.928246803570495
      vertex 125.75 73.85 52.994123401785245
    endloop
  endfacet
  facet normal -0.3106720118207287 -0.6451170798619148 -0.698073674007047
    outer loop
      vertex 2.125 0.752404735808355 4.8356828158306016
      vertex 1.7272913020716056 1.1501134337367493 4.645141734721316
      vertex 2.2256667199066964 1.5 4.1
    endloop
  endfacet
  facet normal -0.31067201182072873 -0.6451170798619147 -0.698073674007047
    outer loop
      vertex 1.7272913020716056 1.1501134337367493 4.645141734721316
      vertex 2.0671816142379256 1.5763224043491095 4.1
      vertex 2.2256667199066964 1.5 4.1
    endloop
  endfacet
  facet normal -0.5598116215581759 -0.4464348709797526 -0.6980736740070473
    outer loop
      vertex 0.752404735808355 2.125 4.803476700185675
      vertex 0.6785869382749711 2.400491770897421 4.686490377251038
      vertex 2.0671816142379256 1.5763224043491095 4.1
    endloop
  endfacet
  facet normal -0.5598116215581758 -0.4464348709797531 -0.6980736740070469
    outer loop
      vertex 1.7272913020716056 1.1501134337367493 4.645141734721316
      vertex 0.752404735808355 2.125 4.803476700185675
      vertex 2.0671816142379256 1.5763224043491095 4.1
    endloop
  endfacet
  facet normal -0.5598116215581758 -0.44643487097975243 -0.6980736740070476
    outer loop
      vertex 0.6785869382749711 2.400491770897421 4.686490377251038
      vertex 1.2069965095025017 2.6549604087355694 4.1
      vertex 2.0671816142379256 1.5763224043491095 4.1
    endloop
  endfacet
  facet normal -0.31067201182072857 -0.6451170798619149 -0.6980736740070469
    outer loop
      vertex 2.125 0.752404735808355 4.8356828158306016
      vertex 2.2256667199066964 1.5 4.1
      vertex 3.4293913140246266 1.5 3.5642921581813836
    endloop
  endfacet
  facet normal -0.3106720118207288 -0.6451170798619147 -0.6980736740070471
    outer loop
      vertex 2.125 0.752404735808355 4.8356828158306016
      vertex 3.4293913140246266 1.5 3.5642921581813836
      vertex 3.193415770766865 0.46612359285069804 4.624756623534063
    endloop
  endfacet
  facet normal -0.698073674007047 -0.15933076073566496 -0.6980736740070472
    outer loop
      vertex 0.6785869382749711 2.400491770897421 4.686490377251038
      vertex 0.25 4 4.750000000000001
      vertex 1.2069965095025017 2.6549604087355694 4.1
    endloop
  endfacet
  facet normal -0.6980736740070475 -0.15933076073566552 -0.6980736740070467
    outer loop
      vertex 0.25 4 4.750000000000001
      vertex 0.9000000000000006 4 4.1
      vertex 1.2069965095025017 2.6549604087355694 4.1
    endloop
  endfacet
  facet normal 0 -0.7160259392356557 -0.6980736740070471
    outer loop
      vertex 3.193415770766865 0.46612359285069804 4.624756623534063
      vertex 3.4293913140246266 1.5 3.5642921581813836
      vertex 38.57060868597537 1.5 3.5642921581813836
    endloop
  endfacet
  facet normal 1.3709432348473293e-17 -0.7160259392356558 -0.698073674007047
    outer loop
      vertex 3.193415770766865 0.46612359285069804 4.624756623534063
      vertex 38.57060868597537 1.5 3.5642921581813836
      vertex 4 0.25 4.846438237272076
    endloop
  endfacet
  facet normal -0.7071067811865479 0 -0.7071067811865471
    outer loop
      vertex 0.25 4 4.750000000000001
      vertex 0.25 38 4.750000000000001
      vertex 0.9000000000000006 4 4.1
    endloop
  endfacet
  facet normal 0 -0.7160259392356556 -0.6980736740070472
    outer loop
      vertex 4 0.25 4.846438237272076
      vertex 38.57060868597537 1.5 3.5642921581813836
      vertex 38.85591302896306 0.25 4.846438237272076
    endloop
  endfacet
  facet normal -0.7071067811865479 0 -0.7071067811865471
    outer loop
      vertex 0.25 38 4.750000000000001
      vertex 0.9000000000000006 38 4.1
      vertex 0.9000000000000006 4 4.1
    endloop
  endfacet
  facet normal -0.6980736740070476 0.1593307607356651 -0.6980736740070468
    outer loop
      vertex 0.25 38 4.750000000000001
      vertex 0.39612452839032375 39.73553495647023 5
      vertex 0.9000000000000006 38 4.1
    endloop
  endfacet
  facet normal -0.6980736740070471 0.15933076073566535 -0.6980736740070471
    outer loop
      vertex 0.39612452839032375 39.73553495647023 5
      vertex 1.2069965095025015 39.34503959126443 4.1
      vertex 0.9000000000000006 38 4.1
    endloop
  endfacet
  facet normal -0.6980736740070462 0.15933076073566516 -0.6980736740070481
    outer loop
      vertex 0.25 38 4.750000000000001
      vertex 0.25 39.095321566883705 5
      vertex 0.39612452839032375 39.73553495647023 5
    endloop
  endfacet
  facet normal -0.5598116215581758 0.4464348709797535 -0.6980736740070467
    outer loop
      vertex 0.39612452839032375 39.73553495647023 5
      vertex 1.5060407925650656 41.127325929872114 5
      vertex 1.2069965095025015 39.34503959126443 4.1
    endloop
  endfacet
  facet normal -0.5598116215581749 0.44643487097975376 -0.6980736740070473
    outer loop
      vertex 1.5060407925650656 41.127325929872114 5
      vertex 2.0671816142379256 40.42367759565089 4.1
      vertex 1.2069965095025015 39.34503959126443 4.1
    endloop
  endfacet
  facet normal -0.3106720118207326 0.6451170798619144 -0.6980736740070457
    outer loop
      vertex 3.1099162641747444 41.8997116487273 5
      vertex 3.310185104735427 41.02227652776366 4.1
      vertex 2.0671816142379256 40.42367759565089 4.1
    endloop
  endfacet
  facet normal -0.3106720118207298 0.6451170798619135 -0.6980736740070476
    outer loop
      vertex 1.5060407925650656 41.127325929872114 5
      vertex 3.1099162641747444 41.8997116487273 5
      vertex 2.0671816142379256 40.42367759565089 4.1
    endloop
  endfacet
  facet normal 0 0.7160259392356566 -0.6980736740070461
    outer loop
      vertex 3.1099162641747444 41.8997116487273 5
      vertex 38.890083735825264 41.8997116487273 5
      vertex 3.310185104735427 41.02227652776366 4.1
    endloop
  endfacet
  facet normal 0 0.7160259392356567 -0.6980736740070461
    outer loop
      vertex 38.890083735825264 41.8997116487273 5
      vertex 38.68981489526458 41.02227652776366 4.1
      vertex 3.310185104735427 41.02227652776366 4.1
    endloop
  endfacet
  facet normal 0.3106720118207263 -0.645117079861914 -0.6980736740070487
    outer loop
      vertex 38.85591302896306 0.25 4.846438237272076
      vertex 39.7743332800933 1.5 4.1
      vertex 39.20096317772361 0.25 5
    endloop
  endfacet
  facet normal 0.31067201182072873 -0.6451170798619149 -0.6980736740070469
    outer loop
      vertex 38.85591302896306 0.25 4.846438237272076
      vertex 38.57060868597537 1.5 3.5642921581813836
      vertex 39.7743332800933 1.5 4.1
    endloop
  endfacet
  facet normal 0.31067201182072746 -0.6451170798619141 -0.6980736740070481
    outer loop
      vertex 39.20096317772361 0.25 5
      vertex 39.7743332800933 1.5 4.1
      vertex 40.49395920743493 0.8726740701278798 5
    endloop
  endfacet
  facet normal 0.3106720118207187 -0.6451170798619207 -0.698073674007046
    outer loop
      vertex 40.49395920743493 0.8726740701278798 5
      vertex 39.7743332800933 1.5 4.1
      vertex 39.932818385762076 1.5763224043491078 4.1
    endloop
  endfacet
  facet normal 0.5598116215581774 -0.44643487097975204 -0.6980736740070463
    outer loop
      vertex 40.49395920743493 0.8726740701278798 5
      vertex 39.932818385762076 1.5763224043491078 4.1
      vertex 40.7930034904975 2.6549604087355694 4.1
    endloop
  endfacet
  facet normal 0.5598116215581754 -0.4464348709797524 -0.6980736740070476
    outer loop
      vertex 40.49395920743493 0.8726740701278798 5
      vertex 40.7930034904975 2.6549604087355694 4.1
      vertex 41.603875471609676 2.264465043529766 5
    endloop
  endfacet
  facet normal -0.5598116215581745 -0.446434870979754 -0.6980736740070476
    outer loop
      vertex 42.396124528390324 2.264465043529766 5
      vertex 43.2069965095025 2.6549604087355694 4.1
      vertex 44.06718161423793 1.5763224043491095 4.1
    endloop
  endfacet
  facet normal -0.5598116215581744 -0.44643487097975254 -0.6980736740070486
    outer loop
      vertex 42.396124528390324 2.264465043529766 5
      vertex 44.06718161423793 1.5763224043491095 4.1
      vertex 43.50604079256507 0.872674070127883 5
    endloop
  endfacet
  facet normal 0.6980736740070458 -0.15933076073566754 -0.698073674007048
    outer loop
      vertex 41.603875471609676 2.264465043529766 5
      vertex 40.7930034904975 2.6549604087355694 4.1
      vertex 41.1 3.999999999999993 4.1
    endloop
  endfacet
  facet normal 0.6980736740070472 -0.15933076073566643 -0.6980736740070467
    outer loop
      vertex 41.603875471609676 2.264465043529766 5
      vertex 41.1 3.999999999999993 4.1
      vertex 42 3.9999999999999885 5
    endloop
  endfacet
  facet normal -0.6980736740070463 -0.1593307607356662 -0.6980736740070479
    outer loop
      vertex 42.396124528390324 2.264465043529766 5
      vertex 42 3.9999999999999885 5
      vertex 43.2069965095025 2.6549604087355694 4.1
    endloop
  endfacet
  facet normal -0.6980736740070471 -0.15933076073566785 -0.6980736740070466
    outer loop
      vertex 42 3.9999999999999885 5
      vertex 42.9 3.999999999999993 4.1
      vertex 43.2069965095025 2.6549604087355694 4.1
    endloop
  endfacet
  facet normal -0.31067201182073445 -0.6451170798619102 -0.6980736740070487
    outer loop
      vertex 43.50604079256507 0.872674070127883 5
      vertex 44.06718161423793 1.5763224043491095 4.1
      vertex 44.2256667199067 1.5 4.1
    endloop
  endfacet
  facet normal -0.31067201182072857 -0.6451170798619148 -0.698073674007047
    outer loop
      vertex 43.50604079256507 0.872674070127883 5
      vertex 45.42939131402463 1.5 3.5642921581813836
      vertex 45.14408697103694 0.25 4.846438237272076
    endloop
  endfacet
  facet normal -0.31067201182072746 -0.6451170798619108 -0.6980736740070512
    outer loop
      vertex 43.50604079256507 0.872674070127883 5
      vertex 45.14408697103694 0.25 4.846438237272076
      vertex 44.79903682227639 0.25 5
    endloop
  endfacet
  facet normal -0.3106720118207289 -0.6451170798619145 -0.6980736740070472
    outer loop
      vertex 43.50604079256507 0.872674070127883 5
      vertex 44.2256667199067 1.5 4.1
      vertex 45.42939131402463 1.5 3.5642921581813836
    endloop
  endfacet
  facet normal 0.7071067811865481 0 -0.7071067811865468
    outer loop
      vertex 42 3.9999999999999885 5
      vertex 41.1 3.999999999999993 4.1
      vertex 41.1 38 4.1
    endloop
  endfacet
  facet normal -0.7071067811865482 -5.5415027953544926e-17 -0.7071067811865469
    outer loop
      vertex 42 3.9999999999999885 5
      vertex 42 38 4.999999999999997
      vertex 42.9 3.999999999999993 4.1
    endloop
  endfacet
  facet normal 0 -0.7160259392356556 -0.6980736740070471
    outer loop
      vertex 45.14408697103694 0.25 4.846438237272076
      vertex 45.42939131402463 1.5 3.5642921581813836
      vertex 80.57060868597537 1.5 3.5642921581813836
    endloop
  endfacet
  facet normal 0.7071067811865471 -5.5415027953545006e-17 -0.7071067811865479
    outer loop
      vertex 42 3.9999999999999885 5
      vertex 41.1 38 4.1
      vertex 42 38 4.999999999999997
    endloop
  endfacet
  facet normal -0.7071067811865471 0 -0.7071067811865479
    outer loop
      vertex 42 38 4.999999999999997
      vertex 42.9 38 4.1
      vertex 42.9 3.999999999999993 4.1
    endloop
  endfacet
  facet normal 0.3106720118207298 0.6451170798619155 -0.6980736740070458
    outer loop
      vertex 38.890083735825264 41.8997116487273 5
      vertex 40.49395920743493 41.12732592987212 5
      vertex 38.68981489526458 41.02227652776366 4.1
    endloop
  endfacet
  facet normal 0.6980736740070466 0.1593307607356668 -0.6980736740070473
    outer loop
      vertex 42 38 4.999999999999997
      vertex 41.1 38 4.1
      vertex 40.7930034904975 39.34503959126443 4.1
    endloop
  endfacet
  facet normal 0.6980736740070465 0.15933076073566643 -0.6980736740070478
    outer loop
      vertex 42 38 4.999999999999997
      vertex 40.7930034904975 39.34503959126443 4.1
      vertex 41.603875471609676 39.73553495647023 5
    endloop
  endfacet
  facet normal -0.6980736740070467 0.15933076073566646 -0.6980736740070473
    outer loop
      vertex 42 38 4.999999999999997
      vertex 42.396124528390324 39.73553495647023 5
      vertex 42.9 38 4.1
    endloop
  endfacet
  facet normal -0.6980736740070461 0.15933076073566674 -0.6980736740070477
    outer loop
      vertex 42.396124528390324 39.73553495647023 5
      vertex 43.2069965095025 39.34503959126443 4.1
      vertex 42.9 38 4.1
    endloop
  endfacet
  facet normal 0.559811621558177 0.44643487097975115 -0.6980736740070473
    outer loop
      vertex 41.603875471609676 39.73553495647023 5
      vertex 40.7930034904975 39.34503959126443 4.1
      vertex 39.932818385762076 40.423677595650894 4.1
    endloop
  endfacet
  facet normal 0.559811621558177 0.4464348709797526 -0.6980736740070465
    outer loop
      vertex 40.49395920743493 41.12732592987212 5
      vertex 41.603875471609676 39.73553495647023 5
      vertex 39.932818385762076 40.423677595650894 4.1
    endloop
  endfacet
  facet normal 0.31067201182073056 0.6451170798619134 -0.6980736740070473
    outer loop
      vertex 40.49395920743493 41.12732592987212 5
      vertex 39.932818385762076 40.423677595650894 4.1
      vertex 38.68981489526458 41.02227652776366 4.1
    endloop
  endfacet
  facet normal -0.5598116215581754 0.4464348709797536 -0.698073674007047
    outer loop
      vertex 42.396124528390324 39.73553495647023 5
      vertex 43.50604079256507 41.127325929872114 5
      vertex 43.2069965095025 39.34503959126443 4.1
    endloop
  endfacet
  facet normal -0.5598116215581761 0.4464348709797535 -0.6980736740070466
    outer loop
      vertex 43.50604079256507 41.127325929872114 5
      vertex 44.067181614237924 40.42367759565089 4.1
      vertex 43.2069965095025 39.34503959126443 4.1
    endloop
  endfacet
  facet normal -0.3106720118207304 0.6451170798619137 -0.6980736740070472
    outer loop
      vertex 43.50604079256507 41.127325929872114 5
      vertex 45.10991626417474 41.8997116487273 5
      vertex 44.067181614237924 40.42367759565089 4.1
    endloop
  endfacet
  facet normal -0.310672011820733 0.6451170798619144 -0.6980736740070456
    outer loop
      vertex 45.10991626417474 41.8997116487273 5
      vertex 45.310185104735424 41.02227652776366 4.1
      vertex 44.067181614237924 40.42367759565089 4.1
    endloop
  endfacet
  facet normal 0 0.7160259392356565 -0.6980736740070461
    outer loop
      vertex 45.10991626417474 41.8997116487273 5
      vertex 80.89008373582524 41.8997116487273 5
      vertex 45.310185104735424 41.02227652776366 4.1
    endloop
  endfacet
  facet normal -0.5598116215581754 -0.4464348709797541 -0.6980736740070468
    outer loop
      vertex 0.39612452839032375 44.26446504352977 5
      vertex 1.2069965095025015 44.65496040873557 4.1
      vertex 2.0671816142379256 43.57632240434911 4.1
    endloop
  endfacet
  facet normal -0.6980736740070471 -0.1593307607356654 -0.6980736740070471
    outer loop
      vertex 0.39612452839032375 44.26446504352977 5
      vertex 0.25 44.904678433116295 5
      vertex 1.2069965095025015 44.65496040873557 4.1
    endloop
  endfacet
  facet normal -0.5598116215581754 -0.44643487097975326 -0.6980736740070472
    outer loop
      vertex 1.5060407925650656 42.872674070127886 5
      vertex 0.39612452839032375 44.26446504352977 5
      vertex 2.0671816142379256 43.57632240434911 4.1
    endloop
  endfacet
  facet normal -0.31067201182073045 -0.6451170798619149 -0.6980736740070458
    outer loop
      vertex 1.5060407925650656 42.872674070127886 5
      vertex 3.310185104735427 42.97772347223634 4.1
      vertex 3.1099162641747444 42.1002883512727 5
    endloop
  endfacet
  facet normal -0.3106720118207317 -0.6451170798619124 -0.6980736740070479
    outer loop
      vertex 1.5060407925650656 42.872674070127886 5
      vertex 2.0671816142379256 43.57632240434911 4.1
      vertex 3.310185104735427 42.97772347223634 4.1
    endloop
  endfacet
  facet normal -0.6980736740070472 -0.15933076073566496 -0.6980736740070472
    outer loop
      vertex 0.25 44.904678433116295 5
      vertex 0.25 46 4.750000000000001
      vertex 1.2069965095025015 44.65496040873557 4.1
    endloop
  endfacet
  facet normal -0.6980736740070475 -0.15933076073566538 -0.6980736740070467
    outer loop
      vertex 0.25 46 4.750000000000001
      vertex 0.9000000000000006 46 4.1
      vertex 1.2069965095025015 44.65496040873557 4.1
    endloop
  endfacet
  facet normal 0 -0.7160259392356567 -0.6980736740070461
    outer loop
      vertex 3.1099162641747444 42.1002883512727 5
      vertex 3.310185104735427 42.97772347223634 4.1
      vertex 38.68981489526458 42.97772347223634 4.1
    endloop
  endfacet
  facet normal -0.7071067811865479 0 -0.7071067811865471
    outer loop
      vertex 0.25 46 4.750000000000001
      vertex 0.25 80 4.750000000000001
      vertex 0.9000000000000006 46 4.1
    endloop
  endfacet
  facet normal 0 -0.7160259392356566 -0.6980736740070461
    outer loop
      vertex 3.1099162641747444 42.1002883512727 5
      vertex 38.68981489526458 42.97772347223634 4.1
      vertex 38.890083735825264 42.1002883512727 5
    endloop
  endfacet
  facet normal -0.707106781186548 0 -0.7071067811865471
    outer loop
      vertex 0.25 80 4.750000000000001
      vertex 0.9000000000000006 79.5 4.1
      vertex 0.9000000000000006 46 4.1
    endloop
  endfacet
  facet normal -0.6430315689873038 0 -0.7658396707442925
    outer loop
      vertex 3.3527864045000406 80.47022820183398 0
      vertex 3.3527864045000406 79.5 0
      vertex 2.3999999999999986 79.5 0.8
    endloop
  endfacet
  facet normal -1 0 0
    outer loop
      vertex 2.3999999999999986 80 0.8
      vertex 2.3999999999999986 79.5 0.8
      vertex 2.3999999999999986 79.5 2.6
    endloop
  endfacet
  facet normal -1 0 0
    outer loop
      vertex 2.3999999999999986 80 0.8
      vertex 2.3999999999999986 79.5 2.6
      vertex 2.3999999999999986 80 2.6
    endloop
  endfacet
  facet normal -0.6430315689873038 0 -0.7658396707442925
    outer loop
      vertex 2.3999999999999986 80 0.8
      vertex 3.3527864045000406 80.47022820183398 0
      vertex 2.3999999999999986 79.5 0.8
    endloop
  endfacet
  facet normal -0.6969701380815215 0.40239589683849963 -0.5935572161385663
    outer loop
      vertex 2.3999999999999986 80 0.8
      vertex 3.1999999999999993 81.3856406460551 0.8
      vertex 3.3527864045000406 80.47022820183398 0
    endloop
  endfacet
  facet normal -0.20304387937599577 0.6249048048797009 -0.7538349739075582
    outer loop
      vertex 3.3527864045000406 80.47022820183398 0
      vertex 3.1999999999999993 81.3856406460551 0.8
      vertex 4.247213595499957 80.76084521303612 0
    endloop
  endfacet
  facet normal -0.8660254037844373 0.5000000000000023 0
    outer loop
      vertex 2.3999999999999986 80 0.8
      vertex 2.3999999999999986 80 2.6
      vertex 3.1999999999999993 81.3856406460551 0.8
    endloop
  endfacet
  facet normal -0.8660254037844378 0.5000000000000016 -8.027313585769806e-16
    outer loop
      vertex 2.3999999999999986 80 2.6
      vertex 3.1683648616015163 81.33084697904445 2.6
      vertex 3.1999999999999993 81.3856406460551 0.8
    endloop
  endfacet
  facet normal -0.7071067811865478 0 -0.7071067811865471
    outer loop
      vertex 2.3999999999999986 80 2.6
      vertex 0.9000000000000006 79.5 4.1
      vertex 0.25 80 4.750000000000001
    endloop
  endfacet
  facet normal -0.7071067811865478 0 -0.7071067811865471
    outer loop
      vertex 2.3999999999999986 80 2.6
      vertex 2.3999999999999986 79.5 2.6
      vertex 0.9000000000000006 79.5 4.1
    endloop
  endfacet
  facet normal -0.6980736740070471 0.1593307607356645 -0.6980736740070473
    outer loop
      vertex 2.5584498113561303 80.6942139825881 2.6
      vertex 0.25 80 4.750000000000001
      vertex 0.6785869382749741 81.59950822910258 4.686490377251034
    endloop
  endfacet
  facet normal -0.6980736740070472 0.15933076073566702 -0.6980736740070466
    outer loop
      vertex 2.3999999999999986 80 2.6
      vertex 0.25 80 4.750000000000001
      vertex 2.5584498113561303 80.6942139825881 2.6
    endloop
  endfacet
  facet normal 0 0 -1
    outer loop
      vertex 2.3999999999999986 80 2.6
      vertex 2.5584498113561303 80.6942139825881 2.6
      vertex 3.002416317026025 81.25093037194884 2.6
    endloop
  endfacet
  facet normal 0 0 -1
    outer loop
      vertex 2.3999999999999986 80 2.6
      vertex 3.002416317026025 81.25093037194884 2.6
      vertex 3.1683648616015163 81.33084697904445 2.6
    endloop
  endfacet
  facet normal -0.8660254037844256 0.5000000000000224 0
    outer loop
      vertex 3.1999999999999993 81.3856406460551 0.8
      vertex 3.1683648616015163 81.33084697904445 2.6
      vertex 3.1999999999999993 81.3856406460551 2.636558001421053
    endloop
  endfacet
  facet normal 0 1 0
    outer loop
      vertex 3.1999999999999993 81.3856406460551 0.8
      vertex 3.1999999999999993 81.3856406460551 2.636558001421053
      vertex 3.2821450835457804 81.3856406460551 2.6
    endloop
  endfacet
  facet normal -0.5598116215581722 0.4464348709797557 -0.6980736740070481
    outer loop
      vertex 2.5584498113561303 80.6942139825881 2.6
      vertex 0.752404735808355 81.875 4.803476700185666
      vertex 3.002416317026025 81.25093037194884 2.6
    endloop
  endfacet
  facet normal -0.5598116215581828 0.4464348709797415 -0.6980736740070488
    outer loop
      vertex 2.5584498113561303 80.6942139825881 2.6
      vertex 0.6785869382749741 81.59950822910258 4.686490377251034
      vertex 0.752404735808355 81.875 4.803476700185666
    endloop
  endfacet
  facet normal -0.5598116215581735 0.44643487097975315 -0.6980736740070489
    outer loop
      vertex 3.002416317026025 81.25093037194884 2.6
      vertex 0.752404735808355 81.875 4.803476700185666
      vertex 1.7272913020716125 82.84988656626325 4.645141734721306
    endloop
  endfacet
  facet normal -0.31067201182074405 0.645117079861904 -0.6980736740070501
    outer loop
      vertex 3.002416317026025 81.25093037194884 2.6
      vertex 2.125 83.24759526419165 4.8356828158305865
      vertex 3.1683648616015163 81.33084697904445 2.6
    endloop
  endfacet
  facet normal -0.3106720118207012 0.645117079861926 -0.6980736740070489
    outer loop
      vertex 3.1683648616015163 81.33084697904445 2.6
      vertex 2.125 83.24759526419165 4.8356828158305865
      vertex 3.1999999999999993 81.3856406460551 2.636558001421053
    endloop
  endfacet
  facet normal -0.31067201182072524 0.6451170798619134 -0.6980736740070499
    outer loop
      vertex 3.2821450835457804 81.3856406460551 2.6
      vertex 3.1999999999999993 81.3856406460551 2.636558001421053
      vertex 2.125 83.24759526419165 4.8356828158305865
    endloop
  endfacet
  facet normal -0.31067201182073356 0.6451170798619087 -0.6980736740070504
    outer loop
      vertex 3.2821450835457804 81.3856406460551 2.6
      vertex 2.125 83.24759526419165 4.8356828158305865
      vertex 3.6439665056698978 81.55988465949092 2.6
    endloop
  endfacet
  facet normal -0.31067201182073373 0.6451170798619089 -0.6980736740070501
    outer loop
      vertex 3.002416317026025 81.25093037194884 2.6
      vertex 1.7272913020716125 82.84988656626325 4.645141734721306
      vertex 2.125 83.24759526419165 4.8356828158305865
    endloop
  endfacet
  facet normal -0.3106720118207271 0.6451170798619129 -0.6980736740070493
    outer loop
      vertex 3.6439665056698978 81.55988465949092 2.6
      vertex 2.125 83.24759526419165 4.8356828158305865
      vertex 3.1934157707668636 83.53387640714931 4.624756623534056
    endloop
  endfacet
  facet normal 4.4035988816915176e-15 0.7160259392356539 -0.6980736740070489
    outer loop
      vertex 3.6439665056698978 81.55988465949092 2.6
      vertex 3.1934157707668636 83.53387640714931 4.624756623534056
      vertex 4 83.75 4.846438237272067
    endloop
  endfacet
  facet normal 0 0 -1
    outer loop
      vertex 3.3527864045000406 80.47022820183398 0
      vertex 38.24721359549996 80.76084521303612 0
      vertex 3.3527864045000406 79.5 0
    endloop
  endfacet
  facet normal 0 0 -1
    outer loop
      vertex 3.3527864045000406 80.47022820183398 0
      vertex 4.247213595499957 80.76084521303612 0
      vertex 38.24721359549996 80.76084521303612 0
    endloop
  endfacet
  facet normal 0 0.788122134415381 -0.6155188878048702
    outer loop
      vertex 3.1999999999999993 81.3856406460551 0.8
      vertex 37.2 81.3856406460551 0.8
      vertex 4.247213595499957 80.76084521303612 0
    endloop
  endfacet
  facet normal 0 1 0
    outer loop
      vertex 3.1999999999999993 81.3856406460551 0.8
      vertex 3.2821450835457804 81.3856406460551 2.6
      vertex 37.2 81.3856406460551 0.8
    endloop
  endfacet
  facet normal 0 0 -1
    outer loop
      vertex 3.2821450835457804 81.3856406460551 2.6
      vertex 3.6439665056698978 81.55988465949092 2.6
      vertex 38.356033494330106 81.55988465949092 2.6
    endloop
  endfacet
  facet normal 0 0.7160259392356543 -0.6980736740070486
    outer loop
      vertex 3.6439665056698978 81.55988465949092 2.6
      vertex 4 83.75 4.846438237272067
      vertex 38.356033494330106 81.55988465949092 2.6
    endloop
  endfacet
  facet normal 0 0 -1
    outer loop
      vertex 38.8 80 0
      vertex 38.8 79.5 0
      vertex 3.3527864045000406 79.5 0
    endloop
  endfacet
  facet normal 0 0.788122134415381 -0.6155188878048702
    outer loop
      vertex 4.247213595499957 80.76084521303612 0
      vertex 37.2 81.3856406460551 0.8
      vertex 38.24721359549996 80.76084521303612 0
    endloop
  endfacet
  facet normal 0 0 -1
    outer loop
      vertex 38.24721359549996 80.76084521303612 0
      vertex 38.8 80 0
      vertex 3.3527864045000406 79.5 0
    endloop
  endfacet
  facet normal 0 1 0
    outer loop
      vertex 3.2821450835457804 81.3856406460551 2.6
      vertex 38.8 81.3856406460551 0.8
      vertex 37.2 81.3856406460551 0.8
    endloop
  endfacet
  facet normal 0 1 0
    outer loop
      vertex 3.2821450835457804 81.3856406460551 2.6
      vertex 38.717854916454215 81.3856406460551 2.6
      vertex 38.8 81.3856406460551 0.8
    endloop
  endfacet
  facet normal 0 0 -1
    outer loop
      vertex 3.2821450835457804 81.3856406460551 2.6
      vertex 38.356033494330106 81.55988465949092 2.6
      vertex 38.717854916454215 81.3856406460551 2.6
    endloop
  endfacet
  facet normal 0 0.7160259392356543 -0.6980736740070486
    outer loop
      vertex 4 83.75 4.846438237272067
      vertex 38.85591302896306 83.75 4.846438237272067
      vertex 38.356033494330106 81.55988465949092 2.6
    endloop
  endfacet
  facet normal 0.31067201182073134 -0.6451170798619149 -0.6980736740070457
    outer loop
      vertex 38.890083735825264 42.1002883512727 5
      vertex 38.68981489526458 42.97772347223634 4.1
      vertex 39.932818385762076 43.576322404349106 4.1
    endloop
  endfacet
  facet normal 0.31067201182072923 -0.6451170798619142 -0.698073674007047
    outer loop
      vertex 38.890083735825264 42.1002883512727 5
      vertex 39.932818385762076 43.576322404349106 4.1
      vertex 40.49395920743493 42.87267407012788 5
    endloop
  endfacet
  facet normal 0.5598116215581778 -0.4464348709797519 -0.6980736740070463
    outer loop
      vertex 40.49395920743493 42.87267407012788 5
      vertex 39.932818385762076 43.576322404349106 4.1
      vertex 40.7930034904975 44.65496040873557 4.1
    endloop
  endfacet
  facet normal 0.5598116215581763 -0.4464348709797521 -0.6980736740070472
    outer loop
      vertex 40.49395920743493 42.87267407012788 5
      vertex 40.7930034904975 44.65496040873557 4.1
      vertex 41.603875471609676 44.26446504352977 5
    endloop
  endfacet
  facet normal -0.5598116215581758 -0.4464348709797539 -0.6980736740070465
    outer loop
      vertex 42.396124528390324 44.26446504352977 5
      vertex 44.067181614237924 43.57632240434911 4.1
      vertex 43.50604079256507 42.872674070127886 5
    endloop
  endfacet
  facet normal -0.5598116215581758 -0.44643487097975315 -0.6980736740070471
    outer loop
      vertex 42.396124528390324 44.26446504352977 5
      vertex 43.2069965095025 44.65496040873557 4.1
      vertex 44.067181614237924 43.57632240434911 4.1
    endloop
  endfacet
  facet normal 0.698073674007046 -0.15933076073566751 -0.6980736740070478
    outer loop
      vertex 41.603875471609676 44.26446504352977 5
      vertex 40.7930034904975 44.65496040873557 4.1
      vertex 41.1 45.99999999999999 4.1
    endloop
  endfacet
  facet normal 0.698073674007047 -0.1593307607356668 -0.6980736740070469
    outer loop
      vertex 41.603875471609676 44.26446504352977 5
      vertex 41.1 45.99999999999999 4.1
      vertex 42 45.999999999999986 5
    endloop
  endfacet
  facet normal -0.6980736740070463 -0.15933076073566663 -0.6980736740070477
    outer loop
      vertex 42.396124528390324 44.26446504352977 5
      vertex 42 45.999999999999986 5
      vertex 43.2069965095025 44.65496040873557 4.1
    endloop
  endfacet
  facet normal -0.6980736740070469 -0.15933076073566774 -0.6980736740070468
    outer loop
      vertex 42 45.999999999999986 5
      vertex 42.9 45.99999999999999 4.1
      vertex 43.2069965095025 44.65496040873557 4.1
    endloop
  endfacet
  facet normal -0.3106720118207321 -0.6451170798619126 -0.6980736740070476
    outer loop
      vertex 43.50604079256507 42.872674070127886 5
      vertex 44.067181614237924 43.57632240434911 4.1
      vertex 45.310185104735424 42.97772347223634 4.1
    endloop
  endfacet
  facet normal -0.310672011820731 -0.645117079861915 -0.6980736740070456
    outer loop
      vertex 43.50604079256507 42.872674070127886 5
      vertex 45.310185104735424 42.97772347223634 4.1
      vertex 45.10991626417474 42.1002883512727 5
    endloop
  endfacet
  facet normal 0.7071067811865481 0 -0.7071067811865468
    outer loop
      vertex 42 45.999999999999986 5
      vertex 41.1 45.99999999999999 4.1
      vertex 41.1 79.5 4.1
    endloop
  endfacet
  facet normal -0.7071067811865482 -5.5415027953544926e-17 -0.7071067811865469
    outer loop
      vertex 42 45.999999999999986 5
      vertex 42 80 4.999999999999997
      vertex 42.9 45.99999999999999 4.1
    endloop
  endfacet
  facet normal 0 -0.7160259392356566 -0.6980736740070462
    outer loop
      vertex 45.10991626417474 42.1002883512727 5
      vertex 45.310185104735424 42.97772347223634 4.1
      vertex 80.68981489526456 42.97772347223634 4.1
    endloop
  endfacet
  facet normal 0.7071067811865472 -5.5415027953545006e-17 -0.7071067811865479
    outer loop
      vertex 42 45.999999999999986 5
      vertex 41.1 79.5 4.1
      vertex 42 80 4.999999999999997
    endloop
  endfacet
  facet normal -0.7071067811865471 0 -0.7071067811865479
    outer loop
      vertex 42 80 4.999999999999997
      vertex 42.9 79.5 4.1
      vertex 42.9 45.99999999999999 4.1
    endloop
  endfacet
  facet normal 0.7071067811865456 0 -0.7071067811865493
    outer loop
      vertex 38.8 80 0
      vertex 39.6 80 0.8
      vertex 38.8 79.5 0
    endloop
  endfacet
  facet normal 0.7071067811865456 0 -0.7071067811865493
    outer loop
      vertex 39.6 80 0.8
      vertex 39.6 79.5 0.8
      vertex 38.8 79.5 0
    endloop
  endfacet
  facet normal 0.6546536707079746 0.37796447300922986 -0.6546536707079781
    outer loop
      vertex 38.8 80 0
      vertex 38.8 81.3856406460551 0.8
      vertex 39.6 80 0.8
    endloop
  endfacet
  facet normal 0.5669152706818008 0.4118880539259989 -0.7134110364304957
    outer loop
      vertex 38.24721359549996 80.76084521303612 0
      vertex 38.8 81.3856406460551 0.8
      vertex 38.8 80 0
    endloop
  endfacet
  facet normal 0.8660254037844374 0.5000000000000022 0
    outer loop
      vertex 38.83163513839848 81.33084697904445 2.6
      vertex 39.6 80 2.6
      vertex 39.6 80 0.8
    endloop
  endfacet
  facet normal 0.8660254037844364 0.500000000000004 -1.811822297131337e-15
    outer loop
      vertex 38.8 81.3856406460551 0.8
      vertex 38.83163513839848 81.33084697904445 2.6
      vertex 39.6 80 0.8
    endloop
  endfacet
  facet normal 0 0 -1
    outer loop
      vertex 39.44155018864387 80.6942139825881 2.6
      vertex 39.6 80 2.6
      vertex 38.83163513839848 81.33084697904445 2.6
    endloop
  endfacet
  facet normal 0 0 -1
    outer loop
      vertex 39.44155018864387 80.6942139825881 2.6
      vertex 38.83163513839848 81.33084697904445 2.6
      vertex 38.997583682973975 81.25093037194884 2.6
    endloop
  endfacet
  facet normal 0 0.7881221344153808 -0.6155188878048701
    outer loop
      vertex 38.24721359549996 80.76084521303612 0
      vertex 37.2 81.3856406460551 0.8
      vertex 38.8 81.3856406460551 0.8
    endloop
  endfacet
  facet normal 0.8660254037844105 0.5000000000000487 0
    outer loop
      vertex 38.8 81.3856406460551 0.8
      vertex 38.8 81.3856406460551 2.636558001421053
      vertex 38.83163513839848 81.33084697904445 2.6
    endloop
  endfacet
  facet normal 0 1 0
    outer loop
      vertex 38.8 81.3856406460551 0.8
      vertex 38.717854916454215 81.3856406460551 2.6
      vertex 38.8 81.3856406460551 2.636558001421053
    endloop
  endfacet
  facet normal 0.31067201182073884 0.6451170798619046 -0.6980736740070518
    outer loop
      vertex 38.356033494330106 81.55988465949092 2.6
      vertex 40.49395920743493 83.12732592987213 5
      vertex 38.717854916454215 81.3856406460551 2.6
    endloop
  endfacet
  facet normal 0.3106720118207415 0.6451170798619039 -0.6980736740070514
    outer loop
      vertex 38.83163513839848 81.33084697904445 2.6
      vertex 40.49395920743493 83.12732592987213 5
      vertex 38.997583682973975 81.25093037194884 2.6
    endloop
  endfacet
  facet normal 0.3106720118206984 0.6451170798619333 -0.6980736740070435
    outer loop
      vertex 38.83163513839848 81.33084697904445 2.6
      vertex 38.8 81.3856406460551 2.636558001421053
      vertex 40.49395920743493 83.12732592987213 5
    endloop
  endfacet
  facet normal 0.31067201182071913 0.6451170798619188 -0.6980736740070476
    outer loop
      vertex 38.717854916454215 81.3856406460551 2.6
      vertex 40.49395920743493 83.12732592987213 5
      vertex 38.8 81.3856406460551 2.636558001421053
    endloop
  endfacet
  facet normal 0.31067201182072757 0.6451170798619141 -0.6980736740070481
    outer loop
      vertex 38.356033494330106 81.55988465949092 2.6
      vertex 38.85591302896306 83.75 4.846438237272067
      vertex 40.49395920743493 83.12732592987213 5
    endloop
  endfacet
  facet normal 1 0 0
    outer loop
      vertex 39.6 80 0.8
      vertex 39.6 80 2.6
      vertex 39.6 79.5 0.8
    endloop
  endfacet
  facet normal 1 0 0
    outer loop
      vertex 39.6 80 2.6
      vertex 39.6 79.5 2.6
      vertex 39.6 79.5 0.8
    endloop
  endfacet
  facet normal 0.7071067811865476 0 -0.7071067811865477
    outer loop
      vertex 39.6 80 2.6
      vertex 41.1 79.5 4.1
      vertex 39.6 79.5 2.6
    endloop
  endfacet
  facet normal 0.7071067811865474 -5.233641528945922e-16 -0.7071067811865478
    outer loop
      vertex 39.6 80 2.6
      vertex 42 80 4.999999999999997
      vertex 41.1 79.5 4.1
    endloop
  endfacet
  facet normal 0.6980736740070471 0.15933076073566343 -0.6980736740070476
    outer loop
      vertex 39.44155018864387 80.6942139825881 2.6
      vertex 42 80 4.999999999999997
      vertex 39.6 80 2.6
    endloop
  endfacet
  facet normal -0.7071067811865474 -5.233641528945922e-16 -0.7071067811865478
    outer loop
      vertex 44.4 80 2.6
      vertex 42.9 79.5 4.1
      vertex 42 80 4.999999999999997
    endloop
  endfacet
  facet normal 0.5598116215581714 0.4464348709797587 -0.698073674007047
    outer loop
      vertex 39.44155018864387 80.6942139825881 2.6
      vertex 38.997583682973975 81.25093037194884 2.6
      vertex 41.603875471609676 81.73553495647025 5
    endloop
  endfacet
  facet normal -0.6430315689873053 0 -0.7658396707442913
    outer loop
      vertex 45.35278640450004 80.47022820183398 0
      vertex 45.35278640450004 79.5 0
      vertex 44.4 79.5 0.8
    endloop
  endfacet
  facet normal -1 0 0
    outer loop
      vertex 44.4 80 0.8
      vertex 44.4 79.5 0.8
      vertex 44.4 79.5 2.6
    endloop
  endfacet
  facet normal -1 0 0
    outer loop
      vertex 44.4 80 0.8
      vertex 44.4 79.5 2.6
      vertex 44.4 80 2.6
    endloop
  endfacet
  facet normal -0.6430315689873053 0 -0.7658396707442913
    outer loop
      vertex 44.4 80 0.8
      vertex 45.35278640450004 80.47022820183398 0
      vertex 44.4 79.5 0.8
    endloop
  endfacet
  facet normal -0.6969701380815226 0.4023958968385021 -0.5935572161385629
    outer loop
      vertex 44.4 80 0.8
      vertex 45.2 81.3856406460551 0.8
      vertex 45.35278640450004 80.47022820183398 0
    endloop
  endfacet
  facet normal -0.8660254037844364 0.500000000000004 0
    outer loop
      vertex 44.4 80 0.8
      vertex 44.4 80 2.6
      vertex 45.2 81.3856406460551 0.8
    endloop
  endfacet
  facet normal -0.8660254037844374 0.5000000000000022 -1.9265552605847526e-15
    outer loop
      vertex 44.4 80 2.6
      vertex 45.16836486160152 81.33084697904445 2.6
      vertex 45.2 81.3856406460551 0.8
    endloop
  endfacet
  facet normal -0.2030438793759953 0.6249048048797019 -0.7538349739075575
    outer loop
      vertex 45.35278640450004 80.47022820183398 0
      vertex 45.2 81.3856406460551 0.8
      vertex 46.24721359549996 80.76084521303612 0
    endloop
  endfacet
  facet normal -0.7071067811865476 0 -0.7071067811865477
    outer loop
      vertex 44.4 80 2.6
      vertex 44.4 79.5 2.6
      vertex 42.9 79.5 4.1
    endloop
  endfacet
  facet normal 0 0 -1
    outer loop
      vertex 44.4 80 2.6
      vertex 44.55844981135613 80.6942139825881 2.6
      vertex 45.002416317026025 81.25093037194884 2.6
    endloop
  endfacet
  facet normal 0 0 -1
    outer loop
      vertex 44.4 80 2.6
      vertex 45.002416317026025 81.25093037194884 2.6
      vertex 45.16836486160152 81.33084697904445 2.6
    endloop
  endfacet
  facet normal -0.6980736740070478 0.15933076073566357 -0.6980736740070468
    outer loop
      vertex 44.4 80 2.6
      vertex 42.396124528390324 81.73553495647025 5
      vertex 44.55844981135613 80.6942139825881 2.6
    endloop
  endfacet
  facet normal -0.8660254037844105 0.5000000000000487 0
    outer loop
      vertex 45.2 81.3856406460551 0.8
      vertex 45.16836486160152 81.33084697904445 2.6
      vertex 45.2 81.3856406460551 2.636558001421053
    endloop
  endfacet
  facet normal 0 1 0
    outer loop
      vertex 45.2 81.3856406460551 0.8
      vertex 45.2 81.3856406460551 2.636558001421053
      vertex 45.28214508354578 81.3856406460551 2.6
    endloop
  endfacet
  facet normal -0.5598116215581695 0.4464348709797572 -0.6980736740070493
    outer loop
      vertex 44.55844981135613 80.6942139825881 2.6
      vertex 43.50604079256507 83.12732592987213 5
      vertex 45.002416317026025 81.25093037194884 2.6
    endloop
  endfacet
  facet normal -0.31067201182074367 0.6451170798619084 -0.6980736740070463
    outer loop
      vertex 45.002416317026025 81.25093037194884 2.6
      vertex 44.79903682227637 83.75 5
      vertex 45.16836486160152 81.33084697904445 2.6
    endloop
  endfacet
  facet normal -0.3106720118206757 0.6451170798619293 -0.6980736740070571
    outer loop
      vertex 45.16836486160152 81.33084697904445 2.6
      vertex 44.79903682227637 83.75 5
      vertex 45.2 81.3856406460551 2.636558001421053
    endloop
  endfacet
  facet normal -0.3106720118207456 0.645117079861907 -0.6980736740070467
    outer loop
      vertex 45.2 81.3856406460551 2.636558001421053
      vertex 44.79903682227637 83.75 5
      vertex 45.28214508354578 81.3856406460551 2.6
    endloop
  endfacet
  facet normal -0.31067201182073556 0.6451170798619104 -0.698073674007048
    outer loop
      vertex 45.28214508354578 81.3856406460551 2.6
      vertex 44.79903682227637 83.75 5
      vertex 45.643966505669894 81.55988465949092 2.6
    endloop
  endfacet
  facet normal 0.6980736740070472 0.15933076073566543 -0.698073674007047
    outer loop
      vertex 39.44155018864387 80.6942139825881 2.6
      vertex 41.603875471609676 81.73553495647025 5
      vertex 42 80 4.999999999999997
    endloop
  endfacet
  facet normal -0.698073674007047 0.15933076073566516 -0.6980736740070473
    outer loop
      vertex 44.4 80 2.6
      vertex 42 80 4.999999999999997
      vertex 42.396124528390324 81.73553495647025 5
    endloop
  endfacet
  facet normal 0.5598116215581741 0.4464348709797526 -0.6980736740070488
    outer loop
      vertex 38.997583682973975 81.25093037194884 2.6
      vertex 40.49395920743493 83.12732592987213 5
      vertex 41.603875471609676 81.73553495647025 5
    endloop
  endfacet
  facet normal 0.31067201182072657 0.6451170798619102 -0.6980736740070521
    outer loop
      vertex 38.85591302896306 83.75 4.846438237272067
      vertex 39.20096317772363 83.75 5
      vertex 40.49395920743493 83.12732592987213 5
    endloop
  endfacet
  facet normal -0.5598116215581749 0.4464348709797532 -0.6980736740070478
    outer loop
      vertex 44.55844981135613 80.6942139825881 2.6
      vertex 42.396124528390324 81.73553495647025 5
      vertex 43.50604079256507 83.12732592987213 5
    endloop
  endfacet
  facet normal -0.3106720118207278 0.6451170798619125 -0.6980736740070493
    outer loop
      vertex 45.002416317026025 81.25093037194884 2.6
      vertex 43.50604079256507 83.12732592987213 5
      vertex 44.79903682227637 83.75 5
    endloop
  endfacet
  facet normal -0.3106720118207247 0.6451170798619151 -0.6980736740070483
    outer loop
      vertex 45.643966505669894 81.55988465949092 2.6
      vertex 44.79903682227637 83.75 5
      vertex 45.14408697103694 83.75 4.846438237272067
    endloop
  endfacet
  facet normal 0 0 -1
    outer loop
      vertex 45.35278640450004 80.47022820183398 0
      vertex 80.24721359549996 80.76084521303612 0
      vertex 45.35278640450004 79.5 0
    endloop
  endfacet
  facet normal 0 0 -1
    outer loop
      vertex 45.35278640450004 80.47022820183398 0
      vertex 46.24721359549996 80.76084521303612 0
      vertex 80.24721359549996 80.76084521303612 0
    endloop
  endfacet
  facet normal 0 0.788122134415381 -0.6155188878048702
    outer loop
      vertex 46.24721359549996 80.76084521303612 0
      vertex 45.2 81.3856406460551 0.8
      vertex 79.2 81.3856406460551 0.8
    endloop
  endfacet
  facet normal 0 1 0
    outer loop
      vertex 45.2 81.3856406460551 0.8
      vertex 45.28214508354578 81.3856406460551 2.6
      vertex 79.2 81.3856406460551 0.8
    endloop
  endfacet
  facet normal 0 0 -1
    outer loop
      vertex 45.28214508354578 81.3856406460551 2.6
      vertex 45.643966505669894 81.55988465949092 2.6
      vertex 80.3560334943301 81.55988465949092 2.6
    endloop
  endfacet
  facet normal 0 0.7160259392356543 -0.6980736740070486
    outer loop
      vertex 45.643966505669894 81.55988465949092 2.6
      vertex 45.14408697103694 83.75 4.846438237272067
      vertex 80.3560334943301 81.55988465949092 2.6
    endloop
  endfacet
  facet normal 0 -0.7160259392356557 -0.6980736740070471
    outer loop
      vertex 45.14408697103694 0.25 4.846438237272076
      vertex 80.57060868597537 1.5 3.5642921581813836
      vertex 80.85591302896304 0.25 4.846438237272076
    endloop
  endfacet
  facet normal 0.31067201182072557 -0.645117079861916 -0.6980736740070471
    outer loop
      vertex 80.85591302896304 0.25 4.846438237272076
      vertex 81.7743332800933 1.5 4.1
      vertex 81.2009631777236 0.25 5
    endloop
  endfacet
  facet normal 0.31067201182072807 -0.645117079861917 -0.6980736740070453
    outer loop
      vertex 80.85591302896304 0.25 4.846438237272076
      vertex 80.57060868597537 1.5 3.5642921581813836
      vertex 81.7743332800933 1.5 4.1
    endloop
  endfacet
  facet normal 0.31067201182072673 -0.6451170798619162 -0.6980736740070466
    outer loop
      vertex 81.2009631777236 0.25 5
      vertex 81.7743332800933 1.5 4.1
      vertex 82.49395920743493 0.8726740701278798 5
    endloop
  endfacet
  facet normal 0.3106720118207394 -0.6451170798619065 -0.6980736740070499
    outer loop
      vertex 82.49395920743493 0.8726740701278798 5
      vertex 81.7743332800933 1.5 4.1
      vertex 81.93281838576206 1.5763224043491078 4.1
    endloop
  endfacet
  facet normal 0.5598116215581717 -0.44643487097975476 -0.6980736740070493
    outer loop
      vertex 82.49395920743493 0.8726740701278798 5
      vertex 81.93281838576206 1.5763224043491078 4.1
      vertex 82.7930034904975 2.6549604087355694 4.1
    endloop
  endfacet
  facet normal 0.5598116215581772 -0.44643487097975376 -0.6980736740070455
    outer loop
      vertex 82.49395920743493 0.8726740701278798 5
      vertex 82.7930034904975 2.6549604087355694 4.1
      vertex 83.60387547160967 2.264465043529766 5
    endloop
  endfacet
  facet normal -0.31067201182072673 -0.6451170798619128 -0.6980736740070496
    outer loop
      vertex 85.50604079256507 0.872674070127883 5
      vertex 87.14408697103696 0.25 4.846438237272076
      vertex 86.7990368222764 0.25 5
    endloop
  endfacet
  facet normal -0.3106720118207248 -0.6451170798619192 -0.6980736740070447
    outer loop
      vertex 85.50604079256507 0.872674070127883 5
      vertex 86.06718161423792 1.5763224043491095 4.1
      vertex 86.2256667199067 1.5 4.1
    endloop
  endfacet
  facet normal -0.3106720118207282 -0.6451170798619166 -0.6980736740070456
    outer loop
      vertex 85.50604079256507 0.872674070127883 5
      vertex 86.2256667199067 1.5 4.1
      vertex 87.42939131402463 1.5 3.5642921581813836
    endloop
  endfacet
  facet normal -0.5598116215581778 -0.44643487097975293 -0.6980736740070456
    outer loop
      vertex 84.39612452839033 2.264465043529766 5
      vertex 85.2069965095025 2.6549604087355694 4.1
      vertex 86.06718161423792 1.5763224043491095 4.1
    endloop
  endfacet
  facet normal -0.5598116215581779 -0.44643487097975526 -0.6980736740070439
    outer loop
      vertex 84.39612452839033 2.264465043529766 5
      vertex 86.06718161423792 1.5763224043491095 4.1
      vertex 85.50604079256507 0.872674070127883 5
    endloop
  endfacet
  facet normal 0.6980736740070497 -0.159330760735665 -0.6980736740070448
    outer loop
      vertex 83.60387547160967 2.264465043529766 5
      vertex 82.7930034904975 2.6549604087355694 4.1
      vertex 83.1 3.9999999999999902 4.1
    endloop
  endfacet
  facet normal 0.6980736740070441 -0.15933076073566899 -0.6980736740070493
    outer loop
      vertex 83.60387547160967 2.264465043529766 5
      vertex 83.1 3.9999999999999902 4.1
      vertex 84 3.999999999999984 5
    endloop
  endfacet
  facet normal -0.698073674007048 -0.15933076073566985 -0.6980736740070453
    outer loop
      vertex 84.39612452839033 2.264465043529766 5
      vertex 84 3.999999999999984 5
      vertex 85.2069965095025 2.6549604087355694 4.1
    endloop
  endfacet
  facet normal -0.6980736740070446 -0.15933076073566393 -0.6980736740070498
    outer loop
      vertex 84 3.999999999999984 5
      vertex 84.9 3.9999999999999902 4.1
      vertex 85.2069965095025 2.6549604087355694 4.1
    endloop
  endfacet
  facet normal -0.3106720118207279 -0.645117079861917 -0.6980736740070455
    outer loop
      vertex 85.50604079256507 0.872674070127883 5
      vertex 87.42939131402463 1.5 3.5642921581813836
      vertex 87.14408697103696 0.25 4.846438237272076
    endloop
  endfacet
  facet normal 0.7071067811865455 0 -0.7071067811865496
    outer loop
      vertex 84 3.999999999999984 5
      vertex 83.1 3.9999999999999902 4.1
      vertex 83.1 38 4.1
    endloop
  endfacet
  facet normal -0.7071067811865455 -3.6943351969030096e-17 -0.7071067811865497
    outer loop
      vertex 84 3.999999999999984 5
      vertex 84 38 4.999999999999998
      vertex 84.9 3.9999999999999902 4.1
    endloop
  endfacet
  facet normal 0 0.7160259392356566 -0.6980736740070462
    outer loop
      vertex 80.89008373582524 41.8997116487273 5
      vertex 80.68981489526456 41.02227652776366 4.1
      vertex 45.310185104735424 41.02227652776366 4.1
    endloop
  endfacet
  facet normal 0.7071067811865448 -3.6943351969030133e-17 -0.7071067811865503
    outer loop
      vertex 84 3.999999999999984 5
      vertex 83.1 38 4.1
      vertex 84 38 4.999999999999998
    endloop
  endfacet
  facet normal -0.7071067811865447 0 -0.7071067811865503
    outer loop
      vertex 84 38 4.999999999999998
      vertex 84.9 38 4.1
      vertex 84.9 3.9999999999999902 4.1
    endloop
  endfacet
  facet normal 0.31067201182072746 0.6451170798619164 -0.6980736740070461
    outer loop
      vertex 80.89008373582524 41.8997116487273 5
      vertex 82.49395920743493 41.12732592987212 5
      vertex 80.68981489526456 41.02227652776366 4.1
    endloop
  endfacet
  facet normal 0.31067201182072707 0.6451170798619171 -0.6980736740070456
    outer loop
      vertex 82.49395920743493 41.12732592987212 5
      vertex 81.93281838576208 40.423677595650894 4.1
      vertex 80.68981489526456 41.02227652776366 4.1
    endloop
  endfacet
  facet normal 0.6980736740070447 0.15933076073566266 -0.6980736740070502
    outer loop
      vertex 84 38 4.999999999999998
      vertex 83.1 38 4.1
      vertex 82.7930034904975 39.34503959126443 4.1
    endloop
  endfacet
  facet normal 0.6980736740070483 0.15933076073566935 -0.698073674007045
    outer loop
      vertex 84 38 4.999999999999998
      vertex 82.7930034904975 39.34503959126443 4.1
      vertex 83.60387547160967 39.73553495647023 5
    endloop
  endfacet
  facet normal -0.698073674007044 0.15933076073566838 -0.6980736740070496
    outer loop
      vertex 84 38 4.999999999999998
      vertex 84.39612452839033 39.73553495647023 5
      vertex 84.9 38 4.1
    endloop
  endfacet
  facet normal -0.6980736740070501 0.15933076073566393 -0.6980736740070445
    outer loop
      vertex 84.39612452839033 39.73553495647023 5
      vertex 85.2069965095025 39.34503959126443 4.1
      vertex 84.9 38 4.1
    endloop
  endfacet
  facet normal 0.5598116215581787 0.44643487097975254 -0.6980736740070451
    outer loop
      vertex 83.60387547160967 39.73553495647023 5
      vertex 82.7930034904975 39.34503959126443 4.1
      vertex 81.93281838576208 40.423677595650894 4.1
    endloop
  endfacet
  facet normal 0.5598116215581788 0.44643487097975404 -0.6980736740070442
    outer loop
      vertex 82.49395920743493 41.12732592987212 5
      vertex 83.60387547160967 39.73553495647023 5
      vertex 81.93281838576208 40.423677595650894 4.1
    endloop
  endfacet
  facet normal -0.5598116215581771 0.4464348709797549 -0.6980736740070447
    outer loop
      vertex 84.39612452839033 39.73553495647023 5
      vertex 85.50604079256507 41.127325929872114 5
      vertex 85.2069965095025 39.34503959126443 4.1
    endloop
  endfacet
  facet normal -0.5598116215581779 0.44643487097975487 -0.6980736740070442
    outer loop
      vertex 85.50604079256507 41.127325929872114 5
      vertex 86.06718161423792 40.42367759565089 4.1
      vertex 85.2069965095025 39.34503959126443 4.1
    endloop
  endfacet
  facet normal -0.31067201182072984 0.6451170798619155 -0.6980736740070458
    outer loop
      vertex 85.50604079256507 41.127325929872114 5
      vertex 87.10991626417476 41.8997116487273 5
      vertex 86.06718161423792 40.42367759565089 4.1
    endloop
  endfacet
  facet normal -0.31067201182072995 0.6451170798619155 -0.6980736740070459
    outer loop
      vertex 87.10991626417476 41.8997116487273 5
      vertex 87.31018510473544 41.02227652776366 4.1
      vertex 86.06718161423792 40.42367759565089 4.1
    endloop
  endfacet
  facet normal 0 -0.7160259392356556 -0.6980736740070471
    outer loop
      vertex 87.14408697103696 0.25 4.846438237272076
      vertex 87.42939131402463 1.5 3.5642921581813836
      vertex 122.57060868597537 1.5 3.5642921581813836
    endloop
  endfacet
  facet normal 0 -0.7160259392356556 -0.6980736740070471
    outer loop
      vertex 87.14408697103696 0.25 4.846438237272076
      vertex 122.57060868597537 1.5 3.5642921581813836
      vertex 122 0.25 4.846438237272076
    endloop
  endfacet
  facet normal 0.3106720118207247 -0.6451170798619179 -0.6980736740070459
    outer loop
      vertex 122.80658422923312 0.4661235928506955 4.624756623534066
      vertex 122.57060868597537 1.5 3.5642921581813836
      vertex 123.77433328009332 1.5 4.1
    endloop
  endfacet
  facet normal -8.758167111363073e-17 -0.7160259392356556 -0.6980736740070472
    outer loop
      vertex 122 0.25 4.846438237272076
      vertex 122.57060868597537 1.5 3.5642921581813836
      vertex 122.80658422923312 0.4661235928506955 4.624756623534066
    endloop
  endfacet
  facet normal 0.31067201182072696 -0.6451170798619189 -0.6980736740070439
    outer loop
      vertex 122.80658422923312 0.4661235928506955 4.624756623534066
      vertex 123.77433328009332 1.5 4.1
      vertex 123.875 0.752404735808355 4.835682815830603
    endloop
  endfacet
  facet normal 0.31067201182072857 -0.6451170798619185 -0.6980736740070437
    outer loop
      vertex 123.875 0.752404735808355 4.835682815830603
      vertex 123.77433328009332 1.5 4.1
      vertex 124.2727086979284 1.150113433736745 4.645141734721319
    endloop
  endfacet
  facet normal 0.31067201182074045 -0.6451170798619084 -0.6980736740070478
    outer loop
      vertex 124.2727086979284 1.150113433736745 4.645141734721319
      vertex 123.77433328009332 1.5 4.1
      vertex 123.93281838576208 1.5763224043491078 4.1
    endloop
  endfacet
  facet normal 0.5598116215581785 -0.4464348709797526 -0.6980736740070452
    outer loop
      vertex 124.2727086979284 1.150113433736745 4.645141734721319
      vertex 123.93281838576208 1.5763224043491078 4.1
      vertex 124.7930034904975 2.65496040873557 4.1
    endloop
  endfacet
  facet normal 0.5598116215581787 -0.4464348709797526 -0.698073674007045
    outer loop
      vertex 124.2727086979284 1.150113433736745 4.645141734721319
      vertex 124.7930034904975 2.65496040873557 4.1
      vertex 125.24759526419165 2.125 4.80347670018568
    endloop
  endfacet
  facet normal 0.5598116215581843 -0.44643487097974655 -0.6980736740070443
    outer loop
      vertex 125.24759526419165 2.125 4.80347670018568
      vertex 124.7930034904975 2.65496040873557 4.1
      vertex 125.32141306172502 2.400491770897419 4.686490377251044
    endloop
  endfacet
  facet normal 0.6980736740070526 -0.15933076073566463 -0.6980736740070418
    outer loop
      vertex 125.32141306172502 2.400491770897419 4.686490377251044
      vertex 124.7930034904975 2.65496040873557 4.1
      vertex 125.1 4 4.1
    endloop
  endfacet
  facet normal 0.6980736740070443 -0.15933076073566846 -0.6980736740070491
    outer loop
      vertex 125.32141306172502 2.400491770897419 4.686490377251044
      vertex 125.1 4 4.1
      vertex 125.75 4 4.750000000000001
    endloop
  endfacet
  facet normal 0.7071067811865451 0 -0.7071067811865499
    outer loop
      vertex 125.75 4 4.750000000000001
      vertex 125.1 4 4.1
      vertex 125.1 38.00000000000001 4.1
    endloop
  endfacet
  facet normal 0 0.7160259392356566 -0.6980736740070461
    outer loop
      vertex 87.10991626417476 41.8997116487273 5
      vertex 122.89008373582524 41.8997116487273 5
      vertex 87.31018510473544 41.02227652776366 4.1
    endloop
  endfacet
  facet normal 0.7071067811865451 0 -0.7071067811865499
    outer loop
      vertex 125.75 4 4.750000000000001
      vertex 125.1 38.00000000000001 4.1
      vertex 125.75 38.00000000000001 4.750000000000001
    endloop
  endfacet
  facet normal 0 0.7160259392356567 -0.6980736740070461
    outer loop
      vertex 122.89008373582524 41.8997116487273 5
      vertex 122.68981489526456 41.02227652776366 4.1
      vertex 87.31018510473544 41.02227652776366 4.1
    endloop
  endfacet
  facet normal 0.6980736740070449 0.15933076073566366 -0.6980736740070497
    outer loop
      vertex 125.75 38.00000000000001 4.750000000000001
      vertex 125.1 38.00000000000001 4.1
      vertex 124.7930034904975 39.34503959126443 4.1
    endloop
  endfacet
  facet normal 0.698073674007048 0.1593307607356677 -0.6980736740070458
    outer loop
      vertex 125.75 38.00000000000001 4.750000000000001
      vertex 124.7930034904975 39.34503959126443 4.1
      vertex 125.75 39.09532156688369 5
    endloop
  endfacet
  facet normal 0.31067201182072707 0.6451170798619171 -0.6980736740070456
    outer loop
      vertex 124.49395920743493 41.12732592987212 5
      vertex 123.93281838576208 40.423677595650894 4.1
      vertex 122.68981489526456 41.02227652776366 4.1
    endloop
  endfacet
  facet normal 0.31067201182072746 0.6451170798619164 -0.6980736740070461
    outer loop
      vertex 122.89008373582524 41.8997116487273 5
      vertex 124.49395920743493 41.12732592987212 5
      vertex 122.68981489526456 41.02227652776366 4.1
    endloop
  endfacet
  facet normal 0.5598116215581787 0.44643487097975393 -0.6980736740070441
    outer loop
      vertex 125.60387547160967 39.73553495647023 5
      vertex 123.93281838576208 40.423677595650894 4.1
      vertex 124.49395920743493 41.12732592987212 5
    endloop
  endfacet
  facet normal 0.5598116215581787 0.44643487097975254 -0.6980736740070451
    outer loop
      vertex 125.60387547160967 39.73553495647023 5
      vertex 124.7930034904975 39.34503959126443 4.1
      vertex 123.93281838576208 40.423677595650894 4.1
    endloop
  endfacet
  facet normal 0.698073674007048 0.15933076073566993 -0.6980736740070451
    outer loop
      vertex 125.75 39.09532156688369 5
      vertex 124.7930034904975 39.34503959126443 4.1
      vertex 125.60387547160967 39.73553495647023 5
    endloop
  endfacet
  facet normal 0 -0.7160259392356565 -0.6980736740070461
    outer loop
      vertex 45.10991626417474 42.1002883512727 5
      vertex 80.68981489526456 42.97772347223634 4.1
      vertex 80.89008373582524 42.1002883512727 5
    endloop
  endfacet
  facet normal 0.3106720118207268 -0.6451170798619166 -0.6980736740070462
    outer loop
      vertex 80.89008373582524 42.1002883512727 5
      vertex 80.68981489526456 42.97772347223634 4.1
      vertex 81.93281838576208 43.576322404349106 4.1
    endloop
  endfacet
  facet normal 0.3106720118207277 -0.6451170798619168 -0.6980736740070455
    outer loop
      vertex 80.89008373582524 42.1002883512727 5
      vertex 81.93281838576208 43.576322404349106 4.1
      vertex 82.49395920743493 42.87267407012788 5
    endloop
  endfacet
  facet normal 0.5598116215581795 -0.44643487097975326 -0.698073674007044
    outer loop
      vertex 82.49395920743493 42.87267407012788 5
      vertex 81.93281838576208 43.576322404349106 4.1
      vertex 82.7930034904975 44.65496040873557 4.1
    endloop
  endfacet
  facet normal 0.5598116215581781 -0.4464348709797535 -0.6980736740070449
    outer loop
      vertex 82.49395920743493 42.87267407012788 5
      vertex 82.7930034904975 44.65496040873557 4.1
      vertex 83.60387547160967 44.26446504352977 5
    endloop
  endfacet
  facet normal -0.3106720118207299 -0.6451170798619154 -0.6980736740070459
    outer loop
      vertex 85.50604079256507 42.872674070127886 5
      vertex 86.06718161423792 43.57632240434911 4.1
      vertex 87.31018510473544 42.97772347223634 4.1
    endloop
  endfacet
  facet normal -0.5598116215581775 -0.44643487097975526 -0.6980736740070443
    outer loop
      vertex 84.39612452839033 44.26446504352977 5
      vertex 86.06718161423792 43.57632240434911 4.1
      vertex 85.50604079256507 42.872674070127886 5
    endloop
  endfacet
  facet normal -0.5598116215581774 -0.4464348709797545 -0.6980736740070448
    outer loop
      vertex 84.39612452839033 44.26446504352977 5
      vertex 85.2069965095025 44.65496040873557 4.1
      vertex 86.06718161423792 43.57632240434911 4.1
    endloop
  endfacet
  facet normal 0.6980736740070499 -0.1593307607356647 -0.6980736740070446
    outer loop
      vertex 83.60387547160967 44.26446504352977 5
      vertex 82.7930034904975 44.65496040873557 4.1
      vertex 83.1 45.99999999999999 4.1
    endloop
  endfacet
  facet normal 0.6980736740070441 -0.15933076073566899 -0.6980736740070494
    outer loop
      vertex 83.60387547160967 44.26446504352977 5
      vertex 83.1 45.99999999999999 4.1
      vertex 84 45.999999999999986 5
    endloop
  endfacet
  facet normal -0.6980736740070481 -0.1593307607356699 -0.6980736740070451
    outer loop
      vertex 84.39612452839033 44.26446504352977 5
      vertex 84 45.999999999999986 5
      vertex 85.2069965095025 44.65496040873557 4.1
    endloop
  endfacet
  facet normal -0.6980736740070447 -0.15933076073566357 -0.69807367400705
    outer loop
      vertex 84 45.999999999999986 5
      vertex 84.9 45.99999999999999 4.1
      vertex 85.2069965095025 44.65496040873557 4.1
    endloop
  endfacet
  facet normal -0.31067201182072984 -0.6451170798619155 -0.6980736740070458
    outer loop
      vertex 85.50604079256507 42.872674070127886 5
      vertex 87.31018510473544 42.97772347223634 4.1
      vertex 87.10991626417476 42.1002883512727 5
    endloop
  endfacet
  facet normal 0.7071067811865455 0 -0.7071067811865497
    outer loop
      vertex 84 45.999999999999986 5
      vertex 83.1 45.99999999999999 4.1
      vertex 83.1 79.5 4.1
    endloop
  endfacet
  facet normal -0.7071067811865455 -3.6943351969030096e-17 -0.7071067811865497
    outer loop
      vertex 84 45.999999999999986 5
      vertex 84 80 4.999999999999998
      vertex 84.9 45.99999999999999 4.1
    endloop
  endfacet
  facet normal 0 0 -1
    outer loop
      vertex 80.24721359549996 80.76084521303612 0
      vertex 80.8 80 0
      vertex 45.35278640450004 79.5 0
    endloop
  endfacet
  facet normal 0 0.788122134415381 -0.6155188878048702
    outer loop
      vertex 46.24721359549996 80.76084521303612 0
      vertex 79.2 81.3856406460551 0.8
      vertex 80.24721359549996 80.76084521303612 0
    endloop
  endfacet
  facet normal 0 0 -1
    outer loop
      vertex 80.8 80 0
      vertex 80.8 79.5 0
      vertex 45.35278640450004 79.5 0
    endloop
  endfacet
  facet normal 0 1 0
    outer loop
      vertex 45.28214508354578 81.3856406460551 2.6
      vertex 80.8 81.3856406460551 0.8
      vertex 79.2 81.3856406460551 0.8
    endloop
  endfacet
  facet normal 0 1 0
    outer loop
      vertex 45.28214508354578 81.3856406460551 2.6
      vertex 80.71785491645421 81.3856406460551 2.6
      vertex 80.8 81.3856406460551 0.8
    endloop
  endfacet
  facet normal 0 0 -1
    outer loop
      vertex 45.28214508354578 81.3856406460551 2.6
      vertex 80.3560334943301 81.55988465949092 2.6
      vertex 80.71785491645421 81.3856406460551 2.6
    endloop
  endfacet
  facet normal 0 0.7160259392356543 -0.6980736740070486
    outer loop
      vertex 45.14408697103694 83.75 4.846438237272067
      vertex 80.85591302896304 83.75 4.846438237272067
      vertex 80.3560334943301 81.55988465949092 2.6
    endloop
  endfacet
  facet normal 0.7071067811865448 -3.6943351969030133e-17 -0.7071067811865503
    outer loop
      vertex 84 45.999999999999986 5
      vertex 83.1 79.5 4.1
      vertex 84 80 4.999999999999998
    endloop
  endfacet
  facet normal -0.7071067811865447 0 -0.7071067811865503
    outer loop
      vertex 84 80 4.999999999999998
      vertex 84.9 79.5 4.1
      vertex 84.9 45.99999999999999 4.1
    endloop
  endfacet
  facet normal 0.5669152706818008 0.4118880539259989 -0.7134110364304957
    outer loop
      vertex 80.24721359549996 80.76084521303612 0
      vertex 80.8 81.3856406460551 0.8
      vertex 80.8 80 0
    endloop
  endfacet
  facet normal 0.7071067811865488 0 -0.7071067811865462
    outer loop
      vertex 80.8 80 0
      vertex 81.6 80 0.8
      vertex 80.8 79.5 0
    endloop
  endfacet
  facet normal 0.7071067811865488 0 -0.7071067811865462
    outer loop
      vertex 81.6 80 0.8
      vertex 81.6 79.5 0.8
      vertex 80.8 79.5 0
    endloop
  endfacet
  facet normal 1 0 0
    outer loop
      vertex 81.6 80 0.8
      vertex 81.6 80 2.6
      vertex 81.6 79.5 0.8
    endloop
  endfacet
  facet normal 1 0 0
    outer loop
      vertex 81.6 80 2.6
      vertex 81.6 79.5 2.6
      vertex 81.6 79.5 0.8
    endloop
  endfacet
  facet normal 0.654653670707978 0.3779644730092284 -0.6546536707079755
    outer loop
      vertex 80.8 80 0
      vertex 80.8 81.3856406460551 0.8
      vertex 81.6 80 0.8
    endloop
  endfacet
  facet normal 0.8660254037844394 0.4999999999999987 0
    outer loop
      vertex 81.6 80 0.8
      vertex 80.83163513839848 81.33084697904445 2.6
      vertex 81.6 80 2.6
    endloop
  endfacet
  facet normal 0.8660254037844382 0.5000000000000007 -1.9274705288631284e-15
    outer loop
      vertex 81.6 80 0.8
      vertex 80.8 81.3856406460551 0.8
      vertex 80.83163513839848 81.33084697904445 2.6
    endloop
  endfacet
  facet normal 0.7071067811865476 0 -0.7071067811865477
    outer loop
      vertex 81.6 80 2.6
      vertex 83.1 79.5 4.1
      vertex 81.6 79.5 2.6
    endloop
  endfacet
  facet normal 0 0 -1
    outer loop
      vertex 81.44155018864387 80.6942139825881 2.6
      vertex 80.83163513839848 81.33084697904445 2.6
      vertex 80.99758368297398 81.25093037194884 2.6
    endloop
  endfacet
  facet normal 0 0 -1
    outer loop
      vertex 81.6 80 2.6
      vertex 80.83163513839848 81.33084697904445 2.6
      vertex 81.44155018864387 80.6942139825881 2.6
    endloop
  endfacet
  facet normal 0.698073674007047 0.15933076073565625 -0.6980736740070492
    outer loop
      vertex 81.6 80 2.6
      vertex 81.44155018864387 80.6942139825881 2.6
      vertex 84 80 4.999999999999998
    endloop
  endfacet
  facet normal 0 0.7881221344153808 -0.6155188878048701
    outer loop
      vertex 80.24721359549996 80.76084521303612 0
      vertex 79.2 81.3856406460551 0.8
      vertex 80.8 81.3856406460551 0.8
    endloop
  endfacet
  facet normal 0.8660254037844105 0.5000000000000487 0
    outer loop
      vertex 80.8 81.3856406460551 0.8
      vertex 80.8 81.3856406460551 2.636558001421053
      vertex 80.83163513839848 81.33084697904445 2.6
    endloop
  endfacet
  facet normal 0 1 0
    outer loop
      vertex 80.8 81.3856406460551 0.8
      vertex 80.71785491645421 81.3856406460551 2.6
      vertex 80.8 81.3856406460551 2.636558001421053
    endloop
  endfacet
  facet normal 0.31067201182069903 0.6451170798619333 -0.698073674007043
    outer loop
      vertex 80.83163513839848 81.33084697904445 2.6
      vertex 80.8 81.3856406460551 2.636558001421053
      vertex 82.49395920743493 83.12732592987213 5
    endloop
  endfacet
  facet normal 0.31067201182073906 0.645117079861905 -0.6980736740070514
    outer loop
      vertex 80.3560334943301 81.55988465949092 2.6
      vertex 82.49395920743493 83.12732592987213 5
      vertex 80.71785491645421 81.3856406460551 2.6
    endloop
  endfacet
  facet normal 0.31067201182071885 0.6451170798619196 -0.698073674007047
    outer loop
      vertex 80.71785491645421 81.3856406460551 2.6
      vertex 82.49395920743493 83.12732592987213 5
      vertex 80.8 81.3856406460551 2.636558001421053
    endloop
  endfacet
  facet normal 0.3106720118207317 0.6451170798619111 -0.698073674007049
    outer loop
      vertex 80.83163513839848 81.33084697904445 2.6
      vertex 82.49395920743493 83.12732592987213 5
      vertex 80.99758368297398 81.25093037194884 2.6
    endloop
  endfacet
  facet normal 0.5598116215581751 0.44643487097975443 -0.6980736740070468
    outer loop
      vertex 81.44155018864387 80.6942139825881 2.6
      vertex 80.99758368297398 81.25093037194884 2.6
      vertex 83.60387547160967 81.73553495647025 5
    endloop
  endfacet
  facet normal -1 0 0
    outer loop
      vertex 86.4 80 0.8
      vertex 86.4 79.5 0.8
      vertex 86.4 79.5 2.6
    endloop
  endfacet
  facet normal -1 0 0
    outer loop
      vertex 86.4 80 0.8
      vertex 86.4 79.5 2.6
      vertex 86.4 80 2.6
    endloop
  endfacet
  facet normal 0.7071067811865465 -6.280369834735096e-15 -0.7071067811865487
    outer loop
      vertex 81.6 80 2.6
      vertex 84 80 4.999999999999998
      vertex 83.1 79.5 4.1
    endloop
  endfacet
  facet normal -0.7071067811865465 -6.280369834735096e-15 -0.7071067811865487
    outer loop
      vertex 86.4 80 2.6
      vertex 84.9 79.5 4.1
      vertex 84 80 4.999999999999998
    endloop
  endfacet
  facet normal -0.7071067811865476 0 -0.7071067811865477
    outer loop
      vertex 86.4 80 2.6
      vertex 86.4 79.5 2.6
      vertex 84.9 79.5 4.1
    endloop
  endfacet
  facet normal -0.6980736740070511 0.1593307607356572 -0.698073674007045
    outer loop
      vertex 86.4 80 2.6
      vertex 84.39612452839033 81.73553495647025 5
      vertex 86.55844981135613 80.6942139825881 2.6
    endloop
  endfacet
  facet normal -0.5598116215581749 0.4464348709797542 -0.698073674007047
    outer loop
      vertex 85.50604079256507 83.12732592987213 5
      vertex 87.00241631702602 81.25093037194884 2.6
      vertex 86.55844981135613 80.6942139825881 2.6
    endloop
  endfacet
  facet normal 0.5598116215581754 0.4464348709797536 -0.698073674007047
    outer loop
      vertex 80.99758368297398 81.25093037194884 2.6
      vertex 82.49395920743493 83.12732592987213 5
      vertex 83.60387547160967 81.73553495647025 5
    endloop
  endfacet
  facet normal 0.3106720118207267 0.6451170798619155 -0.6980736740070472
    outer loop
      vertex 80.3560334943301 81.55988465949092 2.6
      vertex 80.85591302896304 83.75 4.846438237272067
      vertex 82.49395920743493 83.12732592987213 5
    endloop
  endfacet
  facet normal 0.3106720118207283 0.6451170798619209 -0.6980736740070417
    outer loop
      vertex 80.85591302896304 83.75 4.846438237272067
      vertex 81.20096317772361 83.75 5
      vertex 82.49395920743493 83.12732592987213 5
    endloop
  endfacet
  facet normal 0.6980736740070475 0.159330760735668 -0.6980736740070462
    outer loop
      vertex 81.44155018864387 80.6942139825881 2.6
      vertex 83.60387547160967 81.73553495647025 5
      vertex 84 80 4.999999999999998
    endloop
  endfacet
  facet normal -0.6980736740070458 0.15933076073566735 -0.6980736740070479
    outer loop
      vertex 86.4 80 2.6
      vertex 84 80 4.999999999999998
      vertex 84.39612452839033 81.73553495647025 5
    endloop
  endfacet
  facet normal -0.5598116215581755 0.4464348709797537 -0.6980736740070469
    outer loop
      vertex 84.39612452839033 81.73553495647025 5
      vertex 85.50604079256507 83.12732592987213 5
      vertex 86.55844981135613 80.6942139825881 2.6
    endloop
  endfacet
  facet normal -0.31067201182072546 0.6451170798619151 -0.6980736740070482
    outer loop
      vertex 85.50604079256507 83.12732592987213 5
      vertex 86.79903682227639 83.75 5
      vertex 87.00241631702602 81.25093037194884 2.6
    endloop
  endfacet
  facet normal -0.6430315689873081 0 -0.7658396707442889
    outer loop
      vertex 87.35278640450004 80.47022820183398 0
      vertex 87.35278640450004 79.5 0
      vertex 86.4 79.5 0.8
    endloop
  endfacet
  facet normal -0.6430315689873081 0 -0.7658396707442888
    outer loop
      vertex 86.4 80 0.8
      vertex 87.35278640450004 80.47022820183398 0
      vertex 86.4 79.5 0.8
    endloop
  endfacet
  facet normal -0.6969701380815254 0.40239589683850013 -0.5935572161385613
    outer loop
      vertex 86.4 80 0.8
      vertex 87.2 81.3856406460551 0.8
      vertex 87.35278640450004 80.47022820183398 0
    endloop
  endfacet
  facet normal -0.2030438793759953 0.6249048048797019 -0.7538349739075575
    outer loop
      vertex 87.35278640450004 80.47022820183398 0
      vertex 87.2 81.3856406460551 0.8
      vertex 88.24721359549996 80.76084521303612 0
    endloop
  endfacet
  facet normal -0.8660254037844382 0.5000000000000007 0
    outer loop
      vertex 86.4 80 0.8
      vertex 86.4 80 2.6
      vertex 87.2 81.3856406460551 0.8
    endloop
  endfacet
  facet normal -0.8660254037844394 0.4999999999999987 -2.006828396442455e-15
    outer loop
      vertex 86.4 80 2.6
      vertex 87.16836486160152 81.33084697904445 2.6
      vertex 87.2 81.3856406460551 0.8
    endloop
  endfacet
  facet normal 0 0 -1
    outer loop
      vertex 86.4 80 2.6
      vertex 86.55844981135613 80.6942139825881 2.6
      vertex 87.00241631702602 81.25093037194884 2.6
    endloop
  endfacet
  facet normal 0 0 -1
    outer loop
      vertex 86.4 80 2.6
      vertex 87.00241631702602 81.25093037194884 2.6
      vertex 87.16836486160152 81.33084697904445 2.6
    endloop
  endfacet
  facet normal -0.8660254037844105 0.5000000000000487 0
    outer loop
      vertex 87.2 81.3856406460551 0.8
      vertex 87.16836486160152 81.33084697904445 2.6
      vertex 87.2 81.3856406460551 2.636558001421053
    endloop
  endfacet
  facet normal 0 1 0
    outer loop
      vertex 87.2 81.3856406460551 0.8
      vertex 87.2 81.3856406460551 2.636558001421053
      vertex 87.28214508354579 81.3856406460551 2.6
    endloop
  endfacet
  facet normal -0.3106720118207326 0.645117079861913 -0.6980736740070468
    outer loop
      vertex 87.00241631702602 81.25093037194884 2.6
      vertex 86.79903682227639 83.75 5
      vertex 87.16836486160152 81.33084697904445 2.6
    endloop
  endfacet
  facet normal -0.31067201182067866 0.6451170798619298 -0.6980736740070552
    outer loop
      vertex 87.16836486160152 81.33084697904445 2.6
      vertex 86.79903682227639 83.75 5
      vertex 87.2 81.3856406460551 2.636558001421053
    endloop
  endfacet
  facet normal -0.3106720118207198 0.6451170798619167 -0.698073674007049
    outer loop
      vertex 87.2 81.3856406460551 2.636558001421053
      vertex 86.79903682227639 83.75 5
      vertex 87.28214508354579 81.3856406460551 2.6
    endloop
  endfacet
  facet normal -0.3106720118207412 0.6451170798619095 -0.6980736740070462
    outer loop
      vertex 87.28214508354579 81.3856406460551 2.6
      vertex 86.79903682227639 83.75 5
      vertex 87.6439665056699 81.55988465949092 2.6
    endloop
  endfacet
  facet normal 0 0 -1
    outer loop
      vertex 87.35278640450004 80.47022820183398 0
      vertex 104.33333333333333 79.5 0
      vertex 87.35278640450004 79.5 0
    endloop
  endfacet
  facet normal -0.3106720118207304 0.645117079861914 -0.6980736740070468
    outer loop
      vertex 87.6439665056699 81.55988465949092 2.6
      vertex 86.79903682227639 83.75 5
      vertex 87.14408697103696 83.75 4.846438237272067
    endloop
  endfacet
  facet normal 0 -0.7160259392356567 -0.6980736740070461
    outer loop
      vertex 87.10991626417476 42.1002883512727 5
      vertex 87.31018510473544 42.97772347223634 4.1
      vertex 122.68981489526456 42.97772347223634 4.1
    endloop
  endfacet
  facet normal 0 -0.7160259392356566 -0.6980736740070461
    outer loop
      vertex 87.10991626417476 42.1002883512727 5
      vertex 122.68981489526456 42.97772347223634 4.1
      vertex 122.89008373582524 42.1002883512727 5
    endloop
  endfacet
  facet normal 0.3106720118207268 -0.6451170798619166 -0.6980736740070462
    outer loop
      vertex 122.89008373582524 42.1002883512727 5
      vertex 122.68981489526456 42.97772347223634 4.1
      vertex 123.93281838576208 43.576322404349106 4.1
    endloop
  endfacet
  facet normal 0.3106720118207277 -0.6451170798619168 -0.6980736740070455
    outer loop
      vertex 122.89008373582524 42.1002883512727 5
      vertex 123.93281838576208 43.576322404349106 4.1
      vertex 124.49395920743493 42.87267407012788 5
    endloop
  endfacet
  facet normal 0.5598116215581795 -0.44643487097975326 -0.698073674007044
    outer loop
      vertex 124.49395920743493 42.87267407012788 5
      vertex 123.93281838576208 43.576322404349106 4.1
      vertex 124.7930034904975 44.65496040873557 4.1
    endloop
  endfacet
  facet normal 0.5598116215581781 -0.4464348709797535 -0.6980736740070449
    outer loop
      vertex 124.49395920743493 42.87267407012788 5
      vertex 124.7930034904975 44.65496040873557 4.1
      vertex 125.60387547160967 44.26446504352977 5
    endloop
  endfacet
  facet normal 0.6980736740070499 -0.1593307607356647 -0.6980736740070446
    outer loop
      vertex 125.60387547160967 44.26446504352977 5
      vertex 124.7930034904975 44.65496040873557 4.1
      vertex 125.1 45.99999999999999 4.1
    endloop
  endfacet
  facet normal 0.6980736740070429 -0.15933076073566874 -0.6980736740070504
    outer loop
      vertex 125.60387547160967 44.26446504352977 5
      vertex 125.75 45.99999999999999 4.750000000000001
      vertex 125.75 44.90467843311631 5
    endloop
  endfacet
  facet normal 0.6980736740070443 -0.15933076073566874 -0.6980736740070491
    outer loop
      vertex 125.60387547160967 44.26446504352977 5
      vertex 125.1 45.99999999999999 4.1
      vertex 125.75 45.99999999999999 4.750000000000001
    endloop
  endfacet
  facet normal 0.7071067811865451 0 -0.7071067811865499
    outer loop
      vertex 125.75 45.99999999999999 4.750000000000001
      vertex 125.1 45.99999999999999 4.1
      vertex 125.1 79.5 4.1
    endloop
  endfacet
  facet normal 0 0 -1
    outer loop
      vertex 87.35278640450004 80.47022820183398 0
      vertex 88.24721359549996 80.76084521303612 0
      vertex 122.24721359549996 80.76084521303612 0
    endloop
  endfacet
  facet normal 0 0.788122134415381 -0.6155188878048702
    outer loop
      vertex 88.24721359549996 80.76084521303612 0
      vertex 87.2 81.3856406460551 0.8
      vertex 121.2 81.3856406460551 0.8
    endloop
  endfacet
  facet normal 0 1 0
    outer loop
      vertex 87.2 81.3856406460551 0.8
      vertex 87.28214508354579 81.3856406460551 2.6
      vertex 121.2 81.3856406460551 0.8
    endloop
  endfacet
  facet normal 0 0 -1
    outer loop
      vertex 87.28214508354579 81.3856406460551 2.6
      vertex 87.6439665056699 81.55988465949092 2.6
      vertex 122.3560334943301 81.55988465949092 2.6
    endloop
  endfacet
  facet normal 1.2182860895237495e-16 0.7160259392356543 -0.6980736740070485
    outer loop
      vertex 87.6439665056699 81.55988465949092 2.6
      vertex 87.14408697103696 83.75 4.846438237272067
      vertex 122 83.75 4.846438237272073
    endloop
  endfacet
  facet normal 0 0 -1
    outer loop
      vertex 87.35278640450004 80.47022820183398 0
      vertex 122.24721359549996 80.76084521303612 0
      vertex 104.33333333333333 79.5 0
    endloop
  endfacet
  facet normal 0.7071067811865431 -7.38867039380604e-17 -0.7071067811865519
    outer loop
      vertex 125.75 45.99999999999999 4.750000000000001
      vertex 125.1 79.5 4.1
      vertex 125.75 80.00000000000001 4.749999999999997
    endloop
  endfacet
  facet normal 0 0.788122134415381 -0.6155188878048702
    outer loop
      vertex 88.24721359549996 80.76084521303612 0
      vertex 121.2 81.3856406460551 0.8
      vertex 122.24721359549996 80.76084521303612 0
    endloop
  endfacet
  facet normal 0 1 0
    outer loop
      vertex 87.28214508354579 81.3856406460551 2.6
      vertex 122.8 81.3856406460551 0.8
      vertex 121.2 81.3856406460551 0.8
    endloop
  endfacet
  facet normal 0 1 0
    outer loop
      vertex 87.28214508354579 81.3856406460551 2.6
      vertex 122.71785491645421 81.3856406460551 2.6
      vertex 122.8 81.3856406460551 0.8
    endloop
  endfacet
  facet normal 0 0 -1
    outer loop
      vertex 87.28214508354579 81.3856406460551 2.6
      vertex 122.3560334943301 81.55988465949092 2.6
      vertex 122.71785491645421 81.3856406460551 2.6
    endloop
  endfacet
  facet normal 0 0.7160259392356552 -0.6980736740070476
    outer loop
      vertex 87.6439665056699 81.55988465949092 2.6
      vertex 122 83.75 4.846438237272073
      vertex 122.3560334943301 81.55988465949092 2.6
    endloop
  endfacet
  facet normal 0 0 -1
    outer loop
      vertex 122.8 80 0
      vertex 122.8 79.5 0
      vertex 104.33333333333333 79.5 0
    endloop
  endfacet
  facet normal 0 0 -1
    outer loop
      vertex 122.8 80 0
      vertex 104.33333333333333 79.5 0
      vertex 122.24721359549996 80.76084521303612 0
    endloop
  endfacet
  facet normal 0.7071067811865488 0 -0.7071067811865462
    outer loop
      vertex 122.8 80 0
      vertex 123.6 80 0.8
      vertex 122.8 79.5 0
    endloop
  endfacet
  facet normal 0.7071067811865488 0 -0.7071067811865462
    outer loop
      vertex 123.6 80 0.8
      vertex 123.6 79.5 0.8
      vertex 122.8 79.5 0
    endloop
  endfacet
  facet normal 1 0 0
    outer loop
      vertex 123.6 80 0.8
      vertex 123.6 80 2.6
      vertex 123.6 79.5 0.8
    endloop
  endfacet
  facet normal 1 0 0
    outer loop
      vertex 123.6 80 2.6
      vertex 123.6 79.5 2.6
      vertex 123.6 79.5 0.8
    endloop
  endfacet
  facet normal 0.5669152706818008 0.4118880539259989 -0.7134110364304957
    outer loop
      vertex 122.8 80 0
      vertex 122.24721359549996 80.76084521303612 0
      vertex 122.8 81.3856406460551 0.8
    endloop
  endfacet
  facet normal 0.654653670707978 0.3779644730092284 -0.6546536707079755
    outer loop
      vertex 122.8 80 0
      vertex 122.8 81.3856406460551 0.8
      vertex 123.6 80 0.8
    endloop
  endfacet
  facet normal 0.8660254037844394 0.4999999999999987 0
    outer loop
      vertex 123.6 80 0.8
      vertex 122.83163513839848 81.33084697904445 2.6
      vertex 123.6 80 2.6
    endloop
  endfacet
  facet normal 0.8660254037844382 0.5000000000000007 -1.9274705288631284e-15
    outer loop
      vertex 123.6 80 0.8
      vertex 122.8 81.3856406460551 0.8
      vertex 122.83163513839848 81.33084697904445 2.6
    endloop
  endfacet
  facet normal 0 0 -1
    outer loop
      vertex 123.6 80 2.6
      vertex 122.83163513839848 81.33084697904445 2.6
      vertex 123.44155018864387 80.6942139825881 2.6
    endloop
  endfacet
  facet normal 0 0 -1
    outer loop
      vertex 123.44155018864387 80.6942139825881 2.6
      vertex 122.83163513839848 81.33084697904445 2.6
      vertex 122.99758368297398 81.25093037194884 2.6
    endloop
  endfacet
  facet normal 0.7071067811865476 0 -0.7071067811865477
    outer loop
      vertex 123.6 80 2.6
      vertex 125.1 79.5 4.1
      vertex 123.6 79.5 2.6
    endloop
  endfacet
  facet normal 0.7071067811865461 -7.594865846656244e-15 -0.7071067811865489
    outer loop
      vertex 123.6 80 2.6
      vertex 125.75 80.00000000000001 4.749999999999997
      vertex 125.1 79.5 4.1
    endloop
  endfacet
  facet normal 0.6980736740070511 0.1593307607356572 -0.6980736740070449
    outer loop
      vertex 123.6 80 2.6
      vertex 123.44155018864387 80.6942139825881 2.6
      vertex 125.32141306172502 81.5995082291026 4.686490377251041
    endloop
  endfacet
  facet normal 0.6980736740070448 0.15933076073566882 -0.6980736740070487
    outer loop
      vertex 123.6 80 2.6
      vertex 125.32141306172502 81.5995082291026 4.686490377251041
      vertex 125.75 80.00000000000001 4.749999999999997
    endloop
  endfacet
  facet normal 0 0.7881221344153808 -0.6155188878048701
    outer loop
      vertex 121.2 81.3856406460551 0.8
      vertex 122.8 81.3856406460551 0.8
      vertex 122.24721359549996 80.76084521303612 0
    endloop
  endfacet
  facet normal 0 1 0
    outer loop
      vertex 122.8 81.3856406460551 0.8
      vertex 122.71785491645421 81.3856406460551 2.6
      vertex 122.8 81.3856406460551 2.636558001421053
    endloop
  endfacet
  facet normal 0.8660254037844105 0.5000000000000487 0
    outer loop
      vertex 122.8 81.3856406460551 0.8
      vertex 122.8 81.3856406460551 2.636558001421053
      vertex 122.83163513839848 81.33084697904445 2.6
    endloop
  endfacet
  facet normal 0.31067201182073995 0.6451170798619068 -0.6980736740070493
    outer loop
      vertex 122.71785491645421 81.3856406460551 2.6
      vertex 122.3560334943301 81.55988465949092 2.6
      vertex 123.875 83.24759526419165 4.835682815830598
    endloop
  endfacet
  facet normal 0.3106720118207322 0.645117079861912 -0.698073674007048
    outer loop
      vertex 122.99758368297398 81.25093037194884 2.6
      vertex 122.83163513839848 81.33084697904445 2.6
      vertex 123.875 83.24759526419165 4.835682815830598
    endloop
  endfacet
  facet normal 0.3106720118206926 0.6451170798619323 -0.6980736740070469
    outer loop
      vertex 122.8 81.3856406460551 2.636558001421053
      vertex 123.875 83.24759526419165 4.835682815830598
      vertex 122.83163513839848 81.33084697904445 2.6
    endloop
  endfacet
  facet normal 0.3106720118207194 0.6451170798619181 -0.698073674007048
    outer loop
      vertex 122.71785491645421 81.3856406460551 2.6
      vertex 123.875 83.24759526419165 4.835682815830598
      vertex 122.8 81.3856406460551 2.636558001421053
    endloop
  endfacet
  facet normal -9.541130910331772e-15 0.7160259392356546 -0.6980736740070483
    outer loop
      vertex 122.3560334943301 81.55988465949092 2.6
      vertex 122 83.75 4.846438237272073
      vertex 122.80658422923312 83.53387640714931 4.624756623534056
    endloop
  endfacet
  facet normal 0.3106720118207308 0.6451170798619129 -0.6980736740070477
    outer loop
      vertex 122.3560334943301 81.55988465949092 2.6
      vertex 122.80658422923312 83.53387640714931 4.624756623534056
      vertex 123.875 83.24759526419165 4.835682815830598
    endloop
  endfacet
  facet normal 0.3106720118207201 0.6451170798619177 -0.6980736740070481
    outer loop
      vertex 122.99758368297398 81.25093037194884 2.6
      vertex 123.875 83.24759526419165 4.835682815830598
      vertex 124.27270869792838 82.84988656626327 4.645141734721314
    endloop
  endfacet
  facet normal 0.5598116215581751 0.44643487097975443 -0.698073674007047
    outer loop
      vertex 123.44155018864387 80.6942139825881 2.6
      vertex 122.99758368297398 81.25093037194884 2.6
      vertex 125.24759526419165 81.875 4.803476700185672
    endloop
  endfacet
  facet normal 0.5598116215581737 0.4464348709797561 -0.6980736740070468
    outer loop
      vertex 123.44155018864387 80.6942139825881 2.6
      vertex 125.24759526419165 81.875 4.803476700185672
      vertex 125.32141306172502 81.5995082291026 4.686490377251041
    endloop
  endfacet
  facet normal 0.559811621558175 0.4464348709797542 -0.698073674007047
    outer loop
      vertex 122.99758368297398 81.25093037194884 2.6
      vertex 124.27270869792838 82.84988656626327 4.645141734721314
      vertex 125.24759526419165 81.875 4.803476700185672
    endloop
  endfacet
  facet normal 0 0 -1
    outer loop
      vertex 0.25 39.095321566883705 5
      vertex 0.39612452839032375 44.26446504352977 5
      vertex 0.39612452839032375 39.73553495647023 5
    endloop
  endfacet
  facet normal 0 0 -1
    outer loop
      vertex 0.39612452839032375 39.73553495647023 5
      vertex 0.39612452839032375 44.26446504352977 5
      vertex 1.5060407925650656 41.127325929872114 5
    endloop
  endfacet
  facet normal 0 0 -1
    outer loop
      vertex 1.5060407925650656 41.127325929872114 5
      vertex 1.5060407925650656 42.872674070127886 5
      vertex 3.1099162641747444 41.8997116487273 5
    endloop
  endfacet
  facet normal 0 0 -1
    outer loop
      vertex 3.1099162641747444 41.8997116487273 5
      vertex 3.1099162641747444 42.1002883512727 5
      vertex 38.890083735825264 41.8997116487273 5
    endloop
  endfacet
  facet normal 0 0 -1
    outer loop
      vertex 39.20096317772361 0.25 5
      vertex 40.49395920743493 0.8726740701278798 5
      vertex 44.79903682227639 0.25 5
    endloop
  endfacet
  facet normal 0 0 -1
    outer loop
      vertex 40.49395920743493 0.8726740701278798 5
      vertex 42.396124528390324 2.264465043529766 5
      vertex 43.50604079256507 0.872674070127883 5
    endloop
  endfacet
  facet normal 0 0 -1
    outer loop
      vertex 40.49395920743493 0.8726740701278798 5
      vertex 43.50604079256507 0.872674070127883 5
      vertex 44.79903682227639 0.25 5
    endloop
  endfacet
  facet normal 0 0 -1
    outer loop
      vertex 40.49395920743493 0.8726740701278798 5
      vertex 41.603875471609676 2.264465043529766 5
      vertex 42.396124528390324 2.264465043529766 5
    endloop
  endfacet
  facet normal 0 0 -1
    outer loop
      vertex 41.603875471609676 2.264465043529766 5
      vertex 42 3.9999999999999885 5
      vertex 42.396124528390324 2.264465043529766 5
    endloop
  endfacet
  facet normal 0 0 -1
    outer loop
      vertex 38.890083735825264 41.8997116487273 5
      vertex 38.890083735825264 42.1002883512727 5
      vertex 40.49395920743493 41.12732592987212 5
    endloop
  endfacet
  facet normal 0 1.5352818156538683e-15 -1
    outer loop
      vertex 42 38 4.999999999999997
      vertex 41.603875471609676 39.73553495647023 5
      vertex 42.396124528390324 39.73553495647023 5
    endloop
  endfacet
  facet normal 0 0 -1
    outer loop
      vertex 40.49395920743493 41.12732592987212 5
      vertex 40.49395920743493 42.87267407012788 5
      vertex 41.603875471609676 39.73553495647023 5
    endloop
  endfacet
  facet normal 0 0 -1
    outer loop
      vertex 41.603875471609676 39.73553495647023 5
      vertex 43.50604079256507 41.127325929872114 5
      vertex 42.396124528390324 39.73553495647023 5
    endloop
  endfacet
  facet normal 0 0 -1
    outer loop
      vertex 41.603875471609676 39.73553495647023 5
      vertex 40.49395920743493 42.87267407012788 5
      vertex 43.50604079256507 41.127325929872114 5
    endloop
  endfacet
  facet normal 0 0 -1
    outer loop
      vertex 43.50604079256507 41.127325929872114 5
      vertex 43.50604079256507 42.872674070127886 5
      vertex 45.10991626417474 41.8997116487273 5
    endloop
  endfacet
  facet normal 0 0 -1
    outer loop
      vertex 45.10991626417474 41.8997116487273 5
      vertex 45.10991626417474 42.1002883512727 5
      vertex 80.89008373582524 41.8997116487273 5
    endloop
  endfacet
  facet normal 0 0 -1
    outer loop
      vertex 0.25 39.095321566883705 5
      vertex 0.25 44.904678433116295 5
      vertex 0.39612452839032375 44.26446504352977 5
    endloop
  endfacet
  facet normal 0 0 -1
    outer loop
      vertex 1.5060407925650656 41.127325929872114 5
      vertex 0.39612452839032375 44.26446504352977 5
      vertex 1.5060407925650656 42.872674070127886 5
    endloop
  endfacet
  facet normal 0 0 -1
    outer loop
      vertex 3.1099162641747444 41.8997116487273 5
      vertex 1.5060407925650656 42.872674070127886 5
      vertex 3.1099162641747444 42.1002883512727 5
    endloop
  endfacet
  facet normal 0 0 -1
    outer loop
      vertex 38.890083735825264 41.8997116487273 5
      vertex 3.1099162641747444 42.1002883512727 5
      vertex 38.890083735825264 42.1002883512727 5
    endloop
  endfacet
  facet normal 0 0 -1
    outer loop
      vertex 40.49395920743493 41.12732592987212 5
      vertex 38.890083735825264 42.1002883512727 5
      vertex 40.49395920743493 42.87267407012788 5
    endloop
  endfacet
  facet normal 0 0 -1
    outer loop
      vertex 43.50604079256507 41.127325929872114 5
      vertex 40.49395920743493 42.87267407012788 5
      vertex 43.50604079256507 42.872674070127886 5
    endloop
  endfacet
  facet normal 0 0 -1
    outer loop
      vertex 40.49395920743493 42.87267407012788 5
      vertex 41.603875471609676 44.26446504352977 5
      vertex 42.396124528390324 44.26446504352977 5
    endloop
  endfacet
  facet normal 0 0 -1
    outer loop
      vertex 40.49395920743493 42.87267407012788 5
      vertex 42.396124528390324 44.26446504352977 5
      vertex 43.50604079256507 42.872674070127886 5
    endloop
  endfacet
  facet normal 0 0 -1
    outer loop
      vertex 41.603875471609676 44.26446504352977 5
      vertex 42 45.999999999999986 5
      vertex 42.396124528390324 44.26446504352977 5
    endloop
  endfacet
  facet normal 0 0 -1
    outer loop
      vertex 45.10991626417474 41.8997116487273 5
      vertex 43.50604079256507 42.872674070127886 5
      vertex 45.10991626417474 42.1002883512727 5
    endloop
  endfacet
  facet normal 0 0 -1
    outer loop
      vertex 39.20096317772363 83.75 5
      vertex 43.50604079256507 83.12732592987213 5
      vertex 40.49395920743493 83.12732592987213 5
    endloop
  endfacet
  facet normal 0 1.5352818156538559e-15 -1
    outer loop
      vertex 42 80 4.999999999999997
      vertex 41.603875471609676 81.73553495647025 5
      vertex 42.396124528390324 81.73553495647025 5
    endloop
  endfacet
  facet normal 0 0 -1
    outer loop
      vertex 41.603875471609676 81.73553495647025 5
      vertex 43.50604079256507 83.12732592987213 5
      vertex 42.396124528390324 81.73553495647025 5
    endloop
  endfacet
  facet normal 0 0 -1
    outer loop
      vertex 40.49395920743493 83.12732592987213 5
      vertex 43.50604079256507 83.12732592987213 5
      vertex 41.603875471609676 81.73553495647025 5
    endloop
  endfacet
  facet normal 0 0 -1
    outer loop
      vertex 39.20096317772363 83.75 5
      vertex 44.79903682227637 83.75 5
      vertex 43.50604079256507 83.12732592987213 5
    endloop
  endfacet
  facet normal 0 0 -1
    outer loop
      vertex 81.2009631777236 0.25 5
      vertex 82.49395920743493 0.8726740701278798 5
      vertex 86.7990368222764 0.25 5
    endloop
  endfacet
  facet normal 0 0 -1
    outer loop
      vertex 82.49395920743493 0.8726740701278798 5
      vertex 84.39612452839033 2.264465043529766 5
      vertex 85.50604079256507 0.872674070127883 5
    endloop
  endfacet
  facet normal 0 0 -1
    outer loop
      vertex 82.49395920743493 0.8726740701278798 5
      vertex 83.60387547160967 2.264465043529766 5
      vertex 84.39612452839033 2.264465043529766 5
    endloop
  endfacet
  facet normal 0 0 -1
    outer loop
      vertex 83.60387547160967 2.264465043529766 5
      vertex 84 3.999999999999984 5
      vertex 84.39612452839033 2.264465043529766 5
    endloop
  endfacet
  facet normal 0 0 -1
    outer loop
      vertex 82.49395920743493 0.8726740701278798 5
      vertex 85.50604079256507 0.872674070127883 5
      vertex 86.7990368222764 0.25 5
    endloop
  endfacet
  facet normal 0 0 -1
    outer loop
      vertex 80.89008373582524 41.8997116487273 5
      vertex 80.89008373582524 42.1002883512727 5
      vertex 82.49395920743493 41.12732592987212 5
    endloop
  endfacet
  facet normal 0 1.0235212104359122e-15 -1
    outer loop
      vertex 84 38 4.999999999999998
      vertex 83.60387547160967 39.73553495647023 5
      vertex 84.39612452839033 39.73553495647023 5
    endloop
  endfacet
  facet normal 0 0 -1
    outer loop
      vertex 83.60387547160967 39.73553495647023 5
      vertex 85.50604079256507 41.127325929872114 5
      vertex 84.39612452839033 39.73553495647023 5
    endloop
  endfacet
  facet normal 0 0 -1
    outer loop
      vertex 82.49395920743493 41.12732592987212 5
      vertex 85.50604079256507 42.872674070127886 5
      vertex 83.60387547160967 39.73553495647023 5
    endloop
  endfacet
  facet normal 0 0 -1
    outer loop
      vertex 83.60387547160967 39.73553495647023 5
      vertex 85.50604079256507 42.872674070127886 5
      vertex 85.50604079256507 41.127325929872114 5
    endloop
  endfacet
  facet normal 0 0 -1
    outer loop
      vertex 85.50604079256507 41.127325929872114 5
      vertex 87.10991626417476 42.1002883512727 5
      vertex 87.10991626417476 41.8997116487273 5
    endloop
  endfacet
  facet normal 0 0 -1
    outer loop
      vertex 87.10991626417476 41.8997116487273 5
      vertex 87.10991626417476 42.1002883512727 5
      vertex 122.89008373582524 41.8997116487273 5
    endloop
  endfacet
  facet normal 0 0 -1
    outer loop
      vertex 122.89008373582524 41.8997116487273 5
      vertex 122.89008373582524 42.1002883512727 5
      vertex 124.49395920743493 41.12732592987212 5
    endloop
  endfacet
  facet normal 0 0 -1
    outer loop
      vertex 125.60387547160967 39.73553495647023 5
      vertex 124.49395920743493 41.12732592987212 5
      vertex 124.49395920743493 42.87267407012788 5
    endloop
  endfacet
  facet normal 0 0 -1
    outer loop
      vertex 125.75 39.09532156688369 5
      vertex 125.60387547160967 39.73553495647023 5
      vertex 125.75 44.90467843311631 5
    endloop
  endfacet
  facet normal 0 0 -1
    outer loop
      vertex 45.10991626417474 42.1002883512727 5
      vertex 80.89008373582524 42.1002883512727 5
      vertex 80.89008373582524 41.8997116487273 5
    endloop
  endfacet
  facet normal 0 0 -1
    outer loop
      vertex 82.49395920743493 41.12732592987212 5
      vertex 80.89008373582524 42.1002883512727 5
      vertex 82.49395920743493 42.87267407012788 5
    endloop
  endfacet
  facet normal 0 0 -1
    outer loop
      vertex 82.49395920743493 41.12732592987212 5
      vertex 82.49395920743493 42.87267407012788 5
      vertex 85.50604079256507 42.872674070127886 5
    endloop
  endfacet
  facet normal 0 0 -1
    outer loop
      vertex 82.49395920743493 42.87267407012788 5
      vertex 83.60387547160967 44.26446504352977 5
      vertex 84.39612452839033 44.26446504352977 5
    endloop
  endfacet
  facet normal 0 0 -1
    outer loop
      vertex 82.49395920743493 42.87267407012788 5
      vertex 84.39612452839033 44.26446504352977 5
      vertex 85.50604079256507 42.872674070127886 5
    endloop
  endfacet
  facet normal 0 0 -1
    outer loop
      vertex 85.50604079256507 41.127325929872114 5
      vertex 85.50604079256507 42.872674070127886 5
      vertex 87.10991626417476 42.1002883512727 5
    endloop
  endfacet
  facet normal 0 0 -1
    outer loop
      vertex 83.60387547160967 44.26446504352977 5
      vertex 84 45.999999999999986 5
      vertex 84.39612452839033 44.26446504352977 5
    endloop
  endfacet
  facet normal 0 1.023521210435904e-15 -1
    outer loop
      vertex 84 80 4.999999999999998
      vertex 83.60387547160967 81.73553495647025 5
      vertex 84.39612452839033 81.73553495647025 5
    endloop
  endfacet
  facet normal 0 0 -1
    outer loop
      vertex 83.60387547160967 81.73553495647025 5
      vertex 85.50604079256507 83.12732592987213 5
      vertex 84.39612452839033 81.73553495647025 5
    endloop
  endfacet
  facet normal 0 0 -1
    outer loop
      vertex 81.20096317772361 83.75 5
      vertex 85.50604079256507 83.12732592987213 5
      vertex 82.49395920743493 83.12732592987213 5
    endloop
  endfacet
  facet normal 0 0 -1
    outer loop
      vertex 82.49395920743493 83.12732592987213 5
      vertex 85.50604079256507 83.12732592987213 5
      vertex 83.60387547160967 81.73553495647025 5
    endloop
  endfacet
  facet normal 0 0 -1
    outer loop
      vertex 81.20096317772361 83.75 5
      vertex 86.79903682227639 83.75 5
      vertex 85.50604079256507 83.12732592987213 5
    endloop
  endfacet
  facet normal 0 0 -1
    outer loop
      vertex 122.89008373582524 41.8997116487273 5
      vertex 87.10991626417476 42.1002883512727 5
      vertex 122.89008373582524 42.1002883512727 5
    endloop
  endfacet
  facet normal 0 0 -1
    outer loop
      vertex 124.49395920743493 41.12732592987212 5
      vertex 122.89008373582524 42.1002883512727 5
      vertex 124.49395920743493 42.87267407012788 5
    endloop
  endfacet
  facet normal 0 0 -1
    outer loop
      vertex 125.60387547160967 39.73553495647023 5
      vertex 124.49395920743493 42.87267407012788 5
      vertex 125.60387547160967 44.26446504352977 5
    endloop
  endfacet
  facet normal 0 0 -1
    outer loop
      vertex 125.60387547160967 39.73553495647023 5
      vertex 125.60387547160967 44.26446504352977 5
      vertex 125.75 44.90467843311631 5
    endloop
  endfacet
  facet normal 0.17364817766693205 0.9848077530122078 0
    outer loop
      vertex 4.442802853050672 1.4887402298188697 5.66
      vertex 4.378945523129355 1.5 5.66
      vertex 4.378945523129355 1.5 9.05
    endloop
  endfacet
  facet normal 0.17364817766693205 0.9848077530122078 0
    outer loop
      vertex 4.442802853050672 1.4887402298188697 5.66
      vertex 4.378945523129355 1.5 9.05
      vertex 4.442802853050672 1.4887402298188697 9.05
    endloop
  endfacet
  facet normal 0 0 1
    outer loop
      vertex 4.442802853050672 1.4887402298188697 5.66
      vertex 29.58311596159242 1.5638723645734858 5.66
      vertex 4.378945523129355 1.5 5.66
    endloop
  endfacet
  facet normal 0 1 0
    outer loop
      vertex 4.442802853050672 1.4887402298188697 5.66
      vertex 4.442802853050672 1.4887402298188697 9.05
      vertex 29.5 1.4887402298188697 5.66
    endloop
  endfacet
  facet normal 0.17364817766693205 0.9848077530122077 0
    outer loop
      vertex 4.442802853050672 1.4887402298188697 10.65
      vertex 4.378945523129355 1.5 10.65
      vertex 4.378945523129355 1.5 16.03
    endloop
  endfacet
  facet normal 0 0 -1
    outer loop
      vertex 4.442802853050672 1.4887402298188697 9.05
      vertex 4.378945523129355 1.5 9.05
      vertex 29.5 1.5 9.05
    endloop
  endfacet
  facet normal 0 0 1
    outer loop
      vertex 4.442802853050672 1.4887402298188697 10.65
      vertex 29.5 1.4887402298188697 10.65
      vertex 4.378945523129355 1.5 10.65
    endloop
  endfacet
  facet normal 1 0 0
    outer loop
      vertex 1.6037838169959322 3.1278486345195446 16.03
      vertex 1.6037838169959322 24.048113946933693 16.03
      vertex 1.6037838169959322 22.15 17.125876598214752
    endloop
  endfacet
  facet normal 0 0 1
    outer loop
      vertex 4.442802853050672 1.4887402298188697 5.66
      vertex 29.5 1.4887402298188697 5.66
      vertex 29.58311596159242 1.5638723645734858 5.66
    endloop
  endfacet
  facet normal 0 1 0
    outer loop
      vertex 4.442802853050672 1.4887402298188697 9.05
      vertex 29.5 1.4887402298188697 9.05
      vertex 29.5 1.4887402298188697 5.66
    endloop
  endfacet
  facet normal 0 0 1
    outer loop
      vertex 29.5 1.4887402298188697 5.66
      vertex 35.5 1.4887402298188697 5.66
      vertex 29.58311596159242 1.5638723645734858 5.66
    endloop
  endfacet
  facet normal 0 0 -1
    outer loop
      vertex 4.442802853050672 1.4887402298188697 9.05
      vertex 29.5 1.5 9.05
      vertex 29.5 1.4887402298188697 9.05
    endloop
  endfacet
  facet normal 0 0 1
    outer loop
      vertex 29.5 1.4887402298188697 10.65
      vertex 29.5 1.5 10.65
      vertex 4.378945523129355 1.5 10.65
    endloop
  endfacet
  facet normal 0 1 0
    outer loop
      vertex 4.442802853050672 1.4887402298188697 10.65
      vertex 29.5 1.4887402298188697 16.029999999999998
      vertex 29.5 1.4887402298188697 10.65
    endloop
  endfacet
  facet normal 0 1 0
    outer loop
      vertex 4.442802853050672 1.4887402298188697 10.65
      vertex 29.15 1.4887402298188697 17.125876598214752
      vertex 29.5 1.4887402298188697 16.029999999999998
    endloop
  endfacet
  facet normal 0 1 0
    outer loop
      vertex 4.442802853050672 1.4887402298188697 10.65
      vertex 29.15 1.4887402298188697 20.994123401785245
      vertex 29.15 1.4887402298188697 17.125876598214752
    endloop
  endfacet
  facet normal 0 1 0
    outer loop
      vertex 31.0481139469337 1.4887402298188697 16.029999999999998
      vertex 29.5 1.4887402298188697 16.029999999999998
      vertex 29.15 1.4887402298188697 17.125876598214752
    endloop
  endfacet
  facet normal 0.17364817766693205 0.9848077530122077 0
    outer loop
      vertex 4.442802853050672 1.4887402298188697 10.65
      vertex 4.378945523129355 1.5 16.03
      vertex 4.442802853050672 1.4887402298188697 59.399699999999996
    endloop
  endfacet
  facet normal 0.7660444431189769 0.6427876096865407 0
    outer loop
      vertex 2.7250000000000014 1.7916352203496828 59.399699999999996
      vertex 2.7250000000000014 1.7916352203496828 16.03
      vertex 1.6037838169959322 3.1278486345195446 16.03
    endloop
  endfacet
  facet normal 0.1736481776669311 0.984807753012208 1.428977354023653e-18
    outer loop
      vertex 4.442802853050672 1.4887402298188697 59.399699999999996
      vertex 4.378945523129355 1.5 16.03
      vertex 2.7250000000000014 1.7916352203496828 16.03
    endloop
  endfacet
  facet normal 0 1 0
    outer loop
      vertex 4.442802853050672 1.4887402298188697 10.65
      vertex 4.442802853050672 1.4887402298188697 59.399699999999996
      vertex 29.15 1.4887402298188697 20.994123401785245
    endloop
  endfacet
  facet normal 1 0 0
    outer loop
      vertex 1.6037838169959322 3.1278486345195446 16.03
      vertex 1.6037838169959322 22.15 17.125876598214752
      vertex 1.6037838169959322 22.15 20.994123401785245
    endloop
  endfacet
  facet normal 1 0 0
    outer loop
      vertex 1.6037838169959322 3.1278486345195446 16.03
      vertex 1.6037838169959322 22.15 20.994123401785245
      vertex 1.6037838169959322 26.65 28.994123401785245
    endloop
  endfacet
  facet normal 1 0 0
    outer loop
      vertex 1.6037838169959322 3.1278486345195446 16.03
      vertex 1.6037838169959322 26.65 28.994123401785245
      vertex 1.6037838169959322 25.5 31.19175319642951
    endloop
  endfacet
  facet normal 1 0 0
    outer loop
      vertex 1.6037838169959322 3.1278486345195446 16.03
      vertex 1.6037838169959322 25.5 31.19175319642951
      vertex 1.6037838169959322 22.15 33.12587659821476
    endloop
  endfacet
  facet normal 0 1 0
    outer loop
      vertex 32.5 1.4887402298188697 22.92824680357049
      vertex 29.15 1.4887402298188697 33.12587659821476
      vertex 32.5 1.4887402298188697 31.19175319642951
    endloop
  endfacet
  facet normal 1 0 0
    outer loop
      vertex 1.6037838169959322 28.85 17.125876598214752
      vertex 1.6037838169959322 26.951886053066307 16.03
      vertex 1.6037838169959322 33.0481139469337 16.03
    endloop
  endfacet
  facet normal 1 0 0
    outer loop
      vertex 1.6037838169959322 37.85 17.125876598214752
      vertex 1.6037838169959322 35.9518860530663 16.03
      vertex 1.6037838169959322 42.0481139469337 16.03
    endloop
  endfacet
  facet normal 1 0 0
    outer loop
      vertex 1.6037838169959322 22.15 20.994123401785245
      vertex 1.6037838169959322 25.5 22.92824680357049
      vertex 1.6037838169959322 26.65 25.125876598214752
    endloop
  endfacet
  facet normal 1 0 0
    outer loop
      vertex 1.6037838169959322 28.85 17.125876598214752
      vertex 1.6037838169959322 33.0481139469337 16.03
      vertex 1.6037838169959322 31.15 17.125876598214752
    endloop
  endfacet
  facet normal 1 0 0
    outer loop
      vertex 1.6037838169959322 28.85 17.125876598214752
      vertex 1.6037838169959322 31.15 17.125876598214752
      vertex 1.6037838169959322 31.15 20.994123401785245
    endloop
  endfacet
  facet normal 1 0 0
    outer loop
      vertex 1.6037838169959322 28.85 17.125876598214752
      vertex 1.6037838169959322 31.15 20.994123401785245
      vertex 1.6037838169959322 28.85 20.994123401785245
    endloop
  endfacet
  facet normal 1 0 0
    outer loop
      vertex 1.6037838169959322 25.5 22.92824680357049
      vertex 1.6037838169959322 30 23.191753196429506
      vertex 1.6037838169959322 26.65 25.125876598214752
    endloop
  endfacet
  facet normal 1 0 0
    outer loop
      vertex 1.6037838169959322 28.85 20.994123401785245
      vertex 1.6037838169959322 34.5 22.92824680357049
      vertex 1.6037838169959322 25.5 22.92824680357049
    endloop
  endfacet
  facet normal 1 0 0
    outer loop
      vertex 1.6037838169959322 28.85 20.994123401785245
      vertex 1.6037838169959322 31.15 20.994123401785245
      vertex 1.6037838169959322 34.5 22.92824680357049
    endloop
  endfacet
  facet normal 1 0 0
    outer loop
      vertex 1.6037838169959322 25.5 22.92824680357049
      vertex 1.6037838169959322 34.5 22.92824680357049
      vertex 1.6037838169959322 30 23.191753196429506
    endloop
  endfacet
  facet normal 1 0 0
    outer loop
      vertex 1.6037838169959322 26.65 28.994123401785245
      vertex 1.6037838169959322 22.15 20.994123401785245
      vertex 1.6037838169959322 26.65 25.125876598214752
    endloop
  endfacet
  facet normal 1 0 0
    outer loop
      vertex 1.6037838169959322 26.65 28.994123401785245
      vertex 1.6037838169959322 30 30.92824680357049
      vertex 1.6037838169959322 25.5 31.19175319642951
    endloop
  endfacet
  facet normal 1 0 0
    outer loop
      vertex 1.6037838169959322 28.85 33.12587659821476
      vertex 1.6037838169959322 25.5 31.19175319642951
      vertex 1.6037838169959322 31.15 33.12587659821476
    endloop
  endfacet
  facet normal 1 0 0
    outer loop
      vertex 1.6037838169959322 25.5 31.19175319642951
      vertex 1.6037838169959322 30 30.92824680357049
      vertex 1.6037838169959322 34.5 31.19175319642951
    endloop
  endfacet
  facet normal 1 0 0
    outer loop
      vertex 1.6037838169959322 25.5 31.19175319642951
      vertex 1.6037838169959322 34.5 31.19175319642951
      vertex 1.6037838169959322 31.15 33.12587659821476
    endloop
  endfacet
  facet normal 1 0 0
    outer loop
      vertex 1.6037838169959322 30 23.191753196429506
      vertex 1.6037838169959322 34.5 22.92824680357049
      vertex 1.6037838169959322 33.35 25.125876598214752
    endloop
  endfacet
  facet normal 1 0 0
    outer loop
      vertex 1.6037838169959322 34.5 22.92824680357049
      vertex 1.6037838169959322 39 23.191753196429506
      vertex 1.6037838169959322 35.65 25.125876598214752
    endloop
  endfacet
  facet normal 1 0 0
    outer loop
      vertex 1.6037838169959322 40.15 17.125876598214752
      vertex 1.6037838169959322 40.15 20.994123401785245
      vertex 1.6037838169959322 37.85 17.125876598214752
    endloop
  endfacet
  facet normal 1 0 0
    outer loop
      vertex 1.6037838169959322 40.15 20.994123401785245
      vertex 1.6037838169959322 37.85 20.994123401785245
      vertex 1.6037838169959322 37.85 17.125876598214752
    endloop
  endfacet
  facet normal 1 0 0
    outer loop
      vertex 1.6037838169959322 37.85 17.125876598214752
      vertex 1.6037838169959322 42.0481139469337 16.03
      vertex 1.6037838169959322 40.15 17.125876598214752
    endloop
  endfacet
  facet normal 1 0 0
    outer loop
      vertex 1.6037838169959322 37.85 20.994123401785245
      vertex 1.6037838169959322 43.5 22.92824680357049
      vertex 1.6037838169959322 34.5 22.92824680357049
    endloop
  endfacet
  facet normal 1 0 0
    outer loop
      vertex 1.6037838169959322 34.5 22.92824680357049
      vertex 1.6037838169959322 43.5 22.92824680357049
      vertex 1.6037838169959322 39 23.191753196429506
    endloop
  endfacet
  facet normal 1 0 0
    outer loop
      vertex 1.6037838169959322 37.85 20.994123401785245
      vertex 1.6037838169959322 40.15 20.994123401785245
      vertex 1.6037838169959322 43.5 22.92824680357049
    endloop
  endfacet
  facet normal 1 0 0
    outer loop
      vertex 1.6037838169959322 34.5 22.92824680357049
      vertex 1.6037838169959322 33.35 28.994123401785245
      vertex 1.6037838169959322 33.35 25.125876598214752
    endloop
  endfacet
  facet normal 1 0 0
    outer loop
      vertex 1.6037838169959322 34.5 22.92824680357049
      vertex 1.6037838169959322 35.65 25.125876598214752
      vertex 1.6037838169959322 33.35 28.994123401785245
    endloop
  endfacet
  facet normal 1 0 0
    outer loop
      vertex 1.6037838169959322 33.35 28.994123401785245
      vertex 1.6037838169959322 35.65 25.125876598214752
      vertex 1.6037838169959322 35.65 28.994123401785245
    endloop
  endfacet
  facet normal 1 0 0
    outer loop
      vertex 1.6037838169959322 30 30.92824680357049
      vertex 1.6037838169959322 33.35 28.994123401785245
      vertex 1.6037838169959322 34.5 31.19175319642951
    endloop
  endfacet
  facet normal 1 0 0
    outer loop
      vertex 1.6037838169959322 33.35 28.994123401785245
      vertex 1.6037838169959322 35.65 28.994123401785245
      vertex 1.6037838169959322 39 30.92824680357049
    endloop
  endfacet
  facet normal 1 0 0
    outer loop
      vertex 1.6037838169959322 33.35 28.994123401785245
      vertex 1.6037838169959322 37.85 33.12587659821476
      vertex 1.6037838169959322 34.5 31.19175319642951
    endloop
  endfacet
  facet normal 1 0 0
    outer loop
      vertex 1.6037838169959322 33.35 28.994123401785245
      vertex 1.6037838169959322 40.15 33.12587659821476
      vertex 1.6037838169959322 37.85 33.12587659821476
    endloop
  endfacet
  facet normal 1 0 0
    outer loop
      vertex 1.6037838169959322 33.35 28.994123401785245
      vertex 1.6037838169959322 39 30.92824680357049
      vertex 1.6037838169959322 40.15 33.12587659821476
    endloop
  endfacet
  facet normal 1 0 0
    outer loop
      vertex 1.6037838169959322 39 30.92824680357049
      vertex 1.6037838169959322 43.5 31.19175319642951
      vertex 1.6037838169959322 40.15 33.12587659821476
    endloop
  endfacet
  facet normal 0 0 1
    outer loop
      vertex 35.5 1.4887402298188697 5.66
      vertex 35.7 1.4887402298188697 5.66
      vertex 29.58311596159242 1.5638723645734858 5.66
    endloop
  endfacet
  facet normal 0 0 1
    outer loop
      vertex 35.7 1.4887402298188697 5.66
      vertex 36.17905517236415 1.4887402298188697 5.66
      vertex 29.58311596159242 1.5638723645734858 5.66
    endloop
  endfacet
  facet normal 0 0 1
    outer loop
      vertex 36.17905517236415 1.4887402298188697 5.66
      vertex 37.11503493323306 1.5 5.66
      vertex 29.58311596159242 1.5638723645734858 5.66
    endloop
  endfacet
  facet normal 0 1 0
    outer loop
      vertex 35.5 1.4887402298188697 5.66
      vertex 35.5 1.4887402298188697 9.05
      vertex 35.7 1.4887402298188697 5.66
    endloop
  endfacet
  facet normal 0 1 0
    outer loop
      vertex 35.5 1.4887402298188697 9.05
      vertex 35.7 1.4887402298188697 9.05
      vertex 35.7 1.4887402298188697 5.66
    endloop
  endfacet
  facet normal 0 0 1
    outer loop
      vertex 46.37894552312935 1.5 5.66
      vertex 47.515370397586246 1.4887402298188697 5.66
      vertex 47.563874022981885 1.4887402298188697 5.66
    endloop
  endfacet
  facet normal 0 0 1
    outer loop
      vertex 46.37894552312935 1.5 5.66
      vertex 47.563874022981885 1.4887402298188697 5.66
      vertex 47.8486214606436 1.7651462087876886 5.66
    endloop
  endfacet
  facet normal 0 0 -1
    outer loop
      vertex 35.5 1.4887402298188697 9.05
      vertex 35.5 1.5 9.05
      vertex 35.7 1.5 9.05
    endloop
  endfacet
  facet normal 0 0 -1
    outer loop
      vertex 35.5 1.4887402298188697 9.05
      vertex 35.7 1.5 9.05
      vertex 35.7 1.4887402298188697 9.05
    endloop
  endfacet
  facet normal 0 0 1
    outer loop
      vertex 35.7 1.4887402298188697 10.65
      vertex 35.7 1.5 10.65
      vertex 35.5 1.5 10.65
    endloop
  endfacet
  facet normal 0 0 1
    outer loop
      vertex 35.5 1.4887402298188697 10.65
      vertex 35.7 1.4887402298188697 10.65
      vertex 35.5 1.5 10.65
    endloop
  endfacet
  facet normal 0 1 0
    outer loop
      vertex 33.9518860530663 1.4887402298188697 16.03
      vertex 35.85 1.4887402298188697 17.125876598214752
      vertex 35.5 1.4887402298188697 16.029999999999998
    endloop
  endfacet
  facet normal 0 1 0
    outer loop
      vertex 35.5 1.4887402298188697 10.65
      vertex 35.5 1.4887402298188697 16.029999999999998
      vertex 35.7 1.4887402298188697 10.65
    endloop
  endfacet
  facet normal 0 1 0
    outer loop
      vertex 35.7 1.4887402298188697 10.65
      vertex 35.5 1.4887402298188697 16.029999999999998
      vertex 35.7 1.4887402298188697 16.03
    endloop
  endfacet
  facet normal 0 1 0
    outer loop
      vertex 35.5 1.4887402298188697 16.029999999999998
      vertex 35.85 1.4887402298188697 17.125876598214752
      vertex 35.7 1.4887402298188697 16.03
    endloop
  endfacet
  facet normal 0 1 0
    outer loop
      vertex 35.7 1.4887402298188697 16.03
      vertex 35.85 1.4887402298188697 17.125876598214752
      vertex 38.7 1.4887402298188697 16.03
    endloop
  endfacet
  facet normal 0 1 0
    outer loop
      vertex 40.0481139469337 1.4887402298188697 16.029999999999998
      vertex 38.7 1.4887402298188697 16.03
      vertex 38.15 1.4887402298188697 17.125876598214752
    endloop
  endfacet
  facet normal 0 0 1
    outer loop
      vertex 44.5 1.4887402298188697 10.65
      vertex 44.7 1.4887402298188697 10.65
      vertex 44.5 1.5 10.65
    endloop
  endfacet
  facet normal 0 0 1
    outer loop
      vertex 44.7 1.4887402298188697 10.65
      vertex 44.7 1.5 10.65
      vertex 44.5 1.5 10.65
    endloop
  endfacet
  facet normal 0 1 0
    outer loop
      vertex 44.5 1.4887402298188697 10.65
      vertex 44.5 1.4887402298188697 16.029999999999998
      vertex 44.7 1.4887402298188697 10.65
    endloop
  endfacet
  facet normal 0 1 0
    outer loop
      vertex 44.7 1.4887402298188697 10.65
      vertex 44.5 1.4887402298188697 16.029999999999998
      vertex 44.7 1.4887402298188697 16.03
    endloop
  endfacet
  facet normal 0 1 0
    outer loop
      vertex 42.9518860530663 1.4887402298188697 16.03
      vertex 44.85 1.4887402298188697 17.125876598214752
      vertex 44.5 1.4887402298188697 16.029999999999998
    endloop
  endfacet
  facet normal 0 1 0
    outer loop
      vertex 44.7 1.4887402298188697 16.03
      vertex 44.5 1.4887402298188697 16.029999999999998
      vertex 44.85 1.4887402298188697 17.125876598214752
    endloop
  endfacet
  facet normal 0 1 0
    outer loop
      vertex 47.7 1.4887402298188697 16.03
      vertex 44.7 1.4887402298188697 16.03
      vertex 44.85 1.4887402298188697 17.125876598214752
    endloop
  endfacet
  facet normal 0 0 1
    outer loop
      vertex 53.5 1.4887402298188697 5.66
      vertex 47.8486214606436 1.7651462087876886 5.66
      vertex 47.563874022981885 1.4887402298188697 5.66
    endloop
  endfacet
  facet normal 0 0 1
    outer loop
      vertex 53.5 1.4887402298188697 5.66
      vertex 53.7 1.4887402298188697 5.66
      vertex 47.8486214606436 1.7651462087876886 5.66
    endloop
  endfacet
  facet normal 0 0 1
    outer loop
      vertex 53.7 1.4887402298188697 5.66
      vertex 56.563874022981885 1.4887402298188697 5.66
      vertex 47.8486214606436 1.7651462087876886 5.66
    endloop
  endfacet
  facet normal 0 1 0
    outer loop
      vertex 53.5 1.4887402298188697 5.66
      vertex 53.5 1.4887402298188697 9.05
      vertex 53.7 1.4887402298188697 5.66
    endloop
  endfacet
  facet normal 0 1 0
    outer loop
      vertex 53.5 1.4887402298188697 9.05
      vertex 53.7 1.4887402298188697 9.05
      vertex 53.7 1.4887402298188697 5.66
    endloop
  endfacet
  facet normal 0 0 1
    outer loop
      vertex 62.5 1.4887402298188697 5.66
      vertex 47.8486214606436 1.7651462087876886 5.66
      vertex 56.563874022981885 1.4887402298188697 5.66
    endloop
  endfacet
  facet normal 0 0 1
    outer loop
      vertex 62.5 1.4887402298188697 5.66
      vertex 62.7 1.4887402298188697 5.66
      vertex 47.8486214606436 1.7651462087876886 5.66
    endloop
  endfacet
  facet normal 0 0 1
    outer loop
      vertex 62.7 1.4887402298188697 5.66
      vertex 65.56387402298188 1.4887402298188697 5.66
      vertex 47.8486214606436 1.7651462087876886 5.66
    endloop
  endfacet
  facet normal 0 0 1
    outer loop
      vertex 71.5 1.4887402298188697 5.66
      vertex 47.8486214606436 1.7651462087876886 5.66
      vertex 65.56387402298188 1.4887402298188697 5.66
    endloop
  endfacet
  facet normal 0 1 0
    outer loop
      vertex 62.5 1.4887402298188697 5.66
      vertex 62.5 1.4887402298188697 9.05
      vertex 62.7 1.4887402298188697 5.66
    endloop
  endfacet
  facet normal 0 1 0
    outer loop
      vertex 62.5 1.4887402298188697 9.05
      vertex 62.7 1.4887402298188697 9.05
      vertex 62.7 1.4887402298188697 5.66
    endloop
  endfacet
  facet normal 0 0 -1
    outer loop
      vertex 53.5 1.4887402298188697 9.05
      vertex 53.5 1.5 9.05
      vertex 53.7 1.5 9.05
    endloop
  endfacet
  facet normal 0 0 -1
    outer loop
      vertex 53.5 1.4887402298188697 9.05
      vertex 53.7 1.5 9.05
      vertex 53.7 1.4887402298188697 9.05
    endloop
  endfacet
  facet normal 0 0 1
    outer loop
      vertex 53.7 1.4887402298188697 10.65
      vertex 53.7 1.5 10.65
      vertex 53.5 1.5 10.65
    endloop
  endfacet
  facet normal 0 0 1
    outer loop
      vertex 53.5 1.4887402298188697 10.65
      vertex 53.7 1.4887402298188697 10.65
      vertex 53.5 1.5 10.65
    endloop
  endfacet
  facet normal 0 1 0
    outer loop
      vertex 49.0481139469337 1.4887402298188697 16.029999999999998
      vertex 47.7 1.4887402298188697 16.03
      vertex 47.15 1.4887402298188697 17.125876598214752
    endloop
  endfacet
  facet normal 0 1 0
    outer loop
      vertex 53.5 1.4887402298188697 10.65
      vertex 53.5 1.4887402298188697 16.029999999999998
      vertex 53.7 1.4887402298188697 10.65
    endloop
  endfacet
  facet normal 0 1 0
    outer loop
      vertex 53.7 1.4887402298188697 10.65
      vertex 53.5 1.4887402298188697 16.029999999999998
      vertex 53.7 1.4887402298188697 16.03
    endloop
  endfacet
  facet normal 0 1 0
    outer loop
      vertex 51.9518860530663 1.4887402298188697 16.03
      vertex 53.85 1.4887402298188697 17.125876598214752
      vertex 53.5 1.4887402298188697 16.029999999999998
    endloop
  endfacet
  facet normal 0 1 0
    outer loop
      vertex 53.7 1.4887402298188697 16.03
      vertex 53.5 1.4887402298188697 16.029999999999998
      vertex 53.85 1.4887402298188697 17.125876598214752
    endloop
  endfacet
  facet normal 0 1 0
    outer loop
      vertex 56.7 1.4887402298188697 16.03
      vertex 53.7 1.4887402298188697 16.03
      vertex 53.85 1.4887402298188697 17.125876598214752
    endloop
  endfacet
  facet normal 0 0 -1
    outer loop
      vertex 62.5 1.4887402298188697 9.05
      vertex 62.5 1.5 9.05
      vertex 62.7 1.5 9.05
    endloop
  endfacet
  facet normal 0 0 -1
    outer loop
      vertex 62.5 1.4887402298188697 9.05
      vertex 62.7 1.5 9.05
      vertex 62.7 1.4887402298188697 9.05
    endloop
  endfacet
  facet normal 0 0 1
    outer loop
      vertex 62.5 1.4887402298188697 10.65
      vertex 62.7 1.4887402298188697 10.65
      vertex 62.5 1.5 10.65
    endloop
  endfacet
  facet normal 0 0 1
    outer loop
      vertex 62.7 1.4887402298188697 10.65
      vertex 62.7 1.5 10.65
      vertex 62.5 1.5 10.65
    endloop
  endfacet
  facet normal 0 1 0
    outer loop
      vertex 58.0481139469337 1.4887402298188697 16.029999999999998
      vertex 56.7 1.4887402298188697 16.03
      vertex 56.15 1.4887402298188697 17.125876598214752
    endloop
  endfacet
  facet normal 0 1 0
    outer loop
      vertex 62.5 1.4887402298188697 10.65
      vertex 62.5 1.4887402298188697 16.029999999999998
      vertex 62.7 1.4887402298188697 10.65
    endloop
  endfacet
  facet normal 0 1 0
    outer loop
      vertex 62.7 1.4887402298188697 10.65
      vertex 62.5 1.4887402298188697 16.029999999999998
      vertex 62.7 1.4887402298188697 16.03
    endloop
  endfacet
  facet normal 0 1 0
    outer loop
      vertex 60.9518860530663 1.4887402298188697 16.03
      vertex 62.85 1.4887402298188697 17.125876598214752
      vertex 62.5 1.4887402298188697 16.029999999999998
    endloop
  endfacet
  facet normal 0 1 0
    outer loop
      vertex 62.7 1.4887402298188697 16.03
      vertex 62.5 1.4887402298188697 16.029999999999998
      vertex 62.85 1.4887402298188697 17.125876598214752
    endloop
  endfacet
  facet normal 0 1 0
    outer loop
      vertex 38.15 1.4887402298188697 17.125876598214752
      vertex 35.85 1.4887402298188697 17.125876598214752
      vertex 35.85 1.4887402298188697 20.994123401785245
    endloop
  endfacet
  facet normal 0 1 0
    outer loop
      vertex 38.7 1.4887402298188697 16.03
      vertex 35.85 1.4887402298188697 17.125876598214752
      vertex 38.15 1.4887402298188697 17.125876598214752
    endloop
  endfacet
  facet normal 0 1 0
    outer loop
      vertex 35.85 1.4887402298188697 20.994123401785245
      vertex 38.15 1.4887402298188697 20.994123401785245
      vertex 38.15 1.4887402298188697 17.125876598214752
    endloop
  endfacet
  facet normal 0 1 0
    outer loop
      vertex 32.5 1.4887402298188697 22.92824680357049
      vertex 38.15 1.4887402298188697 20.994123401785245
      vertex 35.85 1.4887402298188697 20.994123401785245
    endloop
  endfacet
  facet normal 0 1 0
    outer loop
      vertex 32.5 1.4887402298188697 22.92824680357049
      vertex 33.65 1.4887402298188697 25.125876598214752
      vertex 37 1.4887402298188697 23.191753196429506
    endloop
  endfacet
  facet normal 0 1 0
    outer loop
      vertex 32.5 1.4887402298188697 22.92824680357049
      vertex 37 1.4887402298188697 23.191753196429506
      vertex 38.15 1.4887402298188697 20.994123401785245
    endloop
  endfacet
  facet normal 0 1 0
    outer loop
      vertex 38.15 1.4887402298188697 20.994123401785245
      vertex 37 1.4887402298188697 23.191753196429506
      vertex 40.35 1.4887402298188697 25.125876598214752
    endloop
  endfacet
  facet normal 0 1 0
    outer loop
      vertex 47.7 1.4887402298188697 16.03
      vertex 44.85 1.4887402298188697 17.125876598214752
      vertex 47.15 1.4887402298188697 17.125876598214752
    endloop
  endfacet
  facet normal 0 1 0
    outer loop
      vertex 47.15 1.4887402298188697 17.125876598214752
      vertex 44.85 1.4887402298188697 17.125876598214752
      vertex 44.85 1.4887402298188697 20.994123401785245
    endloop
  endfacet
  facet normal 0 1 0
    outer loop
      vertex 44.85 1.4887402298188697 20.994123401785245
      vertex 47.15 1.4887402298188697 20.994123401785245
      vertex 47.15 1.4887402298188697 17.125876598214752
    endloop
  endfacet
  facet normal 0 1 0
    outer loop
      vertex 38.15 1.4887402298188697 20.994123401785245
      vertex 40.35 1.4887402298188697 25.125876598214752
      vertex 41.5 1.4887402298188697 22.92824680357049
    endloop
  endfacet
  facet normal 0 1 0
    outer loop
      vertex 41.5 1.4887402298188697 22.92824680357049
      vertex 42.65 1.4887402298188697 25.125876598214752
      vertex 46 1.4887402298188697 23.191753196429506
    endloop
  endfacet
  facet normal 0 1 0
    outer loop
      vertex 41.5 1.4887402298188697 22.92824680357049
      vertex 47.15 1.4887402298188697 20.994123401785245
      vertex 44.85 1.4887402298188697 20.994123401785245
    endloop
  endfacet
  facet normal 0 1 0
    outer loop
      vertex 41.5 1.4887402298188697 22.92824680357049
      vertex 46 1.4887402298188697 23.191753196429506
      vertex 47.15 1.4887402298188697 20.994123401785245
    endloop
  endfacet
  facet normal 0 1 0
    outer loop
      vertex 32.5 1.4887402298188697 22.92824680357049
      vertex 32.5 1.4887402298188697 31.19175319642951
      vertex 33.65 1.4887402298188697 25.125876598214752
    endloop
  endfacet
  facet normal 0 1 0
    outer loop
      vertex 33.65 1.4887402298188697 28.994123401785245
      vertex 33.65 1.4887402298188697 25.125876598214752
      vertex 32.5 1.4887402298188697 31.19175319642951
    endloop
  endfacet
  facet normal 0 1 0
    outer loop
      vertex 35.85 1.4887402298188697 33.12587659821476
      vertex 33.65 1.4887402298188697 28.994123401785245
      vertex 32.5 1.4887402298188697 31.19175319642951
    endloop
  endfacet
  facet normal 0 1 0
    outer loop
      vertex 35.85 1.4887402298188697 33.12587659821476
      vertex 37 1.4887402298188697 30.92824680357049
      vertex 33.65 1.4887402298188697 28.994123401785245
    endloop
  endfacet
  facet normal 0 1 0
    outer loop
      vertex 37 1.4887402298188697 30.92824680357049
      vertex 38.15 1.4887402298188697 33.12587659821476
      vertex 40.35 1.4887402298188697 28.994123401785245
    endloop
  endfacet
  facet normal 0 1 0
    outer loop
      vertex 41.5 1.4887402298188697 22.92824680357049
      vertex 40.35 1.4887402298188697 25.125876598214752
      vertex 40.35 1.4887402298188697 28.994123401785245
    endloop
  endfacet
  facet normal 0 1 0
    outer loop
      vertex 41.5 1.4887402298188697 22.92824680357049
      vertex 40.35 1.4887402298188697 28.994123401785245
      vertex 42.65 1.4887402298188697 25.125876598214752
    endloop
  endfacet
  facet normal 0 1 0
    outer loop
      vertex 42.65 1.4887402298188697 28.994123401785245
      vertex 42.65 1.4887402298188697 25.125876598214752
      vertex 41.5 1.4887402298188697 31.19175319642951
    endloop
  endfacet
  facet normal 0 1 0
    outer loop
      vertex 40.35 1.4887402298188697 28.994123401785245
      vertex 38.15 1.4887402298188697 33.12587659821476
      vertex 42.65 1.4887402298188697 25.125876598214752
    endloop
  endfacet
  facet normal 0 1 0
    outer loop
      vertex 41.5 1.4887402298188697 31.19175319642951
      vertex 42.65 1.4887402298188697 25.125876598214752
      vertex 38.15 1.4887402298188697 33.12587659821476
    endloop
  endfacet
  facet normal 0 1 0
    outer loop
      vertex 44.85 1.4887402298188697 33.12587659821476
      vertex 42.65 1.4887402298188697 28.994123401785245
      vertex 41.5 1.4887402298188697 31.19175319642951
    endloop
  endfacet
  facet normal 0 1 0
    outer loop
      vertex 44.85 1.4887402298188697 33.12587659821476
      vertex 46 1.4887402298188697 30.92824680357049
      vertex 42.65 1.4887402298188697 28.994123401785245
    endloop
  endfacet
  facet normal 0 1 0
    outer loop
      vertex 56.15 1.4887402298188697 17.125876598214752
      vertex 53.85 1.4887402298188697 17.125876598214752
      vertex 53.85 1.4887402298188697 20.994123401785245
    endloop
  endfacet
  facet normal 0 1 0
    outer loop
      vertex 47.15 1.4887402298188697 20.994123401785245
      vertex 46 1.4887402298188697 23.191753196429506
      vertex 49.35 1.4887402298188697 25.125876598214752
    endloop
  endfacet
  facet normal 0 1 0
    outer loop
      vertex 47.15 1.4887402298188697 20.994123401785245
      vertex 49.35 1.4887402298188697 25.125876598214752
      vertex 50.5 1.4887402298188697 22.92824680357049
    endloop
  endfacet
  facet normal 0 1 0
    outer loop
      vertex 50.5 1.4887402298188697 22.92824680357049
      vertex 56.15 1.4887402298188697 20.994123401785245
      vertex 53.85 1.4887402298188697 20.994123401785245
    endloop
  endfacet
  facet normal 0 1 0
    outer loop
      vertex 50.5 1.4887402298188697 22.92824680357049
      vertex 55 1.4887402298188697 23.191753196429506
      vertex 56.15 1.4887402298188697 20.994123401785245
    endloop
  endfacet
  facet normal 0 1 0
    outer loop
      vertex 49.35 1.4887402298188697 25.125876598214752
      vertex 55 1.4887402298188697 23.191753196429506
      vertex 50.5 1.4887402298188697 22.92824680357049
    endloop
  endfacet
  facet normal 0 1 0
    outer loop
      vertex 49.35 1.4887402298188697 25.125876598214752
      vertex 51.65 1.4887402298188697 25.125876598214752
      vertex 55 1.4887402298188697 23.191753196429506
    endloop
  endfacet
  facet normal 0 1 0
    outer loop
      vertex 56.7 1.4887402298188697 16.03
      vertex 53.85 1.4887402298188697 17.125876598214752
      vertex 56.15 1.4887402298188697 17.125876598214752
    endloop
  endfacet
  facet normal 0 1 0
    outer loop
      vertex 53.85 1.4887402298188697 20.994123401785245
      vertex 56.15 1.4887402298188697 20.994123401785245
      vertex 56.15 1.4887402298188697 17.125876598214752
    endloop
  endfacet
  facet normal 0 1 0
    outer loop
      vertex 56.15 1.4887402298188697 20.994123401785245
      vertex 55 1.4887402298188697 23.191753196429506
      vertex 58.35 1.4887402298188697 25.125876598214752
    endloop
  endfacet
  facet normal 0 1 0
    outer loop
      vertex 56.15 1.4887402298188697 20.994123401785245
      vertex 58.35 1.4887402298188697 25.125876598214752
      vertex 59.5 1.4887402298188697 22.92824680357049
    endloop
  endfacet
  facet normal 0 1 0
    outer loop
      vertex 59.5 1.4887402298188697 22.92824680357049
      vertex 65.15 1.4887402298188697 20.994123401785245
      vertex 62.85 1.4887402298188697 20.994123401785245
    endloop
  endfacet
  facet normal 0 1 0
    outer loop
      vertex 59.5 1.4887402298188697 22.92824680357049
      vertex 64 1.4887402298188697 23.191753196429506
      vertex 65.15 1.4887402298188697 20.994123401785245
    endloop
  endfacet
  facet normal 0 1 0
    outer loop
      vertex 58.35 1.4887402298188697 25.125876598214752
      vertex 64 1.4887402298188697 23.191753196429506
      vertex 59.5 1.4887402298188697 22.92824680357049
    endloop
  endfacet
  facet normal 0 1 0
    outer loop
      vertex 58.35 1.4887402298188697 25.125876598214752
      vertex 60.65 1.4887402298188697 25.125876598214752
      vertex 64 1.4887402298188697 23.191753196429506
    endloop
  endfacet
  facet normal 0 1 0
    outer loop
      vertex 51.65 1.4887402298188697 25.125876598214752
      vertex 49.35 1.4887402298188697 25.125876598214752
      vertex 49.35 1.4887402298188697 28.994123401785245
    endloop
  endfacet
  facet normal 0 1 0
    outer loop
      vertex 51.65 1.4887402298188697 28.994123401785245
      vertex 51.65 1.4887402298188697 25.125876598214752
      vertex 50.5 1.4887402298188697 31.19175319642951
    endloop
  endfacet
  facet normal 0 1 0
    outer loop
      vertex 49.35 1.4887402298188697 28.994123401785245
      vertex 47.15 1.4887402298188697 33.12587659821476
      vertex 51.65 1.4887402298188697 25.125876598214752
    endloop
  endfacet
  facet normal 0 1 0
    outer loop
      vertex 50.5 1.4887402298188697 31.19175319642951
      vertex 51.65 1.4887402298188697 25.125876598214752
      vertex 47.15 1.4887402298188697 33.12587659821476
    endloop
  endfacet
  facet normal 0 1 0
    outer loop
      vertex 46 1.4887402298188697 30.92824680357049
      vertex 47.15 1.4887402298188697 33.12587659821476
      vertex 49.35 1.4887402298188697 28.994123401785245
    endloop
  endfacet
  facet normal 0 1 0
    outer loop
      vertex 53.85 1.4887402298188697 33.12587659821476
      vertex 51.65 1.4887402298188697 28.994123401785245
      vertex 50.5 1.4887402298188697 31.19175319642951
    endloop
  endfacet
  facet normal 0 1 0
    outer loop
      vertex 53.85 1.4887402298188697 33.12587659821476
      vertex 55 1.4887402298188697 30.92824680357049
      vertex 51.65 1.4887402298188697 28.994123401785245
    endloop
  endfacet
  facet normal 0 1 0
    outer loop
      vertex 60.65 1.4887402298188697 25.125876598214752
      vertex 58.35 1.4887402298188697 25.125876598214752
      vertex 58.35 1.4887402298188697 28.994123401785245
    endloop
  endfacet
  facet normal 0 1 0
    outer loop
      vertex 60.65 1.4887402298188697 28.994123401785245
      vertex 60.65 1.4887402298188697 25.125876598214752
      vertex 59.5 1.4887402298188697 31.19175319642951
    endloop
  endfacet
  facet normal 0 1 0
    outer loop
      vertex 58.35 1.4887402298188697 28.994123401785245
      vertex 56.15 1.4887402298188697 33.12587659821476
      vertex 60.65 1.4887402298188697 25.125876598214752
    endloop
  endfacet
  facet normal 0 1 0
    outer loop
      vertex 59.5 1.4887402298188697 31.19175319642951
      vertex 60.65 1.4887402298188697 25.125876598214752
      vertex 56.15 1.4887402298188697 33.12587659821476
    endloop
  endfacet
  facet normal 0 1 0
    outer loop
      vertex 55 1.4887402298188697 30.92824680357049
      vertex 56.15 1.4887402298188697 33.12587659821476
      vertex 58.35 1.4887402298188697 28.994123401785245
    endloop
  endfacet
  facet normal 0 1 0
    outer loop
      vertex 62.85 1.4887402298188697 33.12587659821476
      vertex 60.65 1.4887402298188697 28.994123401785245
      vertex 59.5 1.4887402298188697 31.19175319642951
    endloop
  endfacet
  facet normal 0 1 0
    outer loop
      vertex 62.85 1.4887402298188697 33.12587659821476
      vertex 64 1.4887402298188697 30.92824680357049
      vertex 60.65 1.4887402298188697 28.994123401785245
    endloop
  endfacet
  facet normal 1 0 0
    outer loop
      vertex 1.6037838169959322 3.1278486345195446 59.399699999999996
      vertex 1.6037838169959322 3.1278486345195446 16.03
      vertex 1.6037838169959322 22.15 33.12587659821476
    endloop
  endfacet
  facet normal 0.7660444431189769 0.6427876096865407 0
    outer loop
      vertex 2.7250000000000014 1.7916352203496828 59.399699999999996
      vertex 1.6037838169959322 3.1278486345195446 16.03
      vertex 1.6037838169959322 3.1278486345195446 59.399699999999996
    endloop
  endfacet
  facet normal 0.17364817766693116 0.984807753012208 0
    outer loop
      vertex 2.7250000000000014 1.7916352203496828 59.399699999999996
      vertex 4.442802853050672 1.4887402298188697 59.399699999999996
      vertex 2.7250000000000014 1.7916352203496828 16.03
    endloop
  endfacet
  facet normal 1 0 0
    outer loop
      vertex 1.6037838169959322 3.1278486345195446 59.399699999999996
      vertex 1.6037838169959322 22.15 33.12587659821476
      vertex 1.6037838169959322 22.15 36.994123401785245
    endloop
  endfacet
  facet normal 1 0 0
    outer loop
      vertex 1.6037838169959322 3.1278486345195446 59.399699999999996
      vertex 1.6037838169959322 22.15 36.994123401785245
      vertex 1.6037838169959322 25.5 38.928246803570495
    endloop
  endfacet
  facet normal 1 0 0
    outer loop
      vertex 1.6037838169959322 3.1278486345195446 59.399699999999996
      vertex 1.6037838169959322 25.5 38.928246803570495
      vertex 1.6037838169959322 22.15 49.12587659821476
    endloop
  endfacet
  facet normal 0 1 0
    outer loop
      vertex 4.442802853050672 1.4887402298188697 59.399699999999996
      vertex 32.5 1.4887402298188697 22.92824680357049
      vertex 29.15 1.4887402298188697 20.994123401785245
    endloop
  endfacet
  facet normal 0 1 0
    outer loop
      vertex 4.442802853050672 1.4887402298188697 59.399699999999996
      vertex 29.15 1.4887402298188697 33.12587659821476
      vertex 32.5 1.4887402298188697 22.92824680357049
    endloop
  endfacet
  facet normal 0 1 0
    outer loop
      vertex 29.15 1.4887402298188697 36.994123401785245
      vertex 32.5 1.4887402298188697 47.19175319642951
      vertex 32.5 1.4887402298188697 38.928246803570495
    endloop
  endfacet
  facet normal 0 1 0
    outer loop
      vertex 4.442802853050672 1.4887402298188697 59.399699999999996
      vertex 29.15 1.4887402298188697 36.994123401785245
      vertex 29.15 1.4887402298188697 33.12587659821476
    endloop
  endfacet
  facet normal 0 1 0
    outer loop
      vertex 4.442802853050672 1.4887402298188697 59.399699999999996
      vertex 29.15 1.4887402298188697 49.12587659821476
      vertex 29.15 1.4887402298188697 36.994123401785245
    endloop
  endfacet
  facet normal 0 1 0
    outer loop
      vertex 29.15 1.4887402298188697 36.994123401785245
      vertex 29.15 1.4887402298188697 49.12587659821476
      vertex 32.5 1.4887402298188697 47.19175319642951
    endloop
  endfacet
  facet normal 0 0 -1
    outer loop
      vertex 2.729964539007089 1.8002340541461161 59.399699999999996
      vertex 1.6037838169959322 3.1278486345195446 59.399699999999996
      vertex 1.6131140983370604 3.1312445792050445 59.399699999999996
    endloop
  endfacet
  facet normal 0 0 -1
    outer loop
      vertex 2.7250000000000014 1.7916352203496828 59.399699999999996
      vertex 1.6037838169959322 3.1278486345195446 59.399699999999996
      vertex 2.729964539007089 1.8002340541461161 59.399699999999996
    endloop
  endfacet
  facet normal 0 0 -1
    outer loop
      vertex 2.7250000000000014 1.7916352203496828 59.399699999999996
      vertex 2.729964539007089 1.8002340541461161 59.399699999999996
      vertex 4.4410786867475975 1.4985184628274926 59.399699999999996
    endloop
  endfacet
  facet normal 0 0 -1
    outer loop
      vertex 2.7250000000000014 1.7916352203496828 59.399699999999996
      vertex 4.4410786867475975 1.4985184628274926 59.399699999999996
      vertex 4.442802853050672 1.4887402298188697 59.399699999999996
    endloop
  endfacet
  facet normal 0.5601060873473674 0.4699848113133271 -0.6821989798080906
    outer loop
      vertex 2.729964539007089 1.8002340541461161 59.399699999999996
      vertex 1.6131140983370604 3.1312445792050445 59.399699999999996
      vertex 2.919353486096206 3.606676835175481 60.7997
    endloop
  endfacet
  facet normal 0.5601060873473628 0.4699848113133307 -0.682198979808092
    outer loop
      vertex 2.729964539007089 1.8002340541461161 59.399699999999996
      vertex 3.172327657588969 3.290678616471723 60.7897
      vertex 3.1890728968495075 3.285237758417842 60.7997
    endloop
  endfacet
  facet normal 0.560106087347367 0.46998481131332726 -0.6821989798080909
    outer loop
      vertex 2.729964539007089 1.8002340541461161 59.399699999999996
      vertex 3.0696304564688113 3.413068374856041 60.7897
      vertex 3.172327657588969 3.290678616471723 60.7897
    endloop
  endfacet
  facet normal 0.5601060873473678 0.4699848113133269 -0.6821989798080905
    outer loop
      vertex 2.729964539007089 1.8002340541461161 59.399699999999996
      vertex 3.1890728968495075 3.285237758417842 60.7997
      vertex 3.4250000000000007 3.0040707856478974 60.7997
    endloop
  endfacet
  facet normal 0.12696574231649288 0.7200585061137895 -0.6821989798080905
    outer loop
      vertex 2.729964539007089 1.8002340541461161 59.399699999999996
      vertex 3.4250000000000007 3.0040707856478974 60.7997
      vertex 4.4410786867475975 1.4985184628274926 59.399699999999996
    endloop
  endfacet
  facet normal 0.12696574231649277 0.7200585061137896 -0.6821989798080906
    outer loop
      vertex 3.4250000000000007 3.0040707856478974 60.7997
      vertex 4.199695404316969 2.8674710840359623 60.7997
      vertex 4.4410786867475975 1.4985184628274926 59.399699999999996
    endloop
  endfacet
  facet normal 0.560106087347368 0.4699848113133269 -0.6821989798080904
    outer loop
      vertex 2.729964539007089 1.8002340541461161 59.399699999999996
      vertex 2.919353486096206 3.606676835175481 60.7997
      vertex 3.0696304564688113 3.413068374856041 60.7897
    endloop
  endfacet
  facet normal 0 0 1
    outer loop
      vertex 3.0696304564688113 3.3240469598636544 60.7897
      vertex 3.172327657588969 3.290678616471723 60.7897
      vertex 3.0696304564688113 3.413068374856041 60.7897
    endloop
  endfacet
  facet normal 0.5601060873473619 0.46998481131332265 -0.6821989798080981
    outer loop
      vertex 3.0696304564688113 3.413068374856041 60.7897
      vertex 2.919353486096206 3.606676835175481 60.7997
      vertex 3.0696304564688113 3.4275837158497557 60.7997
    endloop
  endfacet
  facet normal 1 0 0
    outer loop
      vertex 3.0696304564688113 3.3240469598636544 60.7897
      vertex 3.0696304564688113 3.413068374856041 60.7897
      vertex 3.0696304564688113 3.4275837158497557 60.7997
    endloop
  endfacet
  facet normal 1 0 0
    outer loop
      vertex 3.0696304564688113 3.3240469598636544 60.7897
      vertex 3.0696304564688113 3.4275837158497557 60.7997
      vertex 3.0696304564688113 3.3240469598636544 62.029700000000005
    endloop
  endfacet
  facet normal 0.3090169943749496 0.9510565162951529 0
    outer loop
      vertex 3.0696304564688113 3.3240469598636544 60.7897
      vertex 3.0696304564688113 3.3240469598636544 62.029700000000005
      vertex 3.131689050012263 3.3038829005008745 62.029700000000005
    endloop
  endfacet
  facet normal 0.30901699437493085 0.9510565162951591 1.040359343066027e-15
    outer loop
      vertex 3.0696304564688113 3.3240469598636544 60.7897
      vertex 3.131689050012263 3.3038829005008745 62.029700000000005
      vertex 3.1441675620418823 3.299828386162772 62.01711069456371
    endloop
  endfacet
  facet normal 1 0 0
    outer loop
      vertex 3.0696304564688113 3.4275837158497557 60.7997
      vertex 3.0696304564688113 3.4327293955377054 62.01438693601494
      vertex 3.0696304564688113 3.3240469598636544 62.029700000000005
    endloop
  endfacet
  facet normal 0 0 -1
    outer loop
      vertex 3.1890728968495075 3.285237758417842 60.7997
      vertex 4.199695404316969 2.8674710840359623 60.7997
      vertex 3.4250000000000007 3.0040707856478974 60.7997
    endloop
  endfacet
  facet normal 0 0 -1
    outer loop
      vertex 3.1890728968495075 3.285237758417842 60.7997
      vertex 4.355369543531189 2.9062850062605747 60.7997
      vertex 4.199695404316969 2.8674710840359623 60.7997
    endloop
  endfacet
  facet normal 0.3090169943749457 0.9510565162951542 1.5546675530206035e-16
    outer loop
      vertex 3.0696304564688113 3.3240469598636544 60.7897
      vertex 4.355369543531189 2.9062850062605747 62.029700000000005
      vertex 3.172327657588969 3.290678616471723 60.7897
    endloop
  endfacet
  facet normal 0.3090169943749445 0.9510565162951545 1.2003824896505975e-15
    outer loop
      vertex 3.172327657588969 3.290678616471723 60.7897
      vertex 4.355369543531189 2.9062850062605747 62.029700000000005
      vertex 3.1890728968495075 3.285237758417842 60.7997
    endloop
  endfacet
  facet normal 0.3090169943749456 0.9510565162951542 4.0011217220421574e-17
    outer loop
      vertex 3.0696304564688113 3.3240469598636544 60.7897
      vertex 3.1441675620418823 3.299828386162772 62.01711069456371
      vertex 4.219183475086975 2.9505345422506224 62.01711069456371
    endloop
  endfacet
  facet normal 0.30901699437494573 0.9510565162951541 0
    outer loop
      vertex 3.1890728968495075 3.285237758417842 60.7997
      vertex 4.355369543531189 2.9062850062605747 62.029700000000005
      vertex 4.355369543531189 2.9062850062605747 60.7997
    endloop
  endfacet
  facet normal 0.3090169943749451 0.9510565162951543 7.96145652794001e-16
    outer loop
      vertex 3.0696304564688113 3.3240469598636544 60.7897
      vertex 4.248414235671141 2.9410368924009584 62.029700000000005
      vertex 4.355369543531189 2.9062850062605747 62.029700000000005
    endloop
  endfacet
  facet normal 0.30901699437495206 0.9510565162951521 -4.932641258437786e-15
    outer loop
      vertex 3.0696304564688113 3.3240469598636544 60.7897
      vertex 4.219183475086975 2.9505345422506224 62.01711069456371
      vertex 4.248414235671141 2.9410368924009584 62.029700000000005
    endloop
  endfacet
  facet normal 0 0 -1
    outer loop
      vertex 3.0696304564688113 3.3240469598636544 62.029700000000005
      vertex 3.0696304564688113 3.411371537564399 62.029700000000005
      vertex 3.131689050012263 3.3038829005008745 62.029700000000005
    endloop
  endfacet
  facet normal 1 0 0
    outer loop
      vertex 3.0696304564688113 3.3240469598636544 62.029700000000005
      vertex 3.0696304564688113 3.4327293955377054 62.01438693601494
      vertex 3.0696304564688113 3.411371537564399 62.029700000000005
    endloop
  endfacet
  facet normal 1 0 0
    outer loop
      vertex 1.6037838169959322 3.1278486345195446 59.399699999999996
      vertex 1.6037838169959322 22.15 49.12587659821476
      vertex 1.6037838169959322 22.15 52.994123401785245
    endloop
  endfacet
  facet normal 1 0 0
    outer loop
      vertex 1.6037838169959322 3.1278486345195446 59.399699999999996
      vertex 1.6037838169959322 22.15 52.994123401785245
      vertex 1.6037838169959322 25.5 54.928246803570495
    endloop
  endfacet
  facet normal 1 0 0
    outer loop
      vertex 1.6037838169959322 3.1278486345195446 59.399699999999996
      vertex 1.6037838169959322 25.5 54.928246803570495
      vertex 1.6037838169959322 34.5 54.928246803570495
    endloop
  endfacet
  facet normal 0 1 0
    outer loop
      vertex 4.442802853050672 1.4887402298188697 59.399699999999996
      vertex 29.15 1.4887402298188697 52.994123401785245
      vertex 29.15 1.4887402298188697 49.12587659821476
    endloop
  endfacet
  facet normal 0 1 0
    outer loop
      vertex 4.442802853050672 1.4887402298188697 59.399699999999996
      vertex 32.5 1.4887402298188697 54.928246803570495
      vertex 29.15 1.4887402298188697 52.994123401785245
    endloop
  endfacet
  facet normal 0 1 0
    outer loop
      vertex 4.442802853050672 1.4887402298188697 59.399699999999996
      vertex 41.5 1.4887402298188697 54.928246803570495
      vertex 32.5 1.4887402298188697 54.928246803570495
    endloop
  endfacet
  facet normal 1 0 0
    outer loop
      vertex 1.6037838169959322 31.15 33.12587659821476
      vertex 1.6037838169959322 31.15 36.994123401785245
      vertex 1.6037838169959322 28.85 33.12587659821476
    endloop
  endfacet
  facet normal 1 0 0
    outer loop
      vertex 1.6037838169959322 28.85 33.12587659821476
      vertex 1.6037838169959322 31.15 36.994123401785245
      vertex 1.6037838169959322 28.85 36.994123401785245
    endloop
  endfacet
  facet normal 1 0 0
    outer loop
      vertex 1.6037838169959322 25.5 38.928246803570495
      vertex 1.6037838169959322 30 39.19175319642951
      vertex 1.6037838169959322 26.65 41.12587659821476
    endloop
  endfacet
  facet normal 1 0 0
    outer loop
      vertex 1.6037838169959322 25.5 38.928246803570495
      vertex 1.6037838169959322 28.85 36.994123401785245
      vertex 1.6037838169959322 34.5 38.928246803570495
    endloop
  endfacet
  facet normal 1 0 0
    outer loop
      vertex 1.6037838169959322 25.5 38.928246803570495
      vertex 1.6037838169959322 34.5 38.928246803570495
      vertex 1.6037838169959322 30 39.19175319642951
    endloop
  endfacet
  facet normal 1 0 0
    outer loop
      vertex 1.6037838169959322 28.85 36.994123401785245
      vertex 1.6037838169959322 31.15 36.994123401785245
      vertex 1.6037838169959322 34.5 38.928246803570495
    endloop
  endfacet
  facet normal 1 0 0
    outer loop
      vertex 1.6037838169959322 25.5 38.928246803570495
      vertex 1.6037838169959322 26.65 41.12587659821476
      vertex 1.6037838169959322 22.15 49.12587659821476
    endloop
  endfacet
  facet normal 1 0 0
    outer loop
      vertex 1.6037838169959322 26.65 44.994123401785245
      vertex 1.6037838169959322 22.15 49.12587659821476
      vertex 1.6037838169959322 26.65 41.12587659821476
    endloop
  endfacet
  facet normal 1 0 0
    outer loop
      vertex 1.6037838169959322 22.15 49.12587659821476
      vertex 1.6037838169959322 26.65 44.994123401785245
      vertex 1.6037838169959322 25.5 47.19175319642951
    endloop
  endfacet
  facet normal 1 0 0
    outer loop
      vertex 1.6037838169959322 25.5 47.19175319642951
      vertex 1.6037838169959322 26.65 44.994123401785245
      vertex 1.6037838169959322 30 46.928246803570495
    endloop
  endfacet
  facet normal 1 0 0
    outer loop
      vertex 1.6037838169959322 28.85 49.12587659821476
      vertex 1.6037838169959322 25.5 47.19175319642951
      vertex 1.6037838169959322 30 46.928246803570495
    endloop
  endfacet
  facet normal 1 0 0
    outer loop
      vertex 1.6037838169959322 30 46.928246803570495
      vertex 1.6037838169959322 33.35 44.994123401785245
      vertex 1.6037838169959322 31.15 49.12587659821476
    endloop
  endfacet
  facet normal 1 0 0
    outer loop
      vertex 1.6037838169959322 28.85 49.12587659821476
      vertex 1.6037838169959322 30 46.928246803570495
      vertex 1.6037838169959322 31.15 49.12587659821476
    endloop
  endfacet
  facet normal 1 0 0
    outer loop
      vertex 1.6037838169959322 30 39.19175319642951
      vertex 1.6037838169959322 35.65 41.12587659821476
      vertex 1.6037838169959322 33.35 41.12587659821476
    endloop
  endfacet
  facet normal 1 0 0
    outer loop
      vertex 1.6037838169959322 30 39.19175319642951
      vertex 1.6037838169959322 34.5 38.928246803570495
      vertex 1.6037838169959322 39 39.19175319642951
    endloop
  endfacet
  facet normal 1 0 0
    outer loop
      vertex 1.6037838169959322 30 39.19175319642951
      vertex 1.6037838169959322 39 39.19175319642951
      vertex 1.6037838169959322 35.65 41.12587659821476
    endloop
  endfacet
  facet normal 1 0 0
    outer loop
      vertex 1.6037838169959322 40.15 33.12587659821476
      vertex 1.6037838169959322 40.15 36.994123401785245
      vertex 1.6037838169959322 37.85 33.12587659821476
    endloop
  endfacet
  facet normal 1 0 0
    outer loop
      vertex 1.6037838169959322 40.15 36.994123401785245
      vertex 1.6037838169959322 37.85 36.994123401785245
      vertex 1.6037838169959322 37.85 33.12587659821476
    endloop
  endfacet
  facet normal 1 0 0
    outer loop
      vertex 1.6037838169959322 34.5 38.928246803570495
      vertex 1.6037838169959322 37.85 36.994123401785245
      vertex 1.6037838169959322 43.5 38.928246803570495
    endloop
  endfacet
  facet normal 1 0 0
    outer loop
      vertex 1.6037838169959322 34.5 38.928246803570495
      vertex 1.6037838169959322 43.5 38.928246803570495
      vertex 1.6037838169959322 39 39.19175319642951
    endloop
  endfacet
  facet normal 1 0 0
    outer loop
      vertex 1.6037838169959322 37.85 36.994123401785245
      vertex 1.6037838169959322 40.15 36.994123401785245
      vertex 1.6037838169959322 43.5 38.928246803570495
    endloop
  endfacet
  facet normal 1 0 0
    outer loop
      vertex 1.6037838169959322 33.35 41.12587659821476
      vertex 1.6037838169959322 35.65 44.994123401785245
      vertex 1.6037838169959322 33.35 44.994123401785245
    endloop
  endfacet
  facet normal 1 0 0
    outer loop
      vertex 1.6037838169959322 33.35 41.12587659821476
      vertex 1.6037838169959322 35.65 41.12587659821476
      vertex 1.6037838169959322 35.65 44.994123401785245
    endloop
  endfacet
  facet normal 1 0 0
    outer loop
      vertex 1.6037838169959322 33.35 44.994123401785245
      vertex 1.6037838169959322 34.5 47.19175319642951
      vertex 1.6037838169959322 31.15 49.12587659821476
    endloop
  endfacet
  facet normal 1 0 0
    outer loop
      vertex 1.6037838169959322 33.35 44.994123401785245
      vertex 1.6037838169959322 35.65 44.994123401785245
      vertex 1.6037838169959322 34.5 47.19175319642951
    endloop
  endfacet
  facet normal 1 0 0
    outer loop
      vertex 1.6037838169959322 34.5 47.19175319642951
      vertex 1.6037838169959322 35.65 44.994123401785245
      vertex 1.6037838169959322 39 46.928246803570495
    endloop
  endfacet
  facet normal 1 0 0
    outer loop
      vertex 1.6037838169959322 37.85 49.12587659821476
      vertex 1.6037838169959322 34.5 47.19175319642951
      vertex 1.6037838169959322 39 46.928246803570495
    endloop
  endfacet
  facet normal 1 0 0
    outer loop
      vertex 1.6037838169959322 37.85 49.12587659821476
      vertex 1.6037838169959322 39 46.928246803570495
      vertex 1.6037838169959322 40.15 49.12587659821476
    endloop
  endfacet
  facet normal 1 0 0
    outer loop
      vertex 1.6037838169959322 39 46.928246803570495
      vertex 1.6037838169959322 42.35 44.994123401785245
      vertex 1.6037838169959322 40.15 49.12587659821476
    endloop
  endfacet
  facet normal 1 0 0
    outer loop
      vertex 1.6037838169959322 28.85 49.12587659821476
      vertex 1.6037838169959322 31.15 49.12587659821476
      vertex 1.6037838169959322 31.15 52.994123401785245
    endloop
  endfacet
  facet normal 1 0 0
    outer loop
      vertex 1.6037838169959322 28.85 49.12587659821476
      vertex 1.6037838169959322 31.15 52.994123401785245
      vertex 1.6037838169959322 28.85 52.994123401785245
    endloop
  endfacet
  facet normal 1 0 0
    outer loop
      vertex 1.6037838169959322 3.1278486345195446 59.399699999999996
      vertex 1.6037838169959322 34.5 54.928246803570495
      vertex 1.6037838169959322 43.5 54.928246803570495
    endloop
  endfacet
  facet normal 1 0 0
    outer loop
      vertex 1.6037838169959322 25.5 54.928246803570495
      vertex 1.6037838169959322 28.85 52.994123401785245
      vertex 1.6037838169959322 34.5 54.928246803570495
    endloop
  endfacet
  facet normal 1 0 0
    outer loop
      vertex 1.6037838169959322 28.85 52.994123401785245
      vertex 1.6037838169959322 31.15 52.994123401785245
      vertex 1.6037838169959322 34.5 54.928246803570495
    endloop
  endfacet
  facet normal 0 0 -1
    outer loop
      vertex 1.6037838169959322 3.1278486345195446 59.399699999999996
      vertex 1.6037838169959322 80.4 59.399699999999996
      vertex 1.6131140983370604 3.1312445792050445 59.399699999999996
    endloop
  endfacet
  facet normal 0.7311665692226361 0 -0.682198979808091
    outer loop
      vertex 1.6131140983370604 3.1312445792050445 59.399699999999996
      vertex 2.919353486096206 79.60667683517548 60.7997
      vertex 2.919353486096206 3.606676835175481 60.7997
    endloop
  endfacet
  facet normal 0 0 -1
    outer loop
      vertex 3.0696304564688113 3.4275837158497557 60.7997
      vertex 2.919353486096206 3.606676835175481 60.7997
      vertex 3.0696304564688113 80.4 60.7997
    endloop
  endfacet
  facet normal 1 0 0
    outer loop
      vertex 3.0696304564688113 3.4275837158497557 60.7997
      vertex 3.0696304564688113 80.4 62.01438693601494
      vertex 3.0696304564688113 3.4327293955377054 62.01438693601494
    endloop
  endfacet
  facet normal 1 0 0
    outer loop
      vertex 1.6037838169959322 3.1278486345195446 59.399699999999996
      vertex 1.6037838169959322 43.5 54.928246803570495
      vertex 1.6037838169959322 52.5 54.928246803570495
    endloop
  endfacet
  facet normal 1 0 0
    outer loop
      vertex 1.6037838169959322 37.85 49.12587659821476
      vertex 1.6037838169959322 40.15 49.12587659821476
      vertex 1.6037838169959322 40.15 52.994123401785245
    endloop
  endfacet
  facet normal 1 0 0
    outer loop
      vertex 1.6037838169959322 37.85 49.12587659821476
      vertex 1.6037838169959322 40.15 52.994123401785245
      vertex 1.6037838169959322 37.85 52.994123401785245
    endloop
  endfacet
  facet normal 1 0 0
    outer loop
      vertex 1.6037838169959322 34.5 54.928246803570495
      vertex 1.6037838169959322 37.85 52.994123401785245
      vertex 1.6037838169959322 43.5 54.928246803570495
    endloop
  endfacet
  facet normal 1 0 0
    outer loop
      vertex 1.6037838169959322 37.85 52.994123401785245
      vertex 1.6037838169959322 40.15 52.994123401785245
      vertex 1.6037838169959322 43.5 54.928246803570495
    endloop
  endfacet
  facet normal 0 1 0
    outer loop
      vertex 35.85 1.4887402298188697 33.12587659821476
      vertex 35.85 1.4887402298188697 36.994123401785245
      vertex 37 1.4887402298188697 30.92824680357049
    endloop
  endfacet
  facet normal 0 1 0
    outer loop
      vertex 37 1.4887402298188697 30.92824680357049
      vertex 37 1.4887402298188697 39.19175319642951
      vertex 38.15 1.4887402298188697 33.12587659821476
    endloop
  endfacet
  facet normal 0 1 0
    outer loop
      vertex 35.85 1.4887402298188697 36.994123401785245
      vertex 37 1.4887402298188697 39.19175319642951
      vertex 37 1.4887402298188697 30.92824680357049
    endloop
  endfacet
  facet normal 0 1 0
    outer loop
      vertex 38.15 1.4887402298188697 33.12587659821476
      vertex 37 1.4887402298188697 39.19175319642951
      vertex 38.15 1.4887402298188697 36.994123401785245
    endloop
  endfacet
  facet normal 0 1 0
    outer loop
      vertex 32.5 1.4887402298188697 38.928246803570495
      vertex 37 1.4887402298188697 39.19175319642951
      vertex 35.85 1.4887402298188697 36.994123401785245
    endloop
  endfacet
  facet normal 0 1 0
    outer loop
      vertex 32.5 1.4887402298188697 38.928246803570495
      vertex 33.65 1.4887402298188697 41.12587659821476
      vertex 37 1.4887402298188697 39.19175319642951
    endloop
  endfacet
  facet normal 0 1 0
    outer loop
      vertex 38.15 1.4887402298188697 36.994123401785245
      vertex 37 1.4887402298188697 39.19175319642951
      vertex 40.35 1.4887402298188697 41.12587659821476
    endloop
  endfacet
  facet normal 0 1 0
    outer loop
      vertex 44.85 1.4887402298188697 33.12587659821476
      vertex 44.85 1.4887402298188697 36.994123401785245
      vertex 46 1.4887402298188697 30.92824680357049
    endloop
  endfacet
  facet normal 0 1 0
    outer loop
      vertex 46 1.4887402298188697 30.92824680357049
      vertex 46 1.4887402298188697 39.19175319642951
      vertex 47.15 1.4887402298188697 33.12587659821476
    endloop
  endfacet
  facet normal 0 1 0
    outer loop
      vertex 44.85 1.4887402298188697 36.994123401785245
      vertex 46 1.4887402298188697 39.19175319642951
      vertex 46 1.4887402298188697 30.92824680357049
    endloop
  endfacet
  facet normal 0 1 0
    outer loop
      vertex 47.15 1.4887402298188697 33.12587659821476
      vertex 46 1.4887402298188697 39.19175319642951
      vertex 47.15 1.4887402298188697 36.994123401785245
    endloop
  endfacet
  facet normal 0 1 0
    outer loop
      vertex 38.15 1.4887402298188697 36.994123401785245
      vertex 40.35 1.4887402298188697 41.12587659821476
      vertex 41.5 1.4887402298188697 38.928246803570495
    endloop
  endfacet
  facet normal 0 1 0
    outer loop
      vertex 41.5 1.4887402298188697 38.928246803570495
      vertex 42.65 1.4887402298188697 41.12587659821476
      vertex 46 1.4887402298188697 39.19175319642951
    endloop
  endfacet
  facet normal 0 1 0
    outer loop
      vertex 42.65 1.4887402298188697 41.12587659821476
      vertex 41.5 1.4887402298188697 38.928246803570495
      vertex 40.35 1.4887402298188697 41.12587659821476
    endloop
  endfacet
  facet normal 0 1 0
    outer loop
      vertex 41.5 1.4887402298188697 38.928246803570495
      vertex 46 1.4887402298188697 39.19175319642951
      vertex 44.85 1.4887402298188697 36.994123401785245
    endloop
  endfacet
  facet normal 0 1 0
    outer loop
      vertex 32.5 1.4887402298188697 38.928246803570495
      vertex 32.5 1.4887402298188697 47.19175319642951
      vertex 33.65 1.4887402298188697 41.12587659821476
    endloop
  endfacet
  facet normal 0 1 0
    outer loop
      vertex 33.65 1.4887402298188697 44.994123401785245
      vertex 33.65 1.4887402298188697 41.12587659821476
      vertex 32.5 1.4887402298188697 47.19175319642951
    endloop
  endfacet
  facet normal 0 1 0
    outer loop
      vertex 35.85 1.4887402298188697 49.12587659821476
      vertex 33.65 1.4887402298188697 44.994123401785245
      vertex 32.5 1.4887402298188697 47.19175319642951
    endloop
  endfacet
  facet normal 0 1 0
    outer loop
      vertex 33.65 1.4887402298188697 44.994123401785245
      vertex 35.85 1.4887402298188697 49.12587659821476
      vertex 37 1.4887402298188697 46.928246803570495
    endloop
  endfacet
  facet normal 0 1 0
    outer loop
      vertex 37 1.4887402298188697 46.928246803570495
      vertex 38.15 1.4887402298188697 49.12587659821476
      vertex 41.5 1.4887402298188697 47.19175319642951
    endloop
  endfacet
  facet normal 0 1 0
    outer loop
      vertex 42.65 1.4887402298188697 41.12587659821476
      vertex 40.35 1.4887402298188697 41.12587659821476
      vertex 40.35 1.4887402298188697 44.994123401785245
    endloop
  endfacet
  facet normal 0 1 0
    outer loop
      vertex 42.65 1.4887402298188697 41.12587659821476
      vertex 40.35 1.4887402298188697 44.994123401785245
      vertex 42.65 1.4887402298188697 44.994123401785245
    endloop
  endfacet
  facet normal 0 1 0
    outer loop
      vertex 37 1.4887402298188697 46.928246803570495
      vertex 42.65 1.4887402298188697 44.994123401785245
      vertex 40.35 1.4887402298188697 44.994123401785245
    endloop
  endfacet
  facet normal 0 1 0
    outer loop
      vertex 37 1.4887402298188697 46.928246803570495
      vertex 41.5 1.4887402298188697 47.19175319642951
      vertex 42.65 1.4887402298188697 44.994123401785245
    endloop
  endfacet
  facet normal 0 1 0
    outer loop
      vertex 44.85 1.4887402298188697 49.12587659821476
      vertex 42.65 1.4887402298188697 44.994123401785245
      vertex 41.5 1.4887402298188697 47.19175319642951
    endloop
  endfacet
  facet normal 0 1 0
    outer loop
      vertex 44.85 1.4887402298188697 49.12587659821476
      vertex 46 1.4887402298188697 46.928246803570495
      vertex 42.65 1.4887402298188697 44.994123401785245
    endloop
  endfacet
  facet normal 0 1 0
    outer loop
      vertex 44.85 1.4887402298188697 49.12587659821476
      vertex 50.5 1.4887402298188697 47.19175319642951
      vertex 46 1.4887402298188697 46.928246803570495
    endloop
  endfacet
  facet normal 0 1 0
    outer loop
      vertex 53.85 1.4887402298188697 33.12587659821476
      vertex 56.15 1.4887402298188697 36.994123401785245
      vertex 55 1.4887402298188697 30.92824680357049
    endloop
  endfacet
  facet normal 0 1 0
    outer loop
      vertex 53.85 1.4887402298188697 33.12587659821476
      vertex 53.85 1.4887402298188697 36.994123401785245
      vertex 56.15 1.4887402298188697 36.994123401785245
    endloop
  endfacet
  facet normal 0 1 0
    outer loop
      vertex 47.15 1.4887402298188697 36.994123401785245
      vertex 49.35 1.4887402298188697 41.12587659821476
      vertex 50.5 1.4887402298188697 38.928246803570495
    endloop
  endfacet
  facet normal 0 1 0
    outer loop
      vertex 47.15 1.4887402298188697 36.994123401785245
      vertex 46 1.4887402298188697 39.19175319642951
      vertex 49.35 1.4887402298188697 41.12587659821476
    endloop
  endfacet
  facet normal 0 1 0
    outer loop
      vertex 49.35 1.4887402298188697 41.12587659821476
      vertex 56.15 1.4887402298188697 36.994123401785245
      vertex 50.5 1.4887402298188697 38.928246803570495
    endloop
  endfacet
  facet normal 0 1 0
    outer loop
      vertex 56.15 1.4887402298188697 36.994123401785245
      vertex 53.85 1.4887402298188697 36.994123401785245
      vertex 50.5 1.4887402298188697 38.928246803570495
    endloop
  endfacet
  facet normal 0 1 0
    outer loop
      vertex 49.35 1.4887402298188697 41.12587659821476
      vertex 51.65 1.4887402298188697 41.12587659821476
      vertex 55 1.4887402298188697 39.19175319642951
    endloop
  endfacet
  facet normal 0 1 0
    outer loop
      vertex 49.35 1.4887402298188697 41.12587659821476
      vertex 55 1.4887402298188697 39.19175319642951
      vertex 56.15 1.4887402298188697 36.994123401785245
    endloop
  endfacet
  facet normal 0 1 0
    outer loop
      vertex 55 1.4887402298188697 30.92824680357049
      vertex 56.15 1.4887402298188697 36.994123401785245
      vertex 56.15 1.4887402298188697 33.12587659821476
    endloop
  endfacet
  facet normal 0 1 0
    outer loop
      vertex 56.15 1.4887402298188697 36.994123401785245
      vertex 60.65 1.4887402298188697 41.12587659821476
      vertex 59.5 1.4887402298188697 38.928246803570495
    endloop
  endfacet
  facet normal 0 1 0
    outer loop
      vertex 56.15 1.4887402298188697 36.994123401785245
      vertex 55 1.4887402298188697 39.19175319642951
      vertex 58.35 1.4887402298188697 41.12587659821476
    endloop
  endfacet
  facet normal 0 1 0
    outer loop
      vertex 56.15 1.4887402298188697 36.994123401785245
      vertex 58.35 1.4887402298188697 41.12587659821476
      vertex 60.65 1.4887402298188697 41.12587659821476
    endloop
  endfacet
  facet normal 0 1 0
    outer loop
      vertex 59.5 1.4887402298188697 38.928246803570495
      vertex 65.15 1.4887402298188697 36.994123401785245
      vertex 62.85 1.4887402298188697 36.994123401785245
    endloop
  endfacet
  facet normal 0 1 0
    outer loop
      vertex 59.5 1.4887402298188697 38.928246803570495
      vertex 64 1.4887402298188697 39.19175319642951
      vertex 65.15 1.4887402298188697 36.994123401785245
    endloop
  endfacet
  facet normal 0 1 0
    outer loop
      vertex 64 1.4887402298188697 39.19175319642951
      vertex 59.5 1.4887402298188697 38.928246803570495
      vertex 60.65 1.4887402298188697 41.12587659821476
    endloop
  endfacet
  facet normal 0 1 0
    outer loop
      vertex 49.35 1.4887402298188697 41.12587659821476
      vertex 49.35 1.4887402298188697 44.994123401785245
      vertex 51.65 1.4887402298188697 41.12587659821476
    endloop
  endfacet
  facet normal 0 1 0
    outer loop
      vertex 51.65 1.4887402298188697 41.12587659821476
      vertex 49.35 1.4887402298188697 44.994123401785245
      vertex 50.5 1.4887402298188697 47.19175319642951
    endloop
  endfacet
  facet normal 0 1 0
    outer loop
      vertex 51.65 1.4887402298188697 44.994123401785245
      vertex 51.65 1.4887402298188697 41.12587659821476
      vertex 50.5 1.4887402298188697 47.19175319642951
    endloop
  endfacet
  facet normal 0 1 0
    outer loop
      vertex 46 1.4887402298188697 46.928246803570495
      vertex 50.5 1.4887402298188697 47.19175319642951
      vertex 49.35 1.4887402298188697 44.994123401785245
    endloop
  endfacet
  facet normal 0 1 0
    outer loop
      vertex 44.85 1.4887402298188697 49.12587659821476
      vertex 47.15 1.4887402298188697 49.12587659821476
      vertex 50.5 1.4887402298188697 47.19175319642951
    endloop
  endfacet
  facet normal 0 1 0
    outer loop
      vertex 53.85 1.4887402298188697 49.12587659821476
      vertex 51.65 1.4887402298188697 44.994123401785245
      vertex 50.5 1.4887402298188697 47.19175319642951
    endloop
  endfacet
  facet normal 0 1 0
    outer loop
      vertex 53.85 1.4887402298188697 49.12587659821476
      vertex 55 1.4887402298188697 46.928246803570495
      vertex 51.65 1.4887402298188697 44.994123401785245
    endloop
  endfacet
  facet normal 0 1 0
    outer loop
      vertex 58.35 1.4887402298188697 41.12587659821476
      vertex 58.35 1.4887402298188697 44.994123401785245
      vertex 60.65 1.4887402298188697 41.12587659821476
    endloop
  endfacet
  facet normal 0 1 0
    outer loop
      vertex 58.35 1.4887402298188697 44.994123401785245
      vertex 60.65 1.4887402298188697 44.994123401785245
      vertex 60.65 1.4887402298188697 41.12587659821476
    endloop
  endfacet
  facet normal 0 1 0
    outer loop
      vertex 55 1.4887402298188697 46.928246803570495
      vertex 59.5 1.4887402298188697 47.19175319642951
      vertex 58.35 1.4887402298188697 44.994123401785245
    endloop
  endfacet
  facet normal 0 1 0
    outer loop
      vertex 55 1.4887402298188697 46.928246803570495
      vertex 56.15 1.4887402298188697 49.12587659821476
      vertex 59.5 1.4887402298188697 47.19175319642951
    endloop
  endfacet
  facet normal 0 1 0
    outer loop
      vertex 58.35 1.4887402298188697 44.994123401785245
      vertex 62.85 1.4887402298188697 49.12587659821476
      vertex 60.65 1.4887402298188697 44.994123401785245
    endloop
  endfacet
  facet normal 0 1 0
    outer loop
      vertex 62.85 1.4887402298188697 49.12587659821476
      vertex 58.35 1.4887402298188697 44.994123401785245
      vertex 59.5 1.4887402298188697 47.19175319642951
    endloop
  endfacet
  facet normal 0 1 0
    outer loop
      vertex 62.85 1.4887402298188697 49.12587659821476
      vertex 64 1.4887402298188697 46.928246803570495
      vertex 60.65 1.4887402298188697 44.994123401785245
    endloop
  endfacet
  facet normal 0 1 0
    outer loop
      vertex 37 1.4887402298188697 46.928246803570495
      vertex 35.85 1.4887402298188697 49.12587659821476
      vertex 35.85 1.4887402298188697 52.994123401785245
    endloop
  endfacet
  facet normal 0 1 0
    outer loop
      vertex 37 1.4887402298188697 46.928246803570495
      vertex 35.85 1.4887402298188697 52.994123401785245
      vertex 38.15 1.4887402298188697 49.12587659821476
    endloop
  endfacet
  facet normal 0 1 0
    outer loop
      vertex 38.15 1.4887402298188697 52.994123401785245
      vertex 38.15 1.4887402298188697 49.12587659821476
      vertex 35.85 1.4887402298188697 52.994123401785245
    endloop
  endfacet
  facet normal 0 1 0
    outer loop
      vertex 32.5 1.4887402298188697 54.928246803570495
      vertex 38.15 1.4887402298188697 52.994123401785245
      vertex 35.85 1.4887402298188697 52.994123401785245
    endloop
  endfacet
  facet normal 0 1 0
    outer loop
      vertex 4.442802853050672 1.4887402298188697 59.399699999999996
      vertex 50.5 1.4887402298188697 54.928246803570495
      vertex 41.5 1.4887402298188697 54.928246803570495
    endloop
  endfacet
  facet normal 0 1 0
    outer loop
      vertex 32.5 1.4887402298188697 54.928246803570495
      vertex 41.5 1.4887402298188697 54.928246803570495
      vertex 38.15 1.4887402298188697 52.994123401785245
    endloop
  endfacet
  facet normal 0 1 0
    outer loop
      vertex 4.442802853050672 1.4887402298188697 59.399699999999996
      vertex 59.5 1.4887402298188697 54.928246803570495
      vertex 50.5 1.4887402298188697 54.928246803570495
    endloop
  endfacet
  facet normal 0 1 0
    outer loop
      vertex 44.85 1.4887402298188697 49.12587659821476
      vertex 44.85 1.4887402298188697 52.994123401785245
      vertex 47.15 1.4887402298188697 49.12587659821476
    endloop
  endfacet
  facet normal 0 1 0
    outer loop
      vertex 47.15 1.4887402298188697 52.994123401785245
      vertex 47.15 1.4887402298188697 49.12587659821476
      vertex 44.85 1.4887402298188697 52.994123401785245
    endloop
  endfacet
  facet normal 0 1 0
    outer loop
      vertex 41.5 1.4887402298188697 54.928246803570495
      vertex 47.15 1.4887402298188697 52.994123401785245
      vertex 44.85 1.4887402298188697 52.994123401785245
    endloop
  endfacet
  facet normal 0 1 0
    outer loop
      vertex 41.5 1.4887402298188697 54.928246803570495
      vertex 50.5 1.4887402298188697 54.928246803570495
      vertex 47.15 1.4887402298188697 52.994123401785245
    endloop
  endfacet
  facet normal 0 0 -1
    outer loop
      vertex 4.442802853050672 1.4887402298188697 59.399699999999996
      vertex 4.4410786867475975 1.4985184628274926 59.399699999999996
      vertex 122.4410786867476 1.4985184628274926 59.399699999999996
    endloop
  endfacet
  facet normal 0 0.7149903986435691 -0.6991342716871418
    outer loop
      vertex 4.4410786867475975 1.4985184628274926 59.399699999999996
      vertex 4.199695404316969 2.8674710840359623 60.7997
      vertex 122.4410786867476 1.4985184628274926 59.399699999999996
    endloop
  endfacet
  facet normal 0 0 -1
    outer loop
      vertex 4.199695404316969 2.8674710840359623 60.7997
      vertex 4.355369543531189 2.9062850062605747 60.7997
      vertex 122.19969540431697 2.8674710840359623 60.7997
    endloop
  endfacet
  facet normal 0 1 0
    outer loop
      vertex 4.355369543531189 2.9062850062605747 60.7997
      vertex 4.355369543531189 2.9062850062605747 62.029700000000005
      vertex 122.26692308965103 2.9062850062605747 60.7997
    endloop
  endfacet
  facet normal 0 0 -1
    outer loop
      vertex 4.248414235671141 2.9410368924009584 62.029700000000005
      vertex 122.3553695435312 2.906285006260584 62.029700000000005
      vertex 4.355369543531189 2.9062850062605747 62.029700000000005
    endloop
  endfacet
  facet normal 0 1 0
    outer loop
      vertex 53.85 1.4887402298188697 49.12587659821476
      vertex 56.15 1.4887402298188697 52.994123401785245
      vertex 55 1.4887402298188697 46.928246803570495
    endloop
  endfacet
  facet normal 0 1 0
    outer loop
      vertex 53.85 1.4887402298188697 49.12587659821476
      vertex 53.85 1.4887402298188697 52.994123401785245
      vertex 56.15 1.4887402298188697 52.994123401785245
    endloop
  endfacet
  facet normal 0 1 0
    outer loop
      vertex 50.5 1.4887402298188697 54.928246803570495
      vertex 56.15 1.4887402298188697 52.994123401785245
      vertex 53.85 1.4887402298188697 52.994123401785245
    endloop
  endfacet
  facet normal 0 1 0
    outer loop
      vertex 56.15 1.4887402298188697 52.994123401785245
      vertex 56.15 1.4887402298188697 49.12587659821476
      vertex 55 1.4887402298188697 46.928246803570495
    endloop
  endfacet
  facet normal 0 1 0
    outer loop
      vertex 50.5 1.4887402298188697 54.928246803570495
      vertex 59.5 1.4887402298188697 54.928246803570495
      vertex 56.15 1.4887402298188697 52.994123401785245
    endloop
  endfacet
  facet normal 0 1 0
    outer loop
      vertex 59.5 1.4887402298188697 54.928246803570495
      vertex 65.15 1.4887402298188697 52.994123401785245
      vertex 62.85 1.4887402298188697 52.994123401785245
    endloop
  endfacet
  facet normal 0 1 0
    outer loop
      vertex 4.442802853050672 1.4887402298188697 59.399699999999996
      vertex 122.44280285305068 1.4887402298188697 59.399699999999996
      vertex 59.5 1.4887402298188697 54.928246803570495
    endloop
  endfacet
  facet normal 1 0 0
    outer loop
      vertex 1.6037838169959322 44.9518860530663 16.03
      vertex 1.6037838169959322 51.0481139469337 16.03
      vertex 1.6037838169959322 46.85 17.125876598214752
    endloop
  endfacet
  facet normal 1 0 0
    outer loop
      vertex 1.6037838169959322 55.85 17.125876598214752
      vertex 1.6037838169959322 53.9518860530663 16.03
      vertex 1.6037838169959322 60.0481139469337 16.03
    endloop
  endfacet
  facet normal 1 0 0
    outer loop
      vertex 1.6037838169959322 39 23.191753196429506
      vertex 1.6037838169959322 44.65 25.125876598214752
      vertex 1.6037838169959322 42.35 25.125876598214752
    endloop
  endfacet
  facet normal 1 0 0
    outer loop
      vertex 1.6037838169959322 39 23.191753196429506
      vertex 1.6037838169959322 43.5 22.92824680357049
      vertex 1.6037838169959322 48 23.191753196429506
    endloop
  endfacet
  facet normal 1 0 0
    outer loop
      vertex 1.6037838169959322 39 23.191753196429506
      vertex 1.6037838169959322 48 23.191753196429506
      vertex 1.6037838169959322 44.65 25.125876598214752
    endloop
  endfacet
  facet normal 1 0 0
    outer loop
      vertex 1.6037838169959322 46.85 17.125876598214752
      vertex 1.6037838169959322 49.15 17.125876598214752
      vertex 1.6037838169959322 49.15 20.994123401785245
    endloop
  endfacet
  facet normal 1 0 0
    outer loop
      vertex 1.6037838169959322 46.85 17.125876598214752
      vertex 1.6037838169959322 51.0481139469337 16.03
      vertex 1.6037838169959322 49.15 17.125876598214752
    endloop
  endfacet
  facet normal 1 0 0
    outer loop
      vertex 1.6037838169959322 46.85 17.125876598214752
      vertex 1.6037838169959322 49.15 20.994123401785245
      vertex 1.6037838169959322 46.85 20.994123401785245
    endloop
  endfacet
  facet normal 1 0 0
    outer loop
      vertex 1.6037838169959322 46.85 20.994123401785245
      vertex 1.6037838169959322 52.5 22.92824680357049
      vertex 1.6037838169959322 43.5 22.92824680357049
    endloop
  endfacet
  facet normal 1 0 0
    outer loop
      vertex 1.6037838169959322 46.85 20.994123401785245
      vertex 1.6037838169959322 49.15 20.994123401785245
      vertex 1.6037838169959322 52.5 22.92824680357049
    endloop
  endfacet
  facet normal 1 0 0
    outer loop
      vertex 1.6037838169959322 43.5 22.92824680357049
      vertex 1.6037838169959322 52.5 22.92824680357049
      vertex 1.6037838169959322 48 23.191753196429506
    endloop
  endfacet
  facet normal 1 0 0
    outer loop
      vertex 1.6037838169959322 48 23.191753196429506
      vertex 1.6037838169959322 53.65 25.125876598214752
      vertex 1.6037838169959322 51.35 25.125876598214752
    endloop
  endfacet
  facet normal 1 0 0
    outer loop
      vertex 1.6037838169959322 42.35 25.125876598214752
      vertex 1.6037838169959322 44.65 25.125876598214752
      vertex 1.6037838169959322 44.65 28.994123401785245
    endloop
  endfacet
  facet normal 1 0 0
    outer loop
      vertex 1.6037838169959322 42.35 25.125876598214752
      vertex 1.6037838169959322 44.65 28.994123401785245
      vertex 1.6037838169959322 42.35 28.994123401785245
    endloop
  endfacet
  facet normal 1 0 0
    outer loop
      vertex 1.6037838169959322 39 30.92824680357049
      vertex 1.6037838169959322 42.35 28.994123401785245
      vertex 1.6037838169959322 48 30.92824680357049
    endloop
  endfacet
  facet normal 1 0 0
    outer loop
      vertex 1.6037838169959322 39 30.92824680357049
      vertex 1.6037838169959322 48 30.92824680357049
      vertex 1.6037838169959322 43.5 31.19175319642951
    endloop
  endfacet
  facet normal 1 0 0
    outer loop
      vertex 1.6037838169959322 42.35 28.994123401785245
      vertex 1.6037838169959322 44.65 28.994123401785245
      vertex 1.6037838169959322 48 30.92824680357049
    endloop
  endfacet
  facet normal 1 0 0
    outer loop
      vertex 1.6037838169959322 46.85 33.12587659821476
      vertex 1.6037838169959322 43.5 31.19175319642951
      vertex 1.6037838169959322 49.15 33.12587659821476
    endloop
  endfacet
  facet normal 1 0 0
    outer loop
      vertex 1.6037838169959322 53.65 28.994123401785245
      vertex 1.6037838169959322 51.35 28.994123401785245
      vertex 1.6037838169959322 51.35 25.125876598214752
    endloop
  endfacet
  facet normal 1 0 0
    outer loop
      vertex 1.6037838169959322 43.5 31.19175319642951
      vertex 1.6037838169959322 48 30.92824680357049
      vertex 1.6037838169959322 52.5 31.19175319642951
    endloop
  endfacet
  facet normal 1 0 0
    outer loop
      vertex 1.6037838169959322 43.5 31.19175319642951
      vertex 1.6037838169959322 52.5 31.19175319642951
      vertex 1.6037838169959322 49.15 33.12587659821476
    endloop
  endfacet
  facet normal 1 0 0
    outer loop
      vertex 1.6037838169959322 48 30.92824680357049
      vertex 1.6037838169959322 51.35 28.994123401785245
      vertex 1.6037838169959322 57 30.92824680357049
    endloop
  endfacet
  facet normal 1 0 0
    outer loop
      vertex 1.6037838169959322 55.85 17.125876598214752
      vertex 1.6037838169959322 58.15 17.125876598214752
      vertex 1.6037838169959322 58.15 20.994123401785245
    endloop
  endfacet
  facet normal 1 0 0
    outer loop
      vertex 1.6037838169959322 55.85 17.125876598214752
      vertex 1.6037838169959322 58.15 20.994123401785245
      vertex 1.6037838169959322 55.85 20.994123401785245
    endloop
  endfacet
  facet normal 1 0 0
    outer loop
      vertex 1.6037838169959322 48 23.191753196429506
      vertex 1.6037838169959322 52.5 22.92824680357049
      vertex 1.6037838169959322 57 23.191753196429506
    endloop
  endfacet
  facet normal 1 0 0
    outer loop
      vertex 1.6037838169959322 48 23.191753196429506
      vertex 1.6037838169959322 57 23.191753196429506
      vertex 1.6037838169959322 53.65 25.125876598214752
    endloop
  endfacet
  facet normal 1 0 0
    outer loop
      vertex 1.6037838169959322 55.85 20.994123401785245
      vertex 1.6037838169959322 61.5 22.92824680357049
      vertex 1.6037838169959322 52.5 22.92824680357049
    endloop
  endfacet
  facet normal 1 0 0
    outer loop
      vertex 1.6037838169959322 52.5 22.92824680357049
      vertex 1.6037838169959322 61.5 22.92824680357049
      vertex 1.6037838169959322 57 23.191753196429506
    endloop
  endfacet
  facet normal 1 0 0
    outer loop
      vertex 1.6037838169959322 55.85 17.125876598214752
      vertex 1.6037838169959322 60.0481139469337 16.03
      vertex 1.6037838169959322 58.15 17.125876598214752
    endloop
  endfacet
  facet normal 1 0 0
    outer loop
      vertex 1.6037838169959322 55.85 20.994123401785245
      vertex 1.6037838169959322 58.15 20.994123401785245
      vertex 1.6037838169959322 61.5 22.92824680357049
    endloop
  endfacet
  facet normal 1 0 0
    outer loop
      vertex 1.6037838169959322 57 23.191753196429506
      vertex 1.6037838169959322 62.65 25.125876598214752
      vertex 1.6037838169959322 60.35 25.125876598214752
    endloop
  endfacet
  facet normal 1 0 0
    outer loop
      vertex 1.6037838169959322 57 23.191753196429506
      vertex 1.6037838169959322 61.5 22.92824680357049
      vertex 1.6037838169959322 66 23.191753196429506
    endloop
  endfacet
  facet normal 1 0 0
    outer loop
      vertex 1.6037838169959322 57 23.191753196429506
      vertex 1.6037838169959322 66 23.191753196429506
      vertex 1.6037838169959322 62.65 25.125876598214752
    endloop
  endfacet
  facet normal 1 0 0
    outer loop
      vertex 1.6037838169959322 53.65 28.994123401785245
      vertex 1.6037838169959322 51.35 25.125876598214752
      vertex 1.6037838169959322 53.65 25.125876598214752
    endloop
  endfacet
  facet normal 1 0 0
    outer loop
      vertex 1.6037838169959322 51.35 28.994123401785245
      vertex 1.6037838169959322 53.65 28.994123401785245
      vertex 1.6037838169959322 57 30.92824680357049
    endloop
  endfacet
  facet normal 1 0 0
    outer loop
      vertex 1.6037838169959322 48 30.92824680357049
      vertex 1.6037838169959322 57 30.92824680357049
      vertex 1.6037838169959322 52.5 31.19175319642951
    endloop
  endfacet
  facet normal 1 0 0
    outer loop
      vertex 1.6037838169959322 52.5 31.19175319642951
      vertex 1.6037838169959322 58.15 33.12587659821476
      vertex 1.6037838169959322 55.85 33.12587659821476
    endloop
  endfacet
  facet normal 1 0 0
    outer loop
      vertex 1.6037838169959322 52.5 31.19175319642951
      vertex 1.6037838169959322 57 30.92824680357049
      vertex 1.6037838169959322 61.5 31.19175319642951
    endloop
  endfacet
  facet normal 1 0 0
    outer loop
      vertex 1.6037838169959322 52.5 31.19175319642951
      vertex 1.6037838169959322 61.5 31.19175319642951
      vertex 1.6037838169959322 58.15 33.12587659821476
    endloop
  endfacet
  facet normal 1 0 0
    outer loop
      vertex 1.6037838169959322 60.35 25.125876598214752
      vertex 1.6037838169959322 62.65 25.125876598214752
      vertex 1.6037838169959322 62.65 28.994123401785245
    endloop
  endfacet
  facet normal 1 0 0
    outer loop
      vertex 1.6037838169959322 60.35 25.125876598214752
      vertex 1.6037838169959322 62.65 28.994123401785245
      vertex 1.6037838169959322 60.35 28.994123401785245
    endloop
  endfacet
  facet normal 1 0 0
    outer loop
      vertex 1.6037838169959322 57 30.92824680357049
      vertex 1.6037838169959322 60.35 28.994123401785245
      vertex 1.6037838169959322 66 30.92824680357049
    endloop
  endfacet
  facet normal 1 0 0
    outer loop
      vertex 1.6037838169959322 57 30.92824680357049
      vertex 1.6037838169959322 66 30.92824680357049
      vertex 1.6037838169959322 61.5 31.19175319642951
    endloop
  endfacet
  facet normal 1 0 0
    outer loop
      vertex 1.6037838169959322 64.85 17.125876598214752
      vertex 1.6037838169959322 62.9518860530663 16.03
      vertex 1.6037838169959322 69.0481139469337 16.03
    endloop
  endfacet
  facet normal 1 0 0
    outer loop
      vertex 1.6037838169959322 79.5 5.66
      vertex 1.6037838169959322 80.4 9.05
      vertex 1.6037838169959322 79.5 9.05
    endloop
  endfacet
  facet normal 1 0 0
    outer loop
      vertex 1.6037838169959322 79.5 5.66
      vertex 1.6037838169959322 80.4 5.66
      vertex 1.6037838169959322 80.4 9.05
    endloop
  endfacet
  facet normal 0 0 1
    outer loop
      vertex 40.55 79.5 5.66
      vertex 1.6037838169959322 80.4 5.66
      vertex 1.6037838169959322 79.5 5.66
    endloop
  endfacet
  facet normal 1 0 0
    outer loop
      vertex 1.6037838169959322 73.85 17.125876598214752
      vertex 1.6037838169959322 71.9518860530663 16.03
      vertex 1.6037838169959322 79.5 16.03
    endloop
  endfacet
  facet normal 0 0 -1
    outer loop
      vertex 1.6037838169959322 79.5 9.05
      vertex 1.6037838169959322 80.4 9.05
      vertex 40.40441190629352 80.4 9.05
    endloop
  endfacet
  facet normal 0 0 1
    outer loop
      vertex 40.55 80 5.66
      vertex 1.6037838169959322 80.4 5.66
      vertex 40.55 79.5 5.66
    endloop
  endfacet
  facet normal 0 0 1
    outer loop
      vertex 40.55 80 5.66
      vertex 40.40441190629352 80.4 5.66
      vertex 1.6037838169959322 80.4 5.66
    endloop
  endfacet
  facet normal 0 0 -1
    outer loop
      vertex 40.55 80 9.05
      vertex 40.55 79.5 9.05
      vertex 1.6037838169959322 79.5 9.05
    endloop
  endfacet
  facet normal 0 0 -1
    outer loop
      vertex 40.55 80 9.05
      vertex 1.6037838169959322 79.5 9.05
      vertex 40.40441190629352 80.4 9.05
    endloop
  endfacet
  facet normal 1 0 0
    outer loop
      vertex 1.6037838169959322 64.85 17.125876598214752
      vertex 1.6037838169959322 67.15 17.125876598214752
      vertex 1.6037838169959322 67.15 20.994123401785245
    endloop
  endfacet
  facet normal 1 0 0
    outer loop
      vertex 1.6037838169959322 64.85 17.125876598214752
      vertex 1.6037838169959322 69.0481139469337 16.03
      vertex 1.6037838169959322 67.15 17.125876598214752
    endloop
  endfacet
  facet normal 1 0 0
    outer loop
      vertex 1.6037838169959322 64.85 17.125876598214752
      vertex 1.6037838169959322 67.15 20.994123401785245
      vertex 1.6037838169959322 64.85 20.994123401785245
    endloop
  endfacet
  facet normal 1 0 0
    outer loop
      vertex 1.6037838169959322 61.5 22.92824680357049
      vertex 1.6037838169959322 64.85 20.994123401785245
      vertex 1.6037838169959322 70.5 22.92824680357049
    endloop
  endfacet
  facet normal 1 0 0
    outer loop
      vertex 1.6037838169959322 64.85 20.994123401785245
      vertex 1.6037838169959322 67.15 20.994123401785245
      vertex 1.6037838169959322 70.5 22.92824680357049
    endloop
  endfacet
  facet normal 1 0 0
    outer loop
      vertex 1.6037838169959322 61.5 22.92824680357049
      vertex 1.6037838169959322 70.5 22.92824680357049
      vertex 1.6037838169959322 66 23.191753196429506
    endloop
  endfacet
  facet normal 1 0 0
    outer loop
      vertex 1.6037838169959322 66 23.191753196429506
      vertex 1.6037838169959322 71.65 25.125876598214752
      vertex 1.6037838169959322 69.35 25.125876598214752
    endloop
  endfacet
  facet normal 1 0 0
    outer loop
      vertex 1.6037838169959322 66 23.191753196429506
      vertex 1.6037838169959322 70.5 22.92824680357049
      vertex 1.6037838169959322 75 23.191753196429506
    endloop
  endfacet
  facet normal 1 0 0
    outer loop
      vertex 1.6037838169959322 70.5 22.92824680357049
      vertex 1.6037838169959322 73.85 20.994123401785245
      vertex 1.6037838169959322 75 23.191753196429506
    endloop
  endfacet
  facet normal 1 0 0
    outer loop
      vertex 1.6037838169959322 66 23.191753196429506
      vertex 1.6037838169959322 75 23.191753196429506
      vertex 1.6037838169959322 71.65 25.125876598214752
    endloop
  endfacet
  facet normal 1 0 0
    outer loop
      vertex 1.6037838169959322 60.35 28.994123401785245
      vertex 1.6037838169959322 62.65 28.994123401785245
      vertex 1.6037838169959322 66 30.92824680357049
    endloop
  endfacet
  facet normal 1 0 0
    outer loop
      vertex 1.6037838169959322 64.85 33.12587659821476
      vertex 1.6037838169959322 61.5 31.19175319642951
      vertex 1.6037838169959322 67.15 33.12587659821476
    endloop
  endfacet
  facet normal 1 0 0
    outer loop
      vertex 1.6037838169959322 66 30.92824680357049
      vertex 1.6037838169959322 70.5 31.19175319642951
      vertex 1.6037838169959322 61.5 31.19175319642951
    endloop
  endfacet
  facet normal 1 0 0
    outer loop
      vertex 1.6037838169959322 61.5 31.19175319642951
      vertex 1.6037838169959322 70.5 31.19175319642951
      vertex 1.6037838169959322 67.15 33.12587659821476
    endloop
  endfacet
  facet normal 1 0 0
    outer loop
      vertex 1.6037838169959322 69.35 25.125876598214752
      vertex 1.6037838169959322 71.65 28.994123401785245
      vertex 1.6037838169959322 69.35 28.994123401785245
    endloop
  endfacet
  facet normal 1 0 0
    outer loop
      vertex 1.6037838169959322 69.35 25.125876598214752
      vertex 1.6037838169959322 71.65 25.125876598214752
      vertex 1.6037838169959322 71.65 28.994123401785245
    endloop
  endfacet
  facet normal 1 0 0
    outer loop
      vertex 1.6037838169959322 66 30.92824680357049
      vertex 1.6037838169959322 69.35 28.994123401785245
      vertex 1.6037838169959322 75 30.92824680357049
    endloop
  endfacet
  facet normal 1 0 0
    outer loop
      vertex 1.6037838169959322 66 30.92824680357049
      vertex 1.6037838169959322 75 30.92824680357049
      vertex 1.6037838169959322 70.5 31.19175319642951
    endloop
  endfacet
  facet normal 1 0 0
    outer loop
      vertex 1.6037838169959322 69.35 28.994123401785245
      vertex 1.6037838169959322 71.65 28.994123401785245
      vertex 1.6037838169959322 75 30.92824680357049
    endloop
  endfacet
  facet normal 1 0 0
    outer loop
      vertex 1.6037838169959322 73.85 33.12587659821476
      vertex 1.6037838169959322 70.5 31.19175319642951
      vertex 1.6037838169959322 75 30.92824680357049
    endloop
  endfacet
  facet normal 1 0 0
    outer loop
      vertex 1.6037838169959322 73.85 17.125876598214752
      vertex 1.6037838169959322 79.5 16.03
      vertex 1.6037838169959322 73.85 20.994123401785245
    endloop
  endfacet
  facet normal 1 0 0
    outer loop
      vertex 1.6037838169959322 73.85 20.994123401785245
      vertex 1.6037838169959322 79.5 16.03
      vertex 1.6037838169959322 75 23.191753196429506
    endloop
  endfacet
  facet normal 1 0 0
    outer loop
      vertex 1.6037838169959322 75 23.191753196429506
      vertex 1.6037838169959322 79.5 16.03
      vertex 1.6037838169959322 78.35 25.125876598214752
    endloop
  endfacet
  facet normal 1 0 0
    outer loop
      vertex 1.6037838169959322 79.5 10.65
      vertex 1.6037838169959322 80.4 59.399699999999996
      vertex 1.6037838169959322 79.5 16.03
    endloop
  endfacet
  facet normal 1 0 0
    outer loop
      vertex 1.6037838169959322 79.5 10.65
      vertex 1.6037838169959322 80.4 10.65
      vertex 1.6037838169959322 80.4 59.399699999999996
    endloop
  endfacet
  facet normal -1 0 0
    outer loop
      vertex 40.55 80 5.66
      vertex 40.55 79.5 5.66
      vertex 40.55 79.5 9.05
    endloop
  endfacet
  facet normal -1 0 0
    outer loop
      vertex 40.55 80 5.66
      vertex 40.55 79.5 9.05
      vertex 40.55 80 9.05
    endloop
  endfacet
  facet normal -0.9396926207859114 -0.3420201433256606 0
    outer loop
      vertex 40.55 80 5.66
      vertex 40.55 80 9.05
      vertex 40.40441190629352 80.4 5.66
    endloop
  endfacet
  facet normal -0.9396926207859114 -0.3420201433256606 0
    outer loop
      vertex 40.55 80 9.05
      vertex 40.40441190629352 80.4 9.05
      vertex 40.40441190629352 80.4 5.66
    endloop
  endfacet
  facet normal 0 0 1
    outer loop
      vertex 43.707989498837286 79.5 5.66
      vertex 43.60378381699593 80.4 5.66
      vertex 43.60378381699593 79.5 5.66
    endloop
  endfacet
  facet normal 1 0 0
    outer loop
      vertex 43.60378381699593 79.5 5.66
      vertex 43.60378381699593 80.4 9.05
      vertex 43.60378381699593 79.5 9.05
    endloop
  endfacet
  facet normal 1 0 0
    outer loop
      vertex 43.60378381699593 79.5 5.66
      vertex 43.60378381699593 80.4 5.66
      vertex 43.60378381699593 80.4 9.05
    endloop
  endfacet
  facet normal 0 0 1
    outer loop
      vertex 1.6037838169959322 79.5 10.65
      vertex 124.55 79.5 10.65
      vertex 1.6037838169959322 80.4 10.65
    endloop
  endfacet
  facet normal 0 0 1
    outer loop
      vertex 43.707989498837286 79.5 5.66
      vertex 76.02601176630928 47.970800865971505 5.66
      vertex 43.60378381699593 80.4 5.66
    endloop
  endfacet
  facet normal 0 0 -1
    outer loop
      vertex 43.60378381699593 79.5 9.05
      vertex 43.60378381699593 80.4 9.05
      vertex 82.40441190629352 80.4 9.05
    endloop
  endfacet
  facet normal 1 0 0
    outer loop
      vertex 1.6037838169959322 39 39.19175319642951
      vertex 1.6037838169959322 44.65 41.12587659821476
      vertex 1.6037838169959322 42.35 41.12587659821476
    endloop
  endfacet
  facet normal 1 0 0
    outer loop
      vertex 1.6037838169959322 39 39.19175319642951
      vertex 1.6037838169959322 43.5 38.928246803570495
      vertex 1.6037838169959322 48 39.19175319642951
    endloop
  endfacet
  facet normal 1 0 0
    outer loop
      vertex 1.6037838169959322 39 39.19175319642951
      vertex 1.6037838169959322 48 39.19175319642951
      vertex 1.6037838169959322 44.65 41.12587659821476
    endloop
  endfacet
  facet normal 1 0 0
    outer loop
      vertex 1.6037838169959322 43.5 38.928246803570495
      vertex 1.6037838169959322 46.85 36.994123401785245
      vertex 1.6037838169959322 48 39.19175319642951
    endloop
  endfacet
  facet normal 1 0 0
    outer loop
      vertex 1.6037838169959322 49.15 33.12587659821476
      vertex 1.6037838169959322 49.15 36.994123401785245
      vertex 1.6037838169959322 46.85 33.12587659821476
    endloop
  endfacet
  facet normal 1 0 0
    outer loop
      vertex 1.6037838169959322 46.85 33.12587659821476
      vertex 1.6037838169959322 49.15 36.994123401785245
      vertex 1.6037838169959322 46.85 36.994123401785245
    endloop
  endfacet
  facet normal 1 0 0
    outer loop
      vertex 1.6037838169959322 46.85 36.994123401785245
      vertex 1.6037838169959322 49.15 36.994123401785245
      vertex 1.6037838169959322 52.5 38.928246803570495
    endloop
  endfacet
  facet normal 1 0 0
    outer loop
      vertex 1.6037838169959322 46.85 36.994123401785245
      vertex 1.6037838169959322 51.35 41.12587659821476
      vertex 1.6037838169959322 48 39.19175319642951
    endloop
  endfacet
  facet normal 1 0 0
    outer loop
      vertex 1.6037838169959322 46.85 36.994123401785245
      vertex 1.6037838169959322 52.5 38.928246803570495
      vertex 1.6037838169959322 53.65 41.12587659821476
    endloop
  endfacet
  facet normal 1 0 0
    outer loop
      vertex 1.6037838169959322 46.85 36.994123401785245
      vertex 1.6037838169959322 53.65 41.12587659821476
      vertex 1.6037838169959322 51.35 41.12587659821476
    endloop
  endfacet
  facet normal 1 0 0
    outer loop
      vertex 1.6037838169959322 42.35 41.12587659821476
      vertex 1.6037838169959322 44.65 41.12587659821476
      vertex 1.6037838169959322 44.65 44.994123401785245
    endloop
  endfacet
  facet normal 1 0 0
    outer loop
      vertex 1.6037838169959322 42.35 41.12587659821476
      vertex 1.6037838169959322 44.65 44.994123401785245
      vertex 1.6037838169959322 42.35 44.994123401785245
    endloop
  endfacet
  facet normal 1 0 0
    outer loop
      vertex 1.6037838169959322 42.35 44.994123401785245
      vertex 1.6037838169959322 43.5 47.19175319642951
      vertex 1.6037838169959322 40.15 49.12587659821476
    endloop
  endfacet
  facet normal 1 0 0
    outer loop
      vertex 1.6037838169959322 42.35 44.994123401785245
      vertex 1.6037838169959322 44.65 44.994123401785245
      vertex 1.6037838169959322 43.5 47.19175319642951
    endloop
  endfacet
  facet normal 1 0 0
    outer loop
      vertex 1.6037838169959322 43.5 47.19175319642951
      vertex 1.6037838169959322 44.65 44.994123401785245
      vertex 1.6037838169959322 48 46.928246803570495
    endloop
  endfacet
  facet normal 1 0 0
    outer loop
      vertex 1.6037838169959322 46.85 49.12587659821476
      vertex 1.6037838169959322 43.5 47.19175319642951
      vertex 1.6037838169959322 48 46.928246803570495
    endloop
  endfacet
  facet normal 1 0 0
    outer loop
      vertex 1.6037838169959322 53.65 44.994123401785245
      vertex 1.6037838169959322 51.35 44.994123401785245
      vertex 1.6037838169959322 51.35 41.12587659821476
    endloop
  endfacet
  facet normal 1 0 0
    outer loop
      vertex 1.6037838169959322 48 46.928246803570495
      vertex 1.6037838169959322 51.35 44.994123401785245
      vertex 1.6037838169959322 49.15 49.12587659821476
    endloop
  endfacet
  facet normal 1 0 0
    outer loop
      vertex 1.6037838169959322 46.85 49.12587659821476
      vertex 1.6037838169959322 48 46.928246803570495
      vertex 1.6037838169959322 49.15 49.12587659821476
    endloop
  endfacet
  facet normal 1 0 0
    outer loop
      vertex 1.6037838169959322 49.15 49.12587659821476
      vertex 1.6037838169959322 51.35 44.994123401785245
      vertex 1.6037838169959322 52.5 47.19175319642951
    endloop
  endfacet
  facet normal 1 0 0
    outer loop
      vertex 1.6037838169959322 58.15 33.12587659821476
      vertex 1.6037838169959322 58.15 36.994123401785245
      vertex 1.6037838169959322 55.85 33.12587659821476
    endloop
  endfacet
  facet normal 1 0 0
    outer loop
      vertex 1.6037838169959322 55.85 33.12587659821476
      vertex 1.6037838169959322 58.15 36.994123401785245
      vertex 1.6037838169959322 55.85 36.994123401785245
    endloop
  endfacet
  facet normal 1 0 0
    outer loop
      vertex 1.6037838169959322 52.5 38.928246803570495
      vertex 1.6037838169959322 57 39.19175319642951
      vertex 1.6037838169959322 53.65 41.12587659821476
    endloop
  endfacet
  facet normal 1 0 0
    outer loop
      vertex 1.6037838169959322 52.5 38.928246803570495
      vertex 1.6037838169959322 55.85 36.994123401785245
      vertex 1.6037838169959322 61.5 38.928246803570495
    endloop
  endfacet
  facet normal 1 0 0
    outer loop
      vertex 1.6037838169959322 52.5 38.928246803570495
      vertex 1.6037838169959322 61.5 38.928246803570495
      vertex 1.6037838169959322 57 39.19175319642951
    endloop
  endfacet
  facet normal 1 0 0
    outer loop
      vertex 1.6037838169959322 55.85 36.994123401785245
      vertex 1.6037838169959322 58.15 36.994123401785245
      vertex 1.6037838169959322 61.5 38.928246803570495
    endloop
  endfacet
  facet normal 1 0 0
    outer loop
      vertex 1.6037838169959322 57 39.19175319642951
      vertex 1.6037838169959322 62.65 41.12587659821476
      vertex 1.6037838169959322 60.35 41.12587659821476
    endloop
  endfacet
  facet normal 1 0 0
    outer loop
      vertex 1.6037838169959322 57 39.19175319642951
      vertex 1.6037838169959322 61.5 38.928246803570495
      vertex 1.6037838169959322 66 39.19175319642951
    endloop
  endfacet
  facet normal 1 0 0
    outer loop
      vertex 1.6037838169959322 57 39.19175319642951
      vertex 1.6037838169959322 66 39.19175319642951
      vertex 1.6037838169959322 62.65 41.12587659821476
    endloop
  endfacet
  facet normal 1 0 0
    outer loop
      vertex 1.6037838169959322 53.65 41.12587659821476
      vertex 1.6037838169959322 53.65 44.994123401785245
      vertex 1.6037838169959322 51.35 41.12587659821476
    endloop
  endfacet
  facet normal 1 0 0
    outer loop
      vertex 1.6037838169959322 51.35 44.994123401785245
      vertex 1.6037838169959322 53.65 44.994123401785245
      vertex 1.6037838169959322 52.5 47.19175319642951
    endloop
  endfacet
  facet normal 1 0 0
    outer loop
      vertex 1.6037838169959322 52.5 47.19175319642951
      vertex 1.6037838169959322 53.65 44.994123401785245
      vertex 1.6037838169959322 57 46.928246803570495
    endloop
  endfacet
  facet normal 1 0 0
    outer loop
      vertex 1.6037838169959322 52.5 47.19175319642951
      vertex 1.6037838169959322 57 46.928246803570495
      vertex 1.6037838169959322 55.85 49.12587659821476
    endloop
  endfacet
  facet normal 1 0 0
    outer loop
      vertex 1.6037838169959322 55.85 49.12587659821476
      vertex 1.6037838169959322 57 46.928246803570495
      vertex 1.6037838169959322 58.15 49.12587659821476
    endloop
  endfacet
  facet normal 1 0 0
    outer loop
      vertex 1.6037838169959322 60.35 41.12587659821476
      vertex 1.6037838169959322 62.65 41.12587659821476
      vertex 1.6037838169959322 62.65 44.994123401785245
    endloop
  endfacet
  facet normal 1 0 0
    outer loop
      vertex 1.6037838169959322 60.35 41.12587659821476
      vertex 1.6037838169959322 62.65 44.994123401785245
      vertex 1.6037838169959322 60.35 44.994123401785245
    endloop
  endfacet
  facet normal 1 0 0
    outer loop
      vertex 1.6037838169959322 57 46.928246803570495
      vertex 1.6037838169959322 60.35 44.994123401785245
      vertex 1.6037838169959322 58.15 49.12587659821476
    endloop
  endfacet
  facet normal 1 0 0
    outer loop
      vertex 1.6037838169959322 58.15 49.12587659821476
      vertex 1.6037838169959322 60.35 44.994123401785245
      vertex 1.6037838169959322 61.5 47.19175319642951
    endloop
  endfacet
  facet normal 1 0 0
    outer loop
      vertex 1.6037838169959322 60.35 44.994123401785245
      vertex 1.6037838169959322 62.65 44.994123401785245
      vertex 1.6037838169959322 61.5 47.19175319642951
    endloop
  endfacet
  facet normal 1 0 0
    outer loop
      vertex 1.6037838169959322 46.85 49.12587659821476
      vertex 1.6037838169959322 49.15 49.12587659821476
      vertex 1.6037838169959322 49.15 52.994123401785245
    endloop
  endfacet
  facet normal 1 0 0
    outer loop
      vertex 1.6037838169959322 46.85 49.12587659821476
      vertex 1.6037838169959322 49.15 52.994123401785245
      vertex 1.6037838169959322 46.85 52.994123401785245
    endloop
  endfacet
  facet normal 1 0 0
    outer loop
      vertex 1.6037838169959322 43.5 54.928246803570495
      vertex 1.6037838169959322 46.85 52.994123401785245
      vertex 1.6037838169959322 52.5 54.928246803570495
    endloop
  endfacet
  facet normal 1 0 0
    outer loop
      vertex 1.6037838169959322 46.85 52.994123401785245
      vertex 1.6037838169959322 49.15 52.994123401785245
      vertex 1.6037838169959322 52.5 54.928246803570495
    endloop
  endfacet
  facet normal 1 0 0
    outer loop
      vertex 1.6037838169959322 3.1278486345195446 59.399699999999996
      vertex 1.6037838169959322 52.5 54.928246803570495
      vertex 1.6037838169959322 80.4 59.399699999999996
    endloop
  endfacet
  facet normal 1 0 0
    outer loop
      vertex 1.6037838169959322 55.85 49.12587659821476
      vertex 1.6037838169959322 58.15 49.12587659821476
      vertex 1.6037838169959322 58.15 52.994123401785245
    endloop
  endfacet
  facet normal 1 0 0
    outer loop
      vertex 1.6037838169959322 55.85 49.12587659821476
      vertex 1.6037838169959322 58.15 52.994123401785245
      vertex 1.6037838169959322 55.85 52.994123401785245
    endloop
  endfacet
  facet normal 1 0 0
    outer loop
      vertex 1.6037838169959322 52.5 54.928246803570495
      vertex 1.6037838169959322 55.85 52.994123401785245
      vertex 1.6037838169959322 61.5 54.928246803570495
    endloop
  endfacet
  facet normal 1 0 0
    outer loop
      vertex 1.6037838169959322 55.85 52.994123401785245
      vertex 1.6037838169959322 58.15 52.994123401785245
      vertex 1.6037838169959322 61.5 54.928246803570495
    endloop
  endfacet
  facet normal 0 0 -1
    outer loop
      vertex 1.6131140983370604 3.1312445792050445 59.399699999999996
      vertex 1.6037838169959322 80.4 59.399699999999996
      vertex 1.6131140983370604 80.4 59.399699999999996
    endloop
  endfacet
  facet normal 0.7311665692226361 0 -0.6821989798080909
    outer loop
      vertex 1.6131140983370604 3.1312445792050445 59.399699999999996
      vertex 1.6131140983370604 80.4 59.399699999999996
      vertex 2.919353486096206 80.39332316482452 60.7997
    endloop
  endfacet
  facet normal 0.7311665692226397 0 -0.682198979808087
    outer loop
      vertex 1.6131140983370604 3.1312445792050445 59.399699999999996
      vertex 2.919353486096206 80.39332316482452 60.7997
      vertex 2.919353486096206 79.60667683517548 60.7997
    endloop
  endfacet
  facet normal 0 0 -1
    outer loop
      vertex 2.919353486096206 3.606676835175481 60.7997
      vertex 2.919353486096206 79.60667683517548 60.7997
      vertex 3.0696304564688113 80.4 60.7997
    endloop
  endfacet
  facet normal 1 0 0
    outer loop
      vertex 3.0696304564688113 3.4275837158497557 60.7997
      vertex 3.0696304564688113 80.4 60.7997
      vertex 3.0696304564688113 80.4 62.01438693601494
    endloop
  endfacet
  facet normal 1 0 0
    outer loop
      vertex 1.6037838169959322 67.15 33.12587659821476
      vertex 1.6037838169959322 67.15 36.994123401785245
      vertex 1.6037838169959322 64.85 33.12587659821476
    endloop
  endfacet
  facet normal 1 0 0
    outer loop
      vertex 1.6037838169959322 64.85 33.12587659821476
      vertex 1.6037838169959322 67.15 36.994123401785245
      vertex 1.6037838169959322 64.85 36.994123401785245
    endloop
  endfacet
  facet normal 1 0 0
    outer loop
      vertex 1.6037838169959322 61.5 38.928246803570495
      vertex 1.6037838169959322 64.85 36.994123401785245
      vertex 1.6037838169959322 70.5 38.928246803570495
    endloop
  endfacet
  facet normal 1 0 0
    outer loop
      vertex 1.6037838169959322 61.5 38.928246803570495
      vertex 1.6037838169959322 70.5 38.928246803570495
      vertex 1.6037838169959322 66 39.19175319642951
    endloop
  endfacet
  facet normal 1 0 0
    outer loop
      vertex 1.6037838169959322 64.85 36.994123401785245
      vertex 1.6037838169959322 67.15 36.994123401785245
      vertex 1.6037838169959322 70.5 38.928246803570495
    endloop
  endfacet
  facet normal 1 0 0
    outer loop
      vertex 1.6037838169959322 66 39.19175319642951
      vertex 1.6037838169959322 71.65 41.12587659821476
      vertex 1.6037838169959322 69.35 41.12587659821476
    endloop
  endfacet
  facet normal 1 0 0
    outer loop
      vertex 1.6037838169959322 66 39.19175319642951
      vertex 1.6037838169959322 70.5 38.928246803570495
      vertex 1.6037838169959322 75 39.19175319642951
    endloop
  endfacet
  facet normal 1 0 0
    outer loop
      vertex 1.6037838169959322 70.5 38.928246803570495
      vertex 1.6037838169959322 73.85 36.994123401785245
      vertex 1.6037838169959322 75 39.19175319642951
    endloop
  endfacet
  facet normal 1 0 0
    outer loop
      vertex 1.6037838169959322 66 39.19175319642951
      vertex 1.6037838169959322 75 39.19175319642951
      vertex 1.6037838169959322 71.65 41.12587659821476
    endloop
  endfacet
  facet normal 1 0 0
    outer loop
      vertex 1.6037838169959322 61.5 47.19175319642951
      vertex 1.6037838169959322 62.65 44.994123401785245
      vertex 1.6037838169959322 66 46.928246803570495
    endloop
  endfacet
  facet normal 1 0 0
    outer loop
      vertex 1.6037838169959322 64.85 49.12587659821476
      vertex 1.6037838169959322 61.5 47.19175319642951
      vertex 1.6037838169959322 66 46.928246803570495
    endloop
  endfacet
  facet normal 1 0 0
    outer loop
      vertex 1.6037838169959322 66 46.928246803570495
      vertex 1.6037838169959322 69.35 44.994123401785245
      vertex 1.6037838169959322 67.15 49.12587659821476
    endloop
  endfacet
  facet normal 1 0 0
    outer loop
      vertex 1.6037838169959322 64.85 49.12587659821476
      vertex 1.6037838169959322 66 46.928246803570495
      vertex 1.6037838169959322 67.15 49.12587659821476
    endloop
  endfacet
  facet normal 1 0 0
    outer loop
      vertex 1.6037838169959322 69.35 41.12587659821476
      vertex 1.6037838169959322 71.65 44.994123401785245
      vertex 1.6037838169959322 69.35 44.994123401785245
    endloop
  endfacet
  facet normal 1 0 0
    outer loop
      vertex 1.6037838169959322 69.35 41.12587659821476
      vertex 1.6037838169959322 71.65 41.12587659821476
      vertex 1.6037838169959322 71.65 44.994123401785245
    endloop
  endfacet
  facet normal 1 0 0
    outer loop
      vertex 1.6037838169959322 69.35 44.994123401785245
      vertex 1.6037838169959322 70.5 47.19175319642951
      vertex 1.6037838169959322 67.15 49.12587659821476
    endloop
  endfacet
  facet normal 1 0 0
    outer loop
      vertex 1.6037838169959322 69.35 44.994123401785245
      vertex 1.6037838169959322 71.65 44.994123401785245
      vertex 1.6037838169959322 70.5 47.19175319642951
    endloop
  endfacet
  facet normal 1 0 0
    outer loop
      vertex 1.6037838169959322 70.5 47.19175319642951
      vertex 1.6037838169959322 71.65 44.994123401785245
      vertex 1.6037838169959322 75 46.928246803570495
    endloop
  endfacet
  facet normal 1 0 0
    outer loop
      vertex 1.6037838169959322 73.85 49.12587659821476
      vertex 1.6037838169959322 70.5 47.19175319642951
      vertex 1.6037838169959322 75 46.928246803570495
    endloop
  endfacet
  facet normal 1 0 0
    outer loop
      vertex 1.6037838169959322 73.85 33.12587659821476
      vertex 1.6037838169959322 75 30.92824680357049
      vertex 1.6037838169959322 78.35 41.12587659821476
    endloop
  endfacet
  facet normal 1 0 0
    outer loop
      vertex 1.6037838169959322 75 30.92824680357049
      vertex 1.6037838169959322 78.35 28.994123401785245
      vertex 1.6037838169959322 78.35 41.12587659821476
    endloop
  endfacet
  facet normal 1 0 0
    outer loop
      vertex 1.6037838169959322 73.85 33.12587659821476
      vertex 1.6037838169959322 78.35 41.12587659821476
      vertex 1.6037838169959322 73.85 36.994123401785245
    endloop
  endfacet
  facet normal 1 0 0
    outer loop
      vertex 1.6037838169959322 73.85 36.994123401785245
      vertex 1.6037838169959322 78.35 41.12587659821476
      vertex 1.6037838169959322 75 39.19175319642951
    endloop
  endfacet
  facet normal 1 0 0
    outer loop
      vertex 1.6037838169959322 78.35 25.125876598214752
      vertex 1.6037838169959322 79.5 16.03
      vertex 1.6037838169959322 80.4 59.399699999999996
    endloop
  endfacet
  facet normal 1 0 0
    outer loop
      vertex 1.6037838169959322 78.35 25.125876598214752
      vertex 1.6037838169959322 80.4 59.399699999999996
      vertex 1.6037838169959322 78.35 28.994123401785245
    endloop
  endfacet
  facet normal 1 0 0
    outer loop
      vertex 1.6037838169959322 78.35 28.994123401785245
      vertex 1.6037838169959322 80.4 59.399699999999996
      vertex 1.6037838169959322 78.35 41.12587659821476
    endloop
  endfacet
  facet normal 1 0 0
    outer loop
      vertex 1.6037838169959322 80.4 59.399699999999996
      vertex 1.6037838169959322 78.35 44.994123401785245
      vertex 1.6037838169959322 78.35 41.12587659821476
    endloop
  endfacet
  facet normal 1 0 0
    outer loop
      vertex 1.6037838169959322 64.85 49.12587659821476
      vertex 1.6037838169959322 67.15 49.12587659821476
      vertex 1.6037838169959322 67.15 52.994123401785245
    endloop
  endfacet
  facet normal 1 0 0
    outer loop
      vertex 1.6037838169959322 64.85 49.12587659821476
      vertex 1.6037838169959322 67.15 52.994123401785245
      vertex 1.6037838169959322 64.85 52.994123401785245
    endloop
  endfacet
  facet normal 1 0 0
    outer loop
      vertex 1.6037838169959322 80.4 59.399699999999996
      vertex 1.6037838169959322 52.5 54.928246803570495
      vertex 1.6037838169959322 61.5 54.928246803570495
    endloop
  endfacet
  facet normal 1 0 0
    outer loop
      vertex 1.6037838169959322 61.5 54.928246803570495
      vertex 1.6037838169959322 64.85 52.994123401785245
      vertex 1.6037838169959322 70.5 54.928246803570495
    endloop
  endfacet
  facet normal 1 0 0
    outer loop
      vertex 1.6037838169959322 64.85 52.994123401785245
      vertex 1.6037838169959322 67.15 52.994123401785245
      vertex 1.6037838169959322 70.5 54.928246803570495
    endloop
  endfacet
  facet normal 1 0 0
    outer loop
      vertex 1.6037838169959322 80.4 59.399699999999996
      vertex 1.6037838169959322 61.5 54.928246803570495
      vertex 1.6037838169959322 70.5 54.928246803570495
    endloop
  endfacet
  facet normal 1 0 0
    outer loop
      vertex 1.6037838169959322 80.4 59.399699999999996
      vertex 1.6037838169959322 75 46.928246803570495
      vertex 1.6037838169959322 78.35 44.994123401785245
    endloop
  endfacet
  facet normal 1 0 0
    outer loop
      vertex 1.6037838169959322 80.4 59.399699999999996
      vertex 1.6037838169959322 73.85 49.12587659821476
      vertex 1.6037838169959322 75 46.928246803570495
    endloop
  endfacet
  facet normal 1 0 0
    outer loop
      vertex 1.6037838169959322 80.4 59.399699999999996
      vertex 1.6037838169959322 70.5 54.928246803570495
      vertex 1.6037838169959322 73.85 52.994123401785245
    endloop
  endfacet
  facet normal 1 0 0
    outer loop
      vertex 1.6037838169959322 80.4 59.399699999999996
      vertex 1.6037838169959322 73.85 52.994123401785245
      vertex 1.6037838169959322 73.85 49.12587659821476
    endloop
  endfacet
  facet normal 0.7311665692226363 7.706873990928923e-14 -0.6821989798080907
    outer loop
      vertex 2.919353486096206 80.39332316482452 60.7997
      vertex 1.6131140983370604 80.4 59.399699999999996
      vertex 2.9010090322181457 80.4 60.78003879879144
    endloop
  endfacet
  facet normal 0 0 -1
    outer loop
      vertex 2.919353486096206 79.60667683517548 60.7997
      vertex 2.919353486096206 80.39332316482452 60.7997
      vertex 3.0696304564688113 80.4 60.7997
    endloop
  endfacet
  facet normal 0.5601060873473638 -0.46998481131330955 -0.6821989798081056
    outer loop
      vertex 2.919353486096206 80.39332316482452 60.7997
      vertex 2.9010090322181457 80.4 60.78003879879144
      vertex 2.9249560160293853 80.4 60.7997
    endloop
  endfacet
  facet normal 0 0 -1
    outer loop
      vertex 2.919353486096206 80.39332316482452 60.7997
      vertex 2.9249560160293853 80.4 60.7997
      vertex 3.0696304564688113 80.4 60.7997
    endloop
  endfacet
  facet normal 0 0 1
    outer loop
      vertex 71.5 1.4887402298188697 5.66
      vertex 71.7 1.4887402298188697 5.66
      vertex 47.8486214606436 1.7651462087876886 5.66
    endloop
  endfacet
  facet normal 0 0 1
    outer loop
      vertex 71.7 1.4887402298188697 5.66
      vertex 74.56387402298188 1.4887402298188697 5.66
      vertex 47.8486214606436 1.7651462087876886 5.66
    endloop
  endfacet
  facet normal 0 0 1
    outer loop
      vertex 74.56387402298188 1.4887402298188697 5.66
      vertex 79.11503493323305 1.5 5.66
      vertex 47.8486214606436 1.7651462087876886 5.66
    endloop
  endfacet
  facet normal 0 1 0
    outer loop
      vertex 71.5 1.4887402298188697 5.66
      vertex 71.5 1.4887402298188697 9.05
      vertex 71.7 1.4887402298188697 5.66
    endloop
  endfacet
  facet normal 0 1 0
    outer loop
      vertex 71.5 1.4887402298188697 9.05
      vertex 71.7 1.4887402298188697 9.05
      vertex 71.7 1.4887402298188697 5.66
    endloop
  endfacet
  facet normal 0 1 0
    outer loop
      vertex 62.85 1.4887402298188697 17.125876598214752
      vertex 65.7 1.4887402298188697 16.03
      vertex 62.7 1.4887402298188697 16.03
    endloop
  endfacet
  facet normal 0 1 0
    outer loop
      vertex 67.04811394693371 1.4887402298188697 16.029999999999998
      vertex 65.7 1.4887402298188697 16.03
      vertex 65.15 1.4887402298188697 17.125876598214752
    endloop
  endfacet
  facet normal 0 0 -1
    outer loop
      vertex 71.5 1.4887402298188697 9.05
      vertex 71.5 1.5 9.05
      vertex 71.7 1.5 9.05
    endloop
  endfacet
  facet normal 0 0 -1
    outer loop
      vertex 71.5 1.4887402298188697 9.05
      vertex 71.7 1.5 9.05
      vertex 71.7 1.4887402298188697 9.05
    endloop
  endfacet
  facet normal 0 0 1
    outer loop
      vertex 71.5 1.4887402298188697 10.65
      vertex 71.7 1.4887402298188697 10.65
      vertex 71.5 1.5 10.65
    endloop
  endfacet
  facet normal 0 0 1
    outer loop
      vertex 71.7 1.4887402298188697 10.65
      vertex 71.7 1.5 10.65
      vertex 71.5 1.5 10.65
    endloop
  endfacet
  facet normal 0 1 0
    outer loop
      vertex 71.5 1.4887402298188697 10.65
      vertex 71.5 1.4887402298188697 16.029999999999998
      vertex 71.7 1.4887402298188697 10.65
    endloop
  endfacet
  facet normal 0 1 0
    outer loop
      vertex 71.7 1.4887402298188697 10.65
      vertex 71.5 1.4887402298188697 16.029999999999998
      vertex 71.7 1.4887402298188697 16.03
    endloop
  endfacet
  facet normal 0 1 0
    outer loop
      vertex 69.9518860530663 1.4887402298188697 16.03
      vertex 71.85 1.4887402298188697 17.125876598214752
      vertex 71.5 1.4887402298188697 16.029999999999998
    endloop
  endfacet
  facet normal 0 1 0
    outer loop
      vertex 71.7 1.4887402298188697 16.03
      vertex 71.5 1.4887402298188697 16.029999999999998
      vertex 71.85 1.4887402298188697 17.125876598214752
    endloop
  endfacet
  facet normal 0 1 0
    outer loop
      vertex 74.7 1.4887402298188697 16.03
      vertex 71.7 1.4887402298188697 16.03
      vertex 71.85 1.4887402298188697 17.125876598214752
    endloop
  endfacet
  facet normal 0 1 0
    outer loop
      vertex 76.04811394693371 1.4887402298188697 16.029999999999998
      vertex 74.7 1.4887402298188697 16.03
      vertex 74.15 1.4887402298188697 17.125876598214752
    endloop
  endfacet
  facet normal 0 0 1
    outer loop
      vertex 89.39606365986648 1.4887402298188697 5.66
      vertex 89.5 1.4887402298188697 5.66
      vertex 88.37894552312935 1.5 5.66
    endloop
  endfacet
  facet normal 0 0 1
    outer loop
      vertex 89.5 1.4887402298188697 5.66
      vertex 89.7 1.4887402298188697 5.66
      vertex 88.37894552312935 1.5 5.66
    endloop
  endfacet
  facet normal 0 0 1
    outer loop
      vertex 89.7 1.4887402298188697 5.66
      vertex 90.17905517236416 1.4887402298188697 5.66
      vertex 88.37894552312935 1.5 5.66
    endloop
  endfacet
  facet normal 0 0 1
    outer loop
      vertex 90.17905517236416 1.4887402298188697 5.66
      vertex 90.1875 1.5 5.66
      vertex 88.37894552312935 1.5 5.66
    endloop
  endfacet
  facet normal 0 1 0
    outer loop
      vertex 89.5 1.4887402298188697 5.66
      vertex 89.5 1.4887402298188697 9.05
      vertex 89.7 1.4887402298188697 5.66
    endloop
  endfacet
  facet normal 0 1 0
    outer loop
      vertex 89.5 1.4887402298188697 9.05
      vertex 89.7 1.4887402298188697 9.05
      vertex 89.7 1.4887402298188697 5.66
    endloop
  endfacet
  facet normal 0 0 1
    outer loop
      vertex 80.7 1.4887402298188697 10.65
      vertex 80.7 1.5 10.65
      vertex 80.5 1.5 10.65
    endloop
  endfacet
  facet normal 0 0 1
    outer loop
      vertex 80.5 1.4887402298188697 10.65
      vertex 80.7 1.4887402298188697 10.65
      vertex 80.5 1.5 10.65
    endloop
  endfacet
  facet normal 0 1 0
    outer loop
      vertex 80.5 1.4887402298188697 10.65
      vertex 80.5 1.4887402298188697 16.029999999999998
      vertex 80.7 1.4887402298188697 10.65
    endloop
  endfacet
  facet normal 0 1 0
    outer loop
      vertex 80.7 1.4887402298188697 10.65
      vertex 80.5 1.4887402298188697 16.029999999999998
      vertex 80.7 1.4887402298188697 16.03
    endloop
  endfacet
  facet normal 0 1 0
    outer loop
      vertex 78.9518860530663 1.4887402298188697 16.03
      vertex 80.85 1.4887402298188697 17.125876598214752
      vertex 80.5 1.4887402298188697 16.029999999999998
    endloop
  endfacet
  facet normal 0 1 0
    outer loop
      vertex 80.7 1.4887402298188697 16.03
      vertex 80.5 1.4887402298188697 16.029999999999998
      vertex 80.85 1.4887402298188697 17.125876598214752
    endloop
  endfacet
  facet normal 0 1 0
    outer loop
      vertex 83.7 1.4887402298188697 16.03
      vertex 80.7 1.4887402298188697 16.03
      vertex 80.85 1.4887402298188697 17.125876598214752
    endloop
  endfacet
  facet normal 0 1 0
    outer loop
      vertex 85.04811394693371 1.4887402298188697 16.029999999999998
      vertex 83.7 1.4887402298188697 16.03
      vertex 83.15 1.4887402298188697 17.125876598214752
    endloop
  endfacet
  facet normal 0 0 -1
    outer loop
      vertex 89.5 1.4887402298188697 9.05
      vertex 89.5 1.5 9.05
      vertex 89.7 1.5 9.05
    endloop
  endfacet
  facet normal 0 0 -1
    outer loop
      vertex 89.5 1.4887402298188697 9.05
      vertex 89.7 1.5 9.05
      vertex 89.7 1.4887402298188697 9.05
    endloop
  endfacet
  facet normal 0 0 1
    outer loop
      vertex 89.5 1.4887402298188697 10.65
      vertex 89.7 1.4887402298188697 10.65
      vertex 89.5 1.5 10.65
    endloop
  endfacet
  facet normal 0 0 1
    outer loop
      vertex 89.7 1.4887402298188697 10.65
      vertex 89.7 1.5 10.65
      vertex 89.5 1.5 10.65
    endloop
  endfacet
  facet normal 0 1 0
    outer loop
      vertex 89.5 1.4887402298188697 10.65
      vertex 89.5 1.4887402298188697 16.029999999999998
      vertex 89.7 1.4887402298188697 10.65
    endloop
  endfacet
  facet normal 0 1 0
    outer loop
      vertex 89.7 1.4887402298188697 10.65
      vertex 89.5 1.4887402298188697 16.029999999999998
      vertex 89.7 1.4887402298188697 16.03
    endloop
  endfacet
  facet normal 0 1 0
    outer loop
      vertex 87.9518860530663 1.4887402298188697 16.03
      vertex 89.85 1.4887402298188697 17.125876598214752
      vertex 89.5 1.4887402298188697 16.029999999999998
    endloop
  endfacet
  facet normal 0 1 0
    outer loop
      vertex 89.7 1.4887402298188697 16.03
      vertex 89.5 1.4887402298188697 16.029999999999998
      vertex 89.85 1.4887402298188697 17.125876598214752
    endloop
  endfacet
  facet normal 0 1 0
    outer loop
      vertex 92.7 1.4887402298188697 16.03
      vertex 89.7 1.4887402298188697 16.03
      vertex 89.85 1.4887402298188697 17.125876598214752
    endloop
  endfacet
  facet normal 0 1 0
    outer loop
      vertex 94.04811394693371 1.4887402298188697 16.029999999999998
      vertex 92.7 1.4887402298188697 16.03
      vertex 92.15 1.4887402298188697 17.125876598214752
    endloop
  endfacet
  facet normal 0 1 0
    outer loop
      vertex 62.85 1.4887402298188697 17.125876598214752
      vertex 65.15 1.4887402298188697 17.125876598214752
      vertex 65.7 1.4887402298188697 16.03
    endloop
  endfacet
  facet normal 0 1 0
    outer loop
      vertex 62.85 1.4887402298188697 17.125876598214752
      vertex 62.85 1.4887402298188697 20.994123401785245
      vertex 65.15 1.4887402298188697 17.125876598214752
    endloop
  endfacet
  facet normal 0 1 0
    outer loop
      vertex 62.85 1.4887402298188697 20.994123401785245
      vertex 65.15 1.4887402298188697 20.994123401785245
      vertex 65.15 1.4887402298188697 17.125876598214752
    endloop
  endfacet
  facet normal 0 1 0
    outer loop
      vertex 65.15 1.4887402298188697 20.994123401785245
      vertex 64 1.4887402298188697 23.191753196429506
      vertex 67.35 1.4887402298188697 25.125876598214752
    endloop
  endfacet
  facet normal 0 1 0
    outer loop
      vertex 65.15 1.4887402298188697 20.994123401785245
      vertex 67.35 1.4887402298188697 25.125876598214752
      vertex 68.5 1.4887402298188697 22.92824680357049
    endloop
  endfacet
  facet normal 0 1 0
    outer loop
      vertex 67.35 1.4887402298188697 25.125876598214752
      vertex 73 1.4887402298188697 23.191753196429506
      vertex 68.5 1.4887402298188697 22.92824680357049
    endloop
  endfacet
  facet normal 0 1 0
    outer loop
      vertex 67.35 1.4887402298188697 25.125876598214752
      vertex 69.65 1.4887402298188697 25.125876598214752
      vertex 73 1.4887402298188697 23.191753196429506
    endloop
  endfacet
  facet normal 0 1 0
    outer loop
      vertex 74.15 1.4887402298188697 17.125876598214752
      vertex 71.85 1.4887402298188697 17.125876598214752
      vertex 71.85 1.4887402298188697 20.994123401785245
    endloop
  endfacet
  facet normal 0 1 0
    outer loop
      vertex 74.7 1.4887402298188697 16.03
      vertex 71.85 1.4887402298188697 17.125876598214752
      vertex 74.15 1.4887402298188697 17.125876598214752
    endloop
  endfacet
  facet normal 0 1 0
    outer loop
      vertex 71.85 1.4887402298188697 20.994123401785245
      vertex 74.15 1.4887402298188697 20.994123401785245
      vertex 74.15 1.4887402298188697 17.125876598214752
    endloop
  endfacet
  facet normal 0 1 0
    outer loop
      vertex 68.5 1.4887402298188697 22.92824680357049
      vertex 74.15 1.4887402298188697 20.994123401785245
      vertex 71.85 1.4887402298188697 20.994123401785245
    endloop
  endfacet
  facet normal 0 1 0
    outer loop
      vertex 68.5 1.4887402298188697 22.92824680357049
      vertex 73 1.4887402298188697 23.191753196429506
      vertex 74.15 1.4887402298188697 20.994123401785245
    endloop
  endfacet
  facet normal 0 1 0
    outer loop
      vertex 74.15 1.4887402298188697 20.994123401785245
      vertex 73 1.4887402298188697 23.191753196429506
      vertex 76.35 1.4887402298188697 25.125876598214752
    endloop
  endfacet
  facet normal 0 1 0
    outer loop
      vertex 74.15 1.4887402298188697 20.994123401785245
      vertex 76.35 1.4887402298188697 25.125876598214752
      vertex 78.65 1.4887402298188697 25.125876598214752
    endloop
  endfacet
  facet normal 0 1 0
    outer loop
      vertex 74.15 1.4887402298188697 20.994123401785245
      vertex 78.65 1.4887402298188697 25.125876598214752
      vertex 77.5 1.4887402298188697 22.92824680357049
    endloop
  endfacet
  facet normal 0 1 0
    outer loop
      vertex 69.65 1.4887402298188697 25.125876598214752
      vertex 67.35 1.4887402298188697 25.125876598214752
      vertex 67.35 1.4887402298188697 28.994123401785245
    endloop
  endfacet
  facet normal 0 1 0
    outer loop
      vertex 69.65 1.4887402298188697 28.994123401785245
      vertex 69.65 1.4887402298188697 25.125876598214752
      vertex 67.35 1.4887402298188697 28.994123401785245
    endloop
  endfacet
  facet normal 0 1 0
    outer loop
      vertex 64 1.4887402298188697 30.92824680357049
      vertex 68.5 1.4887402298188697 31.19175319642951
      vertex 67.35 1.4887402298188697 28.994123401785245
    endloop
  endfacet
  facet normal 0 1 0
    outer loop
      vertex 64 1.4887402298188697 30.92824680357049
      vertex 65.15 1.4887402298188697 33.12587659821476
      vertex 68.5 1.4887402298188697 31.19175319642951
    endloop
  endfacet
  facet normal 0 1 0
    outer loop
      vertex 69.65 1.4887402298188697 28.994123401785245
      vertex 67.35 1.4887402298188697 28.994123401785245
      vertex 68.5 1.4887402298188697 31.19175319642951
    endloop
  endfacet
  facet normal 0 1 0
    outer loop
      vertex 71.85 1.4887402298188697 33.12587659821476
      vertex 69.65 1.4887402298188697 28.994123401785245
      vertex 68.5 1.4887402298188697 31.19175319642951
    endloop
  endfacet
  facet normal 0 1 0
    outer loop
      vertex 76.35 1.4887402298188697 25.125876598214752
      vertex 76.35 1.4887402298188697 28.994123401785245
      vertex 78.65 1.4887402298188697 25.125876598214752
    endloop
  endfacet
  facet normal 0 1 0
    outer loop
      vertex 78.65 1.4887402298188697 28.994123401785245
      vertex 78.65 1.4887402298188697 25.125876598214752
      vertex 76.35 1.4887402298188697 28.994123401785245
    endloop
  endfacet
  facet normal 0 1 0
    outer loop
      vertex 71.85 1.4887402298188697 33.12587659821476
      vertex 73 1.4887402298188697 30.92824680357049
      vertex 69.65 1.4887402298188697 28.994123401785245
    endloop
  endfacet
  facet normal 0 1 0
    outer loop
      vertex 71.85 1.4887402298188697 33.12587659821476
      vertex 78.65 1.4887402298188697 28.994123401785245
      vertex 73 1.4887402298188697 30.92824680357049
    endloop
  endfacet
  facet normal 0 1 0
    outer loop
      vertex 71.85 1.4887402298188697 33.12587659821476
      vertex 74.15 1.4887402298188697 33.12587659821476
      vertex 77.5 1.4887402298188697 31.19175319642951
    endloop
  endfacet
  facet normal 0 1 0
    outer loop
      vertex 78.65 1.4887402298188697 28.994123401785245
      vertex 76.35 1.4887402298188697 28.994123401785245
      vertex 73 1.4887402298188697 30.92824680357049
    endloop
  endfacet
  facet normal 0 1 0
    outer loop
      vertex 71.85 1.4887402298188697 33.12587659821476
      vertex 77.5 1.4887402298188697 31.19175319642951
      vertex 78.65 1.4887402298188697 28.994123401785245
    endloop
  endfacet
  facet normal 0 1 0
    outer loop
      vertex 83.7 1.4887402298188697 16.03
      vertex 80.85 1.4887402298188697 17.125876598214752
      vertex 83.15 1.4887402298188697 17.125876598214752
    endloop
  endfacet
  facet normal 0 1 0
    outer loop
      vertex 83.15 1.4887402298188697 17.125876598214752
      vertex 80.85 1.4887402298188697 17.125876598214752
      vertex 80.85 1.4887402298188697 20.994123401785245
    endloop
  endfacet
  facet normal 0 1 0
    outer loop
      vertex 80.85 1.4887402298188697 20.994123401785245
      vertex 83.15 1.4887402298188697 20.994123401785245
      vertex 83.15 1.4887402298188697 17.125876598214752
    endloop
  endfacet
  facet normal 0 1 0
    outer loop
      vertex 77.5 1.4887402298188697 22.92824680357049
      vertex 82 1.4887402298188697 23.191753196429506
      vertex 80.85 1.4887402298188697 20.994123401785245
    endloop
  endfacet
  facet normal 0 1 0
    outer loop
      vertex 80.85 1.4887402298188697 20.994123401785245
      vertex 82 1.4887402298188697 23.191753196429506
      vertex 83.15 1.4887402298188697 20.994123401785245
    endloop
  endfacet
  facet normal 0 1 0
    outer loop
      vertex 77.5 1.4887402298188697 22.92824680357049
      vertex 78.65 1.4887402298188697 25.125876598214752
      vertex 82 1.4887402298188697 23.191753196429506
    endloop
  endfacet
  facet normal 0 1 0
    outer loop
      vertex 83.15 1.4887402298188697 20.994123401785245
      vertex 82 1.4887402298188697 23.191753196429506
      vertex 85.35 1.4887402298188697 25.125876598214752
    endloop
  endfacet
  facet normal 0 1 0
    outer loop
      vertex 83.15 1.4887402298188697 20.994123401785245
      vertex 85.35 1.4887402298188697 25.125876598214752
      vertex 86.5 1.4887402298188697 22.92824680357049
    endloop
  endfacet
  facet normal 0 1 0
    outer loop
      vertex 92.7 1.4887402298188697 16.03
      vertex 89.85 1.4887402298188697 17.125876598214752
      vertex 92.15 1.4887402298188697 17.125876598214752
    endloop
  endfacet
  facet normal 0 1 0
    outer loop
      vertex 92.15 1.4887402298188697 17.125876598214752
      vertex 89.85 1.4887402298188697 17.125876598214752
      vertex 89.85 1.4887402298188697 20.994123401785245
    endloop
  endfacet
  facet normal 0 1 0
    outer loop
      vertex 89.85 1.4887402298188697 20.994123401785245
      vertex 92.15 1.4887402298188697 20.994123401785245
      vertex 92.15 1.4887402298188697 17.125876598214752
    endloop
  endfacet
  facet normal 0 1 0
    outer loop
      vertex 86.5 1.4887402298188697 22.92824680357049
      vertex 91 1.4887402298188697 23.191753196429506
      vertex 89.85 1.4887402298188697 20.994123401785245
    endloop
  endfacet
  facet normal 0 1 0
    outer loop
      vertex 91 1.4887402298188697 23.191753196429506
      vertex 86.5 1.4887402298188697 22.92824680357049
      vertex 85.35 1.4887402298188697 25.125876598214752
    endloop
  endfacet
  facet normal 0 1 0
    outer loop
      vertex 91 1.4887402298188697 23.191753196429506
      vertex 85.35 1.4887402298188697 25.125876598214752
      vertex 87.65 1.4887402298188697 25.125876598214752
    endloop
  endfacet
  facet normal 0 1 0
    outer loop
      vertex 89.85 1.4887402298188697 20.994123401785245
      vertex 91 1.4887402298188697 23.191753196429506
      vertex 92.15 1.4887402298188697 20.994123401785245
    endloop
  endfacet
  facet normal 0 1 0
    outer loop
      vertex 94.35 1.4887402298188697 25.125876598214752
      vertex 92.15 1.4887402298188697 20.994123401785245
      vertex 91 1.4887402298188697 23.191753196429506
    endloop
  endfacet
  facet normal 0 1 0
    outer loop
      vertex 92.15 1.4887402298188697 20.994123401785245
      vertex 94.35 1.4887402298188697 25.125876598214752
      vertex 95.5 1.4887402298188697 22.92824680357049
    endloop
  endfacet
  facet normal 0 1 0
    outer loop
      vertex 85.35 1.4887402298188697 25.125876598214752
      vertex 85.35 1.4887402298188697 28.994123401785245
      vertex 87.65 1.4887402298188697 25.125876598214752
    endloop
  endfacet
  facet normal 0 1 0
    outer loop
      vertex 80.85 1.4887402298188697 33.12587659821476
      vertex 78.65 1.4887402298188697 28.994123401785245
      vertex 77.5 1.4887402298188697 31.19175319642951
    endloop
  endfacet
  facet normal 0 1 0
    outer loop
      vertex 78.65 1.4887402298188697 28.994123401785245
      vertex 83.15 1.4887402298188697 33.12587659821476
      vertex 82 1.4887402298188697 30.92824680357049
    endloop
  endfacet
  facet normal 0 1 0
    outer loop
      vertex 80.85 1.4887402298188697 33.12587659821476
      vertex 83.15 1.4887402298188697 33.12587659821476
      vertex 78.65 1.4887402298188697 28.994123401785245
    endloop
  endfacet
  facet normal 0 1 0
    outer loop
      vertex 82 1.4887402298188697 30.92824680357049
      vertex 87.65 1.4887402298188697 28.994123401785245
      vertex 85.35 1.4887402298188697 28.994123401785245
    endloop
  endfacet
  facet normal 0 1 0
    outer loop
      vertex 82 1.4887402298188697 30.92824680357049
      vertex 86.5 1.4887402298188697 31.19175319642951
      vertex 87.65 1.4887402298188697 28.994123401785245
    endloop
  endfacet
  facet normal 0 1 0
    outer loop
      vertex 82 1.4887402298188697 30.92824680357049
      vertex 83.15 1.4887402298188697 33.12587659821476
      vertex 86.5 1.4887402298188697 31.19175319642951
    endloop
  endfacet
  facet normal 0 1 0
    outer loop
      vertex 87.65 1.4887402298188697 28.994123401785245
      vertex 87.65 1.4887402298188697 25.125876598214752
      vertex 85.35 1.4887402298188697 28.994123401785245
    endloop
  endfacet
  facet normal 0 1 0
    outer loop
      vertex 89.85 1.4887402298188697 33.12587659821476
      vertex 87.65 1.4887402298188697 28.994123401785245
      vertex 86.5 1.4887402298188697 31.19175319642951
    endloop
  endfacet
  facet normal 0 1 0
    outer loop
      vertex 89.85 1.4887402298188697 33.12587659821476
      vertex 91 1.4887402298188697 30.92824680357049
      vertex 87.65 1.4887402298188697 28.994123401785245
    endloop
  endfacet
  facet normal 0 1 0
    outer loop
      vertex 91 1.4887402298188697 30.92824680357049
      vertex 96.65 1.4887402298188697 28.994123401785245
      vertex 94.35 1.4887402298188697 28.994123401785245
    endloop
  endfacet
  facet normal 0 1 0
    outer loop
      vertex 89.85 1.4887402298188697 33.12587659821476
      vertex 95.5 1.4887402298188697 31.19175319642951
      vertex 91 1.4887402298188697 30.92824680357049
    endloop
  endfacet
  facet normal 0 1 0
    outer loop
      vertex 89.85 1.4887402298188697 33.12587659821476
      vertex 92.15 1.4887402298188697 33.12587659821476
      vertex 95.5 1.4887402298188697 31.19175319642951
    endloop
  endfacet
  facet normal 0 1.5776137619373039e-13 1
    outer loop
      vertex 98.5 1.4887402298188697 5.660000000000002
      vertex 98.7 1.4887402298188697 5.660000000000002
      vertex 98.5 1.5 5.66
    endloop
  endfacet
  facet normal -8.881784197001126e-15 0 1
    outer loop
      vertex 98.7 1.4887402298188697 5.660000000000002
      vertex 98.7 1.5 5.660000000000002
      vertex 98.5 1.5 5.66
    endloop
  endfacet
  facet normal 0 1 0
    outer loop
      vertex 98.5 1.4887402298188697 5.660000000000002
      vertex 98.5 1.4887402298188697 9.05
      vertex 98.7 1.4887402298188697 5.660000000000002
    endloop
  endfacet
  facet normal 0 1 0
    outer loop
      vertex 98.5 1.4887402298188697 9.05
      vertex 98.7 1.4887402298188697 9.05
      vertex 98.7 1.4887402298188697 5.660000000000002
    endloop
  endfacet
  facet normal -1.712745236971676e-16 2.3664206429059563e-13 1
    outer loop
      vertex 122.44280285305067 1.4887402298188697 5.660000000000006
      vertex 101.7 1.5 5.66
      vertex 101.7 1.4887402298188697 5.660000000000003
    endloop
  endfacet
  facet normal 0 1 0
    outer loop
      vertex 122.44280285305067 1.4887402298188697 5.660000000000006
      vertex 101.7 1.4887402298188697 5.660000000000003
      vertex 101.7 1.4887402298188697 9.05
    endloop
  endfacet
  facet normal 0 0 -1
    outer loop
      vertex 98.5 1.4887402298188697 9.05
      vertex 98.5 1.5 9.05
      vertex 98.7 1.5 9.05
    endloop
  endfacet
  facet normal 0 0 -1
    outer loop
      vertex 98.5 1.4887402298188697 9.05
      vertex 98.7 1.5 9.05
      vertex 98.7 1.4887402298188697 9.05
    endloop
  endfacet
  facet normal 0 0 1
    outer loop
      vertex 98.7 1.4887402298188697 10.65
      vertex 98.7 1.5 10.65
      vertex 98.5 1.5 10.65
    endloop
  endfacet
  facet normal 0 0 1
    outer loop
      vertex 98.5 1.4887402298188697 10.65
      vertex 98.7 1.4887402298188697 10.65
      vertex 98.5 1.5 10.65
    endloop
  endfacet
  facet normal 0 1 0
    outer loop
      vertex 96.9518860530663 1.4887402298188697 16.03
      vertex 98.85 1.4887402298188697 17.125876598214752
      vertex 98.5 1.4887402298188697 16.029999999999998
    endloop
  endfacet
  facet normal 0 1 0
    outer loop
      vertex 98.5 1.4887402298188697 10.65
      vertex 98.5 1.4887402298188697 16.029999999999998
      vertex 98.7 1.4887402298188697 10.65
    endloop
  endfacet
  facet normal 0 1 0
    outer loop
      vertex 98.7 1.4887402298188697 10.65
      vertex 98.5 1.4887402298188697 16.029999999999998
      vertex 98.7 1.4887402298188697 16.03
    endloop
  endfacet
  facet normal 0 1 0
    outer loop
      vertex 98.7 1.4887402298188697 16.03
      vertex 98.5 1.4887402298188697 16.029999999999998
      vertex 98.85 1.4887402298188697 17.125876598214752
    endloop
  endfacet
  facet normal 0 1 0
    outer loop
      vertex 98.85 1.4887402298188697 17.125876598214752
      vertex 101.7 1.4887402298188697 16.03
      vertex 98.7 1.4887402298188697 16.03
    endloop
  endfacet
  facet normal 0 0 -1
    outer loop
      vertex 122.46230534708593 1.5 9.05
      vertex 101.7 1.4887402298188697 9.05
      vertex 101.7 1.5 9.05
    endloop
  endfacet
  facet normal 0 0 1
    outer loop
      vertex 122.44280285305068 1.4887402298188697 10.65
      vertex 101.7 1.5 10.65
      vertex 101.7 1.4887402298188697 10.65
    endloop
  endfacet
  facet normal 0 1 0
    outer loop
      vertex 122.44280285305068 1.4887402298188697 10.65
      vertex 101.7 1.4887402298188697 10.65
      vertex 101.7 1.4887402298188697 16.03
    endloop
  endfacet
  facet normal 0 1 0
    outer loop
      vertex 122.44280285305068 1.4887402298188697 10.65
      vertex 101.7 1.4887402298188697 16.03
      vertex 98.85 1.4887402298188697 20.994123401785245
    endloop
  endfacet
  facet normal -2.994488730401748e-16 5.186606623747854e-16 1
    outer loop
      vertex 122.44280285305067 1.4887402298188697 5.660000000000006
      vertex 122.46230534708593 1.5 5.660000000000006
      vertex 101.7 1.5 5.66
    endloop
  endfacet
  facet normal 0 1 0
    outer loop
      vertex 122.44280285305067 1.4887402298188697 5.660000000000006
      vertex 101.7 1.4887402298188697 9.05
      vertex 122.44280285305067 1.4887402298188697 9.05
    endloop
  endfacet
  facet normal -0.5000000000000286 0.866025403784422 0
    outer loop
      vertex 122.44280285305067 1.4887402298188697 5.660000000000006
      vertex 122.44280285305067 1.4887402298188697 9.05
      vertex 122.46230534708593 1.5 5.660000000000006
    endloop
  endfacet
  facet normal -0.5000000000000286 0.866025403784422 0
    outer loop
      vertex 122.44280285305067 1.4887402298188697 9.05
      vertex 122.46230534708593 1.5 9.05
      vertex 122.46230534708593 1.5 5.660000000000006
    endloop
  endfacet
  facet normal 0 0 -1
    outer loop
      vertex 122.44280285305067 1.4887402298188697 9.05
      vertex 101.7 1.4887402298188697 9.05
      vertex 122.46230534708593 1.5 9.05
    endloop
  endfacet
  facet normal 0 0 1
    outer loop
      vertex 122.44280285305068 1.4887402298188697 10.65
      vertex 122.46230534708594 1.5 10.65
      vertex 101.7 1.5 10.65
    endloop
  endfacet
  facet normal -0.5000000000000286 0.866025403784422 0
    outer loop
      vertex 122.44280285305068 1.4887402298188697 10.65
      vertex 122.46230534708594 1.5 16.03
      vertex 122.46230534708594 1.5 10.65
    endloop
  endfacet
  facet normal -1 0 0
    outer loop
      vertex 124.55 4 16.03
      vertex 124.55 22.15 17.125876598214752
      vertex 124.55 24.048113946933693 16.03
    endloop
  endfacet
  facet normal 0 1 0
    outer loop
      vertex 98.85 1.4887402298188697 17.125876598214752
      vertex 98.85 1.4887402298188697 20.994123401785245
      vertex 101.7 1.4887402298188697 16.03
    endloop
  endfacet
  facet normal 0 1 0
    outer loop
      vertex 95.5 1.4887402298188697 22.92824680357049
      vertex 100 1.4887402298188697 23.191753196429506
      vertex 98.85 1.4887402298188697 20.994123401785245
    endloop
  endfacet
  facet normal 0 1 0
    outer loop
      vertex 95.5 1.4887402298188697 22.92824680357049
      vertex 94.35 1.4887402298188697 25.125876598214752
      vertex 96.65 1.4887402298188697 25.125876598214752
    endloop
  endfacet
  facet normal 0 1 0
    outer loop
      vertex 95.5 1.4887402298188697 22.92824680357049
      vertex 96.65 1.4887402298188697 25.125876598214752
      vertex 100 1.4887402298188697 23.191753196429506
    endloop
  endfacet
  facet normal 0 1 0
    outer loop
      vertex 122.44280285305068 1.4887402298188697 10.65
      vertex 98.85 1.4887402298188697 20.994123401785245
      vertex 100 1.4887402298188697 23.191753196429506
    endloop
  endfacet
  facet normal 0 1 0
    outer loop
      vertex 122.44280285305068 1.4887402298188697 10.65
      vertex 100 1.4887402298188697 23.191753196429506
      vertex 103.35 1.4887402298188697 25.125876598214752
    endloop
  endfacet
  facet normal 0 1 0
    outer loop
      vertex 122.44280285305068 1.4887402298188697 10.65
      vertex 103.35 1.4887402298188697 25.125876598214752
      vertex 103.35 1.4887402298188697 28.994123401785245
    endloop
  endfacet
  facet normal 0 1 0
    outer loop
      vertex 96.65 1.4887402298188697 25.125876598214752
      vertex 94.35 1.4887402298188697 25.125876598214752
      vertex 94.35 1.4887402298188697 28.994123401785245
    endloop
  endfacet
  facet normal 0 1 0
    outer loop
      vertex 96.65 1.4887402298188697 28.994123401785245
      vertex 96.65 1.4887402298188697 25.125876598214752
      vertex 94.35 1.4887402298188697 28.994123401785245
    endloop
  endfacet
  facet normal 0 1 0
    outer loop
      vertex 91 1.4887402298188697 30.92824680357049
      vertex 95.5 1.4887402298188697 31.19175319642951
      vertex 96.65 1.4887402298188697 28.994123401785245
    endloop
  endfacet
  facet normal 0 1 0
    outer loop
      vertex 98.85 1.4887402298188697 33.12587659821476
      vertex 96.65 1.4887402298188697 28.994123401785245
      vertex 95.5 1.4887402298188697 31.19175319642951
    endloop
  endfacet
  facet normal 0 1 0
    outer loop
      vertex 98.85 1.4887402298188697 33.12587659821476
      vertex 100 1.4887402298188697 30.92824680357049
      vertex 96.65 1.4887402298188697 28.994123401785245
    endloop
  endfacet
  facet normal 0 1 0
    outer loop
      vertex 122.44280285305068 1.4887402298188697 10.65
      vertex 103.35 1.4887402298188697 28.994123401785245
      vertex 103.35 1.4887402298188697 41.12587659821476
    endloop
  endfacet
  facet normal -0.5000000000000288 0.8660254037844222 0
    outer loop
      vertex 122.44280285305068 1.4887402298188697 10.65
      vertex 122.44280285305068 1.4887402298188697 59.399699999999996
      vertex 122.46230534708594 1.5 16.03
    endloop
  endfacet
  facet normal -0.5000000000000019 0.8660254037844377 0
    outer loop
      vertex 123.95341332995339 2.360891595299325 59.399699999999996
      vertex 123.95341332995339 2.360891595299325 16.03
      vertex 122.46230534708594 1.5 16.03
    endloop
  endfacet
  facet normal -0.9396926207859085 0.3420201433256684 0
    outer loop
      vertex 124.55 4 59.399699999999996
      vertex 124.55 4 16.03
      vertex 123.95341332995339 2.360891595299325 16.03
    endloop
  endfacet
  facet normal -1 0 0
    outer loop
      vertex 124.55 4 16.03
      vertex 124.55 22.15 20.994123401785245
      vertex 124.55 22.15 17.125876598214752
    endloop
  endfacet
  facet normal -1 0 0
    outer loop
      vertex 124.55 4 16.03
      vertex 124.55 22.15 33.12587659821476
      vertex 124.55 22.15 20.994123401785245
    endloop
  endfacet
  facet normal -1 0 0
    outer loop
      vertex 124.55 4 16.03
      vertex 124.55 22.15 36.994123401785245
      vertex 124.55 22.15 33.12587659821476
    endloop
  endfacet
  facet normal -1 0 0
    outer loop
      vertex 124.55 26.951886053066307 16.03
      vertex 124.55 31.15 17.125876598214752
      vertex 124.55 33.0481139469337 16.03
    endloop
  endfacet
  facet normal -1 0 0
    outer loop
      vertex 124.55 40.15 17.125876598214752
      vertex 124.55 42.0481139469337 16.03
      vertex 124.55 35.9518860530663 16.03
    endloop
  endfacet
  facet normal -1 0 0
    outer loop
      vertex 124.55 28.85 17.125876598214752
      vertex 124.55 31.15 17.125876598214752
      vertex 124.55 26.951886053066307 16.03
    endloop
  endfacet
  facet normal -1 0 0
    outer loop
      vertex 124.55 28.85 17.125876598214752
      vertex 124.55 28.85 20.994123401785245
      vertex 124.55 31.15 17.125876598214752
    endloop
  endfacet
  facet normal -1 0 0
    outer loop
      vertex 124.55 28.85 20.994123401785245
      vertex 124.55 31.15 20.994123401785245
      vertex 124.55 31.15 17.125876598214752
    endloop
  endfacet
  facet normal -1 0 0
    outer loop
      vertex 124.55 30 23.191753196429506
      vertex 124.55 28.85 20.994123401785245
      vertex 124.55 25.5 22.92824680357049
    endloop
  endfacet
  facet normal -1 0 0
    outer loop
      vertex 124.55 25.5 22.92824680357049
      vertex 124.55 26.65 25.125876598214752
      vertex 124.55 30 23.191753196429506
    endloop
  endfacet
  facet normal -1 0 0
    outer loop
      vertex 124.55 30 23.191753196429506
      vertex 124.55 31.15 20.994123401785245
      vertex 124.55 28.85 20.994123401785245
    endloop
  endfacet
  facet normal -1 0 0
    outer loop
      vertex 124.55 30 23.191753196429506
      vertex 124.55 33.35 25.125876598214752
      vertex 124.55 31.15 20.994123401785245
    endloop
  endfacet
  facet normal -1 0 0
    outer loop
      vertex 124.55 25.5 22.92824680357049
      vertex 124.55 22.15 20.994123401785245
      vertex 124.55 22.15 33.12587659821476
    endloop
  endfacet
  facet normal -1 0 0
    outer loop
      vertex 124.55 25.5 22.92824680357049
      vertex 124.55 22.15 33.12587659821476
      vertex 124.55 26.65 25.125876598214752
    endloop
  endfacet
  facet normal -1 0 0
    outer loop
      vertex 124.55 26.65 25.125876598214752
      vertex 124.55 22.15 33.12587659821476
      vertex 124.55 26.65 28.994123401785245
    endloop
  endfacet
  facet normal -1 0 0
    outer loop
      vertex 124.55 26.65 28.994123401785245
      vertex 124.55 22.15 33.12587659821476
      vertex 124.55 25.5 31.19175319642951
    endloop
  endfacet
  facet normal -1 0 0
    outer loop
      vertex 124.55 26.65 28.994123401785245
      vertex 124.55 25.5 31.19175319642951
      vertex 124.55 30 30.92824680357049
    endloop
  endfacet
  facet normal -1 0 0
    outer loop
      vertex 124.55 25.5 31.19175319642951
      vertex 124.55 34.5 31.19175319642951
      vertex 124.55 30 30.92824680357049
    endloop
  endfacet
  facet normal -1 0 0
    outer loop
      vertex 124.55 25.5 31.19175319642951
      vertex 124.55 28.85 33.12587659821476
      vertex 124.55 34.5 31.19175319642951
    endloop
  endfacet
  facet normal -1 0 0
    outer loop
      vertex 124.55 28.85 33.12587659821476
      vertex 124.55 31.15 33.12587659821476
      vertex 124.55 34.5 31.19175319642951
    endloop
  endfacet
  facet normal -1 0 0
    outer loop
      vertex 124.55 33.35 25.125876598214752
      vertex 124.55 34.5 22.92824680357049
      vertex 124.55 31.15 20.994123401785245
    endloop
  endfacet
  facet normal -1 0 0
    outer loop
      vertex 124.55 33.35 25.125876598214752
      vertex 124.55 35.65 25.125876598214752
      vertex 124.55 34.5 22.92824680357049
    endloop
  endfacet
  facet normal -1 0 0
    outer loop
      vertex 124.55 34.5 22.92824680357049
      vertex 124.55 35.65 25.125876598214752
      vertex 124.55 39 23.191753196429506
    endloop
  endfacet
  facet normal -1 0 0
    outer loop
      vertex 124.55 37.85 17.125876598214752
      vertex 124.55 40.15 17.125876598214752
      vertex 124.55 35.9518860530663 16.03
    endloop
  endfacet
  facet normal -1 0 0
    outer loop
      vertex 124.55 37.85 17.125876598214752
      vertex 124.55 37.85 20.994123401785245
      vertex 124.55 40.15 17.125876598214752
    endloop
  endfacet
  facet normal -1 0 0
    outer loop
      vertex 124.55 40.15 17.125876598214752
      vertex 124.55 37.85 20.994123401785245
      vertex 124.55 40.15 20.994123401785245
    endloop
  endfacet
  facet normal -1 0 0
    outer loop
      vertex 124.55 39 23.191753196429506
      vertex 124.55 37.85 20.994123401785245
      vertex 124.55 34.5 22.92824680357049
    endloop
  endfacet
  facet normal -1 0 0
    outer loop
      vertex 124.55 39 23.191753196429506
      vertex 124.55 40.15 20.994123401785245
      vertex 124.55 37.85 20.994123401785245
    endloop
  endfacet
  facet normal -1 0 0
    outer loop
      vertex 124.55 39 23.191753196429506
      vertex 124.55 42.35 25.125876598214752
      vertex 124.55 40.15 20.994123401785245
    endloop
  endfacet
  facet normal -1 0 0
    outer loop
      vertex 124.55 33.35 25.125876598214752
      vertex 124.55 33.35 28.994123401785245
      vertex 124.55 35.65 25.125876598214752
    endloop
  endfacet
  facet normal -1 0 0
    outer loop
      vertex 124.55 35.65 25.125876598214752
      vertex 124.55 33.35 28.994123401785245
      vertex 124.55 35.65 28.994123401785245
    endloop
  endfacet
  facet normal -1 0 0
    outer loop
      vertex 124.55 33.35 28.994123401785245
      vertex 124.55 30 30.92824680357049
      vertex 124.55 35.65 28.994123401785245
    endloop
  endfacet
  facet normal -1 0 0
    outer loop
      vertex 124.55 39 30.92824680357049
      vertex 124.55 35.65 28.994123401785245
      vertex 124.55 30 30.92824680357049
    endloop
  endfacet
  facet normal -1 0 0
    outer loop
      vertex 124.55 34.5 31.19175319642951
      vertex 124.55 39 30.92824680357049
      vertex 124.55 30 30.92824680357049
    endloop
  endfacet
  facet normal -1 0 0
    outer loop
      vertex 124.55 34.5 31.19175319642951
      vertex 124.55 37.85 33.12587659821476
      vertex 124.55 39 30.92824680357049
    endloop
  endfacet
  facet normal -1 0 0
    outer loop
      vertex 124.55 39 30.92824680357049
      vertex 124.55 40.15 33.12587659821476
      vertex 124.55 43.5 31.19175319642951
    endloop
  endfacet
  facet normal 0 1 0
    outer loop
      vertex 62.85 1.4887402298188697 33.12587659821476
      vertex 62.85 1.4887402298188697 36.994123401785245
      vertex 64 1.4887402298188697 30.92824680357049
    endloop
  endfacet
  facet normal 0 1 0
    outer loop
      vertex 62.85 1.4887402298188697 36.994123401785245
      vertex 65.15 1.4887402298188697 33.12587659821476
      vertex 64 1.4887402298188697 30.92824680357049
    endloop
  endfacet
  facet normal 0 1 0
    outer loop
      vertex 62.85 1.4887402298188697 36.994123401785245
      vertex 65.15 1.4887402298188697 36.994123401785245
      vertex 65.15 1.4887402298188697 33.12587659821476
    endloop
  endfacet
  facet normal 0 1 0
    outer loop
      vertex 65.15 1.4887402298188697 36.994123401785245
      vertex 64 1.4887402298188697 39.19175319642951
      vertex 67.35 1.4887402298188697 41.12587659821476
    endloop
  endfacet
  facet normal 0 1 0
    outer loop
      vertex 65.15 1.4887402298188697 36.994123401785245
      vertex 67.35 1.4887402298188697 41.12587659821476
      vertex 68.5 1.4887402298188697 38.928246803570495
    endloop
  endfacet
  facet normal 0 1 0
    outer loop
      vertex 67.35 1.4887402298188697 41.12587659821476
      vertex 73 1.4887402298188697 39.19175319642951
      vertex 68.5 1.4887402298188697 38.928246803570495
    endloop
  endfacet
  facet normal 0 1 0
    outer loop
      vertex 73 1.4887402298188697 39.19175319642951
      vertex 67.35 1.4887402298188697 41.12587659821476
      vertex 69.65 1.4887402298188697 41.12587659821476
    endloop
  endfacet
  facet normal 0 1 0
    outer loop
      vertex 71.85 1.4887402298188697 33.12587659821476
      vertex 71.85 1.4887402298188697 36.994123401785245
      vertex 74.15 1.4887402298188697 33.12587659821476
    endloop
  endfacet
  facet normal 0 1 0
    outer loop
      vertex 74.15 1.4887402298188697 33.12587659821476
      vertex 71.85 1.4887402298188697 36.994123401785245
      vertex 73 1.4887402298188697 39.19175319642951
    endloop
  endfacet
  facet normal 0 1 0
    outer loop
      vertex 74.15 1.4887402298188697 33.12587659821476
      vertex 73 1.4887402298188697 39.19175319642951
      vertex 74.15 1.4887402298188697 36.994123401785245
    endloop
  endfacet
  facet normal 0 1 0
    outer loop
      vertex 68.5 1.4887402298188697 38.928246803570495
      vertex 73 1.4887402298188697 39.19175319642951
      vertex 71.85 1.4887402298188697 36.994123401785245
    endloop
  endfacet
  facet normal 0 1 0
    outer loop
      vertex 74.15 1.4887402298188697 36.994123401785245
      vertex 73 1.4887402298188697 39.19175319642951
      vertex 76.35 1.4887402298188697 41.12587659821476
    endloop
  endfacet
  facet normal 0 1 0
    outer loop
      vertex 74.15 1.4887402298188697 36.994123401785245
      vertex 76.35 1.4887402298188697 41.12587659821476
      vertex 77.5 1.4887402298188697 38.928246803570495
    endloop
  endfacet
  facet normal 0 1 0
    outer loop
      vertex 67.35 1.4887402298188697 41.12587659821476
      vertex 67.35 1.4887402298188697 44.994123401785245
      vertex 69.65 1.4887402298188697 41.12587659821476
    endloop
  endfacet
  facet normal 0 1 0
    outer loop
      vertex 69.65 1.4887402298188697 41.12587659821476
      vertex 67.35 1.4887402298188697 44.994123401785245
      vertex 65.15 1.4887402298188697 49.12587659821476
    endloop
  endfacet
  facet normal 0 1 0
    outer loop
      vertex 69.65 1.4887402298188697 44.994123401785245
      vertex 69.65 1.4887402298188697 41.12587659821476
      vertex 68.5 1.4887402298188697 47.19175319642951
    endloop
  endfacet
  facet normal 0 1 0
    outer loop
      vertex 64 1.4887402298188697 46.928246803570495
      vertex 65.15 1.4887402298188697 49.12587659821476
      vertex 67.35 1.4887402298188697 44.994123401785245
    endloop
  endfacet
  facet normal 0 1 0
    outer loop
      vertex 69.65 1.4887402298188697 41.12587659821476
      vertex 65.15 1.4887402298188697 49.12587659821476
      vertex 68.5 1.4887402298188697 47.19175319642951
    endloop
  endfacet
  facet normal 0 1 0
    outer loop
      vertex 71.85 1.4887402298188697 49.12587659821476
      vertex 69.65 1.4887402298188697 44.994123401785245
      vertex 68.5 1.4887402298188697 47.19175319642951
    endloop
  endfacet
  facet normal 0 1 0
    outer loop
      vertex 76.35 1.4887402298188697 41.12587659821476
      vertex 76.35 1.4887402298188697 44.994123401785245
      vertex 77.5 1.4887402298188697 38.928246803570495
    endloop
  endfacet
  facet normal 0 1 0
    outer loop
      vertex 77.5 1.4887402298188697 38.928246803570495
      vertex 77.5 1.4887402298188697 47.19175319642951
      vertex 78.65 1.4887402298188697 41.12587659821476
    endloop
  endfacet
  facet normal 0 1 0
    outer loop
      vertex 76.35 1.4887402298188697 44.994123401785245
      vertex 77.5 1.4887402298188697 47.19175319642951
      vertex 77.5 1.4887402298188697 38.928246803570495
    endloop
  endfacet
  facet normal 0 1 0
    outer loop
      vertex 78.65 1.4887402298188697 44.994123401785245
      vertex 78.65 1.4887402298188697 41.12587659821476
      vertex 77.5 1.4887402298188697 47.19175319642951
    endloop
  endfacet
  facet normal 0 1 0
    outer loop
      vertex 71.85 1.4887402298188697 49.12587659821476
      vertex 73 1.4887402298188697 46.928246803570495
      vertex 69.65 1.4887402298188697 44.994123401785245
    endloop
  endfacet
  facet normal 0 1 0
    outer loop
      vertex 73 1.4887402298188697 46.928246803570495
      vertex 77.5 1.4887402298188697 47.19175319642951
      vertex 76.35 1.4887402298188697 44.994123401785245
    endloop
  endfacet
  facet normal 0 1 0
    outer loop
      vertex 73 1.4887402298188697 46.928246803570495
      vertex 74.15 1.4887402298188697 49.12587659821476
      vertex 77.5 1.4887402298188697 47.19175319642951
    endloop
  endfacet
  facet normal 0 1 0
    outer loop
      vertex 80.85 1.4887402298188697 33.12587659821476
      vertex 80.85 1.4887402298188697 36.994123401785245
      vertex 83.15 1.4887402298188697 33.12587659821476
    endloop
  endfacet
  facet normal 0 1 0
    outer loop
      vertex 83.15 1.4887402298188697 33.12587659821476
      vertex 82 1.4887402298188697 39.19175319642951
      vertex 83.15 1.4887402298188697 36.994123401785245
    endloop
  endfacet
  facet normal 0 1 0
    outer loop
      vertex 77.5 1.4887402298188697 38.928246803570495
      vertex 78.65 1.4887402298188697 41.12587659821476
      vertex 80.85 1.4887402298188697 36.994123401785245
    endloop
  endfacet
  facet normal 0 1 0
    outer loop
      vertex 83.15 1.4887402298188697 33.12587659821476
      vertex 80.85 1.4887402298188697 36.994123401785245
      vertex 78.65 1.4887402298188697 41.12587659821476
    endloop
  endfacet
  facet normal 0 1 0
    outer loop
      vertex 83.15 1.4887402298188697 33.12587659821476
      vertex 78.65 1.4887402298188697 41.12587659821476
      vertex 82 1.4887402298188697 39.19175319642951
    endloop
  endfacet
  facet normal 0 1 0
    outer loop
      vertex 83.15 1.4887402298188697 36.994123401785245
      vertex 85.35 1.4887402298188697 41.12587659821476
      vertex 86.5 1.4887402298188697 38.928246803570495
    endloop
  endfacet
  facet normal 0 1 0
    outer loop
      vertex 83.15 1.4887402298188697 36.994123401785245
      vertex 82 1.4887402298188697 39.19175319642951
      vertex 85.35 1.4887402298188697 41.12587659821476
    endloop
  endfacet
  facet normal 0 1 0
    outer loop
      vertex 89.85 1.4887402298188697 33.12587659821476
      vertex 89.85 1.4887402298188697 36.994123401785245
      vertex 92.15 1.4887402298188697 33.12587659821476
    endloop
  endfacet
  facet normal 0 1 0
    outer loop
      vertex 92.15 1.4887402298188697 33.12587659821476
      vertex 91 1.4887402298188697 39.19175319642951
      vertex 92.15 1.4887402298188697 36.994123401785245
    endloop
  endfacet
  facet normal 0 1 0
    outer loop
      vertex 86.5 1.4887402298188697 38.928246803570495
      vertex 87.65 1.4887402298188697 41.12587659821476
      vertex 89.85 1.4887402298188697 36.994123401785245
    endloop
  endfacet
  facet normal 0 1 0
    outer loop
      vertex 92.15 1.4887402298188697 33.12587659821476
      vertex 89.85 1.4887402298188697 36.994123401785245
      vertex 87.65 1.4887402298188697 41.12587659821476
    endloop
  endfacet
  facet normal 0 1 0
    outer loop
      vertex 92.15 1.4887402298188697 33.12587659821476
      vertex 87.65 1.4887402298188697 41.12587659821476
      vertex 91 1.4887402298188697 39.19175319642951
    endloop
  endfacet
  facet normal 0 1 0
    outer loop
      vertex 92.15 1.4887402298188697 36.994123401785245
      vertex 94.35 1.4887402298188697 41.12587659821476
      vertex 95.5 1.4887402298188697 38.928246803570495
    endloop
  endfacet
  facet normal 0 1 0
    outer loop
      vertex 92.15 1.4887402298188697 36.994123401785245
      vertex 91 1.4887402298188697 39.19175319642951
      vertex 94.35 1.4887402298188697 41.12587659821476
    endloop
  endfacet
  facet normal 0 1 0
    outer loop
      vertex 85.35 1.4887402298188697 41.12587659821476
      vertex 85.35 1.4887402298188697 44.994123401785245
      vertex 86.5 1.4887402298188697 38.928246803570495
    endloop
  endfacet
  facet normal 0 1 0
    outer loop
      vertex 85.35 1.4887402298188697 44.994123401785245
      vertex 86.5 1.4887402298188697 47.19175319642951
      vertex 86.5 1.4887402298188697 38.928246803570495
    endloop
  endfacet
  facet normal 0 1 0
    outer loop
      vertex 80.85 1.4887402298188697 49.12587659821476
      vertex 78.65 1.4887402298188697 44.994123401785245
      vertex 77.5 1.4887402298188697 47.19175319642951
    endloop
  endfacet
  facet normal 0 1 0
    outer loop
      vertex 80.85 1.4887402298188697 49.12587659821476
      vertex 82 1.4887402298188697 46.928246803570495
      vertex 78.65 1.4887402298188697 44.994123401785245
    endloop
  endfacet
  facet normal 0 1 0
    outer loop
      vertex 82 1.4887402298188697 46.928246803570495
      vertex 86.5 1.4887402298188697 47.19175319642951
      vertex 85.35 1.4887402298188697 44.994123401785245
    endloop
  endfacet
  facet normal 0 1 0
    outer loop
      vertex 82 1.4887402298188697 46.928246803570495
      vertex 83.15 1.4887402298188697 49.12587659821476
      vertex 86.5 1.4887402298188697 47.19175319642951
    endloop
  endfacet
  facet normal 0 1 0
    outer loop
      vertex 86.5 1.4887402298188697 38.928246803570495
      vertex 86.5 1.4887402298188697 47.19175319642951
      vertex 87.65 1.4887402298188697 41.12587659821476
    endloop
  endfacet
  facet normal 0 1 0
    outer loop
      vertex 87.65 1.4887402298188697 44.994123401785245
      vertex 87.65 1.4887402298188697 41.12587659821476
      vertex 86.5 1.4887402298188697 47.19175319642951
    endloop
  endfacet
  facet normal 0 1 0
    outer loop
      vertex 89.85 1.4887402298188697 49.12587659821476
      vertex 87.65 1.4887402298188697 44.994123401785245
      vertex 86.5 1.4887402298188697 47.19175319642951
    endloop
  endfacet
  facet normal 0 1 0
    outer loop
      vertex 89.85 1.4887402298188697 49.12587659821476
      vertex 91 1.4887402298188697 46.928246803570495
      vertex 87.65 1.4887402298188697 44.994123401785245
    endloop
  endfacet
  facet normal 0 1 0
    outer loop
      vertex 91 1.4887402298188697 46.928246803570495
      vertex 95.5 1.4887402298188697 47.19175319642951
      vertex 94.35 1.4887402298188697 44.994123401785245
    endloop
  endfacet
  facet normal 0 1 0
    outer loop
      vertex 91 1.4887402298188697 46.928246803570495
      vertex 92.15 1.4887402298188697 49.12587659821476
      vertex 95.5 1.4887402298188697 47.19175319642951
    endloop
  endfacet
  facet normal 0 1 0
    outer loop
      vertex 62.85 1.4887402298188697 49.12587659821476
      vertex 65.15 1.4887402298188697 52.994123401785245
      vertex 64 1.4887402298188697 46.928246803570495
    endloop
  endfacet
  facet normal 0 1 0
    outer loop
      vertex 64 1.4887402298188697 46.928246803570495
      vertex 65.15 1.4887402298188697 52.994123401785245
      vertex 65.15 1.4887402298188697 49.12587659821476
    endloop
  endfacet
  facet normal 0 1 0
    outer loop
      vertex 62.85 1.4887402298188697 49.12587659821476
      vertex 62.85 1.4887402298188697 52.994123401785245
      vertex 65.15 1.4887402298188697 52.994123401785245
    endloop
  endfacet
  facet normal 0 1 0
    outer loop
      vertex 59.5 1.4887402298188697 54.928246803570495
      vertex 68.5 1.4887402298188697 54.928246803570495
      vertex 65.15 1.4887402298188697 52.994123401785245
    endloop
  endfacet
  facet normal 0 1 0
    outer loop
      vertex 71.85 1.4887402298188697 49.12587659821476
      vertex 74.15 1.4887402298188697 52.994123401785245
      vertex 73 1.4887402298188697 46.928246803570495
    endloop
  endfacet
  facet normal 0 1 0
    outer loop
      vertex 73 1.4887402298188697 46.928246803570495
      vertex 74.15 1.4887402298188697 52.994123401785245
      vertex 74.15 1.4887402298188697 49.12587659821476
    endloop
  endfacet
  facet normal 0 1 0
    outer loop
      vertex 71.85 1.4887402298188697 49.12587659821476
      vertex 71.85 1.4887402298188697 52.994123401785245
      vertex 74.15 1.4887402298188697 52.994123401785245
    endloop
  endfacet
  facet normal 0 1 0
    outer loop
      vertex 68.5 1.4887402298188697 54.928246803570495
      vertex 74.15 1.4887402298188697 52.994123401785245
      vertex 71.85 1.4887402298188697 52.994123401785245
    endloop
  endfacet
  facet normal 0 1 0
    outer loop
      vertex 68.5 1.4887402298188697 54.928246803570495
      vertex 77.5 1.4887402298188697 54.928246803570495
      vertex 74.15 1.4887402298188697 52.994123401785245
    endloop
  endfacet
  facet normal 0 1 0
    outer loop
      vertex 80.85 1.4887402298188697 49.12587659821476
      vertex 83.15 1.4887402298188697 52.994123401785245
      vertex 82 1.4887402298188697 46.928246803570495
    endloop
  endfacet
  facet normal 0 1 0
    outer loop
      vertex 80.85 1.4887402298188697 49.12587659821476
      vertex 80.85 1.4887402298188697 52.994123401785245
      vertex 83.15 1.4887402298188697 52.994123401785245
    endloop
  endfacet
  facet normal 0 1 0
    outer loop
      vertex 82 1.4887402298188697 46.928246803570495
      vertex 83.15 1.4887402298188697 52.994123401785245
      vertex 83.15 1.4887402298188697 49.12587659821476
    endloop
  endfacet
  facet normal 0 1 0
    outer loop
      vertex 77.5 1.4887402298188697 54.928246803570495
      vertex 83.15 1.4887402298188697 52.994123401785245
      vertex 80.85 1.4887402298188697 52.994123401785245
    endloop
  endfacet
  facet normal 0 1 0
    outer loop
      vertex 77.5 1.4887402298188697 54.928246803570495
      vertex 86.5 1.4887402298188697 54.928246803570495
      vertex 83.15 1.4887402298188697 52.994123401785245
    endloop
  endfacet
  facet normal 0 1 0
    outer loop
      vertex 122.44280285305068 1.4887402298188697 59.399699999999996
      vertex 68.5 1.4887402298188697 54.928246803570495
      vertex 59.5 1.4887402298188697 54.928246803570495
    endloop
  endfacet
  facet normal 0 1 0
    outer loop
      vertex 89.85 1.4887402298188697 49.12587659821476
      vertex 89.85 1.4887402298188697 52.994123401785245
      vertex 91 1.4887402298188697 46.928246803570495
    endloop
  endfacet
  facet normal 0 1 0
    outer loop
      vertex 91 1.4887402298188697 46.928246803570495
      vertex 89.85 1.4887402298188697 52.994123401785245
      vertex 92.15 1.4887402298188697 49.12587659821476
    endloop
  endfacet
  facet normal 0 1 0
    outer loop
      vertex 92.15 1.4887402298188697 52.994123401785245
      vertex 92.15 1.4887402298188697 49.12587659821476
      vertex 89.85 1.4887402298188697 52.994123401785245
    endloop
  endfacet
  facet normal 0 1 0
    outer loop
      vertex 86.5 1.4887402298188697 54.928246803570495
      vertex 92.15 1.4887402298188697 52.994123401785245
      vertex 89.85 1.4887402298188697 52.994123401785245
    endloop
  endfacet
  facet normal 0 1 0
    outer loop
      vertex 122.44280285305068 1.4887402298188697 59.399699999999996
      vertex 77.5 1.4887402298188697 54.928246803570495
      vertex 68.5 1.4887402298188697 54.928246803570495
    endloop
  endfacet
  facet normal 0 1 0
    outer loop
      vertex 86.5 1.4887402298188697 54.928246803570495
      vertex 95.5 1.4887402298188697 54.928246803570495
      vertex 92.15 1.4887402298188697 52.994123401785245
    endloop
  endfacet
  facet normal 0 0 -1
    outer loop
      vertex 4.442802853050672 1.4887402298188697 59.399699999999996
      vertex 122.4410786867476 1.4985184628274926 59.399699999999996
      vertex 122.44280285305068 1.4887402298188697 59.399699999999996
    endloop
  endfacet
  facet normal 0 0.7149903986435691 -0.6991342716871418
    outer loop
      vertex 4.199695404316969 2.8674710840359623 60.7997
      vertex 122.19969540431697 2.8674710840359623 60.7997
      vertex 122.4410786867476 1.4985184628274926 59.399699999999996
    endloop
  endfacet
  facet normal 0 0 -1
    outer loop
      vertex 4.355369543531189 2.9062850062605747 60.7997
      vertex 122.26692308965103 2.9062850062605747 60.7997
      vertex 122.19969540431697 2.8674710840359623 60.7997
    endloop
  endfacet
  facet normal -7.90328254817908e-17 1 -7.57632783227422e-15
    outer loop
      vertex 4.355369543531189 2.9062850062605747 62.029700000000005
      vertex 122.3553695435312 2.906285006260584 62.029700000000005
      vertex 122.26692308965103 2.9062850062605747 60.7997
    endloop
  endfacet
  facet normal 0 0 -1
    outer loop
      vertex 4.248414235671141 2.9410368924009584 62.029700000000005
      vertex 122.38061826674058 2.9410368924009576 62.029700000000005
      vertex 122.3553695435312 2.906285006260584 62.029700000000005
    endloop
  endfacet
  facet normal 0 1 0
    outer loop
      vertex 98.85 1.4887402298188697 33.12587659821476
      vertex 98.85 1.4887402298188697 36.994123401785245
      vertex 100 1.4887402298188697 30.92824680357049
    endloop
  endfacet
  facet normal 0 1 0
    outer loop
      vertex 98.85 1.4887402298188697 36.994123401785245
      vertex 100 1.4887402298188697 39.19175319642951
      vertex 100 1.4887402298188697 30.92824680357049
    endloop
  endfacet
  facet normal 0 1 0
    outer loop
      vertex 95.5 1.4887402298188697 38.928246803570495
      vertex 100 1.4887402298188697 39.19175319642951
      vertex 98.85 1.4887402298188697 36.994123401785245
    endloop
  endfacet
  facet normal 0 1 0
    outer loop
      vertex 95.5 1.4887402298188697 38.928246803570495
      vertex 96.65 1.4887402298188697 41.12587659821476
      vertex 100 1.4887402298188697 39.19175319642951
    endloop
  endfacet
  facet normal 0 1 0
    outer loop
      vertex 100 1.4887402298188697 30.92824680357049
      vertex 100 1.4887402298188697 39.19175319642951
      vertex 103.35 1.4887402298188697 41.12587659821476
    endloop
  endfacet
  facet normal 0 1 0
    outer loop
      vertex 100 1.4887402298188697 30.92824680357049
      vertex 103.35 1.4887402298188697 41.12587659821476
      vertex 103.35 1.4887402298188697 28.994123401785245
    endloop
  endfacet
  facet normal 0 1 0
    outer loop
      vertex 94.35 1.4887402298188697 41.12587659821476
      vertex 94.35 1.4887402298188697 44.994123401785245
      vertex 95.5 1.4887402298188697 38.928246803570495
    endloop
  endfacet
  facet normal 0 1 0
    outer loop
      vertex 95.5 1.4887402298188697 38.928246803570495
      vertex 95.5 1.4887402298188697 47.19175319642951
      vertex 96.65 1.4887402298188697 41.12587659821476
    endloop
  endfacet
  facet normal 0 1 0
    outer loop
      vertex 94.35 1.4887402298188697 44.994123401785245
      vertex 95.5 1.4887402298188697 47.19175319642951
      vertex 95.5 1.4887402298188697 38.928246803570495
    endloop
  endfacet
  facet normal 0 1 0
    outer loop
      vertex 96.65 1.4887402298188697 44.994123401785245
      vertex 96.65 1.4887402298188697 41.12587659821476
      vertex 95.5 1.4887402298188697 47.19175319642951
    endloop
  endfacet
  facet normal 0 1 0
    outer loop
      vertex 98.85 1.4887402298188697 49.12587659821476
      vertex 96.65 1.4887402298188697 44.994123401785245
      vertex 95.5 1.4887402298188697 47.19175319642951
    endloop
  endfacet
  facet normal 0 1 0
    outer loop
      vertex 98.85 1.4887402298188697 49.12587659821476
      vertex 100 1.4887402298188697 46.928246803570495
      vertex 96.65 1.4887402298188697 44.994123401785245
    endloop
  endfacet
  facet normal 0 1 0
    outer loop
      vertex 122.44280285305068 1.4887402298188697 59.399699999999996
      vertex 103.35 1.4887402298188697 41.12587659821476
      vertex 103.35 1.4887402298188697 44.994123401785245
    endloop
  endfacet
  facet normal 0 1 0
    outer loop
      vertex 122.44280285305068 1.4887402298188697 10.65
      vertex 103.35 1.4887402298188697 41.12587659821476
      vertex 122.44280285305068 1.4887402298188697 59.399699999999996
    endloop
  endfacet
  facet normal -1 0 0
    outer loop
      vertex 124.55 4 59.399699999999996
      vertex 124.55 22.15 36.994123401785245
      vertex 124.55 4 16.03
    endloop
  endfacet
  facet normal -0.5000000000000023 0.8660254037844375 1.582235293831815e-17
    outer loop
      vertex 122.44280285305068 1.4887402298188697 59.399699999999996
      vertex 123.95341332995339 2.360891595299325 59.399699999999996
      vertex 122.46230534708594 1.5 16.03
    endloop
  endfacet
  facet normal -0.9396926207859085 0.3420201433256684 0
    outer loop
      vertex 123.95341332995339 2.360891595299325 59.399699999999996
      vertex 124.55 4 59.399699999999996
      vertex 123.95341332995339 2.360891595299325 16.03
    endloop
  endfacet
  facet normal -1 0 0
    outer loop
      vertex 124.55 4 59.399699999999996
      vertex 124.55 25.5 38.928246803570495
      vertex 124.55 22.15 36.994123401785245
    endloop
  endfacet
  facet normal -1 0 0
    outer loop
      vertex 124.55 4 59.399699999999996
      vertex 124.55 26.65 41.12587659821476
      vertex 124.55 25.5 38.928246803570495
    endloop
  endfacet
  facet normal -1 0 0
    outer loop
      vertex 124.55 4 59.399699999999996
      vertex 124.55 26.65 44.994123401785245
      vertex 124.55 26.65 41.12587659821476
    endloop
  endfacet
  facet normal 0 1 0
    outer loop
      vertex 98.85 1.4887402298188697 49.12587659821476
      vertex 98.85 1.4887402298188697 52.994123401785245
      vertex 100 1.4887402298188697 46.928246803570495
    endloop
  endfacet
  facet normal 0 1 0
    outer loop
      vertex 122.44280285305068 1.4887402298188697 59.399699999999996
      vertex 86.5 1.4887402298188697 54.928246803570495
      vertex 77.5 1.4887402298188697 54.928246803570495
    endloop
  endfacet
  facet normal 0 1 0
    outer loop
      vertex 122.44280285305068 1.4887402298188697 59.399699999999996
      vertex 95.5 1.4887402298188697 54.928246803570495
      vertex 86.5 1.4887402298188697 54.928246803570495
    endloop
  endfacet
  facet normal 0 1 0
    outer loop
      vertex 122.44280285305068 1.4887402298188697 59.399699999999996
      vertex 103.35 1.4887402298188697 44.994123401785245
      vertex 100 1.4887402298188697 46.928246803570495
    endloop
  endfacet
  facet normal 0 1 0
    outer loop
      vertex 122.44280285305068 1.4887402298188697 59.399699999999996
      vertex 100 1.4887402298188697 46.928246803570495
      vertex 98.85 1.4887402298188697 52.994123401785245
    endloop
  endfacet
  facet normal 0 1 0
    outer loop
      vertex 122.44280285305068 1.4887402298188697 59.399699999999996
      vertex 98.85 1.4887402298188697 52.994123401785245
      vertex 95.5 1.4887402298188697 54.928246803570495
    endloop
  endfacet
  facet normal 0 0 -1
    outer loop
      vertex 122.44280285305068 1.4887402298188697 59.399699999999996
      vertex 122.4410786867476 1.4985184628274926 59.399699999999996
      vertex 123.94580721491533 2.367273883622448 59.399699999999996
    endloop
  endfacet
  facet normal 0 0 -1
    outer loop
      vertex 122.44280285305068 1.4887402298188697 59.399699999999996
      vertex 123.94580721491533 2.367273883622448 59.399699999999996
      vertex 123.95341332995339 2.360891595299325 59.399699999999996
    endloop
  endfacet
  facet normal -0.36558328461130324 0.6332088233447396 -0.6821989798080772
    outer loop
      vertex 123.94580721491533 2.367273883622448 59.399699999999996
      vertex 122.19969540431697 2.8674710840359623 60.7997
      vertex 122.26692308965103 2.9062850062605747 60.7997
    endloop
  endfacet
  facet normal -0.36558328461132 0.6332088233447152 -0.6821989798080909
    outer loop
      vertex 122.4410786867476 1.4985184628274926 59.399699999999996
      vertex 122.19969540431697 2.8674710840359623 60.7997
      vertex 123.94580721491533 2.367273883622448 59.399699999999996
    endloop
  endfacet
  facet normal -0.36558328461127365 0.6332088233447787 -0.6821989798080567
    outer loop
      vertex 123.94580721491533 2.367273883622448 59.399699999999996
      vertex 122.26692308965103 2.9062850062605747 60.7997
      vertex 122.2855836523333 2.9062850062605747 60.7897
    endloop
  endfacet
  facet normal -0.3655832846113235 0.6332088233447123 -0.6821989798080916
    outer loop
      vertex 123.94580721491533 2.367273883622448 59.399699999999996
      vertex 122.2855836523333 2.9062850062605747 60.7897
      vertex 122.40579420819138 2.975688603044673 60.7897
    endloop
  endfacet
  facet normal -0.3655832846112996 0.6332088233447393 -0.6821989798080794
    outer loop
      vertex 123.94580721491533 2.367273883622448 59.399699999999996
      vertex 122.40579420819138 2.975688603044673 60.7897
      vertex 122.41927763011911 2.994246941212083 60.7997
    endloop
  endfacet
  facet normal 0 0 -1
    outer loop
      vertex 123.94580721491533 2.367273883622448 59.399699999999996
      vertex 124.54007092198582 4 59.399699999999996
      vertex 123.95341332995339 2.360891595299325 59.399699999999996
    endloop
  endfacet
  facet normal 0 0 -1
    outer loop
      vertex 123.95341332995339 2.360891595299325 59.399699999999996
      vertex 124.54007092198582 4 59.399699999999996
      vertex 124.55 4 59.399699999999996
    endloop
  endfacet
  facet normal -0.6870718296638642 0.2500736948004639 -0.6821989798080867
    outer loop
      vertex 123.94580721491533 2.367273883622448 59.399699999999996
      vertex 122.88095110958683 3.2607942488604813 60.7997
      vertex 124.54007092198582 4 59.399699999999996
    endloop
  endfacet
  facet normal -0.36558328461131817 0.6332088233447185 -0.6821989798080886
    outer loop
      vertex 123.94580721491533 2.367273883622448 59.399699999999996
      vertex 122.41927763011911 2.994246941212083 60.7997
      vertex 122.88095110958683 3.2607942488604813 60.7997
    endloop
  endfacet
  facet normal -0.6870718296638642 0.2500736948004644 -0.6821989798080865
    outer loop
      vertex 124.54007092198582 4 59.399699999999996
      vertex 122.88095110958683 3.2607942488604813 60.7997
      vertex 123.15 4 60.7997
    endloop
  endfacet
  facet normal 0 1 0
    outer loop
      vertex 122.2855836523333 2.9062850062605747 60.7897
      vertex 122.26692308965103 2.9062850062605747 60.7997
      vertex 122.3553695435312 2.9062850062605747 60.7897
    endloop
  endfacet
  facet normal 0 0 1
    outer loop
      vertex 122.2855836523333 2.9062850062605747 60.7897
      vertex 122.3553695435312 2.9062850062605747 60.7897
      vertex 122.40579420819138 2.975688603044673 60.7897
    endloop
  endfacet
  facet normal -8.503298120775796e-16 1 -7.520865650686532e-15
    outer loop
      vertex 122.26692308965103 2.9062850062605747 60.7997
      vertex 122.3553695435312 2.906285006260584 62.029700000000005
      vertex 122.3553695435312 2.9062850062605747 60.7897
    endloop
  endfacet
  facet normal -0.809016994374944 0.5877852522924778 -4.420653913946613e-15
    outer loop
      vertex 122.3553695435312 2.9062850062605747 60.7897
      vertex 122.3553695435312 2.906285006260584 62.029700000000005
      vertex 122.40579420819138 2.975688603044673 60.7897
    endloop
  endfacet
  facet normal -0.8090169943748927 0.5877852522925485 1.628003892021222e-15
    outer loop
      vertex 122.40579420819138 2.975688603044673 60.7897
      vertex 122.3553695435312 2.906285006260584 62.029700000000005
      vertex 122.41927763011911 2.994246941212083 60.7997
    endloop
  endfacet
  facet normal -0.8090169943749477 0.5877852522924729 -6.640791862696503e-15
    outer loop
      vertex 122.41927763011911 2.994246941212083 60.7997
      vertex 122.3553695435312 2.906285006260584 62.029700000000005
      vertex 123.15 4 61.18970000000001
    endloop
  endfacet
  facet normal 0 0 -1
    outer loop
      vertex 122.41927763011911 2.994246941212083 60.7997
      vertex 123.15 4 60.7997
      vertex 122.88095110958683 3.2607942488604813 60.7997
    endloop
  endfacet
  facet normal -0.8090169943749487 0.5877852522924711 0
    outer loop
      vertex 122.41927763011911 2.994246941212083 60.7997
      vertex 123.15 4 61.18970000000001
      vertex 123.15 4 60.7997
    endloop
  endfacet
  facet normal -0.809016994374886 0.5877852522925578 7.668705116154418e-13
    outer loop
      vertex 122.3553695435312 2.906285006260584 62.029700000000005
      vertex 122.38061826674058 2.9410368924009576 62.029700000000005
      vertex 122.38226534297628 2.9433038983534145 62.02669504289871
    endloop
  endfacet
  facet normal -0.8090169943749128 0.5877852522925208 9.366466250929315e-14
    outer loop
      vertex 123.15 4 61.18970000000001
      vertex 122.3553695435312 2.906285006260584 62.029700000000005
      vertex 122.38226534297628 2.9433038983534145 62.02669504289871
    endloop
  endfacet
  facet normal -0.8090169943749456 0.5877852522924757 1.6497991204654994e-15
    outer loop
      vertex 123.15 4 61.18970000000001
      vertex 122.38226534297628 2.9433038983534145 62.02669504289871
      vertex 123.03796952454707 3.8458032790447825 62.02669504289873
    endloop
  endfacet
  facet normal -0.8090169943750195 0.5877852522923739 -2.706100546130118e-14
    outer loop
      vertex 123.15 4 61.18970000000001
      vertex 123.03796952454707 3.8458032790447825 62.02669504289873
      vertex 123.05260318681778 3.8659447872244757 62.02970000000001
    endloop
  endfacet
  facet normal -0.809016994374939 0.5877852522924846 0
    outer loop
      vertex 123.15 4 61.18970000000001
      vertex 123.05260318681778 3.8659447872244757 62.02970000000001
      vertex 123.15 4 62.02970000000001
    endloop
  endfacet
  facet normal 0 0 -1
    outer loop
      vertex 123.05260318681778 3.8659447872244757 62.02970000000001
      vertex 123.13000000000001 4 62.02970000000001
      vertex 123.15 4 62.02970000000001
    endloop
  endfacet
  facet normal -1 0 0
    outer loop
      vertex 124.55 4 59.399699999999996
      vertex 124.55 22.15 49.12587659821476
      vertex 124.55 26.65 44.994123401785245
    endloop
  endfacet
  facet normal -1 0 0
    outer loop
      vertex 124.55 4 59.399699999999996
      vertex 124.55 22.15 52.994123401785245
      vertex 124.55 22.15 49.12587659821476
    endloop
  endfacet
  facet normal -1 0 0
    outer loop
      vertex 124.55 4 59.399699999999996
      vertex 124.55 25.5 54.928246803570495
      vertex 124.55 22.15 52.994123401785245
    endloop
  endfacet
  facet normal -1 0 0
    outer loop
      vertex 124.55 28.85 33.12587659821476
      vertex 124.55 28.85 36.994123401785245
      vertex 124.55 31.15 33.12587659821476
    endloop
  endfacet
  facet normal -1 0 0
    outer loop
      vertex 124.55 28.85 36.994123401785245
      vertex 124.55 31.15 36.994123401785245
      vertex 124.55 31.15 33.12587659821476
    endloop
  endfacet
  facet normal -1 0 0
    outer loop
      vertex 124.55 30 39.19175319642951
      vertex 124.55 28.85 36.994123401785245
      vertex 124.55 25.5 38.928246803570495
    endloop
  endfacet
  facet normal -1 0 0
    outer loop
      vertex 124.55 25.5 38.928246803570495
      vertex 124.55 26.65 41.12587659821476
      vertex 124.55 30 39.19175319642951
    endloop
  endfacet
  facet normal -1 0 0
    outer loop
      vertex 124.55 30 39.19175319642951
      vertex 124.55 31.15 36.994123401785245
      vertex 124.55 28.85 36.994123401785245
    endloop
  endfacet
  facet normal -1 0 0
    outer loop
      vertex 124.55 30 39.19175319642951
      vertex 124.55 33.35 41.12587659821476
      vertex 124.55 31.15 36.994123401785245
    endloop
  endfacet
  facet normal -1 0 0
    outer loop
      vertex 124.55 26.65 44.994123401785245
      vertex 124.55 22.15 49.12587659821476
      vertex 124.55 25.5 47.19175319642951
    endloop
  endfacet
  facet normal -1 0 0
    outer loop
      vertex 124.55 25.5 47.19175319642951
      vertex 124.55 30 46.928246803570495
      vertex 124.55 26.65 44.994123401785245
    endloop
  endfacet
  facet normal -1 0 0
    outer loop
      vertex 124.55 25.5 47.19175319642951
      vertex 124.55 34.5 47.19175319642951
      vertex 124.55 30 46.928246803570495
    endloop
  endfacet
  facet normal -1 0 0
    outer loop
      vertex 124.55 25.5 47.19175319642951
      vertex 124.55 28.85 49.12587659821476
      vertex 124.55 34.5 47.19175319642951
    endloop
  endfacet
  facet normal -1 0 0
    outer loop
      vertex 124.55 28.85 49.12587659821476
      vertex 124.55 31.15 49.12587659821476
      vertex 124.55 34.5 47.19175319642951
    endloop
  endfacet
  facet normal -1 0 0
    outer loop
      vertex 124.55 33.35 41.12587659821476
      vertex 124.55 34.5 38.928246803570495
      vertex 124.55 31.15 36.994123401785245
    endloop
  endfacet
  facet normal -1 0 0
    outer loop
      vertex 124.55 33.35 41.12587659821476
      vertex 124.55 40.15 36.994123401785245
      vertex 124.55 34.5 38.928246803570495
    endloop
  endfacet
  facet normal -1 0 0
    outer loop
      vertex 124.55 33.35 41.12587659821476
      vertex 124.55 35.65 41.12587659821476
      vertex 124.55 39 39.19175319642951
    endloop
  endfacet
  facet normal -1 0 0
    outer loop
      vertex 124.55 39 30.92824680357049
      vertex 124.55 37.85 33.12587659821476
      vertex 124.55 37.85 36.994123401785245
    endloop
  endfacet
  facet normal -1 0 0
    outer loop
      vertex 124.55 39 30.92824680357049
      vertex 124.55 37.85 36.994123401785245
      vertex 124.55 40.15 33.12587659821476
    endloop
  endfacet
  facet normal -1 0 0
    outer loop
      vertex 124.55 40.15 36.994123401785245
      vertex 124.55 40.15 33.12587659821476
      vertex 124.55 37.85 36.994123401785245
    endloop
  endfacet
  facet normal -1 0 0
    outer loop
      vertex 124.55 40.15 36.994123401785245
      vertex 124.55 37.85 36.994123401785245
      vertex 124.55 34.5 38.928246803570495
    endloop
  endfacet
  facet normal -1 0 0
    outer loop
      vertex 124.55 40.15 36.994123401785245
      vertex 124.55 33.35 41.12587659821476
      vertex 124.55 39 39.19175319642951
    endloop
  endfacet
  facet normal -1 0 0
    outer loop
      vertex 124.55 39 39.19175319642951
      vertex 124.55 42.35 41.12587659821476
      vertex 124.55 40.15 36.994123401785245
    endloop
  endfacet
  facet normal -1 0 0
    outer loop
      vertex 124.55 33.35 41.12587659821476
      vertex 124.55 33.35 44.994123401785245
      vertex 124.55 35.65 41.12587659821476
    endloop
  endfacet
  facet normal -1 0 0
    outer loop
      vertex 124.55 35.65 41.12587659821476
      vertex 124.55 33.35 44.994123401785245
      vertex 124.55 35.65 44.994123401785245
    endloop
  endfacet
  facet normal -1 0 0
    outer loop
      vertex 124.55 33.35 44.994123401785245
      vertex 124.55 30 46.928246803570495
      vertex 124.55 35.65 44.994123401785245
    endloop
  endfacet
  facet normal -1 0 0
    outer loop
      vertex 124.55 34.5 47.19175319642951
      vertex 124.55 39 46.928246803570495
      vertex 124.55 30 46.928246803570495
    endloop
  endfacet
  facet normal -1 0 0
    outer loop
      vertex 124.55 39 46.928246803570495
      vertex 124.55 35.65 44.994123401785245
      vertex 124.55 30 46.928246803570495
    endloop
  endfacet
  facet normal -1 0 0
    outer loop
      vertex 124.55 34.5 47.19175319642951
      vertex 124.55 43.5 47.19175319642951
      vertex 124.55 39 46.928246803570495
    endloop
  endfacet
  facet normal -1 0 0
    outer loop
      vertex 124.55 34.5 47.19175319642951
      vertex 124.55 37.85 49.12587659821476
      vertex 124.55 43.5 47.19175319642951
    endloop
  endfacet
  facet normal -1 0 0
    outer loop
      vertex 124.55 37.85 49.12587659821476
      vertex 124.55 40.15 49.12587659821476
      vertex 124.55 43.5 47.19175319642951
    endloop
  endfacet
  facet normal -1 0 0
    outer loop
      vertex 124.55 4 59.399699999999996
      vertex 124.55 34.5 54.928246803570495
      vertex 124.55 25.5 54.928246803570495
    endloop
  endfacet
  facet normal -1 0 0
    outer loop
      vertex 124.55 28.85 49.12587659821476
      vertex 124.55 28.85 52.994123401785245
      vertex 124.55 31.15 49.12587659821476
    endloop
  endfacet
  facet normal -1 0 0
    outer loop
      vertex 124.55 28.85 52.994123401785245
      vertex 124.55 31.15 52.994123401785245
      vertex 124.55 31.15 49.12587659821476
    endloop
  endfacet
  facet normal -1 0 0
    outer loop
      vertex 124.55 28.85 52.994123401785245
      vertex 124.55 25.5 54.928246803570495
      vertex 124.55 31.15 52.994123401785245
    endloop
  endfacet
  facet normal -1 0 0
    outer loop
      vertex 124.55 25.5 54.928246803570495
      vertex 124.55 34.5 54.928246803570495
      vertex 124.55 31.15 52.994123401785245
    endloop
  endfacet
  facet normal 0 0 -1
    outer loop
      vertex 124.55 4 59.399699999999996
      vertex 124.54007092198582 4 59.399699999999996
      vertex 124.54007092198582 80 59.399699999999996
    endloop
  endfacet
  facet normal -1 0 0
    outer loop
      vertex 123.15 4 60.7997
      vertex 123.15 4 61.18970000000001
      vertex 123.15 80 61.18970000000001
    endloop
  endfacet
  facet normal -1 0 0
    outer loop
      vertex 123.15 4 61.18970000000001
      vertex 123.15 4 62.02970000000001
      vertex 123.15 80 61.18970000000001
    endloop
  endfacet
  facet normal -0.7096186819640963 0 -0.7045859253544162
    outer loop
      vertex 124.54007092198582 4 59.399699999999996
      vertex 123.15 4 60.7997
      vertex 124.54007092198582 80 59.399699999999996
    endloop
  endfacet
  facet normal 0 0 -1
    outer loop
      vertex 123.15 4 62.02970000000001
      vertex 123.13000000000001 4 62.02970000000001
      vertex 123.15 80 62.02970000000001
    endloop
  endfacet
  facet normal -1 0 0
    outer loop
      vertex 124.55 37.85 49.12587659821476
      vertex 124.55 37.85 52.994123401785245
      vertex 124.55 40.15 49.12587659821476
    endloop
  endfacet
  facet normal -1 0 0
    outer loop
      vertex 124.55 37.85 52.994123401785245
      vertex 124.55 40.15 52.994123401785245
      vertex 124.55 40.15 49.12587659821476
    endloop
  endfacet
  facet normal -1 0 0
    outer loop
      vertex 124.55 37.85 52.994123401785245
      vertex 124.55 34.5 54.928246803570495
      vertex 124.55 40.15 52.994123401785245
    endloop
  endfacet
  facet normal -1 0 0
    outer loop
      vertex 124.55 34.5 54.928246803570495
      vertex 124.55 43.5 54.928246803570495
      vertex 124.55 40.15 52.994123401785245
    endloop
  endfacet
  facet normal -1 0 0
    outer loop
      vertex 124.55 4 59.399699999999996
      vertex 124.55 80 59.399699999999996
      vertex 124.55 34.5 54.928246803570495
    endloop
  endfacet
  facet normal 0 0 1
    outer loop
      vertex 76.02601176630928 47.970800865971505 5.66
      vertex 78.66109358143338 49.48209778935149 5.66
      vertex 43.60378381699593 80.4 5.66
    endloop
  endfacet
  facet normal 0 0 1
    outer loop
      vertex 43.60378381699593 80.4 5.66
      vertex 78.66109358143338 49.48209778935149 5.66
      vertex 82.55 79.5 5.66
    endloop
  endfacet
  facet normal 0 0 1
    outer loop
      vertex 82.55 80 5.66
      vertex 43.60378381699593 80.4 5.66
      vertex 82.55 79.5 5.66
    endloop
  endfacet
  facet normal 0 0 1
    outer loop
      vertex 82.55 80 5.66
      vertex 82.40441190629352 80.4 5.66
      vertex 43.60378381699593 80.4 5.66
    endloop
  endfacet
  facet normal 0 0 -1
    outer loop
      vertex 82.55 80 9.05
      vertex 82.55 79.5 9.05
      vertex 43.60378381699593 79.5 9.05
    endloop
  endfacet
  facet normal 0 0 -1
    outer loop
      vertex 82.55 80 9.05
      vertex 43.60378381699593 79.5 9.05
      vertex 82.40441190629352 80.4 9.05
    endloop
  endfacet
  facet normal 0 0 1
    outer loop
      vertex 86.41840816689555 53.93114586042538 5.66
      vertex 85.60378381699593 80.4 5.66
      vertex 85.60378381699593 79.5 5.66
    endloop
  endfacet
  facet normal -1 0 0
    outer loop
      vertex 82.55 80 5.66
      vertex 82.55 79.5 5.66
      vertex 82.55 79.5 9.05
    endloop
  endfacet
  facet normal -1 0 0
    outer loop
      vertex 82.55 80 5.66
      vertex 82.55 79.5 9.05
      vertex 82.55 80 9.05
    endloop
  endfacet
  facet normal -0.9396926207859114 -0.3420201433256606 0
    outer loop
      vertex 82.55 80 5.66
      vertex 82.55 80 9.05
      vertex 82.40441190629352 80.4 5.66
    endloop
  endfacet
  facet normal -0.9396926207859114 -0.3420201433256606 0
    outer loop
      vertex 82.55 80 9.05
      vertex 82.40441190629352 80.4 9.05
      vertex 82.40441190629352 80.4 5.66
    endloop
  endfacet
  facet normal 1 0 0
    outer loop
      vertex 85.60378381699593 79.5 5.66
      vertex 85.60378381699593 80.4 9.05
      vertex 85.60378381699593 79.5 9.05
    endloop
  endfacet
  facet normal 1 0 0
    outer loop
      vertex 85.60378381699593 79.5 5.66
      vertex 85.60378381699593 80.4 5.66
      vertex 85.60378381699593 80.4 9.05
    endloop
  endfacet
  facet normal 0 0 1
    outer loop
      vertex 124.55 80 10.65
      vertex 1.6037838169959322 80.4 10.65
      vertex 124.55 79.5 10.65
    endloop
  endfacet
  facet normal 0 0 1
    outer loop
      vertex 124.55 80 10.65
      vertex 124.40441190629352 80.4 10.65
      vertex 1.6037838169959322 80.4 10.65
    endloop
  endfacet
  facet normal -1 0 0
    outer loop
      vertex 124.55 44.9518860530663 16.03
      vertex 124.55 49.15 17.125876598214752
      vertex 124.55 51.0481139469337 16.03
    endloop
  endfacet
  facet normal -1 0 0
    outer loop
      vertex 124.55 53.9518860530663 16.03
      vertex 124.55 58.15 17.125876598214752
      vertex 124.55 60.0481139469337 16.03
    endloop
  endfacet
  facet normal -1 0 0
    outer loop
      vertex 124.55 46.85 17.125876598214752
      vertex 124.55 49.15 17.125876598214752
      vertex 124.55 44.9518860530663 16.03
    endloop
  endfacet
  facet normal -1 0 0
    outer loop
      vertex 124.55 40.15 20.994123401785245
      vertex 124.55 42.35 25.125876598214752
      vertex 124.55 43.5 22.92824680357049
    endloop
  endfacet
  facet normal -1 0 0
    outer loop
      vertex 124.55 42.35 25.125876598214752
      vertex 124.55 44.65 25.125876598214752
      vertex 124.55 43.5 22.92824680357049
    endloop
  endfacet
  facet normal -1 0 0
    outer loop
      vertex 124.55 48 23.191753196429506
      vertex 124.55 46.85 20.994123401785245
      vertex 124.55 43.5 22.92824680357049
    endloop
  endfacet
  facet normal -1 0 0
    outer loop
      vertex 124.55 43.5 22.92824680357049
      vertex 124.55 44.65 25.125876598214752
      vertex 124.55 48 23.191753196429506
    endloop
  endfacet
  facet normal -1 0 0
    outer loop
      vertex 124.55 46.85 17.125876598214752
      vertex 124.55 46.85 20.994123401785245
      vertex 124.55 49.15 17.125876598214752
    endloop
  endfacet
  facet normal -1 0 0
    outer loop
      vertex 124.55 49.15 17.125876598214752
      vertex 124.55 46.85 20.994123401785245
      vertex 124.55 49.15 20.994123401785245
    endloop
  endfacet
  facet normal -1 0 0
    outer loop
      vertex 124.55 49.15 20.994123401785245
      vertex 124.55 46.85 20.994123401785245
      vertex 124.55 48 23.191753196429506
    endloop
  endfacet
  facet normal -1 0 0
    outer loop
      vertex 124.55 49.15 20.994123401785245
      vertex 124.55 48 23.191753196429506
      vertex 124.55 51.35 25.125876598214752
    endloop
  endfacet
  facet normal -1 0 0
    outer loop
      vertex 124.55 49.15 20.994123401785245
      vertex 124.55 51.35 25.125876598214752
      vertex 124.55 52.5 22.92824680357049
    endloop
  endfacet
  facet normal -1 0 0
    outer loop
      vertex 124.55 42.35 25.125876598214752
      vertex 124.55 42.35 28.994123401785245
      vertex 124.55 44.65 25.125876598214752
    endloop
  endfacet
  facet normal -1 0 0
    outer loop
      vertex 124.55 44.65 25.125876598214752
      vertex 124.55 42.35 28.994123401785245
      vertex 124.55 44.65 28.994123401785245
    endloop
  endfacet
  facet normal -1 0 0
    outer loop
      vertex 124.55 39 30.92824680357049
      vertex 124.55 44.65 28.994123401785245
      vertex 124.55 42.35 28.994123401785245
    endloop
  endfacet
  facet normal -1 0 0
    outer loop
      vertex 124.55 39 30.92824680357049
      vertex 124.55 48 30.92824680357049
      vertex 124.55 44.65 28.994123401785245
    endloop
  endfacet
  facet normal -1 0 0
    outer loop
      vertex 124.55 39 30.92824680357049
      vertex 124.55 43.5 31.19175319642951
      vertex 124.55 48 30.92824680357049
    endloop
  endfacet
  facet normal -1 0 0
    outer loop
      vertex 124.55 43.5 31.19175319642951
      vertex 124.55 46.85 33.12587659821476
      vertex 124.55 48 30.92824680357049
    endloop
  endfacet
  facet normal -1 0 0
    outer loop
      vertex 124.55 51.35 25.125876598214752
      vertex 124.55 51.35 28.994123401785245
      vertex 124.55 53.65 25.125876598214752
    endloop
  endfacet
  facet normal -1 0 0
    outer loop
      vertex 124.55 46.85 33.12587659821476
      vertex 124.55 51.35 28.994123401785245
      vertex 124.55 48 30.92824680357049
    endloop
  endfacet
  facet normal -1 0 0
    outer loop
      vertex 124.55 46.85 33.12587659821476
      vertex 124.55 53.65 28.994123401785245
      vertex 124.55 51.35 28.994123401785245
    endloop
  endfacet
  facet normal -1 0 0
    outer loop
      vertex 124.55 53.65 28.994123401785245
      vertex 124.55 46.85 33.12587659821476
      vertex 124.55 49.15 33.12587659821476
    endloop
  endfacet
  facet normal -1 0 0
    outer loop
      vertex 124.55 53.65 28.994123401785245
      vertex 124.55 49.15 33.12587659821476
      vertex 124.55 52.5 31.19175319642951
    endloop
  endfacet
  facet normal -1 0 0
    outer loop
      vertex 124.55 55.85 17.125876598214752
      vertex 124.55 58.15 17.125876598214752
      vertex 124.55 53.9518860530663 16.03
    endloop
  endfacet
  facet normal -1 0 0
    outer loop
      vertex 124.55 55.85 17.125876598214752
      vertex 124.55 55.85 20.994123401785245
      vertex 124.55 58.15 17.125876598214752
    endloop
  endfacet
  facet normal -1 0 0
    outer loop
      vertex 124.55 58.15 17.125876598214752
      vertex 124.55 55.85 20.994123401785245
      vertex 124.55 58.15 20.994123401785245
    endloop
  endfacet
  facet normal -1 0 0
    outer loop
      vertex 124.55 51.35 25.125876598214752
      vertex 124.55 53.65 25.125876598214752
      vertex 124.55 52.5 22.92824680357049
    endloop
  endfacet
  facet normal -1 0 0
    outer loop
      vertex 124.55 52.5 22.92824680357049
      vertex 124.55 53.65 25.125876598214752
      vertex 124.55 57 23.191753196429506
    endloop
  endfacet
  facet normal -1 0 0
    outer loop
      vertex 124.55 57 23.191753196429506
      vertex 124.55 55.85 20.994123401785245
      vertex 124.55 52.5 22.92824680357049
    endloop
  endfacet
  facet normal -1 0 0
    outer loop
      vertex 124.55 57 23.191753196429506
      vertex 124.55 58.15 20.994123401785245
      vertex 124.55 55.85 20.994123401785245
    endloop
  endfacet
  facet normal -1 0 0
    outer loop
      vertex 124.55 57 23.191753196429506
      vertex 124.55 60.35 25.125876598214752
      vertex 124.55 58.15 20.994123401785245
    endloop
  endfacet
  facet normal -1 0 0
    outer loop
      vertex 124.55 58.15 20.994123401785245
      vertex 124.55 60.35 25.125876598214752
      vertex 124.55 61.5 22.92824680357049
    endloop
  endfacet
  facet normal -1 0 0
    outer loop
      vertex 124.55 60.35 25.125876598214752
      vertex 124.55 62.65 25.125876598214752
      vertex 124.55 61.5 22.92824680357049
    endloop
  endfacet
  facet normal -1 0 0
    outer loop
      vertex 124.55 53.65 28.994123401785245
      vertex 124.55 53.65 25.125876598214752
      vertex 124.55 51.35 28.994123401785245
    endloop
  endfacet
  facet normal -1 0 0
    outer loop
      vertex 124.55 53.65 28.994123401785245
      vertex 124.55 52.5 31.19175319642951
      vertex 124.55 55.85 33.12587659821476
    endloop
  endfacet
  facet normal -1 0 0
    outer loop
      vertex 124.55 57 30.92824680357049
      vertex 124.55 53.65 28.994123401785245
      vertex 124.55 55.85 33.12587659821476
    endloop
  endfacet
  facet normal -1 0 0
    outer loop
      vertex 124.55 60.35 25.125876598214752
      vertex 124.55 60.35 28.994123401785245
      vertex 124.55 62.65 25.125876598214752
    endloop
  endfacet
  facet normal -1 0 0
    outer loop
      vertex 124.55 60.35 28.994123401785245
      vertex 124.55 62.65 28.994123401785245
      vertex 124.55 62.65 25.125876598214752
    endloop
  endfacet
  facet normal -1 0 0
    outer loop
      vertex 124.55 57 30.92824680357049
      vertex 124.55 62.65 28.994123401785245
      vertex 124.55 60.35 28.994123401785245
    endloop
  endfacet
  facet normal -1 0 0
    outer loop
      vertex 124.55 57 30.92824680357049
      vertex 124.55 55.85 33.12587659821476
      vertex 124.55 61.5 31.19175319642951
    endloop
  endfacet
  facet normal -1 0 0
    outer loop
      vertex 124.55 55.85 33.12587659821476
      vertex 124.55 58.15 33.12587659821476
      vertex 124.55 61.5 31.19175319642951
    endloop
  endfacet
  facet normal -1 0 0
    outer loop
      vertex 124.55 61.5 31.19175319642951
      vertex 124.55 62.65 28.994123401785245
      vertex 124.55 57 30.92824680357049
    endloop
  endfacet
  facet normal 0 0 1
    outer loop
      vertex 86.41840816689555 53.93114586042538 5.66
      vertex 124.4790243077407 75.76002864708659 5.66
      vertex 85.60378381699593 80.4 5.66
    endloop
  endfacet
  facet normal 0 0 -1
    outer loop
      vertex 85.60378381699593 79.5 9.05
      vertex 85.60378381699593 80.4 9.05
      vertex 124.40441190629352 80.4 9.05
    endloop
  endfacet
  facet normal -1 0 0
    outer loop
      vertex 124.55 62.9518860530663 16.03
      vertex 124.55 67.15 17.125876598214752
      vertex 124.55 69.0481139469337 16.03
    endloop
  endfacet
  facet normal 0 0 1
    outer loop
      vertex 124.4790243077407 75.76002864708659 5.66
      vertex 123.95341332995339 80.4 5.66
      vertex 85.60378381699593 80.4 5.66
    endloop
  endfacet
  facet normal 0 0 1
    outer loop
      vertex 124.4790243077407 75.76002864708659 5.66
      vertex 124.40441190629352 80.4 5.66
      vertex 123.95341332995339 80.4 5.66
    endloop
  endfacet
  facet normal 0 0 1
    outer loop
      vertex 124.40441190629352 80.4 5.66
      vertex 124.4790243077407 75.76002864708659 5.66
      vertex 124.54163016841959 79.5 5.66
    endloop
  endfacet
  facet normal 0 0 1
    outer loop
      vertex 124.55 80 5.66
      vertex 124.54163016841959 79.5 5.66
      vertex 124.55 79.5 5.66
    endloop
  endfacet
  facet normal 0 0 1
    outer loop
      vertex 124.55 80 5.66
      vertex 124.40441190629352 80.4 5.66
      vertex 124.54163016841959 79.5 5.66
    endloop
  endfacet
  facet normal -1 0 0
    outer loop
      vertex 124.55 80 5.66
      vertex 124.55 79.5 5.66
      vertex 124.55 79.5 9.05
    endloop
  endfacet
  facet normal -1 0 0
    outer loop
      vertex 124.55 80 5.66
      vertex 124.55 79.5 9.05
      vertex 124.55 80 9.05
    endloop
  endfacet
  facet normal -0.9396926207859114 -0.3420201433256606 0
    outer loop
      vertex 124.55 80 5.66
      vertex 124.55 80 9.05
      vertex 124.40441190629352 80.4 5.66
    endloop
  endfacet
  facet normal -0.9396926207859114 -0.3420201433256606 0
    outer loop
      vertex 124.55 80 9.05
      vertex 124.40441190629352 80.4 9.05
      vertex 124.40441190629352 80.4 5.66
    endloop
  endfacet
  facet normal 0 0 -1
    outer loop
      vertex 124.55 80 9.05
      vertex 124.55 79.5 9.05
      vertex 85.60378381699593 79.5 9.05
    endloop
  endfacet
  facet normal 0 0 -1
    outer loop
      vertex 124.55 80 9.05
      vertex 85.60378381699593 79.5 9.05
      vertex 124.40441190629352 80.4 9.05
    endloop
  endfacet
  facet normal -1 0 0
    outer loop
      vertex 124.55 71.9518860530663 16.03
      vertex 124.55 73.85 17.125876598214752
      vertex 124.55 79.5 16.03
    endloop
  endfacet
  facet normal -1 0 0
    outer loop
      vertex 124.55 80 10.65
      vertex 124.55 79.5 10.65
      vertex 124.55 79.5 16.03
    endloop
  endfacet
  facet normal -1 0 0
    outer loop
      vertex 124.55 64.85 17.125876598214752
      vertex 124.55 67.15 17.125876598214752
      vertex 124.55 62.9518860530663 16.03
    endloop
  endfacet
  facet normal -1 0 0
    outer loop
      vertex 124.55 67.15 17.125876598214752
      vertex 124.55 64.85 17.125876598214752
      vertex 124.55 64.85 20.994123401785245
    endloop
  endfacet
  facet normal -1 0 0
    outer loop
      vertex 124.55 67.15 17.125876598214752
      vertex 124.55 64.85 20.994123401785245
      vertex 124.55 67.15 20.994123401785245
    endloop
  endfacet
  facet normal -1 0 0
    outer loop
      vertex 124.55 61.5 22.92824680357049
      vertex 124.55 66 23.191753196429506
      vertex 124.55 64.85 20.994123401785245
    endloop
  endfacet
  facet normal -1 0 0
    outer loop
      vertex 124.55 61.5 22.92824680357049
      vertex 124.55 62.65 25.125876598214752
      vertex 124.55 66 23.191753196429506
    endloop
  endfacet
  facet normal -1 0 0
    outer loop
      vertex 124.55 66 23.191753196429506
      vertex 124.55 67.15 20.994123401785245
      vertex 124.55 64.85 20.994123401785245
    endloop
  endfacet
  facet normal -1 0 0
    outer loop
      vertex 124.55 66 23.191753196429506
      vertex 124.55 69.35 25.125876598214752
      vertex 124.55 67.15 20.994123401785245
    endloop
  endfacet
  facet normal -1 0 0
    outer loop
      vertex 124.55 69.35 25.125876598214752
      vertex 124.55 70.5 22.92824680357049
      vertex 124.55 67.15 20.994123401785245
    endloop
  endfacet
  facet normal -1 0 0
    outer loop
      vertex 124.55 69.35 25.125876598214752
      vertex 124.55 71.65 25.125876598214752
      vertex 124.55 70.5 22.92824680357049
    endloop
  endfacet
  facet normal -1 0 0
    outer loop
      vertex 124.55 70.5 22.92824680357049
      vertex 124.55 75 23.191753196429506
      vertex 124.55 73.85 20.994123401785245
    endloop
  endfacet
  facet normal -1 0 0
    outer loop
      vertex 124.55 70.5 22.92824680357049
      vertex 124.55 71.65 25.125876598214752
      vertex 124.55 75 23.191753196429506
    endloop
  endfacet
  facet normal -1 0 0
    outer loop
      vertex 124.55 61.5 31.19175319642951
      vertex 124.55 64.85 33.12587659821476
      vertex 124.55 62.65 28.994123401785245
    endloop
  endfacet
  facet normal -1 0 0
    outer loop
      vertex 124.55 66 30.92824680357049
      vertex 124.55 62.65 28.994123401785245
      vertex 124.55 64.85 33.12587659821476
    endloop
  endfacet
  facet normal -1 0 0
    outer loop
      vertex 124.55 66 30.92824680357049
      vertex 124.55 64.85 33.12587659821476
      vertex 124.55 70.5 31.19175319642951
    endloop
  endfacet
  facet normal -1 0 0
    outer loop
      vertex 124.55 64.85 33.12587659821476
      vertex 124.55 67.15 33.12587659821476
      vertex 124.55 70.5 31.19175319642951
    endloop
  endfacet
  facet normal -1 0 0
    outer loop
      vertex 124.55 69.35 25.125876598214752
      vertex 124.55 69.35 28.994123401785245
      vertex 124.55 71.65 25.125876598214752
    endloop
  endfacet
  facet normal -1 0 0
    outer loop
      vertex 124.55 71.65 25.125876598214752
      vertex 124.55 69.35 28.994123401785245
      vertex 124.55 71.65 28.994123401785245
    endloop
  endfacet
  facet normal -1 0 0
    outer loop
      vertex 124.55 71.65 28.994123401785245
      vertex 124.55 69.35 28.994123401785245
      vertex 124.55 66 30.92824680357049
    endloop
  endfacet
  facet normal -1 0 0
    outer loop
      vertex 124.55 71.65 28.994123401785245
      vertex 124.55 66 30.92824680357049
      vertex 124.55 70.5 31.19175319642951
    endloop
  endfacet
  facet normal -1 0 0
    outer loop
      vertex 124.55 71.65 28.994123401785245
      vertex 124.55 70.5 31.19175319642951
      vertex 124.55 73.85 33.12587659821476
    endloop
  endfacet
  facet normal -1 0 0
    outer loop
      vertex 124.55 79.5 16.03
      vertex 124.55 73.85 17.125876598214752
      vertex 124.55 73.85 20.994123401785245
    endloop
  endfacet
  facet normal -1 0 0
    outer loop
      vertex 124.55 79.5 16.03
      vertex 124.55 73.85 20.994123401785245
      vertex 124.55 75 23.191753196429506
    endloop
  endfacet
  facet normal -1 0 0
    outer loop
      vertex 124.55 79.5 16.03
      vertex 124.55 75 23.191753196429506
      vertex 124.55 78.35 25.125876598214752
    endloop
  endfacet
  facet normal -1 0 0
    outer loop
      vertex 124.55 79.5 16.03
      vertex 124.55 78.35 25.125876598214752
      vertex 124.55 78.35 28.994123401785245
    endloop
  endfacet
  facet normal -1 0 0
    outer loop
      vertex 124.55 71.65 28.994123401785245
      vertex 124.55 73.85 33.12587659821476
      vertex 124.55 75 30.92824680357049
    endloop
  endfacet
  facet normal -1 0 0
    outer loop
      vertex 124.55 79.5 16.03
      vertex 124.55 78.35 28.994123401785245
      vertex 124.55 78.35 41.12587659821476
    endloop
  endfacet
  facet normal -1 0 0
    outer loop
      vertex 124.55 80 10.65
      vertex 124.55 79.5 16.03
      vertex 124.55 80 59.399699999999996
    endloop
  endfacet
  facet normal -0.9396926207859114 -0.3420201433256606 0
    outer loop
      vertex 124.55 80 10.65
      vertex 124.55 80 59.399699999999996
      vertex 124.40441190629352 80.4 10.65
    endloop
  endfacet
  facet normal -1 0 0
    outer loop
      vertex 124.55 42.35 41.12587659821476
      vertex 124.55 43.5 38.928246803570495
      vertex 124.55 40.15 36.994123401785245
    endloop
  endfacet
  facet normal -1 0 0
    outer loop
      vertex 124.55 49.15 36.994123401785245
      vertex 124.55 46.85 36.994123401785245
      vertex 124.55 43.5 38.928246803570495
    endloop
  endfacet
  facet normal -1 0 0
    outer loop
      vertex 124.55 48 39.19175319642951
      vertex 124.55 49.15 36.994123401785245
      vertex 124.55 43.5 38.928246803570495
    endloop
  endfacet
  facet normal -1 0 0
    outer loop
      vertex 124.55 42.35 41.12587659821476
      vertex 124.55 48 39.19175319642951
      vertex 124.55 43.5 38.928246803570495
    endloop
  endfacet
  facet normal -1 0 0
    outer loop
      vertex 124.55 42.35 41.12587659821476
      vertex 124.55 44.65 41.12587659821476
      vertex 124.55 48 39.19175319642951
    endloop
  endfacet
  facet normal -1 0 0
    outer loop
      vertex 124.55 46.85 33.12587659821476
      vertex 124.55 46.85 36.994123401785245
      vertex 124.55 49.15 33.12587659821476
    endloop
  endfacet
  facet normal -1 0 0
    outer loop
      vertex 124.55 49.15 33.12587659821476
      vertex 124.55 46.85 36.994123401785245
      vertex 124.55 49.15 36.994123401785245
    endloop
  endfacet
  facet normal -1 0 0
    outer loop
      vertex 124.55 48 39.19175319642951
      vertex 124.55 51.35 41.12587659821476
      vertex 124.55 49.15 36.994123401785245
    endloop
  endfacet
  facet normal -1 0 0
    outer loop
      vertex 124.55 49.15 36.994123401785245
      vertex 124.55 51.35 41.12587659821476
      vertex 124.55 52.5 38.928246803570495
    endloop
  endfacet
  facet normal -1 0 0
    outer loop
      vertex 124.55 42.35 41.12587659821476
      vertex 124.55 42.35 44.994123401785245
      vertex 124.55 44.65 41.12587659821476
    endloop
  endfacet
  facet normal -1 0 0
    outer loop
      vertex 124.55 44.65 41.12587659821476
      vertex 124.55 42.35 44.994123401785245
      vertex 124.55 44.65 44.994123401785245
    endloop
  endfacet
  facet normal -1 0 0
    outer loop
      vertex 124.55 39 46.928246803570495
      vertex 124.55 44.65 44.994123401785245
      vertex 124.55 42.35 44.994123401785245
    endloop
  endfacet
  facet normal -1 0 0
    outer loop
      vertex 124.55 39 46.928246803570495
      vertex 124.55 48 46.928246803570495
      vertex 124.55 44.65 44.994123401785245
    endloop
  endfacet
  facet normal -1 0 0
    outer loop
      vertex 124.55 39 46.928246803570495
      vertex 124.55 43.5 47.19175319642951
      vertex 124.55 48 46.928246803570495
    endloop
  endfacet
  facet normal -1 0 0
    outer loop
      vertex 124.55 51.35 41.12587659821476
      vertex 124.55 51.35 44.994123401785245
      vertex 124.55 53.65 41.12587659821476
    endloop
  endfacet
  facet normal -1 0 0
    outer loop
      vertex 124.55 43.5 47.19175319642951
      vertex 124.55 52.5 47.19175319642951
      vertex 124.55 48 46.928246803570495
    endloop
  endfacet
  facet normal -1 0 0
    outer loop
      vertex 124.55 43.5 47.19175319642951
      vertex 124.55 46.85 49.12587659821476
      vertex 124.55 52.5 47.19175319642951
    endloop
  endfacet
  facet normal -1 0 0
    outer loop
      vertex 124.55 46.85 49.12587659821476
      vertex 124.55 49.15 49.12587659821476
      vertex 124.55 52.5 47.19175319642951
    endloop
  endfacet
  facet normal -1 0 0
    outer loop
      vertex 124.55 48 46.928246803570495
      vertex 124.55 53.65 44.994123401785245
      vertex 124.55 51.35 44.994123401785245
    endloop
  endfacet
  facet normal -1 0 0
    outer loop
      vertex 124.55 55.85 33.12587659821476
      vertex 124.55 55.85 36.994123401785245
      vertex 124.55 58.15 33.12587659821476
    endloop
  endfacet
  facet normal -1 0 0
    outer loop
      vertex 124.55 58.15 33.12587659821476
      vertex 124.55 55.85 36.994123401785245
      vertex 124.55 58.15 36.994123401785245
    endloop
  endfacet
  facet normal -1 0 0
    outer loop
      vertex 124.55 51.35 41.12587659821476
      vertex 124.55 57 39.19175319642951
      vertex 124.55 52.5 38.928246803570495
    endloop
  endfacet
  facet normal -1 0 0
    outer loop
      vertex 124.55 51.35 41.12587659821476
      vertex 124.55 53.65 41.12587659821476
      vertex 124.55 57 39.19175319642951
    endloop
  endfacet
  facet normal -1 0 0
    outer loop
      vertex 124.55 55.85 36.994123401785245
      vertex 124.55 52.5 38.928246803570495
      vertex 124.55 58.15 36.994123401785245
    endloop
  endfacet
  facet normal -1 0 0
    outer loop
      vertex 124.55 57 39.19175319642951
      vertex 124.55 58.15 36.994123401785245
      vertex 124.55 52.5 38.928246803570495
    endloop
  endfacet
  facet normal -1 0 0
    outer loop
      vertex 124.55 60.35 41.12587659821476
      vertex 124.55 61.5 38.928246803570495
      vertex 124.55 58.15 36.994123401785245
    endloop
  endfacet
  facet normal -1 0 0
    outer loop
      vertex 124.55 57 39.19175319642951
      vertex 124.55 60.35 41.12587659821476
      vertex 124.55 58.15 36.994123401785245
    endloop
  endfacet
  facet normal -1 0 0
    outer loop
      vertex 124.55 60.35 41.12587659821476
      vertex 124.55 66 39.19175319642951
      vertex 124.55 61.5 38.928246803570495
    endloop
  endfacet
  facet normal -1 0 0
    outer loop
      vertex 124.55 53.65 41.12587659821476
      vertex 124.55 51.35 44.994123401785245
      vertex 124.55 53.65 44.994123401785245
    endloop
  endfacet
  facet normal -1 0 0
    outer loop
      vertex 124.55 48 46.928246803570495
      vertex 124.55 57 46.928246803570495
      vertex 124.55 53.65 44.994123401785245
    endloop
  endfacet
  facet normal -1 0 0
    outer loop
      vertex 124.55 48 46.928246803570495
      vertex 124.55 52.5 47.19175319642951
      vertex 124.55 57 46.928246803570495
    endloop
  endfacet
  facet normal -1 0 0
    outer loop
      vertex 124.55 52.5 47.19175319642951
      vertex 124.55 61.5 47.19175319642951
      vertex 124.55 57 46.928246803570495
    endloop
  endfacet
  facet normal -1 0 0
    outer loop
      vertex 124.55 52.5 47.19175319642951
      vertex 124.55 55.85 49.12587659821476
      vertex 124.55 61.5 47.19175319642951
    endloop
  endfacet
  facet normal -1 0 0
    outer loop
      vertex 124.55 60.35 41.12587659821476
      vertex 124.55 60.35 44.994123401785245
      vertex 124.55 62.65 41.12587659821476
    endloop
  endfacet
  facet normal -1 0 0
    outer loop
      vertex 124.55 60.35 44.994123401785245
      vertex 124.55 62.65 44.994123401785245
      vertex 124.55 62.65 41.12587659821476
    endloop
  endfacet
  facet normal -1 0 0
    outer loop
      vertex 124.55 60.35 44.994123401785245
      vertex 124.55 57 46.928246803570495
      vertex 124.55 62.65 44.994123401785245
    endloop
  endfacet
  facet normal -1 0 0
    outer loop
      vertex 124.55 55.85 49.12587659821476
      vertex 124.55 58.15 49.12587659821476
      vertex 124.55 61.5 47.19175319642951
    endloop
  endfacet
  facet normal -1 0 0
    outer loop
      vertex 124.55 61.5 47.19175319642951
      vertex 124.55 66 46.928246803570495
      vertex 124.55 57 46.928246803570495
    endloop
  endfacet
  facet normal -1 0 0
    outer loop
      vertex 124.55 57 46.928246803570495
      vertex 124.55 66 46.928246803570495
      vertex 124.55 62.65 44.994123401785245
    endloop
  endfacet
  facet normal -1 0 0
    outer loop
      vertex 124.55 46.85 52.994123401785245
      vertex 124.55 43.5 54.928246803570495
      vertex 124.55 49.15 52.994123401785245
    endloop
  endfacet
  facet normal -1 0 0
    outer loop
      vertex 124.55 46.85 49.12587659821476
      vertex 124.55 46.85 52.994123401785245
      vertex 124.55 49.15 49.12587659821476
    endloop
  endfacet
  facet normal -1 0 0
    outer loop
      vertex 124.55 46.85 52.994123401785245
      vertex 124.55 49.15 52.994123401785245
      vertex 124.55 49.15 49.12587659821476
    endloop
  endfacet
  facet normal -1 0 0
    outer loop
      vertex 124.55 43.5 54.928246803570495
      vertex 124.55 52.5 54.928246803570495
      vertex 124.55 49.15 52.994123401785245
    endloop
  endfacet
  facet normal -1 0 0
    outer loop
      vertex 124.55 55.85 49.12587659821476
      vertex 124.55 55.85 52.994123401785245
      vertex 124.55 58.15 49.12587659821476
    endloop
  endfacet
  facet normal -1 0 0
    outer loop
      vertex 124.55 55.85 52.994123401785245
      vertex 124.55 58.15 52.994123401785245
      vertex 124.55 58.15 49.12587659821476
    endloop
  endfacet
  facet normal -1 0 0
    outer loop
      vertex 124.55 80 59.399699999999996
      vertex 124.55 43.5 54.928246803570495
      vertex 124.55 34.5 54.928246803570495
    endloop
  endfacet
  facet normal -1 0 0
    outer loop
      vertex 124.55 55.85 52.994123401785245
      vertex 124.55 52.5 54.928246803570495
      vertex 124.55 58.15 52.994123401785245
    endloop
  endfacet
  facet normal -1 0 0
    outer loop
      vertex 124.55 52.5 54.928246803570495
      vertex 124.55 61.5 54.928246803570495
      vertex 124.55 58.15 52.994123401785245
    endloop
  endfacet
  facet normal -1 0 0
    outer loop
      vertex 124.55 80 59.399699999999996
      vertex 124.55 52.5 54.928246803570495
      vertex 124.55 43.5 54.928246803570495
    endloop
  endfacet
  facet normal 0 0 -1
    outer loop
      vertex 124.55 4 59.399699999999996
      vertex 124.54007092198582 80 59.399699999999996
      vertex 124.55 80 59.399699999999996
    endloop
  endfacet
  facet normal -0.7096186819640963 0 -0.7045859253544162
    outer loop
      vertex 123.15 4 60.7997
      vertex 123.15 80 60.7997
      vertex 124.54007092198582 80 59.399699999999996
    endloop
  endfacet
  facet normal -1 0 0
    outer loop
      vertex 123.15 4 60.7997
      vertex 123.15 80 61.18970000000001
      vertex 123.15 80 60.7997
    endloop
  endfacet
  facet normal -1 0 0
    outer loop
      vertex 123.15 4 62.02970000000001
      vertex 123.15 80 62.02970000000001
      vertex 123.15 80 61.18970000000001
    endloop
  endfacet
  facet normal 0 0 -1
    outer loop
      vertex 123.13000000000001 4 62.02970000000001
      vertex 123.13000000000001 80 62.02970000000001
      vertex 123.15 80 62.02970000000001
    endloop
  endfacet
  facet normal -1 0 0
    outer loop
      vertex 124.55 64.85 33.12587659821476
      vertex 124.55 64.85 36.994123401785245
      vertex 124.55 67.15 33.12587659821476
    endloop
  endfacet
  facet normal -1 0 0
    outer loop
      vertex 124.55 67.15 33.12587659821476
      vertex 124.55 64.85 36.994123401785245
      vertex 124.55 67.15 36.994123401785245
    endloop
  endfacet
  facet normal -1 0 0
    outer loop
      vertex 124.55 61.5 38.928246803570495
      vertex 124.55 67.15 36.994123401785245
      vertex 124.55 64.85 36.994123401785245
    endloop
  endfacet
  facet normal -1 0 0
    outer loop
      vertex 124.55 61.5 38.928246803570495
      vertex 124.55 66 39.19175319642951
      vertex 124.55 67.15 36.994123401785245
    endloop
  endfacet
  facet normal -1 0 0
    outer loop
      vertex 124.55 60.35 41.12587659821476
      vertex 124.55 62.65 41.12587659821476
      vertex 124.55 66 39.19175319642951
    endloop
  endfacet
  facet normal -1 0 0
    outer loop
      vertex 124.55 66 39.19175319642951
      vertex 124.55 69.35 41.12587659821476
      vertex 124.55 67.15 36.994123401785245
    endloop
  endfacet
  facet normal -1 0 0
    outer loop
      vertex 124.55 70.5 38.928246803570495
      vertex 124.55 67.15 36.994123401785245
      vertex 124.55 69.35 41.12587659821476
    endloop
  endfacet
  facet normal -1 0 0
    outer loop
      vertex 124.55 70.5 38.928246803570495
      vertex 124.55 75 39.19175319642951
      vertex 124.55 73.85 36.994123401785245
    endloop
  endfacet
  facet normal -1 0 0
    outer loop
      vertex 124.55 70.5 38.928246803570495
      vertex 124.55 69.35 41.12587659821476
      vertex 124.55 75 39.19175319642951
    endloop
  endfacet
  facet normal -1 0 0
    outer loop
      vertex 124.55 69.35 41.12587659821476
      vertex 124.55 71.65 41.12587659821476
      vertex 124.55 75 39.19175319642951
    endloop
  endfacet
  facet normal -1 0 0
    outer loop
      vertex 124.55 61.5 47.19175319642951
      vertex 124.55 70.5 47.19175319642951
      vertex 124.55 66 46.928246803570495
    endloop
  endfacet
  facet normal -1 0 0
    outer loop
      vertex 124.55 61.5 47.19175319642951
      vertex 124.55 64.85 49.12587659821476
      vertex 124.55 70.5 47.19175319642951
    endloop
  endfacet
  facet normal -1 0 0
    outer loop
      vertex 124.55 64.85 49.12587659821476
      vertex 124.55 67.15 49.12587659821476
      vertex 124.55 70.5 47.19175319642951
    endloop
  endfacet
  facet normal -1 0 0
    outer loop
      vertex 124.55 69.35 41.12587659821476
      vertex 124.55 69.35 44.994123401785245
      vertex 124.55 71.65 41.12587659821476
    endloop
  endfacet
  facet normal -1 0 0
    outer loop
      vertex 124.55 71.65 41.12587659821476
      vertex 124.55 69.35 44.994123401785245
      vertex 124.55 71.65 44.994123401785245
    endloop
  endfacet
  facet normal -1 0 0
    outer loop
      vertex 124.55 69.35 44.994123401785245
      vertex 124.55 66 46.928246803570495
      vertex 124.55 71.65 44.994123401785245
    endloop
  endfacet
  facet normal -1 0 0
    outer loop
      vertex 124.55 70.5 47.19175319642951
      vertex 124.55 75 46.928246803570495
      vertex 124.55 66 46.928246803570495
    endloop
  endfacet
  facet normal -1 0 0
    outer loop
      vertex 124.55 71.65 44.994123401785245
      vertex 124.55 66 46.928246803570495
      vertex 124.55 75 46.928246803570495
    endloop
  endfacet
  facet normal -1 0 0
    outer loop
      vertex 124.55 70.5 47.19175319642951
      vertex 124.55 73.85 49.12587659821476
      vertex 124.55 75 46.928246803570495
    endloop
  endfacet
  facet normal -1 0 0
    outer loop
      vertex 124.55 73.85 33.12587659821476
      vertex 124.55 78.35 41.12587659821476
      vertex 124.55 75 30.92824680357049
    endloop
  endfacet
  facet normal -1 0 0
    outer loop
      vertex 124.55 78.35 28.994123401785245
      vertex 124.55 75 30.92824680357049
      vertex 124.55 78.35 41.12587659821476
    endloop
  endfacet
  facet normal -1 0 0
    outer loop
      vertex 124.55 73.85 33.12587659821476
      vertex 124.55 73.85 36.994123401785245
      vertex 124.55 78.35 41.12587659821476
    endloop
  endfacet
  facet normal -1 0 0
    outer loop
      vertex 124.55 75 39.19175319642951
      vertex 124.55 78.35 41.12587659821476
      vertex 124.55 73.85 36.994123401785245
    endloop
  endfacet
  facet normal -1 0 0
    outer loop
      vertex 124.55 79.5 16.03
      vertex 124.55 78.35 41.12587659821476
      vertex 124.55 78.35 44.994123401785245
    endloop
  endfacet
  facet normal -1 0 0
    outer loop
      vertex 124.55 80 59.399699999999996
      vertex 124.55 79.5 16.03
      vertex 124.55 78.35 44.994123401785245
    endloop
  endfacet
  facet normal -1 0 0
    outer loop
      vertex 124.55 78.35 44.994123401785245
      vertex 124.55 75 46.928246803570495
      vertex 124.55 73.85 52.994123401785245
    endloop
  endfacet
  facet normal -0.9396926207859114 -0.3420201433256606 0
    outer loop
      vertex 124.55 80 59.399699999999996
      vertex 124.40441190629352 80.4 59.399699999999996
      vertex 124.40441190629352 80.4 10.65
    endloop
  endfacet
  facet normal -1 0 0
    outer loop
      vertex 124.55 64.85 49.12587659821476
      vertex 124.55 64.85 52.994123401785245
      vertex 124.55 67.15 49.12587659821476
    endloop
  endfacet
  facet normal -1 0 0
    outer loop
      vertex 124.55 64.85 52.994123401785245
      vertex 124.55 67.15 52.994123401785245
      vertex 124.55 67.15 49.12587659821476
    endloop
  endfacet
  facet normal -1 0 0
    outer loop
      vertex 124.55 64.85 52.994123401785245
      vertex 124.55 61.5 54.928246803570495
      vertex 124.55 67.15 52.994123401785245
    endloop
  endfacet
  facet normal -1 0 0
    outer loop
      vertex 124.55 80 59.399699999999996
      vertex 124.55 61.5 54.928246803570495
      vertex 124.55 52.5 54.928246803570495
    endloop
  endfacet
  facet normal -1 0 0
    outer loop
      vertex 124.55 61.5 54.928246803570495
      vertex 124.55 70.5 54.928246803570495
      vertex 124.55 67.15 52.994123401785245
    endloop
  endfacet
  facet normal -1 0 0
    outer loop
      vertex 124.55 80 59.399699999999996
      vertex 124.55 70.5 54.928246803570495
      vertex 124.55 61.5 54.928246803570495
    endloop
  endfacet
  facet normal -1 0 0
    outer loop
      vertex 124.55 73.85 49.12587659821476
      vertex 124.55 73.85 52.994123401785245
      vertex 124.55 75 46.928246803570495
    endloop
  endfacet
  facet normal -1 0 0
    outer loop
      vertex 124.55 80 59.399699999999996
      vertex 124.55 78.35 44.994123401785245
      vertex 124.55 73.85 52.994123401785245
    endloop
  endfacet
  facet normal -1 0 0
    outer loop
      vertex 124.55 80 59.399699999999996
      vertex 124.55 73.85 52.994123401785245
      vertex 124.55 70.5 54.928246803570495
    endloop
  endfacet
  facet normal 0 0 -1
    outer loop
      vertex 124.55 80 59.399699999999996
      vertex 124.54007092198582 80 59.399699999999996
      vertex 124.40441190629352 80.4 59.399699999999996
    endloop
  endfacet
  facet normal 0 0 -1
    outer loop
      vertex 124.54007092198582 80 59.399699999999996
      vertex 124.39448282827934 80.4 59.399699999999996
      vertex 124.40441190629352 80.4 59.399699999999996
    endloop
  endfacet
  facet normal -0.6870718296638653 -0.25007369480045855 -0.6821989798080876
    outer loop
      vertex 123.15 80 60.7997
      vertex 123.00441190629353 80.4 60.7997
      vertex 124.39448282827934 80.4 59.399699999999996
    endloop
  endfacet
  facet normal -0.8090169943749514 -0.5877852522924676 0
    outer loop
      vertex 123.15 80 60.7997
      vertex 123.15 80 61.18970000000001
      vertex 122.85938298879786 80.4 60.7997
    endloop
  endfacet
  facet normal 0 0 -1
    outer loop
      vertex 123.15 80 60.7997
      vertex 122.85938298879786 80.4 60.7997
      vertex 123.00441190629353 80.4 60.7997
    endloop
  endfacet
  facet normal -0.8090169943748964 -0.5877852522925432 -1.1873124924988388e-13
    outer loop
      vertex 123.15 80 61.18970000000001
      vertex 123.03796952454708 80.154196720955 62.02669504289862
      vertex 122.85938298879786 80.4 60.7997
    endloop
  endfacet
  facet normal -0.8090169943746001 -0.5877852522929513 -2.43607524052721e-13
    outer loop
      vertex 123.03796952454708 80.154196720955 62.02669504289862
      vertex 122.85938298879749 80.4 62.026695042898446
      vertex 122.85938298879786 80.4 60.7997
    endloop
  endfacet
  facet normal -0.6870718296638653 -0.25007369480045855 -0.6821989798080876
    outer loop
      vertex 124.54007092198582 80 59.399699999999996
      vertex 123.15 80 60.7997
      vertex 124.39448282827934 80.4 59.399699999999996
    endloop
  endfacet
  facet normal -0.80901699437462 -0.5877852522929238 0
    outer loop
      vertex 123.15 80 61.18970000000001
      vertex 123.15 80 62.02970000000001
      vertex 123.05260318681825 80.13405521277473 62.02970000000001
    endloop
  endfacet
  facet normal -0.8090169943743956 -0.5877852522932325 7.526848524791785e-14
    outer loop
      vertex 123.15 80 61.18970000000001
      vertex 123.05260318681825 80.13405521277473 62.02970000000001
      vertex 123.03796952454708 80.154196720955 62.02669504289862
    endloop
  endfacet
  facet normal 0 0 -1
    outer loop
      vertex 123.05260318681825 80.13405521277473 62.02970000000001
      vertex 123.15 80 62.02970000000001
      vertex 123.13000000000001 80 62.02970000000001
    endloop
  endfacet
  facet normal 0.49999999999999967 0 0.8660254037844388
    outer loop
      vertex 29.15 0.25 17.125876598214752
      vertex 31.0481139469337 0.25 16.029999999999998
      vertex 31.0481139469337 1.4887402298188697 16.029999999999998
    endloop
  endfacet
  facet normal 1 0 0
    outer loop
      vertex 29.15 0.25 17.125876598214752
      vertex 29.15 1.4887402298188697 17.125876598214752
      vertex 29.15 0.25 20.994123401785245
    endloop
  endfacet
  facet normal 0.49999999999999967 0 0.8660254037844388
    outer loop
      vertex 29.15 0.25 17.125876598214752
      vertex 31.0481139469337 1.4887402298188697 16.029999999999998
      vertex 29.15 1.4887402298188697 17.125876598214752
    endloop
  endfacet
  facet normal 1 0 0
    outer loop
      vertex 29.15 0.25 20.994123401785245
      vertex 29.15 1.4887402298188697 17.125876598214752
      vertex 29.15 1.4887402298188697 20.994123401785245
    endloop
  endfacet
  facet normal 0.49999999999999983 0 -0.8660254037844387
    outer loop
      vertex 32.5 0.25 22.92824680357049
      vertex 29.15 0.25 20.994123401785245
      vertex 29.15 1.4887402298188697 20.994123401785245
    endloop
  endfacet
  facet normal 0.49999999999999983 0 -0.8660254037844387
    outer loop
      vertex 32.5 0.25 22.92824680357049
      vertex 29.15 1.4887402298188697 20.994123401785245
      vertex 32.5 1.4887402298188697 22.92824680357049
    endloop
  endfacet
  facet normal -0.49999999999999917 0 0.866025403784439
    outer loop
      vertex 33.9518860530663 0.25 16.03
      vertex 35.85 1.4887402298188697 17.125876598214752
      vertex 33.9518860530663 1.4887402298188697 16.03
    endloop
  endfacet
  facet normal -0.49999999999999917 0 0.866025403784439
    outer loop
      vertex 33.9518860530663 0.25 16.03
      vertex 35.85 0.25 17.125876598214752
      vertex 35.85 1.4887402298188697 17.125876598214752
    endloop
  endfacet
  facet normal -1 0 0
    outer loop
      vertex 35.85 0.25 17.125876598214752
      vertex 35.85 1.4887402298188697 20.994123401785245
      vertex 35.85 1.4887402298188697 17.125876598214752
    endloop
  endfacet
  facet normal -1 0 0
    outer loop
      vertex 35.85 0.25 20.994123401785245
      vertex 35.85 1.4887402298188697 20.994123401785245
      vertex 35.85 0.25 17.125876598214752
    endloop
  endfacet
  facet normal -0.49999999999999983 0 -0.8660254037844387
    outer loop
      vertex 35.85 0.25 20.994123401785245
      vertex 32.5 0.25 22.92824680357049
      vertex 32.5 1.4887402298188697 22.92824680357049
    endloop
  endfacet
  facet normal -0.49999999999999983 0 -0.8660254037844387
    outer loop
      vertex 35.85 0.25 20.994123401785245
      vertex 32.5 1.4887402298188697 22.92824680357049
      vertex 35.85 1.4887402298188697 20.994123401785245
    endloop
  endfacet
  facet normal 0 0 1
    outer loop
      vertex 29.5 1.4887402298188697 5.66
      vertex 29.5 0.25 5.66
      vertex 35.5 1.4887402298188697 5.66
    endloop
  endfacet
  facet normal 1 0 0
    outer loop
      vertex 29.5 0.25 5.66
      vertex 29.5 1.4887402298188697 5.66
      vertex 29.5 0.25 16.029999999999998
    endloop
  endfacet
  facet normal 1 0 0
    outer loop
      vertex 29.5 1.4887402298188697 9.05
      vertex 29.5 1.5 9.05
      vertex 29.5 1.4887402298188697 10.65
    endloop
  endfacet
  facet normal 1 0 0
    outer loop
      vertex 29.5 1.4887402298188697 5.66
      vertex 29.5 1.4887402298188697 9.05
      vertex 29.5 0.25 16.029999999999998
    endloop
  endfacet
  facet normal 1 0 0
    outer loop
      vertex 29.5 1.4887402298188697 10.65
      vertex 29.5 1.5 9.05
      vertex 29.5 1.5 10.65
    endloop
  endfacet
  facet normal 1 0 0
    outer loop
      vertex 29.5 1.4887402298188697 9.05
      vertex 29.5 1.4887402298188697 10.65
      vertex 29.5 0.25 16.029999999999998
    endloop
  endfacet
  facet normal 1 0 0
    outer loop
      vertex 29.5 1.4887402298188697 10.65
      vertex 29.5 1.4887402298188697 16.029999999999998
      vertex 29.5 0.25 16.029999999999998
    endloop
  endfacet
  facet normal 0 0 -1
    outer loop
      vertex 29.5 0.25 16.029999999999998
      vertex 29.5 1.4887402298188697 16.029999999999998
      vertex 31.0481139469337 0.25 16.029999999999998
    endloop
  endfacet
  facet normal 0 0 -1
    outer loop
      vertex 31.0481139469337 0.25 16.029999999999998
      vertex 29.5 1.4887402298188697 16.029999999999998
      vertex 31.0481139469337 1.4887402298188697 16.029999999999998
    endloop
  endfacet
  facet normal 0 0 1
    outer loop
      vertex 29.5 0.25 5.66
      vertex 35.5 0.25 5.66
      vertex 35.5 1.4887402298188697 5.66
    endloop
  endfacet
  facet normal -1 0 0
    outer loop
      vertex 35.5 1.4887402298188697 9.05
      vertex 35.5 1.4887402298188697 5.66
      vertex 35.5 0.25 5.66
    endloop
  endfacet
  facet normal -1 0 0
    outer loop
      vertex 35.5 1.4887402298188697 9.05
      vertex 35.5 0.25 5.66
      vertex 35.5 1.4887402298188697 10.65
    endloop
  endfacet
  facet normal -1 0 0
    outer loop
      vertex 35.5 1.4887402298188697 9.05
      vertex 35.5 1.4887402298188697 10.65
      vertex 35.5 1.5 9.05
    endloop
  endfacet
  facet normal -1 0 0
    outer loop
      vertex 35.5 1.4887402298188697 10.65
      vertex 35.5 1.5 10.65
      vertex 35.5 1.5 9.05
    endloop
  endfacet
  facet normal -1 0 0
    outer loop
      vertex 35.5 1.4887402298188697 10.65
      vertex 35.5 0.25 5.66
      vertex 35.5 1.4887402298188697 16.029999999999998
    endloop
  endfacet
  facet normal -1 0 0
    outer loop
      vertex 35.5 0.25 5.66
      vertex 35.5 0.25 16.029999999999998
      vertex 35.5 1.4887402298188697 16.029999999999998
    endloop
  endfacet
  facet normal -2.2948657531554804e-15 0 -1
    outer loop
      vertex 35.5 0.25 16.029999999999998
      vertex 33.9518860530663 0.25 16.03
      vertex 33.9518860530663 1.4887402298188697 16.03
    endloop
  endfacet
  facet normal -2.2948657531554804e-15 0 -1
    outer loop
      vertex 35.5 0.25 16.029999999999998
      vertex 33.9518860530663 1.4887402298188697 16.03
      vertex 35.5 1.4887402298188697 16.029999999999998
    endloop
  endfacet
  facet normal 0.5000000000000004 0 0.8660254037844385
    outer loop
      vertex 38.15 0.25 17.125876598214752
      vertex 40.0481139469337 0.25 16.029999999999998
      vertex 40.0481139469337 1.4887402298188697 16.029999999999998
    endloop
  endfacet
  facet normal -0.49999999999999917 0 0.866025403784439
    outer loop
      vertex 42.9518860530663 0.25 16.03
      vertex 44.85 1.4887402298188697 17.125876598214752
      vertex 42.9518860530663 1.4887402298188697 16.03
    endloop
  endfacet
  facet normal 0.5000000000000004 0 0.8660254037844385
    outer loop
      vertex 38.15 0.25 17.125876598214752
      vertex 40.0481139469337 1.4887402298188697 16.029999999999998
      vertex 38.15 1.4887402298188697 17.125876598214752
    endloop
  endfacet
  facet normal 1 0 0
    outer loop
      vertex 38.15 0.25 17.125876598214752
      vertex 38.15 1.4887402298188697 17.125876598214752
      vertex 38.15 0.25 20.994123401785245
    endloop
  endfacet
  facet normal 1 0 0
    outer loop
      vertex 38.15 0.25 20.994123401785245
      vertex 38.15 1.4887402298188697 17.125876598214752
      vertex 38.15 1.4887402298188697 20.994123401785245
    endloop
  endfacet
  facet normal 0.49999999999999983 0 -0.8660254037844387
    outer loop
      vertex 38.15 0.25 20.994123401785245
      vertex 38.15 1.4887402298188697 20.994123401785245
      vertex 41.5 0.25 22.92824680357049
    endloop
  endfacet
  facet normal -0.49999999999999917 0 0.866025403784439
    outer loop
      vertex 42.9518860530663 0.25 16.03
      vertex 44.85 0.25 17.125876598214752
      vertex 44.85 1.4887402298188697 17.125876598214752
    endloop
  endfacet
  facet normal -1 0 0
    outer loop
      vertex 44.85 0.25 17.125876598214752
      vertex 44.85 1.4887402298188697 20.994123401785245
      vertex 44.85 1.4887402298188697 17.125876598214752
    endloop
  endfacet
  facet normal -1 0 0
    outer loop
      vertex 44.85 0.25 20.994123401785245
      vertex 44.85 1.4887402298188697 20.994123401785245
      vertex 44.85 0.25 17.125876598214752
    endloop
  endfacet
  facet normal 0.49999999999999983 0 -0.8660254037844387
    outer loop
      vertex 41.5 0.25 22.92824680357049
      vertex 38.15 1.4887402298188697 20.994123401785245
      vertex 41.5 1.4887402298188697 22.92824680357049
    endloop
  endfacet
  facet normal -0.49999999999999983 0 -0.8660254037844387
    outer loop
      vertex 44.85 0.25 20.994123401785245
      vertex 41.5 0.25 22.92824680357049
      vertex 41.5 1.4887402298188697 22.92824680357049
    endloop
  endfacet
  facet normal -0.49999999999999983 0 -0.8660254037844387
    outer loop
      vertex 44.85 0.25 20.994123401785245
      vertex 41.5 1.4887402298188697 22.92824680357049
      vertex 44.85 1.4887402298188697 20.994123401785245
    endloop
  endfacet
  facet normal 0 0 1
    outer loop
      vertex 38.5 0.85 5.66
      vertex 38.5 0.25 5.66
      vertex 44.5 1.5 5.66
    endloop
  endfacet
  facet normal 0 0 1
    outer loop
      vertex 38.5 0.85 5.66
      vertex 44.5 1.5 5.66
      vertex 38.565 1.5 5.66
    endloop
  endfacet
  facet normal 0 0 1
    outer loop
      vertex 44.5 1.5 5.66
      vertex 38.5 0.25 5.66
      vertex 44.5 0.25 5.66
    endloop
  endfacet
  facet normal -1 0 0
    outer loop
      vertex 44.5 1.5 5.66
      vertex 44.5 0.25 5.66
      vertex 44.5 1.4887402298188697 10.65
    endloop
  endfacet
  facet normal 1 0 0
    outer loop
      vertex 38.5 0.85 5.66
      vertex 38.5 0.25 16.029999999999998
      vertex 38.5 0.25 5.66
    endloop
  endfacet
  facet normal 1 0 0
    outer loop
      vertex 38.5 0.85 5.66
      vertex 38.5 0.85 16.029999999999998
      vertex 38.5 0.25 16.029999999999998
    endloop
  endfacet
  facet normal 0 0 -1
    outer loop
      vertex 38.5 0.85 16.029999999999998
      vertex 40.0481139469337 0.25 16.029999999999998
      vertex 38.5 0.25 16.029999999999998
    endloop
  endfacet
  facet normal 1.7763568394002252e-14 4.583337996344249e-14 -1
    outer loop
      vertex 38.5 0.85 16.029999999999998
      vertex 38.7 0.85 16.03
      vertex 40.0481139469337 0.25 16.029999999999998
    endloop
  endfacet
  facet normal -2.63532150741501e-15 0 -1
    outer loop
      vertex 38.7 0.85 16.03
      vertex 38.7 1.4887402298188697 16.03
      vertex 40.0481139469337 0.25 16.029999999999998
    endloop
  endfacet
  facet normal -1 0 0
    outer loop
      vertex 44.5 1.5 5.66
      vertex 44.5 1.4887402298188697 10.65
      vertex 44.5 1.5 10.65
    endloop
  endfacet
  facet normal -1 0 0
    outer loop
      vertex 44.5 1.4887402298188697 10.65
      vertex 44.5 0.25 5.66
      vertex 44.5 1.4887402298188697 16.029999999999998
    endloop
  endfacet
  facet normal -2.6353215074150102e-15 0 -1
    outer loop
      vertex 40.0481139469337 0.25 16.029999999999998
      vertex 38.7 1.4887402298188697 16.03
      vertex 40.0481139469337 1.4887402298188697 16.029999999999998
    endloop
  endfacet
  facet normal -1 0 0
    outer loop
      vertex 44.5 0.25 5.66
      vertex 44.5 0.25 16.029999999999998
      vertex 44.5 1.4887402298188697 16.029999999999998
    endloop
  endfacet
  facet normal -2.2948657531554804e-15 0 -1
    outer loop
      vertex 44.5 0.25 16.029999999999998
      vertex 42.9518860530663 0.25 16.03
      vertex 42.9518860530663 1.4887402298188697 16.03
    endloop
  endfacet
  facet normal -2.2948657531554804e-15 0 -1
    outer loop
      vertex 44.5 0.25 16.029999999999998
      vertex 42.9518860530663 1.4887402298188697 16.03
      vertex 44.5 1.4887402298188697 16.029999999999998
    endloop
  endfacet
  facet normal 0.5000000000000004 0 0.8660254037844385
    outer loop
      vertex 47.15 0.25 17.125876598214752
      vertex 49.0481139469337 0.25 16.029999999999998
      vertex 49.0481139469337 1.4887402298188697 16.029999999999998
    endloop
  endfacet
  facet normal -0.49999999999999917 0 0.866025403784439
    outer loop
      vertex 51.9518860530663 0.25 16.03
      vertex 53.85 1.4887402298188697 17.125876598214752
      vertex 51.9518860530663 1.4887402298188697 16.03
    endloop
  endfacet
  facet normal 1 0 0
    outer loop
      vertex 47.15 0.25 17.125876598214752
      vertex 47.15 1.4887402298188697 17.125876598214752
      vertex 47.15 0.25 20.994123401785245
    endloop
  endfacet
  facet normal 1 0 0
    outer loop
      vertex 47.15 0.25 20.994123401785245
      vertex 47.15 1.4887402298188697 17.125876598214752
      vertex 47.15 1.4887402298188697 20.994123401785245
    endloop
  endfacet
  facet normal 0.5000000000000004 0 0.8660254037844385
    outer loop
      vertex 47.15 0.25 17.125876598214752
      vertex 49.0481139469337 1.4887402298188697 16.029999999999998
      vertex 47.15 1.4887402298188697 17.125876598214752
    endloop
  endfacet
  facet normal -0.49999999999999917 0 0.866025403784439
    outer loop
      vertex 51.9518860530663 0.25 16.03
      vertex 53.85 0.25 17.125876598214752
      vertex 53.85 1.4887402298188697 17.125876598214752
    endloop
  endfacet
  facet normal -1 0 0
    outer loop
      vertex 53.85 0.25 17.125876598214752
      vertex 53.85 1.4887402298188697 20.994123401785245
      vertex 53.85 1.4887402298188697 17.125876598214752
    endloop
  endfacet
  facet normal -1 0 0
    outer loop
      vertex 53.85 0.25 17.125876598214752
      vertex 53.85 0.25 20.994123401785245
      vertex 53.85 1.4887402298188697 20.994123401785245
    endloop
  endfacet
  facet normal 0.49999999999999983 0 -0.8660254037844387
    outer loop
      vertex 47.15 0.25 20.994123401785245
      vertex 47.15 1.4887402298188697 20.994123401785245
      vertex 50.5 0.25 22.92824680357049
    endloop
  endfacet
  facet normal 0.49999999999999983 0 -0.8660254037844387
    outer loop
      vertex 50.5 0.25 22.92824680357049
      vertex 47.15 1.4887402298188697 20.994123401785245
      vertex 50.5 1.4887402298188697 22.92824680357049
    endloop
  endfacet
  facet normal -0.49999999999999983 0 -0.8660254037844387
    outer loop
      vertex 53.85 0.25 20.994123401785245
      vertex 50.5 0.25 22.92824680357049
      vertex 50.5 1.4887402298188697 22.92824680357049
    endloop
  endfacet
  facet normal -0.49999999999999983 0 -0.8660254037844387
    outer loop
      vertex 53.85 0.25 20.994123401785245
      vertex 50.5 1.4887402298188697 22.92824680357049
      vertex 53.85 1.4887402298188697 20.994123401785245
    endloop
  endfacet
  facet normal 0 0 1
    outer loop
      vertex 47.5 0.85 5.66
      vertex 47.5 0.25 5.66
      vertex 53.5 1.4887402298188697 5.66
    endloop
  endfacet
  facet normal 0 0 1
    outer loop
      vertex 47.5 0.85 5.66
      vertex 53.5 1.4887402298188697 5.66
      vertex 47.563874022981885 1.4887402298188697 5.66
    endloop
  endfacet
  facet normal 0 0 1
    outer loop
      vertex 53.5 1.4887402298188697 5.66
      vertex 47.5 0.25 5.66
      vertex 53.5 0.25 5.66
    endloop
  endfacet
  facet normal -1 0 0
    outer loop
      vertex 53.5 1.4887402298188697 9.05
      vertex 53.5 1.4887402298188697 5.66
      vertex 53.5 0.25 5.66
    endloop
  endfacet
  facet normal 1 0 0
    outer loop
      vertex 47.5 0.85 5.66
      vertex 47.5 0.25 16.029999999999998
      vertex 47.5 0.25 5.66
    endloop
  endfacet
  facet normal -1 0 0
    outer loop
      vertex 53.5 1.4887402298188697 10.65
      vertex 53.5 1.4887402298188697 9.05
      vertex 53.5 0.25 5.66
    endloop
  endfacet
  facet normal -1 0 0
    outer loop
      vertex 53.5 1.4887402298188697 10.65
      vertex 53.5 1.5 9.05
      vertex 53.5 1.4887402298188697 9.05
    endloop
  endfacet
  facet normal -1 0 0
    outer loop
      vertex 53.5 1.4887402298188697 10.65
      vertex 53.5 1.5 10.65
      vertex 53.5 1.5 9.05
    endloop
  endfacet
  facet normal -1 0 0
    outer loop
      vertex 53.5 1.4887402298188697 10.65
      vertex 53.5 0.25 5.66
      vertex 53.5 1.4887402298188697 16.029999999999998
    endloop
  endfacet
  facet normal 1 0 0
    outer loop
      vertex 47.5 0.85 5.66
      vertex 47.5 0.85 16.029999999999998
      vertex 47.5 0.25 16.029999999999998
    endloop
  endfacet
  facet normal 0 0 -1
    outer loop
      vertex 47.5 0.85 16.029999999999998
      vertex 49.0481139469337 0.25 16.029999999999998
      vertex 47.5 0.25 16.029999999999998
    endloop
  endfacet
  facet normal 1.7763568394002252e-14 4.583337996344249e-14 -1
    outer loop
      vertex 47.5 0.85 16.029999999999998
      vertex 47.7 0.85 16.03
      vertex 49.0481139469337 0.25 16.029999999999998
    endloop
  endfacet
  facet normal -2.63532150741501e-15 0 -1
    outer loop
      vertex 47.7 0.85 16.03
      vertex 47.7 1.4887402298188697 16.03
      vertex 49.0481139469337 0.25 16.029999999999998
    endloop
  endfacet
  facet normal -2.6353215074150102e-15 0 -1
    outer loop
      vertex 49.0481139469337 0.25 16.029999999999998
      vertex 47.7 1.4887402298188697 16.03
      vertex 49.0481139469337 1.4887402298188697 16.029999999999998
    endloop
  endfacet
  facet normal -1 0 0
    outer loop
      vertex 53.5 0.25 5.66
      vertex 53.5 0.25 16.029999999999998
      vertex 53.5 1.4887402298188697 16.029999999999998
    endloop
  endfacet
  facet normal -2.2948657531554804e-15 0 -1
    outer loop
      vertex 53.5 0.25 16.029999999999998
      vertex 51.9518860530663 0.25 16.03
      vertex 51.9518860530663 1.4887402298188697 16.03
    endloop
  endfacet
  facet normal -2.2948657531554804e-15 0 -1
    outer loop
      vertex 53.5 0.25 16.029999999999998
      vertex 51.9518860530663 1.4887402298188697 16.03
      vertex 53.5 1.4887402298188697 16.029999999999998
    endloop
  endfacet
  facet normal 0.5000000000000004 0 0.8660254037844385
    outer loop
      vertex 56.15 0.25 17.125876598214752
      vertex 58.0481139469337 0.25 16.029999999999998
      vertex 58.0481139469337 1.4887402298188697 16.029999999999998
    endloop
  endfacet
  facet normal -0.49999999999999917 0 0.866025403784439
    outer loop
      vertex 60.9518860530663 0.25 16.03
      vertex 62.85 1.4887402298188697 17.125876598214752
      vertex 60.9518860530663 1.4887402298188697 16.03
    endloop
  endfacet
  facet normal 0.5000000000000004 0 0.8660254037844385
    outer loop
      vertex 56.15 0.25 17.125876598214752
      vertex 58.0481139469337 1.4887402298188697 16.029999999999998
      vertex 56.15 1.4887402298188697 17.125876598214752
    endloop
  endfacet
  facet normal 1 0 0
    outer loop
      vertex 56.15 0.25 17.125876598214752
      vertex 56.15 1.4887402298188697 17.125876598214752
      vertex 56.15 0.25 20.994123401785245
    endloop
  endfacet
  facet normal 1 0 0
    outer loop
      vertex 56.15 0.25 20.994123401785245
      vertex 56.15 1.4887402298188697 17.125876598214752
      vertex 56.15 1.4887402298188697 20.994123401785245
    endloop
  endfacet
  facet normal -0.49999999999999917 0 0.866025403784439
    outer loop
      vertex 60.9518860530663 0.25 16.03
      vertex 62.85 0.25 17.125876598214752
      vertex 62.85 1.4887402298188697 17.125876598214752
    endloop
  endfacet
  facet normal -1 0 0
    outer loop
      vertex 62.85 0.25 17.125876598214752
      vertex 62.85 1.4887402298188697 20.994123401785245
      vertex 62.85 1.4887402298188697 17.125876598214752
    endloop
  endfacet
  facet normal -1 0 0
    outer loop
      vertex 62.85 0.25 17.125876598214752
      vertex 62.85 0.25 20.994123401785245
      vertex 62.85 1.4887402298188697 20.994123401785245
    endloop
  endfacet
  facet normal 0.49999999999999983 0 -0.8660254037844387
    outer loop
      vertex 56.15 0.25 20.994123401785245
      vertex 56.15 1.4887402298188697 20.994123401785245
      vertex 59.5 0.25 22.92824680357049
    endloop
  endfacet
  facet normal 0.49999999999999983 0 -0.8660254037844387
    outer loop
      vertex 59.5 0.25 22.92824680357049
      vertex 56.15 1.4887402298188697 20.994123401785245
      vertex 59.5 1.4887402298188697 22.92824680357049
    endloop
  endfacet
  facet normal -0.49999999999999983 0 -0.8660254037844387
    outer loop
      vertex 59.5 1.4887402298188697 22.92824680357049
      vertex 62.85 0.25 20.994123401785245
      vertex 59.5 0.25 22.92824680357049
    endloop
  endfacet
  facet normal -0.49999999999999983 0 -0.8660254037844387
    outer loop
      vertex 59.5 1.4887402298188697 22.92824680357049
      vertex 62.85 1.4887402298188697 20.994123401785245
      vertex 62.85 0.25 20.994123401785245
    endloop
  endfacet
  facet normal 0 0 1
    outer loop
      vertex 56.5 0.85 5.66
      vertex 56.5 0.25 5.66
      vertex 62.5 1.4887402298188697 5.66
    endloop
  endfacet
  facet normal 0 0 1
    outer loop
      vertex 56.5 0.85 5.66
      vertex 62.5 1.4887402298188697 5.66
      vertex 56.563874022981885 1.4887402298188697 5.66
    endloop
  endfacet
  facet normal 0 0 1
    outer loop
      vertex 62.5 1.4887402298188697 5.66
      vertex 56.5 0.25 5.66
      vertex 62.5 0.25 5.66
    endloop
  endfacet
  facet normal -1 0 0
    outer loop
      vertex 62.5 1.4887402298188697 9.05
      vertex 62.5 1.4887402298188697 5.66
      vertex 62.5 0.25 5.66
    endloop
  endfacet
  facet normal 1 0 0
    outer loop
      vertex 56.5 0.85 5.66
      vertex 56.5 0.25 16.029999999999998
      vertex 56.5 0.25 5.66
    endloop
  endfacet
  facet normal -1 0 0
    outer loop
      vertex 62.5 1.4887402298188697 10.65
      vertex 62.5 1.4887402298188697 9.05
      vertex 62.5 0.25 5.66
    endloop
  endfacet
  facet normal -1 0 0
    outer loop
      vertex 62.5 1.4887402298188697 10.65
      vertex 62.5 1.5 9.05
      vertex 62.5 1.4887402298188697 9.05
    endloop
  endfacet
  facet normal -1 0 0
    outer loop
      vertex 62.5 1.4887402298188697 10.65
      vertex 62.5 1.5 10.65
      vertex 62.5 1.5 9.05
    endloop
  endfacet
  facet normal -1 0 0
    outer loop
      vertex 62.5 1.4887402298188697 10.65
      vertex 62.5 0.25 5.66
      vertex 62.5 1.4887402298188697 16.029999999999998
    endloop
  endfacet
  facet normal 1 0 0
    outer loop
      vertex 56.5 0.85 5.66
      vertex 56.5 0.85 16.029999999999998
      vertex 56.5 0.25 16.029999999999998
    endloop
  endfacet
  facet normal 0 0 -1
    outer loop
      vertex 56.5 0.85 16.029999999999998
      vertex 58.0481139469337 0.25 16.029999999999998
      vertex 56.5 0.25 16.029999999999998
    endloop
  endfacet
  facet normal 1.7763568394002252e-14 4.583337996344249e-14 -1
    outer loop
      vertex 56.5 0.85 16.029999999999998
      vertex 56.7 0.85 16.03
      vertex 58.0481139469337 0.25 16.029999999999998
    endloop
  endfacet
  facet normal -2.63532150741501e-15 0 -1
    outer loop
      vertex 56.7 0.85 16.03
      vertex 56.7 1.4887402298188697 16.03
      vertex 58.0481139469337 0.25 16.029999999999998
    endloop
  endfacet
  facet normal -2.6353215074150102e-15 0 -1
    outer loop
      vertex 58.0481139469337 0.25 16.029999999999998
      vertex 56.7 1.4887402298188697 16.03
      vertex 58.0481139469337 1.4887402298188697 16.029999999999998
    endloop
  endfacet
  facet normal -1 0 0
    outer loop
      vertex 62.5 0.25 5.66
      vertex 62.5 0.25 16.029999999999998
      vertex 62.5 1.4887402298188697 16.029999999999998
    endloop
  endfacet
  facet normal -2.2948657531554804e-15 0 -1
    outer loop
      vertex 62.5 0.25 16.029999999999998
      vertex 60.9518860530663 0.25 16.03
      vertex 60.9518860530663 1.4887402298188697 16.03
    endloop
  endfacet
  facet normal -2.2948657531554804e-15 0 -1
    outer loop
      vertex 62.5 0.25 16.029999999999998
      vertex 60.9518860530663 1.4887402298188697 16.03
      vertex 62.5 1.4887402298188697 16.029999999999998
    endloop
  endfacet
  facet normal 0.49999999999999895 0 0.8660254037844393
    outer loop
      vertex 67.04811394693371 1.4887402298188697 16.029999999999998
      vertex 65.15 0.25 17.125876598214752
      vertex 67.04811394693371 0.25 16.029999999999998
    endloop
  endfacet
  facet normal -0.5000000000000006 0 0.8660254037844384
    outer loop
      vertex 71.85 1.4887402298188697 17.125876598214752
      vertex 69.9518860530663 1.4887402298188697 16.03
      vertex 69.9518860530663 0.25 16.03
    endloop
  endfacet
  facet normal 0.49999999999999895 0 0.8660254037844393
    outer loop
      vertex 67.04811394693371 1.4887402298188697 16.029999999999998
      vertex 65.15 1.4887402298188697 17.125876598214752
      vertex 65.15 0.25 17.125876598214752
    endloop
  endfacet
  facet normal 1 0 0
    outer loop
      vertex 65.15 1.4887402298188697 17.125876598214752
      vertex 65.15 0.25 20.994123401785245
      vertex 65.15 0.25 17.125876598214752
    endloop
  endfacet
  facet normal 1 0 0
    outer loop
      vertex 65.15 0.25 20.994123401785245
      vertex 65.15 1.4887402298188697 17.125876598214752
      vertex 65.15 1.4887402298188697 20.994123401785245
    endloop
  endfacet
  facet normal 0.5000000000000007 0 -0.8660254037844383
    outer loop
      vertex 65.15 0.25 20.994123401785245
      vertex 65.15 1.4887402298188697 20.994123401785245
      vertex 68.5 0.25 22.92824680357049
    endloop
  endfacet
  facet normal 0.5000000000000007 0 -0.8660254037844383
    outer loop
      vertex 65.15 1.4887402298188697 20.994123401785245
      vertex 68.5 1.4887402298188697 22.92824680357049
      vertex 68.5 0.25 22.92824680357049
    endloop
  endfacet
  facet normal -0.5000000000000007 0 -0.8660254037844383
    outer loop
      vertex 68.5 1.4887402298188697 22.92824680357049
      vertex 71.85 0.25 20.994123401785245
      vertex 68.5 0.25 22.92824680357049
    endloop
  endfacet
  facet normal -0.5000000000000007 0 -0.8660254037844383
    outer loop
      vertex 68.5 1.4887402298188697 22.92824680357049
      vertex 71.85 1.4887402298188697 20.994123401785245
      vertex 71.85 0.25 20.994123401785245
    endloop
  endfacet
  facet normal -0.5000000000000006 0 0.8660254037844384
    outer loop
      vertex 69.9518860530663 0.25 16.03
      vertex 71.85 0.25 17.125876598214752
      vertex 71.85 1.4887402298188697 17.125876598214752
    endloop
  endfacet
  facet normal -1 0 0
    outer loop
      vertex 71.85 1.4887402298188697 17.125876598214752
      vertex 71.85 0.25 17.125876598214752
      vertex 71.85 1.4887402298188697 20.994123401785245
    endloop
  endfacet
  facet normal -1 0 0
    outer loop
      vertex 71.85 0.25 17.125876598214752
      vertex 71.85 0.25 20.994123401785245
      vertex 71.85 1.4887402298188697 20.994123401785245
    endloop
  endfacet
  facet normal 0 0 1
    outer loop
      vertex 65.5 0.85 5.66
      vertex 65.5 0.25 5.66
      vertex 71.5 1.4887402298188697 5.66
    endloop
  endfacet
  facet normal 0 0 1
    outer loop
      vertex 65.5 0.85 5.66
      vertex 71.5 1.4887402298188697 5.66
      vertex 65.56387402298188 1.4887402298188697 5.66
    endloop
  endfacet
  facet normal 0 0 1
    outer loop
      vertex 71.5 1.4887402298188697 5.66
      vertex 65.5 0.25 5.66
      vertex 71.5 0.25 5.66
    endloop
  endfacet
  facet normal -1 0 0
    outer loop
      vertex 71.5 1.4887402298188697 9.05
      vertex 71.5 1.4887402298188697 5.66
      vertex 71.5 0.25 5.66
    endloop
  endfacet
  facet normal 1 0 0
    outer loop
      vertex 65.5 0.85 5.66
      vertex 65.5 0.25 16.029999999999998
      vertex 65.5 0.25 5.66
    endloop
  endfacet
  facet normal 1 0 0
    outer loop
      vertex 65.5 0.85 5.66
      vertex 65.5 0.85 16.029999999999998
      vertex 65.5 0.25 16.029999999999998
    endloop
  endfacet
  facet normal 0 0 -1
    outer loop
      vertex 65.5 0.85 16.029999999999998
      vertex 67.04811394693371 0.25 16.029999999999998
      vertex 65.5 0.25 16.029999999999998
    endloop
  endfacet
  facet normal 1.7763568394002252e-14 4.5833379963442913e-14 -1
    outer loop
      vertex 65.5 0.85 16.029999999999998
      vertex 65.7 0.85 16.03
      vertex 67.04811394693371 0.25 16.029999999999998
    endloop
  endfacet
  facet normal -2.6353215074149826e-15 0 -1
    outer loop
      vertex 65.7 0.85 16.03
      vertex 65.7 1.4887402298188697 16.03
      vertex 67.04811394693371 0.25 16.029999999999998
    endloop
  endfacet
  facet normal -2.6353215074149822e-15 0 -1
    outer loop
      vertex 67.04811394693371 1.4887402298188697 16.029999999999998
      vertex 67.04811394693371 0.25 16.029999999999998
      vertex 65.7 1.4887402298188697 16.03
    endloop
  endfacet
  facet normal -2.2948657531554804e-15 0 -1
    outer loop
      vertex 69.9518860530663 1.4887402298188697 16.03
      vertex 71.5 0.25 16.029999999999998
      vertex 69.9518860530663 0.25 16.03
    endloop
  endfacet
  facet normal -1 0 0
    outer loop
      vertex 71.5 1.4887402298188697 10.65
      vertex 71.5 1.4887402298188697 9.05
      vertex 71.5 0.25 5.66
    endloop
  endfacet
  facet normal -1 0 0
    outer loop
      vertex 71.5 1.4887402298188697 10.65
      vertex 71.5 1.5 9.05
      vertex 71.5 1.4887402298188697 9.05
    endloop
  endfacet
  facet normal -1 0 0
    outer loop
      vertex 71.5 1.4887402298188697 10.65
      vertex 71.5 1.5 10.65
      vertex 71.5 1.5 9.05
    endloop
  endfacet
  facet normal -1 0 0
    outer loop
      vertex 71.5 1.4887402298188697 10.65
      vertex 71.5 0.25 5.66
      vertex 71.5 1.4887402298188697 16.029999999999998
    endloop
  endfacet
  facet normal -1 0 0
    outer loop
      vertex 71.5 0.25 5.66
      vertex 71.5 0.25 16.029999999999998
      vertex 71.5 1.4887402298188697 16.029999999999998
    endloop
  endfacet
  facet normal -2.2948657531554804e-15 0 -1
    outer loop
      vertex 69.9518860530663 1.4887402298188697 16.03
      vertex 71.5 1.4887402298188697 16.029999999999998
      vertex 71.5 0.25 16.029999999999998
    endloop
  endfacet
  facet normal 0.49999999999999895 0 0.8660254037844393
    outer loop
      vertex 76.04811394693371 1.4887402298188697 16.029999999999998
      vertex 74.15 0.25 17.125876598214752
      vertex 76.04811394693371 0.25 16.029999999999998
    endloop
  endfacet
  facet normal -0.5000000000000006 0 0.8660254037844384
    outer loop
      vertex 80.85 1.4887402298188697 17.125876598214752
      vertex 78.9518860530663 1.4887402298188697 16.03
      vertex 78.9518860530663 0.25 16.03
    endloop
  endfacet
  facet normal 1 0 0
    outer loop
      vertex 74.15 1.4887402298188697 17.125876598214752
      vertex 74.15 0.25 20.994123401785245
      vertex 74.15 0.25 17.125876598214752
    endloop
  endfacet
  facet normal 1 0 0
    outer loop
      vertex 74.15 1.4887402298188697 20.994123401785245
      vertex 74.15 0.25 20.994123401785245
      vertex 74.15 1.4887402298188697 17.125876598214752
    endloop
  endfacet
  facet normal 0.49999999999999895 0 0.8660254037844393
    outer loop
      vertex 76.04811394693371 1.4887402298188697 16.029999999999998
      vertex 74.15 1.4887402298188697 17.125876598214752
      vertex 74.15 0.25 17.125876598214752
    endloop
  endfacet
  facet normal 0.5000000000000007 0 -0.8660254037844383
    outer loop
      vertex 74.15 0.25 20.994123401785245
      vertex 74.15 1.4887402298188697 20.994123401785245
      vertex 77.5 0.25 22.92824680357049
    endloop
  endfacet
  facet normal 0.5000000000000007 0 -0.8660254037844383
    outer loop
      vertex 74.15 1.4887402298188697 20.994123401785245
      vertex 77.5 1.4887402298188697 22.92824680357049
      vertex 77.5 0.25 22.92824680357049
    endloop
  endfacet
  facet normal -0.5000000000000007 0 -0.8660254037844383
    outer loop
      vertex 77.5 1.4887402298188697 22.92824680357049
      vertex 80.85 0.25 20.994123401785245
      vertex 77.5 0.25 22.92824680357049
    endloop
  endfacet
  facet normal -0.5000000000000006 0 0.8660254037844384
    outer loop
      vertex 80.85 1.4887402298188697 17.125876598214752
      vertex 78.9518860530663 0.25 16.03
      vertex 80.85 0.25 17.125876598214752
    endloop
  endfacet
  facet normal -1 0 0
    outer loop
      vertex 80.85 1.4887402298188697 17.125876598214752
      vertex 80.85 0.25 17.125876598214752
      vertex 80.85 1.4887402298188697 20.994123401785245
    endloop
  endfacet
  facet normal -1 0 0
    outer loop
      vertex 80.85 0.25 17.125876598214752
      vertex 80.85 0.25 20.994123401785245
      vertex 80.85 1.4887402298188697 20.994123401785245
    endloop
  endfacet
  facet normal -0.5000000000000007 0 -0.8660254037844383
    outer loop
      vertex 77.5 1.4887402298188697 22.92824680357049
      vertex 80.85 1.4887402298188697 20.994123401785245
      vertex 80.85 0.25 20.994123401785245
    endloop
  endfacet
  facet normal 0 0 1
    outer loop
      vertex 74.5 0.85 5.66
      vertex 74.5 0.25 5.66
      vertex 80.5 1.5 5.66
    endloop
  endfacet
  facet normal 0 0 1
    outer loop
      vertex 74.5 0.85 5.66
      vertex 79.11503493323305 1.5 5.66
      vertex 74.56387402298188 1.4887402298188697 5.66
    endloop
  endfacet
  facet normal 0 0 1
    outer loop
      vertex 80.5 1.5 5.66
      vertex 74.5 0.25 5.66
      vertex 80.5 0.25 5.66
    endloop
  endfacet
  facet normal 0 0 1
    outer loop
      vertex 74.5 0.85 5.66
      vertex 80.5 1.5 5.66
      vertex 79.11503493323305 1.5 5.66
    endloop
  endfacet
  facet normal 1 0 0
    outer loop
      vertex 74.5 0.85 5.66
      vertex 74.5 0.25 16.029999999999998
      vertex 74.5 0.25 5.66
    endloop
  endfacet
  facet normal 1 0 0
    outer loop
      vertex 74.5 0.85 5.66
      vertex 74.5 0.85 16.029999999999998
      vertex 74.5 0.25 16.029999999999998
    endloop
  endfacet
  facet normal 0 0 -1
    outer loop
      vertex 74.5 0.85 16.029999999999998
      vertex 76.04811394693371 0.25 16.029999999999998
      vertex 74.5 0.25 16.029999999999998
    endloop
  endfacet
  facet normal 1.7763568394002252e-14 4.5833379963442913e-14 -1
    outer loop
      vertex 74.5 0.85 16.029999999999998
      vertex 74.7 0.85 16.03
      vertex 76.04811394693371 0.25 16.029999999999998
    endloop
  endfacet
  facet normal -2.6353215074149826e-15 0 -1
    outer loop
      vertex 74.7 0.85 16.03
      vertex 74.7 1.4887402298188697 16.03
      vertex 76.04811394693371 0.25 16.029999999999998
    endloop
  endfacet
  facet normal -2.6353215074149822e-15 0 -1
    outer loop
      vertex 76.04811394693371 1.4887402298188697 16.029999999999998
      vertex 76.04811394693371 0.25 16.029999999999998
      vertex 74.7 1.4887402298188697 16.03
    endloop
  endfacet
  facet normal -1 0 0
    outer loop
      vertex 80.5 1.5 5.66
      vertex 80.5 0.25 5.66
      vertex 80.5 1.5 10.65
    endloop
  endfacet
  facet normal -1 0 0
    outer loop
      vertex 80.5 1.4887402298188697 10.65
      vertex 80.5 1.5 10.65
      vertex 80.5 0.25 5.66
    endloop
  endfacet
  facet normal -1 0 0
    outer loop
      vertex 80.5 1.4887402298188697 10.65
      vertex 80.5 0.25 5.66
      vertex 80.5 1.4887402298188697 16.029999999999998
    endloop
  endfacet
  facet normal -1 0 0
    outer loop
      vertex 80.5 1.4887402298188697 16.029999999999998
      vertex 80.5 0.25 5.66
      vertex 80.5 0.25 16.029999999999998
    endloop
  endfacet
  facet normal -2.2948657531554804e-15 0 -1
    outer loop
      vertex 78.9518860530663 1.4887402298188697 16.03
      vertex 80.5 0.25 16.029999999999998
      vertex 78.9518860530663 0.25 16.03
    endloop
  endfacet
  facet normal -2.2948657531554804e-15 0 -1
    outer loop
      vertex 78.9518860530663 1.4887402298188697 16.03
      vertex 80.5 1.4887402298188697 16.029999999999998
      vertex 80.5 0.25 16.029999999999998
    endloop
  endfacet
  facet normal 0.49999999999999895 0 0.8660254037844393
    outer loop
      vertex 85.04811394693371 1.4887402298188697 16.029999999999998
      vertex 83.15 0.25 17.125876598214752
      vertex 85.04811394693371 0.25 16.029999999999998
    endloop
  endfacet
  facet normal -0.5000000000000006 0 0.8660254037844384
    outer loop
      vertex 89.85 1.4887402298188697 17.125876598214752
      vertex 87.9518860530663 1.4887402298188697 16.03
      vertex 87.9518860530663 0.25 16.03
    endloop
  endfacet
  facet normal 0.49999999999999895 0 0.8660254037844393
    outer loop
      vertex 85.04811394693371 1.4887402298188697 16.029999999999998
      vertex 83.15 1.4887402298188697 17.125876598214752
      vertex 83.15 0.25 17.125876598214752
    endloop
  endfacet
  facet normal 1 0 0
    outer loop
      vertex 83.15 1.4887402298188697 17.125876598214752
      vertex 83.15 0.25 20.994123401785245
      vertex 83.15 0.25 17.125876598214752
    endloop
  endfacet
  facet normal 1 0 0
    outer loop
      vertex 83.15 1.4887402298188697 20.994123401785245
      vertex 83.15 0.25 20.994123401785245
      vertex 83.15 1.4887402298188697 17.125876598214752
    endloop
  endfacet
  facet normal 0.5000000000000007 0 -0.8660254037844383
    outer loop
      vertex 83.15 0.25 20.994123401785245
      vertex 83.15 1.4887402298188697 20.994123401785245
      vertex 86.5 0.25 22.92824680357049
    endloop
  endfacet
  facet normal 0.5000000000000007 0 -0.8660254037844383
    outer loop
      vertex 86.5 0.25 22.92824680357049
      vertex 83.15 1.4887402298188697 20.994123401785245
      vertex 86.5 1.4887402298188697 22.92824680357049
    endloop
  endfacet
  facet normal -0.5000000000000006 0 0.8660254037844384
    outer loop
      vertex 89.85 1.4887402298188697 17.125876598214752
      vertex 87.9518860530663 0.25 16.03
      vertex 89.85 0.25 17.125876598214752
    endloop
  endfacet
  facet normal -1 0 0
    outer loop
      vertex 89.85 1.4887402298188697 17.125876598214752
      vertex 89.85 0.25 17.125876598214752
      vertex 89.85 1.4887402298188697 20.994123401785245
    endloop
  endfacet
  facet normal -1 0 0
    outer loop
      vertex 89.85 0.25 17.125876598214752
      vertex 89.85 0.25 20.994123401785245
      vertex 89.85 1.4887402298188697 20.994123401785245
    endloop
  endfacet
  facet normal -0.5000000000000007 0 -0.8660254037844383
    outer loop
      vertex 86.5 1.4887402298188697 22.92824680357049
      vertex 89.85 0.25 20.994123401785245
      vertex 86.5 0.25 22.92824680357049
    endloop
  endfacet
  facet normal -0.5000000000000007 0 -0.8660254037844383
    outer loop
      vertex 86.5 1.4887402298188697 22.92824680357049
      vertex 89.85 1.4887402298188697 20.994123401785245
      vertex 89.85 0.25 20.994123401785245
    endloop
  endfacet
  facet normal 0 0 1
    outer loop
      vertex 83.5 0.85 5.66
      vertex 83.5 0.25 5.66
      vertex 89.39606365986648 1.4887402298188697 5.66
    endloop
  endfacet
  facet normal 0 0 1
    outer loop
      vertex 83.5 0.85 5.66
      vertex 88.37894552312935 1.5 5.66
      vertex 83.565 1.5 5.66
    endloop
  endfacet
  facet normal 0 0 1
    outer loop
      vertex 83.5 0.25 5.66
      vertex 89.5 0.25 5.66
      vertex 89.39606365986648 1.4887402298188697 5.66
    endloop
  endfacet
  facet normal 0 0 1
    outer loop
      vertex 83.5 0.85 5.66
      vertex 89.39606365986648 1.4887402298188697 5.66
      vertex 88.37894552312935 1.5 5.66
    endloop
  endfacet
  facet normal 0 0 1
    outer loop
      vertex 89.39606365986648 1.4887402298188697 5.66
      vertex 89.5 0.25 5.66
      vertex 89.5 1.4887402298188697 5.66
    endloop
  endfacet
  facet normal -1 0 0
    outer loop
      vertex 89.5 1.4887402298188697 9.05
      vertex 89.5 1.4887402298188697 5.66
      vertex 89.5 0.25 5.66
    endloop
  endfacet
  facet normal 1 0 0
    outer loop
      vertex 83.5 0.85 5.66
      vertex 83.5 0.25 16.029999999999998
      vertex 83.5 0.25 5.66
    endloop
  endfacet
  facet normal 1 0 0
    outer loop
      vertex 83.5 0.85 5.66
      vertex 83.5 0.85 16.029999999999998
      vertex 83.5 0.25 16.029999999999998
    endloop
  endfacet
  facet normal 0 0 -1
    outer loop
      vertex 83.5 0.85 16.029999999999998
      vertex 85.04811394693371 0.25 16.029999999999998
      vertex 83.5 0.25 16.029999999999998
    endloop
  endfacet
  facet normal 1.7763568394002252e-14 4.5833379963442913e-14 -1
    outer loop
      vertex 83.5 0.85 16.029999999999998
      vertex 83.7 0.85 16.03
      vertex 85.04811394693371 0.25 16.029999999999998
    endloop
  endfacet
  facet normal -2.6353215074149826e-15 0 -1
    outer loop
      vertex 83.7 0.85 16.03
      vertex 83.7 1.4887402298188697 16.03
      vertex 85.04811394693371 0.25 16.029999999999998
    endloop
  endfacet
  facet normal -2.6353215074149822e-15 0 -1
    outer loop
      vertex 85.04811394693371 1.4887402298188697 16.029999999999998
      vertex 85.04811394693371 0.25 16.029999999999998
      vertex 83.7 1.4887402298188697 16.03
    endloop
  endfacet
  facet normal -1 0 0
    outer loop
      vertex 89.5 1.4887402298188697 10.65
      vertex 89.5 1.4887402298188697 9.05
      vertex 89.5 0.25 5.66
    endloop
  endfacet
  facet normal -1 0 0
    outer loop
      vertex 89.5 1.4887402298188697 10.65
      vertex 89.5 1.5 9.05
      vertex 89.5 1.4887402298188697 9.05
    endloop
  endfacet
  facet normal -1 0 0
    outer loop
      vertex 89.5 1.4887402298188697 10.65
      vertex 89.5 1.5 10.65
      vertex 89.5 1.5 9.05
    endloop
  endfacet
  facet normal -1 0 0
    outer loop
      vertex 89.5 1.4887402298188697 10.65
      vertex 89.5 0.25 5.66
      vertex 89.5 1.4887402298188697 16.029999999999998
    endloop
  endfacet
  facet normal -1 0 0
    outer loop
      vertex 89.5 1.4887402298188697 16.029999999999998
      vertex 89.5 0.25 5.66
      vertex 89.5 0.25 16.029999999999998
    endloop
  endfacet
  facet normal -2.2948657531554804e-15 0 -1
    outer loop
      vertex 87.9518860530663 1.4887402298188697 16.03
      vertex 89.5 0.25 16.029999999999998
      vertex 87.9518860530663 0.25 16.03
    endloop
  endfacet
  facet normal -2.2948657531554804e-15 0 -1
    outer loop
      vertex 87.9518860530663 1.4887402298188697 16.03
      vertex 89.5 1.4887402298188697 16.029999999999998
      vertex 89.5 0.25 16.029999999999998
    endloop
  endfacet
  facet normal 0.49999999999999895 0 0.8660254037844393
    outer loop
      vertex 94.04811394693371 1.4887402298188697 16.029999999999998
      vertex 92.15 0.25 17.125876598214752
      vertex 94.04811394693371 0.25 16.029999999999998
    endloop
  endfacet
  facet normal 1 0 0
    outer loop
      vertex 92.15 1.4887402298188697 17.125876598214752
      vertex 92.15 0.25 20.994123401785245
      vertex 92.15 0.25 17.125876598214752
    endloop
  endfacet
  facet normal 0.49999999999999895 0 0.8660254037844393
    outer loop
      vertex 94.04811394693371 1.4887402298188697 16.029999999999998
      vertex 92.15 1.4887402298188697 17.125876598214752
      vertex 92.15 0.25 17.125876598214752
    endloop
  endfacet
  facet normal 1 0 0
    outer loop
      vertex 92.15 1.4887402298188697 20.994123401785245
      vertex 92.15 0.25 20.994123401785245
      vertex 92.15 1.4887402298188697 17.125876598214752
    endloop
  endfacet
  facet normal 0.5000000000000007 0 -0.8660254037844383
    outer loop
      vertex 92.15 0.25 20.994123401785245
      vertex 92.15 1.4887402298188697 20.994123401785245
      vertex 95.5 0.25 22.92824680357049
    endloop
  endfacet
  facet normal -0.5000000000000006 0 0.8660254037844384
    outer loop
      vertex 98.85 1.4887402298188697 17.125876598214752
      vertex 96.9518860530663 1.4887402298188697 16.03
      vertex 96.9518860530663 0.25 16.03
    endloop
  endfacet
  facet normal -0.5000000000000006 0 0.8660254037844384
    outer loop
      vertex 98.85 0.25 17.125876598214752
      vertex 98.85 1.4887402298188697 17.125876598214752
      vertex 96.9518860530663 0.25 16.03
    endloop
  endfacet
  facet normal -1 0 0
    outer loop
      vertex 98.85 1.4887402298188697 17.125876598214752
      vertex 98.85 0.25 17.125876598214752
      vertex 98.85 1.4887402298188697 20.994123401785245
    endloop
  endfacet
  facet normal -1 0 0
    outer loop
      vertex 98.85 1.4887402298188697 20.994123401785245
      vertex 98.85 0.25 17.125876598214752
      vertex 98.85 0.25 20.994123401785245
    endloop
  endfacet
  facet normal 0.5000000000000007 0 -0.8660254037844383
    outer loop
      vertex 92.15 1.4887402298188697 20.994123401785245
      vertex 95.5 1.4887402298188697 22.92824680357049
      vertex 95.5 0.25 22.92824680357049
    endloop
  endfacet
  facet normal -0.5000000000000007 0 -0.8660254037844383
    outer loop
      vertex 98.85 0.25 20.994123401785245
      vertex 95.5 0.25 22.92824680357049
      vertex 95.5 1.4887402298188697 22.92824680357049
    endloop
  endfacet
  facet normal -0.5000000000000007 0 -0.8660254037844383
    outer loop
      vertex 98.85 0.25 20.994123401785245
      vertex 95.5 1.4887402298188697 22.92824680357049
      vertex 98.85 1.4887402298188697 20.994123401785245
    endloop
  endfacet
  facet normal 1 0 0
    outer loop
      vertex 92.5 0.85 5.66
      vertex 92.5 0.25 16.029999999999998
      vertex 92.5 0.25 5.66
    endloop
  endfacet
  facet normal 1 0 0
    outer loop
      vertex 92.5 0.85 5.66
      vertex 92.5 0.85 16.029999999999998
      vertex 92.5 0.25 16.029999999999998
    endloop
  endfacet
  facet normal 0 0 -1
    outer loop
      vertex 92.5 0.85 16.029999999999998
      vertex 94.04811394693371 0.25 16.029999999999998
      vertex 92.5 0.25 16.029999999999998
    endloop
  endfacet
  facet normal 1.7763568394002252e-14 4.5833379963442913e-14 -1
    outer loop
      vertex 92.5 0.85 16.029999999999998
      vertex 92.7 0.85 16.03
      vertex 94.04811394693371 0.25 16.029999999999998
    endloop
  endfacet
  facet normal -2.6353215074149826e-15 0 -1
    outer loop
      vertex 92.7 0.85 16.03
      vertex 92.7 1.4887402298188697 16.03
      vertex 94.04811394693371 0.25 16.029999999999998
    endloop
  endfacet
  facet normal -2.6353215074149822e-15 0 -1
    outer loop
      vertex 94.04811394693371 1.4887402298188697 16.029999999999998
      vertex 94.04811394693371 0.25 16.029999999999998
      vertex 92.7 1.4887402298188697 16.03
    endloop
  endfacet
  facet normal 0 0 1
    outer loop
      vertex 92.5 0.85 5.66
      vertex 92.5 0.25 5.66
      vertex 98.5 1.5 5.66
    endloop
  endfacet
  facet normal 0 0 1
    outer loop
      vertex 92.5 0.85 5.66
      vertex 98.5 1.5 5.66
      vertex 92.565 1.5 5.66
    endloop
  endfacet
  facet normal 0 -1.4340027042312106e-15 1
    outer loop
      vertex 92.5 0.25 5.66
      vertex 98.5 0.25 5.66
      vertex 98.5 1.4887402298188697 5.660000000000002
    endloop
  endfacet
  facet normal -3.2866953373693826e-14 1.5776137619373039e-13 1
    outer loop
      vertex 98.5 1.5 5.66
      vertex 92.5 0.25 5.66
      vertex 98.5 1.4887402298188697 5.660000000000002
    endloop
  endfacet
  facet normal -1 0 0
    outer loop
      vertex 98.5 1.4887402298188697 5.660000000000002
      vertex 98.5 0.25 5.66
      vertex 98.5 1.4887402298188697 9.05
    endloop
  endfacet
  facet normal -1 0 0
    outer loop
      vertex 98.5 1.4887402298188697 10.65
      vertex 98.5 1.4887402298188697 9.05
      vertex 98.5 0.25 5.66
    endloop
  endfacet
  facet normal -1 0 0
    outer loop
      vertex 98.5 1.4887402298188697 10.65
      vertex 98.5 1.5 9.05
      vertex 98.5 1.4887402298188697 9.05
    endloop
  endfacet
  facet normal -1 0 0
    outer loop
      vertex 98.5 1.4887402298188697 10.65
      vertex 98.5 1.5 10.65
      vertex 98.5 1.5 9.05
    endloop
  endfacet
  facet normal -1 0 0
    outer loop
      vertex 98.5 1.4887402298188697 10.65
      vertex 98.5 0.25 5.66
      vertex 98.5 1.4887402298188697 16.029999999999998
    endloop
  endfacet
  facet normal -2.2948657531554804e-15 0 -1
    outer loop
      vertex 96.9518860530663 1.4887402298188697 16.03
      vertex 98.5 0.25 16.029999999999998
      vertex 96.9518860530663 0.25 16.03
    endloop
  endfacet
  facet normal -2.2948657531554804e-15 0 -1
    outer loop
      vertex 96.9518860530663 1.4887402298188697 16.03
      vertex 98.5 1.4887402298188697 16.029999999999998
      vertex 98.5 0.25 16.029999999999998
    endloop
  endfacet
  facet normal -1 0 0
    outer loop
      vertex 98.5 1.4887402298188697 16.029999999999998
      vertex 98.5 0.25 5.66
      vertex 98.5 0.25 16.029999999999998
    endloop
  endfacet
  facet normal 0.49999999999999983 0 0.8660254037844387
    outer loop
      vertex 33.65 1.4887402298188697 25.125876598214752
      vertex 33.65 0.25 25.125876598214752
      vertex 37 1.4887402298188697 23.191753196429506
    endloop
  endfacet
  facet normal 0.49999999999999983 0 0.8660254037844387
    outer loop
      vertex 33.65 0.25 25.125876598214752
      vertex 37 0.25 23.191753196429506
      vertex 37 1.4887402298188697 23.191753196429506
    endloop
  endfacet
  facet normal -0.49999999999999983 0 0.8660254037844387
    outer loop
      vertex 37 0.25 23.191753196429506
      vertex 40.35 1.4887402298188697 25.125876598214752
      vertex 37 1.4887402298188697 23.191753196429506
    endloop
  endfacet
  facet normal -0.49999999999999983 0 0.8660254037844387
    outer loop
      vertex 37 0.25 23.191753196429506
      vertex 40.35 0.25 25.125876598214752
      vertex 40.35 1.4887402298188697 25.125876598214752
    endloop
  endfacet
  facet normal 1 0 0
    outer loop
      vertex 33.65 0.25 25.125876598214752
      vertex 33.65 1.4887402298188697 25.125876598214752
      vertex 33.65 0.25 28.994123401785245
    endloop
  endfacet
  facet normal 1 0 0
    outer loop
      vertex 33.65 0.25 28.994123401785245
      vertex 33.65 1.4887402298188697 25.125876598214752
      vertex 33.65 1.4887402298188697 28.994123401785245
    endloop
  endfacet
  facet normal 0.49999999999999983 0 -0.8660254037844387
    outer loop
      vertex 33.65 0.25 28.994123401785245
      vertex 33.65 1.4887402298188697 28.994123401785245
      vertex 37 0.25 30.92824680357049
    endloop
  endfacet
  facet normal 0.49999999999999983 0 -0.8660254037844387
    outer loop
      vertex 37 0.25 30.92824680357049
      vertex 33.65 1.4887402298188697 28.994123401785245
      vertex 37 1.4887402298188697 30.92824680357049
    endloop
  endfacet
  facet normal -0.49999999999999983 0 -0.8660254037844387
    outer loop
      vertex 40.35 0.25 28.994123401785245
      vertex 37 1.4887402298188697 30.92824680357049
      vertex 40.35 1.4887402298188697 28.994123401785245
    endloop
  endfacet
  facet normal -0.49999999999999983 0 -0.8660254037844387
    outer loop
      vertex 40.35 0.25 28.994123401785245
      vertex 37 0.25 30.92824680357049
      vertex 37 1.4887402298188697 30.92824680357049
    endloop
  endfacet
  facet normal -1 0 0
    outer loop
      vertex 40.35 0.25 25.125876598214752
      vertex 40.35 1.4887402298188697 28.994123401785245
      vertex 40.35 1.4887402298188697 25.125876598214752
    endloop
  endfacet
  facet normal -1 0 0
    outer loop
      vertex 40.35 0.25 25.125876598214752
      vertex 40.35 0.25 28.994123401785245
      vertex 40.35 1.4887402298188697 28.994123401785245
    endloop
  endfacet
  facet normal 0.49999999999999983 0 0.8660254037844387
    outer loop
      vertex 42.65 1.4887402298188697 25.125876598214752
      vertex 42.65 0.25 25.125876598214752
      vertex 46 1.4887402298188697 23.191753196429506
    endloop
  endfacet
  facet normal 0.49999999999999983 0 0.8660254037844387
    outer loop
      vertex 42.65 0.25 25.125876598214752
      vertex 46 0.25 23.191753196429506
      vertex 46 1.4887402298188697 23.191753196429506
    endloop
  endfacet
  facet normal -0.49999999999999983 0 0.8660254037844387
    outer loop
      vertex 46 0.25 23.191753196429506
      vertex 49.35 1.4887402298188697 25.125876598214752
      vertex 46 1.4887402298188697 23.191753196429506
    endloop
  endfacet
  facet normal 1 0 0
    outer loop
      vertex 42.65 0.25 25.125876598214752
      vertex 42.65 1.4887402298188697 25.125876598214752
      vertex 42.65 0.25 28.994123401785245
    endloop
  endfacet
  facet normal 1 0 0
    outer loop
      vertex 42.65 0.25 28.994123401785245
      vertex 42.65 1.4887402298188697 25.125876598214752
      vertex 42.65 1.4887402298188697 28.994123401785245
    endloop
  endfacet
  facet normal 0.49999999999999983 0 -0.8660254037844387
    outer loop
      vertex 42.65 0.25 28.994123401785245
      vertex 42.65 1.4887402298188697 28.994123401785245
      vertex 46 0.25 30.92824680357049
    endloop
  endfacet
  facet normal 0.49999999999999983 0 -0.8660254037844387
    outer loop
      vertex 46 0.25 30.92824680357049
      vertex 42.65 1.4887402298188697 28.994123401785245
      vertex 46 1.4887402298188697 30.92824680357049
    endloop
  endfacet
  facet normal -0.49999999999999983 0 -0.8660254037844387
    outer loop
      vertex 49.35 0.25 28.994123401785245
      vertex 46 0.25 30.92824680357049
      vertex 46 1.4887402298188697 30.92824680357049
    endloop
  endfacet
  facet normal -0.49999999999999983 0 0.8660254037844387
    outer loop
      vertex 46 0.25 23.191753196429506
      vertex 49.35 0.25 25.125876598214752
      vertex 49.35 1.4887402298188697 25.125876598214752
    endloop
  endfacet
  facet normal -1 0 0
    outer loop
      vertex 49.35 0.25 25.125876598214752
      vertex 49.35 1.4887402298188697 28.994123401785245
      vertex 49.35 1.4887402298188697 25.125876598214752
    endloop
  endfacet
  facet normal -1 0 0
    outer loop
      vertex 49.35 0.25 25.125876598214752
      vertex 49.35 0.25 28.994123401785245
      vertex 49.35 1.4887402298188697 28.994123401785245
    endloop
  endfacet
  facet normal -0.49999999999999983 0 -0.8660254037844387
    outer loop
      vertex 46 1.4887402298188697 30.92824680357049
      vertex 49.35 1.4887402298188697 28.994123401785245
      vertex 49.35 0.25 28.994123401785245
    endloop
  endfacet
  facet normal 0.49999999999999983 0 0.8660254037844387
    outer loop
      vertex 51.65 1.4887402298188697 25.125876598214752
      vertex 51.65 0.25 25.125876598214752
      vertex 55 1.4887402298188697 23.191753196429506
    endloop
  endfacet
  facet normal 0.49999999999999983 0 0.8660254037844387
    outer loop
      vertex 51.65 0.25 25.125876598214752
      vertex 55 0.25 23.191753196429506
      vertex 55 1.4887402298188697 23.191753196429506
    endloop
  endfacet
  facet normal -0.49999999999999983 0 0.8660254037844387
    outer loop
      vertex 55 0.25 23.191753196429506
      vertex 58.35 1.4887402298188697 25.125876598214752
      vertex 55 1.4887402298188697 23.191753196429506
    endloop
  endfacet
  facet normal -0.49999999999999983 0 0.8660254037844387
    outer loop
      vertex 58.35 0.25 25.125876598214752
      vertex 58.35 1.4887402298188697 25.125876598214752
      vertex 55 0.25 23.191753196429506
    endloop
  endfacet
  facet normal 1 0 0
    outer loop
      vertex 51.65 0.25 28.994123401785245
      vertex 51.65 0.25 25.125876598214752
      vertex 51.65 1.4887402298188697 25.125876598214752
    endloop
  endfacet
  facet normal 1 0 0
    outer loop
      vertex 51.65 1.4887402298188697 28.994123401785245
      vertex 51.65 0.25 28.994123401785245
      vertex 51.65 1.4887402298188697 25.125876598214752
    endloop
  endfacet
  facet normal 0.49999999999999983 0 -0.8660254037844387
    outer loop
      vertex 51.65 0.25 28.994123401785245
      vertex 51.65 1.4887402298188697 28.994123401785245
      vertex 55 0.25 30.92824680357049
    endloop
  endfacet
  facet normal 0.49999999999999983 0 -0.8660254037844387
    outer loop
      vertex 51.65 1.4887402298188697 28.994123401785245
      vertex 55 1.4887402298188697 30.92824680357049
      vertex 55 0.25 30.92824680357049
    endloop
  endfacet
  facet normal -1 0 0
    outer loop
      vertex 58.35 1.4887402298188697 25.125876598214752
      vertex 58.35 0.25 25.125876598214752
      vertex 58.35 1.4887402298188697 28.994123401785245
    endloop
  endfacet
  facet normal -1 0 0
    outer loop
      vertex 58.35 0.25 25.125876598214752
      vertex 58.35 0.25 28.994123401785245
      vertex 58.35 1.4887402298188697 28.994123401785245
    endloop
  endfacet
  facet normal -0.49999999999999983 0 -0.8660254037844387
    outer loop
      vertex 55 1.4887402298188697 30.92824680357049
      vertex 58.35 0.25 28.994123401785245
      vertex 55 0.25 30.92824680357049
    endloop
  endfacet
  facet normal -0.49999999999999983 0 -0.8660254037844387
    outer loop
      vertex 55 1.4887402298188697 30.92824680357049
      vertex 58.35 1.4887402298188697 28.994123401785245
      vertex 58.35 0.25 28.994123401785245
    endloop
  endfacet
  facet normal 0.49999999999999983 0 0.8660254037844387
    outer loop
      vertex 64 1.4887402298188697 23.191753196429506
      vertex 60.65 1.4887402298188697 25.125876598214752
      vertex 60.65 0.25 25.125876598214752
    endloop
  endfacet
  facet normal 0.49999999999999983 0 0.8660254037844387
    outer loop
      vertex 64 1.4887402298188697 23.191753196429506
      vertex 60.65 0.25 25.125876598214752
      vertex 64 0.25 23.191753196429506
    endloop
  endfacet
  facet normal 1 0 0
    outer loop
      vertex 60.65 1.4887402298188697 25.125876598214752
      vertex 60.65 0.25 28.994123401785245
      vertex 60.65 0.25 25.125876598214752
    endloop
  endfacet
  facet normal 1 0 0
    outer loop
      vertex 60.65 1.4887402298188697 28.994123401785245
      vertex 60.65 0.25 28.994123401785245
      vertex 60.65 1.4887402298188697 25.125876598214752
    endloop
  endfacet
  facet normal 0.49999999999999983 0 -0.8660254037844387
    outer loop
      vertex 60.65 0.25 28.994123401785245
      vertex 60.65 1.4887402298188697 28.994123401785245
      vertex 64 0.25 30.92824680357049
    endloop
  endfacet
  facet normal 0.49999999999999983 0 -0.8660254037844387
    outer loop
      vertex 60.65 1.4887402298188697 28.994123401785245
      vertex 64 1.4887402298188697 30.92824680357049
      vertex 64 0.25 30.92824680357049
    endloop
  endfacet
  facet normal -0.5000000000000007 0 0.8660254037844383
    outer loop
      vertex 67.35 1.4887402298188697 25.125876598214752
      vertex 64 1.4887402298188697 23.191753196429506
      vertex 64 0.25 23.191753196429506
    endloop
  endfacet
  facet normal -0.5000000000000007 0 0.8660254037844383
    outer loop
      vertex 67.35 1.4887402298188697 25.125876598214752
      vertex 64 0.25 23.191753196429506
      vertex 67.35 0.25 25.125876598214752
    endloop
  endfacet
  facet normal -1 0 0
    outer loop
      vertex 67.35 1.4887402298188697 25.125876598214752
      vertex 67.35 0.25 25.125876598214752
      vertex 67.35 1.4887402298188697 28.994123401785245
    endloop
  endfacet
  facet normal -1 0 0
    outer loop
      vertex 67.35 0.25 25.125876598214752
      vertex 67.35 0.25 28.994123401785245
      vertex 67.35 1.4887402298188697 28.994123401785245
    endloop
  endfacet
  facet normal -0.5000000000000007 0 -0.8660254037844383
    outer loop
      vertex 64 1.4887402298188697 30.92824680357049
      vertex 67.35 1.4887402298188697 28.994123401785245
      vertex 67.35 0.25 28.994123401785245
    endloop
  endfacet
  facet normal -0.5000000000000007 0 -0.8660254037844383
    outer loop
      vertex 64 0.25 30.92824680357049
      vertex 64 1.4887402298188697 30.92824680357049
      vertex 67.35 0.25 28.994123401785245
    endloop
  endfacet
  facet normal 0.5000000000000007 0 0.8660254037844383
    outer loop
      vertex 73 1.4887402298188697 23.191753196429506
      vertex 69.65 1.4887402298188697 25.125876598214752
      vertex 69.65 0.25 25.125876598214752
    endloop
  endfacet
  facet normal 0.5000000000000007 0 0.8660254037844383
    outer loop
      vertex 73 1.4887402298188697 23.191753196429506
      vertex 69.65 0.25 25.125876598214752
      vertex 73 0.25 23.191753196429506
    endloop
  endfacet
  facet normal -0.5000000000000007 0 0.8660254037844383
    outer loop
      vertex 76.35 1.4887402298188697 25.125876598214752
      vertex 73 1.4887402298188697 23.191753196429506
      vertex 73 0.25 23.191753196429506
    endloop
  endfacet
  facet normal -0.5000000000000007 0 0.8660254037844383
    outer loop
      vertex 76.35 1.4887402298188697 25.125876598214752
      vertex 73 0.25 23.191753196429506
      vertex 76.35 0.25 25.125876598214752
    endloop
  endfacet
  facet normal 1 0 0
    outer loop
      vertex 69.65 1.4887402298188697 25.125876598214752
      vertex 69.65 0.25 28.994123401785245
      vertex 69.65 0.25 25.125876598214752
    endloop
  endfacet
  facet normal 1 0 0
    outer loop
      vertex 69.65 1.4887402298188697 28.994123401785245
      vertex 69.65 0.25 28.994123401785245
      vertex 69.65 1.4887402298188697 25.125876598214752
    endloop
  endfacet
  facet normal 0.5000000000000007 0 -0.8660254037844383
    outer loop
      vertex 69.65 1.4887402298188697 28.994123401785245
      vertex 73 1.4887402298188697 30.92824680357049
      vertex 69.65 0.25 28.994123401785245
    endloop
  endfacet
  facet normal -1 0 0
    outer loop
      vertex 76.35 1.4887402298188697 25.125876598214752
      vertex 76.35 0.25 25.125876598214752
      vertex 76.35 1.4887402298188697 28.994123401785245
    endloop
  endfacet
  facet normal -1 0 0
    outer loop
      vertex 76.35 0.25 25.125876598214752
      vertex 76.35 0.25 28.994123401785245
      vertex 76.35 1.4887402298188697 28.994123401785245
    endloop
  endfacet
  facet normal 0.5000000000000007 0 -0.8660254037844383
    outer loop
      vertex 69.65 0.25 28.994123401785245
      vertex 73 1.4887402298188697 30.92824680357049
      vertex 73 0.25 30.92824680357049
    endloop
  endfacet
  facet normal -0.5000000000000007 0 -0.8660254037844383
    outer loop
      vertex 73 0.25 30.92824680357049
      vertex 73 1.4887402298188697 30.92824680357049
      vertex 76.35 0.25 28.994123401785245
    endloop
  endfacet
  facet normal -0.5000000000000007 0 -0.8660254037844383
    outer loop
      vertex 73 1.4887402298188697 30.92824680357049
      vertex 76.35 1.4887402298188697 28.994123401785245
      vertex 76.35 0.25 28.994123401785245
    endloop
  endfacet
  facet normal 1 0 0
    outer loop
      vertex 78.65 0.25 28.994123401785245
      vertex 78.65 0.25 25.125876598214752
      vertex 78.65 1.4887402298188697 25.125876598214752
    endloop
  endfacet
  facet normal 1 0 0
    outer loop
      vertex 78.65 1.4887402298188697 28.994123401785245
      vertex 78.65 0.25 28.994123401785245
      vertex 78.65 1.4887402298188697 25.125876598214752
    endloop
  endfacet
  facet normal 0.5000000000000007 0 0.8660254037844383
    outer loop
      vertex 82 1.4887402298188697 23.191753196429506
      vertex 78.65 1.4887402298188697 25.125876598214752
      vertex 78.65 0.25 25.125876598214752
    endloop
  endfacet
  facet normal 0.5000000000000007 0 0.8660254037844383
    outer loop
      vertex 82 1.4887402298188697 23.191753196429506
      vertex 78.65 0.25 25.125876598214752
      vertex 82 0.25 23.191753196429506
    endloop
  endfacet
  facet normal -0.5000000000000007 0 0.8660254037844383
    outer loop
      vertex 82 0.25 23.191753196429506
      vertex 85.35 1.4887402298188697 25.125876598214752
      vertex 82 1.4887402298188697 23.191753196429506
    endloop
  endfacet
  facet normal -0.5000000000000007 0 0.8660254037844383
    outer loop
      vertex 85.35 1.4887402298188697 25.125876598214752
      vertex 82 0.25 23.191753196429506
      vertex 85.35 0.25 25.125876598214752
    endloop
  endfacet
  facet normal -1 0 0
    outer loop
      vertex 85.35 1.4887402298188697 25.125876598214752
      vertex 85.35 0.25 25.125876598214752
      vertex 85.35 1.4887402298188697 28.994123401785245
    endloop
  endfacet
  facet normal -1 0 0
    outer loop
      vertex 85.35 0.25 25.125876598214752
      vertex 85.35 0.25 28.994123401785245
      vertex 85.35 1.4887402298188697 28.994123401785245
    endloop
  endfacet
  facet normal 0.5000000000000007 0 -0.8660254037844383
    outer loop
      vertex 78.65 0.25 28.994123401785245
      vertex 78.65 1.4887402298188697 28.994123401785245
      vertex 82 0.25 30.92824680357049
    endloop
  endfacet
  facet normal 0.5000000000000007 0 -0.8660254037844383
    outer loop
      vertex 82 0.25 30.92824680357049
      vertex 78.65 1.4887402298188697 28.994123401785245
      vertex 82 1.4887402298188697 30.92824680357049
    endloop
  endfacet
  facet normal -0.5000000000000007 0 -0.8660254037844383
    outer loop
      vertex 85.35 0.25 28.994123401785245
      vertex 82 1.4887402298188697 30.92824680357049
      vertex 85.35 1.4887402298188697 28.994123401785245
    endloop
  endfacet
  facet normal -0.5000000000000007 0 -0.8660254037844383
    outer loop
      vertex 82 0.25 30.92824680357049
      vertex 82 1.4887402298188697 30.92824680357049
      vertex 85.35 0.25 28.994123401785245
    endloop
  endfacet
  facet normal 0.5000000000000007 0 0.8660254037844383
    outer loop
      vertex 91 1.4887402298188697 23.191753196429506
      vertex 87.65 1.4887402298188697 25.125876598214752
      vertex 87.65 0.25 25.125876598214752
    endloop
  endfacet
  facet normal 0.5000000000000007 0 0.8660254037844383
    outer loop
      vertex 91 1.4887402298188697 23.191753196429506
      vertex 87.65 0.25 25.125876598214752
      vertex 91 0.25 23.191753196429506
    endloop
  endfacet
  facet normal -0.5000000000000007 0 0.8660254037844383
    outer loop
      vertex 94.35 1.4887402298188697 25.125876598214752
      vertex 91 1.4887402298188697 23.191753196429506
      vertex 91 0.25 23.191753196429506
    endloop
  endfacet
  facet normal -0.5000000000000007 0 0.8660254037844383
    outer loop
      vertex 91 0.25 23.191753196429506
      vertex 94.35 0.25 25.125876598214752
      vertex 94.35 1.4887402298188697 25.125876598214752
    endloop
  endfacet
  facet normal 1 0 0
    outer loop
      vertex 87.65 0.25 25.125876598214752
      vertex 87.65 1.4887402298188697 25.125876598214752
      vertex 87.65 0.25 28.994123401785245
    endloop
  endfacet
  facet normal 1 0 0
    outer loop
      vertex 87.65 0.25 28.994123401785245
      vertex 87.65 1.4887402298188697 25.125876598214752
      vertex 87.65 1.4887402298188697 28.994123401785245
    endloop
  endfacet
  facet normal -1 0 0
    outer loop
      vertex 94.35 0.25 25.125876598214752
      vertex 94.35 1.4887402298188697 28.994123401785245
      vertex 94.35 1.4887402298188697 25.125876598214752
    endloop
  endfacet
  facet normal -1 0 0
    outer loop
      vertex 94.35 0.25 25.125876598214752
      vertex 94.35 0.25 28.994123401785245
      vertex 94.35 1.4887402298188697 28.994123401785245
    endloop
  endfacet
  facet normal 0.5000000000000007 0 -0.8660254037844383
    outer loop
      vertex 87.65 0.25 28.994123401785245
      vertex 87.65 1.4887402298188697 28.994123401785245
      vertex 91 0.25 30.92824680357049
    endloop
  endfacet
  facet normal 0.5000000000000007 0 -0.8660254037844383
    outer loop
      vertex 91 0.25 30.92824680357049
      vertex 87.65 1.4887402298188697 28.994123401785245
      vertex 91 1.4887402298188697 30.92824680357049
    endloop
  endfacet
  facet normal -0.5000000000000007 0 -0.8660254037844383
    outer loop
      vertex 91 0.25 30.92824680357049
      vertex 91 1.4887402298188697 30.92824680357049
      vertex 94.35 0.25 28.994123401785245
    endloop
  endfacet
  facet normal -0.5000000000000007 0 -0.8660254037844383
    outer loop
      vertex 94.35 0.25 28.994123401785245
      vertex 91 1.4887402298188697 30.92824680357049
      vertex 94.35 1.4887402298188697 28.994123401785245
    endloop
  endfacet
  facet normal 0.5000000000000007 0 0.8660254037844383
    outer loop
      vertex 96.65 0.25 25.125876598214752
      vertex 100 1.4887402298188697 23.191753196429506
      vertex 96.65 1.4887402298188697 25.125876598214752
    endloop
  endfacet
  facet normal 0.5000000000000007 0 0.8660254037844383
    outer loop
      vertex 96.65 0.25 25.125876598214752
      vertex 100 0.25 23.191753196429506
      vertex 100 1.4887402298188697 23.191753196429506
    endloop
  endfacet
  facet normal -0.5000000000000007 0 0.8660254037844383
    outer loop
      vertex 100 0.25 23.191753196429506
      vertex 103.35 1.4887402298188697 25.125876598214752
      vertex 100 1.4887402298188697 23.191753196429506
    endloop
  endfacet
  facet normal -0.5000000000000007 0 0.8660254037844383
    outer loop
      vertex 100 0.25 23.191753196429506
      vertex 103.35 0.25 25.125876598214752
      vertex 103.35 1.4887402298188697 25.125876598214752
    endloop
  endfacet
  facet normal 1 0 0
    outer loop
      vertex 96.65 0.25 25.125876598214752
      vertex 96.65 1.4887402298188697 25.125876598214752
      vertex 96.65 0.25 28.994123401785245
    endloop
  endfacet
  facet normal 1 0 0
    outer loop
      vertex 96.65 0.25 28.994123401785245
      vertex 96.65 1.4887402298188697 25.125876598214752
      vertex 96.65 1.4887402298188697 28.994123401785245
    endloop
  endfacet
  facet normal 0.5000000000000007 0 -0.8660254037844383
    outer loop
      vertex 96.65 0.25 28.994123401785245
      vertex 96.65 1.4887402298188697 28.994123401785245
      vertex 100 0.25 30.92824680357049
    endloop
  endfacet
  facet normal 0.5000000000000007 0 -0.8660254037844383
    outer loop
      vertex 100 0.25 30.92824680357049
      vertex 96.65 1.4887402298188697 28.994123401785245
      vertex 100 1.4887402298188697 30.92824680357049
    endloop
  endfacet
  facet normal -0.5000000000000007 0 -0.8660254037844383
    outer loop
      vertex 100 0.25 30.92824680357049
      vertex 100 1.4887402298188697 30.92824680357049
      vertex 103.35 0.25 28.994123401785245
    endloop
  endfacet
  facet normal -1 0 0
    outer loop
      vertex 103.35 0.25 25.125876598214752
      vertex 103.35 1.4887402298188697 28.994123401785245
      vertex 103.35 1.4887402298188697 25.125876598214752
    endloop
  endfacet
  facet normal -1 0 0
    outer loop
      vertex 103.35 0.25 25.125876598214752
      vertex 103.35 0.25 28.994123401785245
      vertex 103.35 1.4887402298188697 28.994123401785245
    endloop
  endfacet
  facet normal -0.5000000000000007 0 -0.8660254037844383
    outer loop
      vertex 103.35 0.25 28.994123401785245
      vertex 100 1.4887402298188697 30.92824680357049
      vertex 103.35 1.4887402298188697 28.994123401785245
    endloop
  endfacet
  facet normal 0.5000000000000006 0 0.8660254037844384
    outer loop
      vertex 29.15 0.25 33.12587659821476
      vertex 32.5 0.25 31.19175319642951
      vertex 32.5 1.4887402298188697 31.19175319642951
    endloop
  endfacet
  facet normal 0.5000000000000006 0 0.8660254037844384
    outer loop
      vertex 29.15 0.25 33.12587659821476
      vertex 32.5 1.4887402298188697 31.19175319642951
      vertex 29.15 1.4887402298188697 33.12587659821476
    endloop
  endfacet
  facet normal -0.5000000000000006 0 0.8660254037844384
    outer loop
      vertex 32.5 0.25 31.19175319642951
      vertex 35.85 1.4887402298188697 33.12587659821476
      vertex 32.5 1.4887402298188697 31.19175319642951
    endloop
  endfacet
  facet normal -0.5000000000000006 0 0.8660254037844384
    outer loop
      vertex 32.5 0.25 31.19175319642951
      vertex 35.85 0.25 33.12587659821476
      vertex 35.85 1.4887402298188697 33.12587659821476
    endloop
  endfacet
  facet normal 1 0 0
    outer loop
      vertex 29.15 0.25 33.12587659821476
      vertex 29.15 1.4887402298188697 33.12587659821476
      vertex 29.15 0.25 36.994123401785245
    endloop
  endfacet
  facet normal 1 0 0
    outer loop
      vertex 29.15 1.4887402298188697 33.12587659821476
      vertex 29.15 1.4887402298188697 36.994123401785245
      vertex 29.15 0.25 36.994123401785245
    endloop
  endfacet
  facet normal 0.5000000000000006 0 -0.8660254037844384
    outer loop
      vertex 29.15 0.25 36.994123401785245
      vertex 29.15 1.4887402298188697 36.994123401785245
      vertex 32.5 0.25 38.928246803570495
    endloop
  endfacet
  facet normal 0.5000000000000006 0 -0.8660254037844384
    outer loop
      vertex 32.5 0.25 38.928246803570495
      vertex 29.15 1.4887402298188697 36.994123401785245
      vertex 32.5 1.4887402298188697 38.928246803570495
    endloop
  endfacet
  facet normal -1 0 0
    outer loop
      vertex 35.85 0.25 33.12587659821476
      vertex 35.85 1.4887402298188697 36.994123401785245
      vertex 35.85 1.4887402298188697 33.12587659821476
    endloop
  endfacet
  facet normal -1 0 0
    outer loop
      vertex 35.85 0.25 33.12587659821476
      vertex 35.85 0.25 36.994123401785245
      vertex 35.85 1.4887402298188697 36.994123401785245
    endloop
  endfacet
  facet normal -0.5000000000000006 0 -0.8660254037844384
    outer loop
      vertex 35.85 0.25 36.994123401785245
      vertex 32.5 1.4887402298188697 38.928246803570495
      vertex 35.85 1.4887402298188697 36.994123401785245
    endloop
  endfacet
  facet normal -0.5000000000000006 0 -0.8660254037844384
    outer loop
      vertex 32.5 0.25 38.928246803570495
      vertex 32.5 1.4887402298188697 38.928246803570495
      vertex 35.85 0.25 36.994123401785245
    endloop
  endfacet
  facet normal 0.5000000000000006 0 0.8660254037844384
    outer loop
      vertex 38.15 0.25 33.12587659821476
      vertex 41.5 1.4887402298188697 31.19175319642951
      vertex 38.15 1.4887402298188697 33.12587659821476
    endloop
  endfacet
  facet normal 0.5000000000000006 0 0.8660254037844384
    outer loop
      vertex 38.15 0.25 33.12587659821476
      vertex 41.5 0.25 31.19175319642951
      vertex 41.5 1.4887402298188697 31.19175319642951
    endloop
  endfacet
  facet normal -0.5000000000000006 0 0.8660254037844384
    outer loop
      vertex 41.5 0.25 31.19175319642951
      vertex 44.85 1.4887402298188697 33.12587659821476
      vertex 41.5 1.4887402298188697 31.19175319642951
    endloop
  endfacet
  facet normal -0.5000000000000006 0 0.8660254037844384
    outer loop
      vertex 44.85 0.25 33.12587659821476
      vertex 44.85 1.4887402298188697 33.12587659821476
      vertex 41.5 0.25 31.19175319642951
    endloop
  endfacet
  facet normal 1 0 0
    outer loop
      vertex 38.15 0.25 33.12587659821476
      vertex 38.15 1.4887402298188697 33.12587659821476
      vertex 38.15 0.25 36.994123401785245
    endloop
  endfacet
  facet normal 1 0 0
    outer loop
      vertex 38.15 0.25 36.994123401785245
      vertex 38.15 1.4887402298188697 33.12587659821476
      vertex 38.15 1.4887402298188697 36.994123401785245
    endloop
  endfacet
  facet normal 0.5000000000000006 0 -0.8660254037844384
    outer loop
      vertex 41.5 0.25 38.928246803570495
      vertex 38.15 0.25 36.994123401785245
      vertex 38.15 1.4887402298188697 36.994123401785245
    endloop
  endfacet
  facet normal -1 0 0
    outer loop
      vertex 44.85 0.25 33.12587659821476
      vertex 44.85 1.4887402298188697 36.994123401785245
      vertex 44.85 1.4887402298188697 33.12587659821476
    endloop
  endfacet
  facet normal -1 0 0
    outer loop
      vertex 44.85 0.25 33.12587659821476
      vertex 44.85 0.25 36.994123401785245
      vertex 44.85 1.4887402298188697 36.994123401785245
    endloop
  endfacet
  facet normal 0.5000000000000006 0 -0.8660254037844384
    outer loop
      vertex 38.15 1.4887402298188697 36.994123401785245
      vertex 41.5 1.4887402298188697 38.928246803570495
      vertex 41.5 0.25 38.928246803570495
    endloop
  endfacet
  facet normal -0.5000000000000006 0 -0.8660254037844384
    outer loop
      vertex 41.5 0.25 38.928246803570495
      vertex 41.5 1.4887402298188697 38.928246803570495
      vertex 44.85 0.25 36.994123401785245
    endloop
  endfacet
  facet normal -0.5000000000000006 0 -0.8660254037844384
    outer loop
      vertex 41.5 1.4887402298188697 38.928246803570495
      vertex 44.85 1.4887402298188697 36.994123401785245
      vertex 44.85 0.25 36.994123401785245
    endloop
  endfacet
  facet normal 0.5000000000000006 0 0.8660254037844384
    outer loop
      vertex 50.5 1.4887402298188697 31.19175319642951
      vertex 47.15 1.4887402298188697 33.12587659821476
      vertex 47.15 0.25 33.12587659821476
    endloop
  endfacet
  facet normal 0.5000000000000006 0 0.8660254037844384
    outer loop
      vertex 50.5 1.4887402298188697 31.19175319642951
      vertex 47.15 0.25 33.12587659821476
      vertex 50.5 0.25 31.19175319642951
    endloop
  endfacet
  facet normal -0.5000000000000006 0 0.8660254037844384
    outer loop
      vertex 53.85 1.4887402298188697 33.12587659821476
      vertex 50.5 1.4887402298188697 31.19175319642951
      vertex 50.5 0.25 31.19175319642951
    endloop
  endfacet
  facet normal -0.5000000000000006 0 0.8660254037844384
    outer loop
      vertex 53.85 1.4887402298188697 33.12587659821476
      vertex 50.5 0.25 31.19175319642951
      vertex 53.85 0.25 33.12587659821476
    endloop
  endfacet
  facet normal 1 0 0
    outer loop
      vertex 47.15 1.4887402298188697 33.12587659821476
      vertex 47.15 0.25 36.994123401785245
      vertex 47.15 0.25 33.12587659821476
    endloop
  endfacet
  facet normal 1 0 0
    outer loop
      vertex 47.15 1.4887402298188697 33.12587659821476
      vertex 47.15 1.4887402298188697 36.994123401785245
      vertex 47.15 0.25 36.994123401785245
    endloop
  endfacet
  facet normal -1 0 0
    outer loop
      vertex 53.85 1.4887402298188697 33.12587659821476
      vertex 53.85 0.25 33.12587659821476
      vertex 53.85 1.4887402298188697 36.994123401785245
    endloop
  endfacet
  facet normal -1 0 0
    outer loop
      vertex 53.85 0.25 33.12587659821476
      vertex 53.85 0.25 36.994123401785245
      vertex 53.85 1.4887402298188697 36.994123401785245
    endloop
  endfacet
  facet normal 0.5000000000000006 0 -0.8660254037844384
    outer loop
      vertex 47.15 0.25 36.994123401785245
      vertex 47.15 1.4887402298188697 36.994123401785245
      vertex 50.5 0.25 38.928246803570495
    endloop
  endfacet
  facet normal 0.5000000000000006 0 -0.8660254037844384
    outer loop
      vertex 47.15 1.4887402298188697 36.994123401785245
      vertex 50.5 1.4887402298188697 38.928246803570495
      vertex 50.5 0.25 38.928246803570495
    endloop
  endfacet
  facet normal -0.5000000000000006 0 -0.8660254037844384
    outer loop
      vertex 50.5 1.4887402298188697 38.928246803570495
      vertex 53.85 1.4887402298188697 36.994123401785245
      vertex 53.85 0.25 36.994123401785245
    endloop
  endfacet
  facet normal -0.5000000000000006 0 -0.8660254037844384
    outer loop
      vertex 50.5 1.4887402298188697 38.928246803570495
      vertex 53.85 0.25 36.994123401785245
      vertex 50.5 0.25 38.928246803570495
    endloop
  endfacet
  facet normal 0.5000000000000006 0 0.8660254037844384
    outer loop
      vertex 59.5 1.4887402298188697 31.19175319642951
      vertex 56.15 0.25 33.12587659821476
      vertex 59.5 0.25 31.19175319642951
    endloop
  endfacet
  facet normal 0.5000000000000006 0 0.8660254037844384
    outer loop
      vertex 59.5 1.4887402298188697 31.19175319642951
      vertex 56.15 1.4887402298188697 33.12587659821476
      vertex 56.15 0.25 33.12587659821476
    endloop
  endfacet
  facet normal -0.5000000000000006 0 0.8660254037844384
    outer loop
      vertex 62.85 1.4887402298188697 33.12587659821476
      vertex 59.5 1.4887402298188697 31.19175319642951
      vertex 59.5 0.25 31.19175319642951
    endloop
  endfacet
  facet normal -0.5000000000000006 0 0.8660254037844384
    outer loop
      vertex 62.85 1.4887402298188697 33.12587659821476
      vertex 59.5 0.25 31.19175319642951
      vertex 62.85 0.25 33.12587659821476
    endloop
  endfacet
  facet normal 1 0 0
    outer loop
      vertex 56.15 1.4887402298188697 33.12587659821476
      vertex 56.15 0.25 36.994123401785245
      vertex 56.15 0.25 33.12587659821476
    endloop
  endfacet
  facet normal 1 0 0
    outer loop
      vertex 56.15 0.25 36.994123401785245
      vertex 56.15 1.4887402298188697 33.12587659821476
      vertex 56.15 1.4887402298188697 36.994123401785245
    endloop
  endfacet
  facet normal -1 0 0
    outer loop
      vertex 62.85 0.25 33.12587659821476
      vertex 62.85 1.4887402298188697 36.994123401785245
      vertex 62.85 1.4887402298188697 33.12587659821476
    endloop
  endfacet
  facet normal -1 0 0
    outer loop
      vertex 62.85 0.25 33.12587659821476
      vertex 62.85 0.25 36.994123401785245
      vertex 62.85 1.4887402298188697 36.994123401785245
    endloop
  endfacet
  facet normal 0.5000000000000006 0 -0.8660254037844384
    outer loop
      vertex 56.15 1.4887402298188697 36.994123401785245
      vertex 59.5 0.25 38.928246803570495
      vertex 56.15 0.25 36.994123401785245
    endloop
  endfacet
  facet normal 0.5000000000000006 0 -0.8660254037844384
    outer loop
      vertex 59.5 0.25 38.928246803570495
      vertex 56.15 1.4887402298188697 36.994123401785245
      vertex 59.5 1.4887402298188697 38.928246803570495
    endloop
  endfacet
  facet normal -0.5000000000000006 0 -0.8660254037844384
    outer loop
      vertex 62.85 0.25 36.994123401785245
      vertex 59.5 0.25 38.928246803570495
      vertex 59.5 1.4887402298188697 38.928246803570495
    endloop
  endfacet
  facet normal -0.5000000000000006 0 -0.8660254037844384
    outer loop
      vertex 62.85 0.25 36.994123401785245
      vertex 59.5 1.4887402298188697 38.928246803570495
      vertex 62.85 1.4887402298188697 36.994123401785245
    endloop
  endfacet
  facet normal 0.5000000000000013 0 0.8660254037844378
    outer loop
      vertex 68.5 1.4887402298188697 31.19175319642951
      vertex 65.15 1.4887402298188697 33.12587659821476
      vertex 65.15 0.25 33.12587659821476
    endloop
  endfacet
  facet normal 0.5000000000000013 0 0.8660254037844378
    outer loop
      vertex 68.5 1.4887402298188697 31.19175319642951
      vertex 65.15 0.25 33.12587659821476
      vertex 68.5 0.25 31.19175319642951
    endloop
  endfacet
  facet normal -0.5000000000000013 0 0.8660254037844378
    outer loop
      vertex 71.85 1.4887402298188697 33.12587659821476
      vertex 68.5 1.4887402298188697 31.19175319642951
      vertex 68.5 0.25 31.19175319642951
    endloop
  endfacet
  facet normal -0.5000000000000013 0 0.8660254037844378
    outer loop
      vertex 68.5 0.25 31.19175319642951
      vertex 71.85 0.25 33.12587659821476
      vertex 71.85 1.4887402298188697 33.12587659821476
    endloop
  endfacet
  facet normal 1 0 0
    outer loop
      vertex 65.15 1.4887402298188697 33.12587659821476
      vertex 65.15 0.25 36.994123401785245
      vertex 65.15 0.25 33.12587659821476
    endloop
  endfacet
  facet normal 1 0 0
    outer loop
      vertex 65.15 1.4887402298188697 33.12587659821476
      vertex 65.15 1.4887402298188697 36.994123401785245
      vertex 65.15 0.25 36.994123401785245
    endloop
  endfacet
  facet normal 0.5000000000000013 0 -0.8660254037844378
    outer loop
      vertex 65.15 0.25 36.994123401785245
      vertex 65.15 1.4887402298188697 36.994123401785245
      vertex 68.5 0.25 38.928246803570495
    endloop
  endfacet
  facet normal 0.5000000000000013 0 -0.8660254037844378
    outer loop
      vertex 68.5 0.25 38.928246803570495
      vertex 65.15 1.4887402298188697 36.994123401785245
      vertex 68.5 1.4887402298188697 38.928246803570495
    endloop
  endfacet
  facet normal -0.5000000000000013 0 -0.8660254037844378
    outer loop
      vertex 71.85 0.25 36.994123401785245
      vertex 68.5 1.4887402298188697 38.928246803570495
      vertex 71.85 1.4887402298188697 36.994123401785245
    endloop
  endfacet
  facet normal -0.5000000000000013 0 -0.8660254037844378
    outer loop
      vertex 71.85 0.25 36.994123401785245
      vertex 68.5 0.25 38.928246803570495
      vertex 68.5 1.4887402298188697 38.928246803570495
    endloop
  endfacet
  facet normal -1 0 0
    outer loop
      vertex 71.85 0.25 33.12587659821476
      vertex 71.85 1.4887402298188697 36.994123401785245
      vertex 71.85 1.4887402298188697 33.12587659821476
    endloop
  endfacet
  facet normal -1 0 0
    outer loop
      vertex 71.85 0.25 33.12587659821476
      vertex 71.85 0.25 36.994123401785245
      vertex 71.85 1.4887402298188697 36.994123401785245
    endloop
  endfacet
  facet normal 0.5000000000000013 0 0.8660254037844378
    outer loop
      vertex 74.15 0.25 33.12587659821476
      vertex 77.5 0.25 31.19175319642951
      vertex 77.5 1.4887402298188697 31.19175319642951
    endloop
  endfacet
  facet normal 0.5000000000000013 0 0.8660254037844378
    outer loop
      vertex 74.15 0.25 33.12587659821476
      vertex 77.5 1.4887402298188697 31.19175319642951
      vertex 74.15 1.4887402298188697 33.12587659821476
    endloop
  endfacet
  facet normal -0.5000000000000013 0 0.8660254037844378
    outer loop
      vertex 77.5 0.25 31.19175319642951
      vertex 80.85 1.4887402298188697 33.12587659821476
      vertex 77.5 1.4887402298188697 31.19175319642951
    endloop
  endfacet
  facet normal -0.5000000000000013 0 0.8660254037844378
    outer loop
      vertex 77.5 0.25 31.19175319642951
      vertex 80.85 0.25 33.12587659821476
      vertex 80.85 1.4887402298188697 33.12587659821476
    endloop
  endfacet
  facet normal 1 0 0
    outer loop
      vertex 74.15 0.25 33.12587659821476
      vertex 74.15 1.4887402298188697 33.12587659821476
      vertex 74.15 0.25 36.994123401785245
    endloop
  endfacet
  facet normal 1 0 0
    outer loop
      vertex 74.15 1.4887402298188697 33.12587659821476
      vertex 74.15 1.4887402298188697 36.994123401785245
      vertex 74.15 0.25 36.994123401785245
    endloop
  endfacet
  facet normal 0.5000000000000013 0 -0.8660254037844378
    outer loop
      vertex 74.15 0.25 36.994123401785245
      vertex 74.15 1.4887402298188697 36.994123401785245
      vertex 77.5 0.25 38.928246803570495
    endloop
  endfacet
  facet normal 0.5000000000000013 0 -0.8660254037844378
    outer loop
      vertex 77.5 0.25 38.928246803570495
      vertex 74.15 1.4887402298188697 36.994123401785245
      vertex 77.5 1.4887402298188697 38.928246803570495
    endloop
  endfacet
  facet normal -0.5000000000000013 0 -0.8660254037844378
    outer loop
      vertex 80.85 0.25 36.994123401785245
      vertex 77.5 0.25 38.928246803570495
      vertex 77.5 1.4887402298188697 38.928246803570495
    endloop
  endfacet
  facet normal -1 0 0
    outer loop
      vertex 80.85 0.25 33.12587659821476
      vertex 80.85 1.4887402298188697 36.994123401785245
      vertex 80.85 1.4887402298188697 33.12587659821476
    endloop
  endfacet
  facet normal -1 0 0
    outer loop
      vertex 80.85 0.25 33.12587659821476
      vertex 80.85 0.25 36.994123401785245
      vertex 80.85 1.4887402298188697 36.994123401785245
    endloop
  endfacet
  facet normal -0.5000000000000013 0 -0.8660254037844378
    outer loop
      vertex 80.85 0.25 36.994123401785245
      vertex 77.5 1.4887402298188697 38.928246803570495
      vertex 80.85 1.4887402298188697 36.994123401785245
    endloop
  endfacet
  facet normal 0.5000000000000013 0 0.8660254037844378
    outer loop
      vertex 83.15 0.25 33.12587659821476
      vertex 86.5 1.4887402298188697 31.19175319642951
      vertex 83.15 1.4887402298188697 33.12587659821476
    endloop
  endfacet
  facet normal 0.5000000000000013 0 0.8660254037844378
    outer loop
      vertex 83.15 0.25 33.12587659821476
      vertex 86.5 0.25 31.19175319642951
      vertex 86.5 1.4887402298188697 31.19175319642951
    endloop
  endfacet
  facet normal -0.5000000000000013 0 0.8660254037844378
    outer loop
      vertex 86.5 0.25 31.19175319642951
      vertex 89.85 1.4887402298188697 33.12587659821476
      vertex 86.5 1.4887402298188697 31.19175319642951
    endloop
  endfacet
  facet normal -0.5000000000000013 0 0.8660254037844378
    outer loop
      vertex 86.5 0.25 31.19175319642951
      vertex 89.85 0.25 33.12587659821476
      vertex 89.85 1.4887402298188697 33.12587659821476
    endloop
  endfacet
  facet normal 1 0 0
    outer loop
      vertex 83.15 0.25 33.12587659821476
      vertex 83.15 1.4887402298188697 33.12587659821476
      vertex 83.15 0.25 36.994123401785245
    endloop
  endfacet
  facet normal 1 0 0
    outer loop
      vertex 83.15 1.4887402298188697 33.12587659821476
      vertex 83.15 1.4887402298188697 36.994123401785245
      vertex 83.15 0.25 36.994123401785245
    endloop
  endfacet
  facet normal 0.5000000000000013 0 -0.8660254037844378
    outer loop
      vertex 83.15 0.25 36.994123401785245
      vertex 83.15 1.4887402298188697 36.994123401785245
      vertex 86.5 0.25 38.928246803570495
    endloop
  endfacet
  facet normal 0.5000000000000013 0 -0.8660254037844378
    outer loop
      vertex 86.5 0.25 38.928246803570495
      vertex 83.15 1.4887402298188697 36.994123401785245
      vertex 86.5 1.4887402298188697 38.928246803570495
    endloop
  endfacet
  facet normal -1 0 0
    outer loop
      vertex 89.85 0.25 33.12587659821476
      vertex 89.85 1.4887402298188697 36.994123401785245
      vertex 89.85 1.4887402298188697 33.12587659821476
    endloop
  endfacet
  facet normal -1 0 0
    outer loop
      vertex 89.85 0.25 33.12587659821476
      vertex 89.85 0.25 36.994123401785245
      vertex 89.85 1.4887402298188697 36.994123401785245
    endloop
  endfacet
  facet normal -0.5000000000000013 0 -0.8660254037844378
    outer loop
      vertex 89.85 0.25 36.994123401785245
      vertex 86.5 0.25 38.928246803570495
      vertex 86.5 1.4887402298188697 38.928246803570495
    endloop
  endfacet
  facet normal -0.5000000000000013 0 -0.8660254037844378
    outer loop
      vertex 89.85 0.25 36.994123401785245
      vertex 86.5 1.4887402298188697 38.928246803570495
      vertex 89.85 1.4887402298188697 36.994123401785245
    endloop
  endfacet
  facet normal 0.5000000000000013 0 0.8660254037844378
    outer loop
      vertex 92.15 0.25 33.12587659821476
      vertex 95.5 1.4887402298188697 31.19175319642951
      vertex 92.15 1.4887402298188697 33.12587659821476
    endloop
  endfacet
  facet normal 0.5000000000000013 0 0.8660254037844378
    outer loop
      vertex 92.15 0.25 33.12587659821476
      vertex 95.5 0.25 31.19175319642951
      vertex 95.5 1.4887402298188697 31.19175319642951
    endloop
  endfacet
  facet normal -0.5000000000000013 0 0.8660254037844378
    outer loop
      vertex 95.5 0.25 31.19175319642951
      vertex 98.85 1.4887402298188697 33.12587659821476
      vertex 95.5 1.4887402298188697 31.19175319642951
    endloop
  endfacet
  facet normal -0.5000000000000013 0 0.8660254037844378
    outer loop
      vertex 95.5 0.25 31.19175319642951
      vertex 98.85 0.25 33.12587659821476
      vertex 98.85 1.4887402298188697 33.12587659821476
    endloop
  endfacet
  facet normal 1 0 0
    outer loop
      vertex 92.15 0.25 33.12587659821476
      vertex 92.15 1.4887402298188697 33.12587659821476
      vertex 92.15 0.25 36.994123401785245
    endloop
  endfacet
  facet normal 1 0 0
    outer loop
      vertex 92.15 1.4887402298188697 33.12587659821476
      vertex 92.15 1.4887402298188697 36.994123401785245
      vertex 92.15 0.25 36.994123401785245
    endloop
  endfacet
  facet normal 0.5000000000000013 0 -0.8660254037844378
    outer loop
      vertex 92.15 0.25 36.994123401785245
      vertex 92.15 1.4887402298188697 36.994123401785245
      vertex 95.5 0.25 38.928246803570495
    endloop
  endfacet
  facet normal -1 0 0
    outer loop
      vertex 98.85 0.25 33.12587659821476
      vertex 98.85 1.4887402298188697 36.994123401785245
      vertex 98.85 1.4887402298188697 33.12587659821476
    endloop
  endfacet
  facet normal -1 0 0
    outer loop
      vertex 98.85 0.25 33.12587659821476
      vertex 98.85 0.25 36.994123401785245
      vertex 98.85 1.4887402298188697 36.994123401785245
    endloop
  endfacet
  facet normal 0.5000000000000013 0 -0.8660254037844378
    outer loop
      vertex 95.5 0.25 38.928246803570495
      vertex 92.15 1.4887402298188697 36.994123401785245
      vertex 95.5 1.4887402298188697 38.928246803570495
    endloop
  endfacet
  facet normal -0.5000000000000013 0 -0.8660254037844378
    outer loop
      vertex 98.85 0.25 36.994123401785245
      vertex 95.5 1.4887402298188697 38.928246803570495
      vertex 98.85 1.4887402298188697 36.994123401785245
    endloop
  endfacet
  facet normal -0.5000000000000013 0 -0.8660254037844378
    outer loop
      vertex 98.85 0.25 36.994123401785245
      vertex 95.5 0.25 38.928246803570495
      vertex 95.5 1.4887402298188697 38.928246803570495
    endloop
  endfacet
  facet normal 0.5000000000000006 0 0.8660254037844384
    outer loop
      vertex 33.65 1.4887402298188697 41.12587659821476
      vertex 33.65 0.25 41.12587659821476
      vertex 37 1.4887402298188697 39.19175319642951
    endloop
  endfacet
  facet normal 0.5000000000000006 0 0.8660254037844384
    outer loop
      vertex 37 1.4887402298188697 39.19175319642951
      vertex 33.65 0.25 41.12587659821476
      vertex 37 0.25 39.19175319642951
    endloop
  endfacet
  facet normal -0.5000000000000006 0 0.8660254037844384
    outer loop
      vertex 40.35 1.4887402298188697 41.12587659821476
      vertex 37 1.4887402298188697 39.19175319642951
      vertex 37 0.25 39.19175319642951
    endloop
  endfacet
  facet normal -0.5000000000000006 0 0.8660254037844384
    outer loop
      vertex 40.35 1.4887402298188697 41.12587659821476
      vertex 37 0.25 39.19175319642951
      vertex 40.35 0.25 41.12587659821476
    endloop
  endfacet
  facet normal 1 0 0
    outer loop
      vertex 33.65 0.25 44.994123401785245
      vertex 33.65 0.25 41.12587659821476
      vertex 33.65 1.4887402298188697 41.12587659821476
    endloop
  endfacet
  facet normal 1 0 0
    outer loop
      vertex 33.65 1.4887402298188697 44.994123401785245
      vertex 33.65 0.25 44.994123401785245
      vertex 33.65 1.4887402298188697 41.12587659821476
    endloop
  endfacet
  facet normal 0.5000000000000006 0 -0.8660254037844384
    outer loop
      vertex 33.65 0.25 44.994123401785245
      vertex 33.65 1.4887402298188697 44.994123401785245
      vertex 37 0.25 46.928246803570495
    endloop
  endfacet
  facet normal 0.5000000000000006 0 -0.8660254037844384
    outer loop
      vertex 33.65 1.4887402298188697 44.994123401785245
      vertex 37 1.4887402298188697 46.928246803570495
      vertex 37 0.25 46.928246803570495
    endloop
  endfacet
  facet normal -0.5000000000000006 0 -0.8660254037844384
    outer loop
      vertex 40.35 0.25 44.994123401785245
      vertex 37 1.4887402298188697 46.928246803570495
      vertex 40.35 1.4887402298188697 44.994123401785245
    endloop
  endfacet
  facet normal -0.5000000000000006 0 -0.8660254037844384
    outer loop
      vertex 40.35 0.25 44.994123401785245
      vertex 37 0.25 46.928246803570495
      vertex 37 1.4887402298188697 46.928246803570495
    endloop
  endfacet
  facet normal -1 0 0
    outer loop
      vertex 40.35 1.4887402298188697 41.12587659821476
      vertex 40.35 0.25 41.12587659821476
      vertex 40.35 1.4887402298188697 44.994123401785245
    endloop
  endfacet
  facet normal -1 0 0
    outer loop
      vertex 40.35 1.4887402298188697 44.994123401785245
      vertex 40.35 0.25 41.12587659821476
      vertex 40.35 0.25 44.994123401785245
    endloop
  endfacet
  facet normal 0.5000000000000006 0 0.8660254037844384
    outer loop
      vertex 46 1.4887402298188697 39.19175319642951
      vertex 42.65 0.25 41.12587659821476
      vertex 46 0.25 39.19175319642951
    endloop
  endfacet
  facet normal 0.5000000000000006 0 0.8660254037844384
    outer loop
      vertex 42.65 1.4887402298188697 41.12587659821476
      vertex 42.65 0.25 41.12587659821476
      vertex 46 1.4887402298188697 39.19175319642951
    endloop
  endfacet
  facet normal -0.5000000000000006 0 0.8660254037844384
    outer loop
      vertex 49.35 1.4887402298188697 41.12587659821476
      vertex 46 1.4887402298188697 39.19175319642951
      vertex 46 0.25 39.19175319642951
    endloop
  endfacet
  facet normal 1 0 0
    outer loop
      vertex 42.65 1.4887402298188697 41.12587659821476
      vertex 42.65 0.25 44.994123401785245
      vertex 42.65 0.25 41.12587659821476
    endloop
  endfacet
  facet normal 1 0 0
    outer loop
      vertex 42.65 1.4887402298188697 41.12587659821476
      vertex 42.65 1.4887402298188697 44.994123401785245
      vertex 42.65 0.25 44.994123401785245
    endloop
  endfacet
  facet normal 0.5000000000000006 0 -0.8660254037844384
    outer loop
      vertex 42.65 0.25 44.994123401785245
      vertex 42.65 1.4887402298188697 44.994123401785245
      vertex 46 0.25 46.928246803570495
    endloop
  endfacet
  facet normal 0.5000000000000006 0 -0.8660254037844384
    outer loop
      vertex 46 0.25 46.928246803570495
      vertex 42.65 1.4887402298188697 44.994123401785245
      vertex 46 1.4887402298188697 46.928246803570495
    endloop
  endfacet
  facet normal -0.5000000000000006 0 -0.8660254037844384
    outer loop
      vertex 49.35 0.25 44.994123401785245
      vertex 46 0.25 46.928246803570495
      vertex 46 1.4887402298188697 46.928246803570495
    endloop
  endfacet
  facet normal -0.5000000000000006 0 0.8660254037844384
    outer loop
      vertex 49.35 0.25 41.12587659821476
      vertex 49.35 1.4887402298188697 41.12587659821476
      vertex 46 0.25 39.19175319642951
    endloop
  endfacet
  facet normal -1 0 0
    outer loop
      vertex 49.35 0.25 41.12587659821476
      vertex 49.35 1.4887402298188697 44.994123401785245
      vertex 49.35 1.4887402298188697 41.12587659821476
    endloop
  endfacet
  facet normal -1 0 0
    outer loop
      vertex 49.35 0.25 41.12587659821476
      vertex 49.35 0.25 44.994123401785245
      vertex 49.35 1.4887402298188697 44.994123401785245
    endloop
  endfacet
  facet normal -0.5000000000000006 0 -0.8660254037844384
    outer loop
      vertex 49.35 0.25 44.994123401785245
      vertex 46 1.4887402298188697 46.928246803570495
      vertex 49.35 1.4887402298188697 44.994123401785245
    endloop
  endfacet
  facet normal 0.5000000000000006 0 0.8660254037844384
    outer loop
      vertex 51.65 1.4887402298188697 41.12587659821476
      vertex 51.65 0.25 41.12587659821476
      vertex 55 1.4887402298188697 39.19175319642951
    endloop
  endfacet
  facet normal 0.5000000000000006 0 0.8660254037844384
    outer loop
      vertex 51.65 0.25 41.12587659821476
      vertex 55 0.25 39.19175319642951
      vertex 55 1.4887402298188697 39.19175319642951
    endloop
  endfacet
  facet normal -0.5000000000000006 0 0.8660254037844384
    outer loop
      vertex 55 0.25 39.19175319642951
      vertex 58.35 1.4887402298188697 41.12587659821476
      vertex 55 1.4887402298188697 39.19175319642951
    endloop
  endfacet
  facet normal -0.5000000000000006 0 0.8660254037844384
    outer loop
      vertex 55 0.25 39.19175319642951
      vertex 58.35 0.25 41.12587659821476
      vertex 58.35 1.4887402298188697 41.12587659821476
    endloop
  endfacet
  facet normal 1 0 0
    outer loop
      vertex 51.65 0.25 41.12587659821476
      vertex 51.65 1.4887402298188697 41.12587659821476
      vertex 51.65 0.25 44.994123401785245
    endloop
  endfacet
  facet normal 1 0 0
    outer loop
      vertex 51.65 0.25 44.994123401785245
      vertex 51.65 1.4887402298188697 41.12587659821476
      vertex 51.65 1.4887402298188697 44.994123401785245
    endloop
  endfacet
  facet normal 0.5000000000000006 0 -0.8660254037844384
    outer loop
      vertex 51.65 0.25 44.994123401785245
      vertex 51.65 1.4887402298188697 44.994123401785245
      vertex 55 0.25 46.928246803570495
    endloop
  endfacet
  facet normal 0.5000000000000006 0 -0.8660254037844384
    outer loop
      vertex 55 0.25 46.928246803570495
      vertex 51.65 1.4887402298188697 44.994123401785245
      vertex 55 1.4887402298188697 46.928246803570495
    endloop
  endfacet
  facet normal -1 0 0
    outer loop
      vertex 58.35 0.25 41.12587659821476
      vertex 58.35 1.4887402298188697 44.994123401785245
      vertex 58.35 1.4887402298188697 41.12587659821476
    endloop
  endfacet
  facet normal -1 0 0
    outer loop
      vertex 58.35 0.25 41.12587659821476
      vertex 58.35 0.25 44.994123401785245
      vertex 58.35 1.4887402298188697 44.994123401785245
    endloop
  endfacet
  facet normal -0.5000000000000006 0 -0.8660254037844384
    outer loop
      vertex 58.35 0.25 44.994123401785245
      vertex 55 0.25 46.928246803570495
      vertex 55 1.4887402298188697 46.928246803570495
    endloop
  endfacet
  facet normal -0.5000000000000006 0 -0.8660254037844384
    outer loop
      vertex 58.35 0.25 44.994123401785245
      vertex 55 1.4887402298188697 46.928246803570495
      vertex 58.35 1.4887402298188697 44.994123401785245
    endloop
  endfacet
  facet normal 0.5000000000000006 0 0.8660254037844384
    outer loop
      vertex 60.65 0.25 41.12587659821476
      vertex 64 0.25 39.19175319642951
      vertex 64 1.4887402298188697 39.19175319642951
    endloop
  endfacet
  facet normal 0.5000000000000006 0 0.8660254037844384
    outer loop
      vertex 60.65 0.25 41.12587659821476
      vertex 64 1.4887402298188697 39.19175319642951
      vertex 60.65 1.4887402298188697 41.12587659821476
    endloop
  endfacet
  facet normal 1 0 0
    outer loop
      vertex 60.65 0.25 41.12587659821476
      vertex 60.65 1.4887402298188697 41.12587659821476
      vertex 60.65 0.25 44.994123401785245
    endloop
  endfacet
  facet normal 1 0 0
    outer loop
      vertex 60.65 0.25 44.994123401785245
      vertex 60.65 1.4887402298188697 41.12587659821476
      vertex 60.65 1.4887402298188697 44.994123401785245
    endloop
  endfacet
  facet normal 0.5000000000000006 0 -0.8660254037844384
    outer loop
      vertex 60.65 0.25 44.994123401785245
      vertex 60.65 1.4887402298188697 44.994123401785245
      vertex 64 0.25 46.928246803570495
    endloop
  endfacet
  facet normal 0.5000000000000006 0 -0.8660254037844384
    outer loop
      vertex 64 0.25 46.928246803570495
      vertex 60.65 1.4887402298188697 44.994123401785245
      vertex 64 1.4887402298188697 46.928246803570495
    endloop
  endfacet
  facet normal -0.5000000000000013 0 0.8660254037844378
    outer loop
      vertex 64 0.25 39.19175319642951
      vertex 67.35 1.4887402298188697 41.12587659821476
      vertex 64 1.4887402298188697 39.19175319642951
    endloop
  endfacet
  facet normal -0.5000000000000013 0 0.8660254037844378
    outer loop
      vertex 64 0.25 39.19175319642951
      vertex 67.35 0.25 41.12587659821476
      vertex 67.35 1.4887402298188697 41.12587659821476
    endloop
  endfacet
  facet normal -1 0 0
    outer loop
      vertex 67.35 0.25 41.12587659821476
      vertex 67.35 1.4887402298188697 44.994123401785245
      vertex 67.35 1.4887402298188697 41.12587659821476
    endloop
  endfacet
  facet normal -1 0 0
    outer loop
      vertex 67.35 0.25 41.12587659821476
      vertex 67.35 0.25 44.994123401785245
      vertex 67.35 1.4887402298188697 44.994123401785245
    endloop
  endfacet
  facet normal -0.5000000000000013 0 -0.8660254037844378
    outer loop
      vertex 67.35 0.25 44.994123401785245
      vertex 64 1.4887402298188697 46.928246803570495
      vertex 67.35 1.4887402298188697 44.994123401785245
    endloop
  endfacet
  facet normal -0.5000000000000013 0 -0.8660254037844378
    outer loop
      vertex 64 0.25 46.928246803570495
      vertex 64 1.4887402298188697 46.928246803570495
      vertex 67.35 0.25 44.994123401785245
    endloop
  endfacet
  facet normal 0.5000000000000013 0 0.8660254037844378
    outer loop
      vertex 69.65 0.25 41.12587659821476
      vertex 73 1.4887402298188697 39.19175319642951
      vertex 69.65 1.4887402298188697 41.12587659821476
    endloop
  endfacet
  facet normal 0.5000000000000013 0 0.8660254037844378
    outer loop
      vertex 69.65 0.25 41.12587659821476
      vertex 73 0.25 39.19175319642951
      vertex 73 1.4887402298188697 39.19175319642951
    endloop
  endfacet
  facet normal -0.5000000000000013 0 0.8660254037844378
    outer loop
      vertex 73 0.25 39.19175319642951
      vertex 76.35 1.4887402298188697 41.12587659821476
      vertex 73 1.4887402298188697 39.19175319642951
    endloop
  endfacet
  facet normal -0.5000000000000013 0 0.8660254037844378
    outer loop
      vertex 73 0.25 39.19175319642951
      vertex 76.35 0.25 41.12587659821476
      vertex 76.35 1.4887402298188697 41.12587659821476
    endloop
  endfacet
  facet normal 1 0 0
    outer loop
      vertex 69.65 0.25 41.12587659821476
      vertex 69.65 1.4887402298188697 41.12587659821476
      vertex 69.65 0.25 44.994123401785245
    endloop
  endfacet
  facet normal 1 0 0
    outer loop
      vertex 69.65 0.25 44.994123401785245
      vertex 69.65 1.4887402298188697 41.12587659821476
      vertex 69.65 1.4887402298188697 44.994123401785245
    endloop
  endfacet
  facet normal 0.5000000000000013 0 -0.8660254037844378
    outer loop
      vertex 69.65 0.25 44.994123401785245
      vertex 69.65 1.4887402298188697 44.994123401785245
      vertex 73 0.25 46.928246803570495
    endloop
  endfacet
  facet normal -1 0 0
    outer loop
      vertex 76.35 0.25 41.12587659821476
      vertex 76.35 1.4887402298188697 44.994123401785245
      vertex 76.35 1.4887402298188697 41.12587659821476
    endloop
  endfacet
  facet normal -1 0 0
    outer loop
      vertex 76.35 0.25 41.12587659821476
      vertex 76.35 0.25 44.994123401785245
      vertex 76.35 1.4887402298188697 44.994123401785245
    endloop
  endfacet
  facet normal 0.5000000000000013 0 -0.8660254037844378
    outer loop
      vertex 73 0.25 46.928246803570495
      vertex 69.65 1.4887402298188697 44.994123401785245
      vertex 73 1.4887402298188697 46.928246803570495
    endloop
  endfacet
  facet normal -0.5000000000000013 0 -0.8660254037844378
    outer loop
      vertex 73 0.25 46.928246803570495
      vertex 73 1.4887402298188697 46.928246803570495
      vertex 76.35 0.25 44.994123401785245
    endloop
  endfacet
  facet normal -0.5000000000000013 0 -0.8660254037844378
    outer loop
      vertex 76.35 0.25 44.994123401785245
      vertex 73 1.4887402298188697 46.928246803570495
      vertex 76.35 1.4887402298188697 44.994123401785245
    endloop
  endfacet
  facet normal 1 0 0
    outer loop
      vertex 78.65 0.25 41.12587659821476
      vertex 78.65 1.4887402298188697 41.12587659821476
      vertex 78.65 0.25 44.994123401785245
    endloop
  endfacet
  facet normal 1 0 0
    outer loop
      vertex 78.65 0.25 44.994123401785245
      vertex 78.65 1.4887402298188697 41.12587659821476
      vertex 78.65 1.4887402298188697 44.994123401785245
    endloop
  endfacet
  facet normal 0.5000000000000013 0 0.8660254037844378
    outer loop
      vertex 78.65 0.25 41.12587659821476
      vertex 82 1.4887402298188697 39.19175319642951
      vertex 78.65 1.4887402298188697 41.12587659821476
    endloop
  endfacet
  facet normal 0.5000000000000013 0 0.8660254037844378
    outer loop
      vertex 78.65 0.25 41.12587659821476
      vertex 82 0.25 39.19175319642951
      vertex 82 1.4887402298188697 39.19175319642951
    endloop
  endfacet
  facet normal -0.5000000000000013 0 0.8660254037844378
    outer loop
      vertex 82 0.25 39.19175319642951
      vertex 85.35 1.4887402298188697 41.12587659821476
      vertex 82 1.4887402298188697 39.19175319642951
    endloop
  endfacet
  facet normal -0.5000000000000013 0 0.8660254037844378
    outer loop
      vertex 82 0.25 39.19175319642951
      vertex 85.35 0.25 41.12587659821476
      vertex 85.35 1.4887402298188697 41.12587659821476
    endloop
  endfacet
  facet normal -1 0 0
    outer loop
      vertex 85.35 0.25 41.12587659821476
      vertex 85.35 1.4887402298188697 44.994123401785245
      vertex 85.35 1.4887402298188697 41.12587659821476
    endloop
  endfacet
  facet normal -1 0 0
    outer loop
      vertex 85.35 0.25 41.12587659821476
      vertex 85.35 0.25 44.994123401785245
      vertex 85.35 1.4887402298188697 44.994123401785245
    endloop
  endfacet
  facet normal 0.5000000000000013 0 -0.8660254037844378
    outer loop
      vertex 78.65 0.25 44.994123401785245
      vertex 78.65 1.4887402298188697 44.994123401785245
      vertex 82 0.25 46.928246803570495
    endloop
  endfacet
  facet normal 0.5000000000000013 0 -0.8660254037844378
    outer loop
      vertex 82 0.25 46.928246803570495
      vertex 78.65 1.4887402298188697 44.994123401785245
      vertex 82 1.4887402298188697 46.928246803570495
    endloop
  endfacet
  facet normal -0.5000000000000013 0 -0.8660254037844378
    outer loop
      vertex 85.35 0.25 44.994123401785245
      vertex 82 1.4887402298188697 46.928246803570495
      vertex 85.35 1.4887402298188697 44.994123401785245
    endloop
  endfacet
  facet normal -0.5000000000000013 0 -0.8660254037844378
    outer loop
      vertex 82 0.25 46.928246803570495
      vertex 82 1.4887402298188697 46.928246803570495
      vertex 85.35 0.25 44.994123401785245
    endloop
  endfacet
  facet normal 0.5000000000000013 0 0.8660254037844378
    outer loop
      vertex 87.65 0.25 41.12587659821476
      vertex 91 0.25 39.19175319642951
      vertex 91 1.4887402298188697 39.19175319642951
    endloop
  endfacet
  facet normal 0.5000000000000013 0 0.8660254037844378
    outer loop
      vertex 87.65 0.25 41.12587659821476
      vertex 91 1.4887402298188697 39.19175319642951
      vertex 87.65 1.4887402298188697 41.12587659821476
    endloop
  endfacet
  facet normal -0.5000000000000013 0 0.8660254037844378
    outer loop
      vertex 91 0.25 39.19175319642951
      vertex 94.35 1.4887402298188697 41.12587659821476
      vertex 91 1.4887402298188697 39.19175319642951
    endloop
  endfacet
  facet normal -0.5000000000000013 0 0.8660254037844378
    outer loop
      vertex 91 0.25 39.19175319642951
      vertex 94.35 0.25 41.12587659821476
      vertex 94.35 1.4887402298188697 41.12587659821476
    endloop
  endfacet
  facet normal 1 0 0
    outer loop
      vertex 87.65 0.25 41.12587659821476
      vertex 87.65 1.4887402298188697 41.12587659821476
      vertex 87.65 0.25 44.994123401785245
    endloop
  endfacet
  facet normal 1 0 0
    outer loop
      vertex 87.65 0.25 44.994123401785245
      vertex 87.65 1.4887402298188697 41.12587659821476
      vertex 87.65 1.4887402298188697 44.994123401785245
    endloop
  endfacet
  facet normal -1 0 0
    outer loop
      vertex 94.35 0.25 41.12587659821476
      vertex 94.35 1.4887402298188697 44.994123401785245
      vertex 94.35 1.4887402298188697 41.12587659821476
    endloop
  endfacet
  facet normal -1 0 0
    outer loop
      vertex 94.35 0.25 41.12587659821476
      vertex 94.35 0.25 44.994123401785245
      vertex 94.35 1.4887402298188697 44.994123401785245
    endloop
  endfacet
  facet normal 0.5000000000000013 0 -0.8660254037844378
    outer loop
      vertex 87.65 0.25 44.994123401785245
      vertex 87.65 1.4887402298188697 44.994123401785245
      vertex 91 0.25 46.928246803570495
    endloop
  endfacet
  facet normal 0.5000000000000013 0 -0.8660254037844378
    outer loop
      vertex 91 0.25 46.928246803570495
      vertex 87.65 1.4887402298188697 44.994123401785245
      vertex 91 1.4887402298188697 46.928246803570495
    endloop
  endfacet
  facet normal -0.5000000000000013 0 -0.8660254037844378
    outer loop
      vertex 91 0.25 46.928246803570495
      vertex 91 1.4887402298188697 46.928246803570495
      vertex 94.35 0.25 44.994123401785245
    endloop
  endfacet
  facet normal -0.5000000000000013 0 -0.8660254037844378
    outer loop
      vertex 94.35 0.25 44.994123401785245
      vertex 91 1.4887402298188697 46.928246803570495
      vertex 94.35 1.4887402298188697 44.994123401785245
    endloop
  endfacet
  facet normal 0.5000000000000013 0 0.8660254037844378
    outer loop
      vertex 96.65 0.25 41.12587659821476
      vertex 100 1.4887402298188697 39.19175319642951
      vertex 96.65 1.4887402298188697 41.12587659821476
    endloop
  endfacet
  facet normal 0.5000000000000013 0 0.8660254037844378
    outer loop
      vertex 96.65 0.25 41.12587659821476
      vertex 100 0.25 39.19175319642951
      vertex 100 1.4887402298188697 39.19175319642951
    endloop
  endfacet
  facet normal -0.5000000000000013 0 0.8660254037844378
    outer loop
      vertex 100 0.25 39.19175319642951
      vertex 103.35 1.4887402298188697 41.12587659821476
      vertex 100 1.4887402298188697 39.19175319642951
    endloop
  endfacet
  facet normal -0.5000000000000013 0 0.8660254037844378
    outer loop
      vertex 100 0.25 39.19175319642951
      vertex 103.35 0.25 41.12587659821476
      vertex 103.35 1.4887402298188697 41.12587659821476
    endloop
  endfacet
  facet normal 1 0 0
    outer loop
      vertex 96.65 0.25 41.12587659821476
      vertex 96.65 1.4887402298188697 41.12587659821476
      vertex 96.65 0.25 44.994123401785245
    endloop
  endfacet
  facet normal 1 0 0
    outer loop
      vertex 96.65 0.25 44.994123401785245
      vertex 96.65 1.4887402298188697 41.12587659821476
      vertex 96.65 1.4887402298188697 44.994123401785245
    endloop
  endfacet
  facet normal 0.5000000000000013 0 -0.8660254037844378
    outer loop
      vertex 96.65 0.25 44.994123401785245
      vertex 96.65 1.4887402298188697 44.994123401785245
      vertex 100 0.25 46.928246803570495
    endloop
  endfacet
  facet normal 0.5000000000000013 0 -0.8660254037844378
    outer loop
      vertex 100 0.25 46.928246803570495
      vertex 96.65 1.4887402298188697 44.994123401785245
      vertex 100 1.4887402298188697 46.928246803570495
    endloop
  endfacet
  facet normal -0.5000000000000013 0 -0.8660254037844378
    outer loop
      vertex 100 0.25 46.928246803570495
      vertex 100 1.4887402298188697 46.928246803570495
      vertex 103.35 0.25 44.994123401785245
    endloop
  endfacet
  facet normal -1 0 0
    outer loop
      vertex 103.35 0.25 41.12587659821476
      vertex 103.35 1.4887402298188697 44.994123401785245
      vertex 103.35 1.4887402298188697 41.12587659821476
    endloop
  endfacet
  facet normal -1 0 0
    outer loop
      vertex 103.35 0.25 41.12587659821476
      vertex 103.35 0.25 44.994123401785245
      vertex 103.35 1.4887402298188697 44.994123401785245
    endloop
  endfacet
  facet normal -0.5000000000000013 0 -0.8660254037844378
    outer loop
      vertex 103.35 0.25 44.994123401785245
      vertex 100 1.4887402298188697 46.928246803570495
      vertex 103.35 1.4887402298188697 44.994123401785245
    endloop
  endfacet
  facet normal 0.5000000000000006 0 0.8660254037844384
    outer loop
      vertex 32.5 1.4887402298188697 47.19175319642951
      vertex 29.15 0.25 49.12587659821476
      vertex 32.5 0.25 47.19175319642951
    endloop
  endfacet
  facet normal 0.5000000000000006 0 0.8660254037844384
    outer loop
      vertex 32.5 1.4887402298188697 47.19175319642951
      vertex 29.15 1.4887402298188697 49.12587659821476
      vertex 29.15 0.25 49.12587659821476
    endloop
  endfacet
  facet normal 1 0 0
    outer loop
      vertex 29.15 1.4887402298188697 49.12587659821476
      vertex 29.15 0.25 52.994123401785245
      vertex 29.15 0.25 49.12587659821476
    endloop
  endfacet
  facet normal 1 0 0
    outer loop
      vertex 29.15 0.25 52.994123401785245
      vertex 29.15 1.4887402298188697 49.12587659821476
      vertex 29.15 1.4887402298188697 52.994123401785245
    endloop
  endfacet
  facet normal 0.5000000000000006 0 -0.8660254037844384
    outer loop
      vertex 29.15 0.25 52.994123401785245
      vertex 29.15 1.4887402298188697 52.994123401785245
      vertex 32.5 0.25 54.928246803570495
    endloop
  endfacet
  facet normal 0.5000000000000006 0 -0.8660254037844384
    outer loop
      vertex 32.5 0.25 54.928246803570495
      vertex 29.15 1.4887402298188697 52.994123401785245
      vertex 32.5 1.4887402298188697 54.928246803570495
    endloop
  endfacet
  facet normal -0.5000000000000006 0 0.8660254037844384
    outer loop
      vertex 35.85 1.4887402298188697 49.12587659821476
      vertex 32.5 1.4887402298188697 47.19175319642951
      vertex 32.5 0.25 47.19175319642951
    endloop
  endfacet
  facet normal -0.5000000000000006 0 0.8660254037844384
    outer loop
      vertex 32.5 0.25 47.19175319642951
      vertex 35.85 0.25 49.12587659821476
      vertex 35.85 1.4887402298188697 49.12587659821476
    endloop
  endfacet
  facet normal -1 0 0
    outer loop
      vertex 35.85 0.25 49.12587659821476
      vertex 35.85 1.4887402298188697 52.994123401785245
      vertex 35.85 1.4887402298188697 49.12587659821476
    endloop
  endfacet
  facet normal -1 0 0
    outer loop
      vertex 35.85 0.25 49.12587659821476
      vertex 35.85 0.25 52.994123401785245
      vertex 35.85 1.4887402298188697 52.994123401785245
    endloop
  endfacet
  facet normal -0.5000000000000006 0 -0.8660254037844384
    outer loop
      vertex 35.85 0.25 52.994123401785245
      vertex 32.5 0.25 54.928246803570495
      vertex 32.5 1.4887402298188697 54.928246803570495
    endloop
  endfacet
  facet normal -0.5000000000000006 0 -0.8660254037844384
    outer loop
      vertex 35.85 0.25 52.994123401785245
      vertex 32.5 1.4887402298188697 54.928246803570495
      vertex 35.85 1.4887402298188697 52.994123401785245
    endloop
  endfacet
  facet normal 0.5000000000000006 0 0.8660254037844384
    outer loop
      vertex 38.15 0.25 49.12587659821476
      vertex 41.5 1.4887402298188697 47.19175319642951
      vertex 38.15 1.4887402298188697 49.12587659821476
    endloop
  endfacet
  facet normal 0.5000000000000006 0 0.8660254037844384
    outer loop
      vertex 38.15 0.25 49.12587659821476
      vertex 41.5 0.25 47.19175319642951
      vertex 41.5 1.4887402298188697 47.19175319642951
    endloop
  endfacet
  facet normal -0.5000000000000006 0 0.8660254037844384
    outer loop
      vertex 41.5 0.25 47.19175319642951
      vertex 44.85 1.4887402298188697 49.12587659821476
      vertex 41.5 1.4887402298188697 47.19175319642951
    endloop
  endfacet
  facet normal -0.5000000000000006 0 0.8660254037844384
    outer loop
      vertex 41.5 0.25 47.19175319642951
      vertex 44.85 0.25 49.12587659821476
      vertex 44.85 1.4887402298188697 49.12587659821476
    endloop
  endfacet
  facet normal 1 0 0
    outer loop
      vertex 38.15 0.25 49.12587659821476
      vertex 38.15 1.4887402298188697 49.12587659821476
      vertex 38.15 0.25 52.994123401785245
    endloop
  endfacet
  facet normal 1 0 0
    outer loop
      vertex 38.15 0.25 52.994123401785245
      vertex 38.15 1.4887402298188697 49.12587659821476
      vertex 38.15 1.4887402298188697 52.994123401785245
    endloop
  endfacet
  facet normal 0.5000000000000006 0 -0.8660254037844384
    outer loop
      vertex 38.15 0.25 52.994123401785245
      vertex 38.15 1.4887402298188697 52.994123401785245
      vertex 41.5 0.25 54.928246803570495
    endloop
  endfacet
  facet normal -1 0 0
    outer loop
      vertex 44.85 0.25 49.12587659821476
      vertex 44.85 1.4887402298188697 52.994123401785245
      vertex 44.85 1.4887402298188697 49.12587659821476
    endloop
  endfacet
  facet normal -1 0 0
    outer loop
      vertex 44.85 0.25 49.12587659821476
      vertex 44.85 0.25 52.994123401785245
      vertex 44.85 1.4887402298188697 52.994123401785245
    endloop
  endfacet
  facet normal 0.5000000000000006 0 -0.8660254037844384
    outer loop
      vertex 41.5 0.25 54.928246803570495
      vertex 38.15 1.4887402298188697 52.994123401785245
      vertex 41.5 1.4887402298188697 54.928246803570495
    endloop
  endfacet
  facet normal -0.5000000000000006 0 -0.8660254037844384
    outer loop
      vertex 44.85 0.25 52.994123401785245
      vertex 41.5 0.25 54.928246803570495
      vertex 41.5 1.4887402298188697 54.928246803570495
    endloop
  endfacet
  facet normal -0.5000000000000006 0 -0.8660254037844384
    outer loop
      vertex 44.85 0.25 52.994123401785245
      vertex 41.5 1.4887402298188697 54.928246803570495
      vertex 44.85 1.4887402298188697 52.994123401785245
    endloop
  endfacet
  facet normal 0.5000000000000006 0 0.8660254037844384
    outer loop
      vertex 47.15 0.25 49.12587659821476
      vertex 50.5 1.4887402298188697 47.19175319642951
      vertex 47.15 1.4887402298188697 49.12587659821476
    endloop
  endfacet
  facet normal 0.5000000000000006 0 0.8660254037844384
    outer loop
      vertex 47.15 0.25 49.12587659821476
      vertex 50.5 0.25 47.19175319642951
      vertex 50.5 1.4887402298188697 47.19175319642951
    endloop
  endfacet
  facet normal -0.5000000000000006 0 0.8660254037844384
    outer loop
      vertex 50.5 0.25 47.19175319642951
      vertex 53.85 1.4887402298188697 49.12587659821476
      vertex 50.5 1.4887402298188697 47.19175319642951
    endloop
  endfacet
  facet normal -0.5000000000000006 0 0.8660254037844384
    outer loop
      vertex 50.5 0.25 47.19175319642951
      vertex 53.85 0.25 49.12587659821476
      vertex 53.85 1.4887402298188697 49.12587659821476
    endloop
  endfacet
  facet normal 1 0 0
    outer loop
      vertex 47.15 0.25 49.12587659821476
      vertex 47.15 1.4887402298188697 49.12587659821476
      vertex 47.15 0.25 52.994123401785245
    endloop
  endfacet
  facet normal 1 0 0
    outer loop
      vertex 47.15 0.25 52.994123401785245
      vertex 47.15 1.4887402298188697 49.12587659821476
      vertex 47.15 1.4887402298188697 52.994123401785245
    endloop
  endfacet
  facet normal -1 0 0
    outer loop
      vertex 53.85 0.25 49.12587659821476
      vertex 53.85 1.4887402298188697 52.994123401785245
      vertex 53.85 1.4887402298188697 49.12587659821476
    endloop
  endfacet
  facet normal -1 0 0
    outer loop
      vertex 53.85 0.25 49.12587659821476
      vertex 53.85 0.25 52.994123401785245
      vertex 53.85 1.4887402298188697 52.994123401785245
    endloop
  endfacet
  facet normal 0.5000000000000006 0 -0.8660254037844384
    outer loop
      vertex 47.15 0.25 52.994123401785245
      vertex 47.15 1.4887402298188697 52.994123401785245
      vertex 50.5 0.25 54.928246803570495
    endloop
  endfacet
  facet normal 0.5000000000000006 0 -0.8660254037844384
    outer loop
      vertex 50.5 0.25 54.928246803570495
      vertex 47.15 1.4887402298188697 52.994123401785245
      vertex 50.5 1.4887402298188697 54.928246803570495
    endloop
  endfacet
  facet normal -0.5000000000000006 0 -0.8660254037844384
    outer loop
      vertex 53.85 0.25 52.994123401785245
      vertex 50.5 0.25 54.928246803570495
      vertex 50.5 1.4887402298188697 54.928246803570495
    endloop
  endfacet
  facet normal -0.5000000000000006 0 -0.8660254037844384
    outer loop
      vertex 53.85 0.25 52.994123401785245
      vertex 50.5 1.4887402298188697 54.928246803570495
      vertex 53.85 1.4887402298188697 52.994123401785245
    endloop
  endfacet
  facet normal 0.5000000000000006 0 0.8660254037844384
    outer loop
      vertex 56.15 0.25 49.12587659821476
      vertex 59.5 0.25 47.19175319642951
      vertex 59.5 1.4887402298188697 47.19175319642951
    endloop
  endfacet
  facet normal 0.5000000000000006 0 0.8660254037844384
    outer loop
      vertex 56.15 0.25 49.12587659821476
      vertex 59.5 1.4887402298188697 47.19175319642951
      vertex 56.15 1.4887402298188697 49.12587659821476
    endloop
  endfacet
  facet normal -0.5000000000000006 0 0.8660254037844384
    outer loop
      vertex 59.5 0.25 47.19175319642951
      vertex 62.85 1.4887402298188697 49.12587659821476
      vertex 59.5 1.4887402298188697 47.19175319642951
    endloop
  endfacet
  facet normal -0.5000000000000006 0 0.8660254037844384
    outer loop
      vertex 59.5 0.25 47.19175319642951
      vertex 62.85 0.25 49.12587659821476
      vertex 62.85 1.4887402298188697 49.12587659821476
    endloop
  endfacet
  facet normal 1 0 0
    outer loop
      vertex 56.15 0.25 49.12587659821476
      vertex 56.15 1.4887402298188697 49.12587659821476
      vertex 56.15 0.25 52.994123401785245
    endloop
  endfacet
  facet normal 1 0 0
    outer loop
      vertex 56.15 0.25 52.994123401785245
      vertex 56.15 1.4887402298188697 49.12587659821476
      vertex 56.15 1.4887402298188697 52.994123401785245
    endloop
  endfacet
  facet normal -1 0 0
    outer loop
      vertex 62.85 0.25 49.12587659821476
      vertex 62.85 1.4887402298188697 52.994123401785245
      vertex 62.85 1.4887402298188697 49.12587659821476
    endloop
  endfacet
  facet normal -1 0 0
    outer loop
      vertex 62.85 0.25 49.12587659821476
      vertex 62.85 0.25 52.994123401785245
      vertex 62.85 1.4887402298188697 52.994123401785245
    endloop
  endfacet
  facet normal 0.5000000000000006 0 -0.8660254037844384
    outer loop
      vertex 56.15 0.25 52.994123401785245
      vertex 56.15 1.4887402298188697 52.994123401785245
      vertex 59.5 0.25 54.928246803570495
    endloop
  endfacet
  facet normal 0.5000000000000006 0 -0.8660254037844384
    outer loop
      vertex 59.5 0.25 54.928246803570495
      vertex 56.15 1.4887402298188697 52.994123401785245
      vertex 59.5 1.4887402298188697 54.928246803570495
    endloop
  endfacet
  facet normal -0.5000000000000006 0 -0.8660254037844384
    outer loop
      vertex 62.85 0.25 52.994123401785245
      vertex 59.5 0.25 54.928246803570495
      vertex 59.5 1.4887402298188697 54.928246803570495
    endloop
  endfacet
  facet normal -0.5000000000000006 0 -0.8660254037844384
    outer loop
      vertex 62.85 0.25 52.994123401785245
      vertex 59.5 1.4887402298188697 54.928246803570495
      vertex 62.85 1.4887402298188697 52.994123401785245
    endloop
  endfacet
  facet normal 0.5000000000000013 0 0.8660254037844378
    outer loop
      vertex 65.15 0.25 49.12587659821476
      vertex 68.5 1.4887402298188697 47.19175319642951
      vertex 65.15 1.4887402298188697 49.12587659821476
    endloop
  endfacet
  facet normal 0.5000000000000013 0 0.8660254037844378
    outer loop
      vertex 65.15 0.25 49.12587659821476
      vertex 68.5 0.25 47.19175319642951
      vertex 68.5 1.4887402298188697 47.19175319642951
    endloop
  endfacet
  facet normal -0.5000000000000013 0 0.8660254037844378
    outer loop
      vertex 68.5 0.25 47.19175319642951
      vertex 71.85 1.4887402298188697 49.12587659821476
      vertex 68.5 1.4887402298188697 47.19175319642951
    endloop
  endfacet
  facet normal -0.5000000000000013 0 0.8660254037844378
    outer loop
      vertex 68.5 0.25 47.19175319642951
      vertex 71.85 0.25 49.12587659821476
      vertex 71.85 1.4887402298188697 49.12587659821476
    endloop
  endfacet
  facet normal 1 0 0
    outer loop
      vertex 65.15 0.25 49.12587659821476
      vertex 65.15 1.4887402298188697 49.12587659821476
      vertex 65.15 0.25 52.994123401785245
    endloop
  endfacet
  facet normal 1 0 0
    outer loop
      vertex 65.15 0.25 52.994123401785245
      vertex 65.15 1.4887402298188697 49.12587659821476
      vertex 65.15 1.4887402298188697 52.994123401785245
    endloop
  endfacet
  facet normal 0.5000000000000013 0 -0.8660254037844378
    outer loop
      vertex 65.15 0.25 52.994123401785245
      vertex 65.15 1.4887402298188697 52.994123401785245
      vertex 68.5 0.25 54.928246803570495
    endloop
  endfacet
  facet normal 0.5000000000000013 0 -0.8660254037844378
    outer loop
      vertex 68.5 0.25 54.928246803570495
      vertex 65.15 1.4887402298188697 52.994123401785245
      vertex 68.5 1.4887402298188697 54.928246803570495
    endloop
  endfacet
  facet normal -0.5000000000000013 0 -0.8660254037844378
    outer loop
      vertex 71.85 0.25 52.994123401785245
      vertex 68.5 0.25 54.928246803570495
      vertex 68.5 1.4887402298188697 54.928246803570495
    endloop
  endfacet
  facet normal -0.5000000000000013 0 -0.8660254037844378
    outer loop
      vertex 71.85 0.25 52.994123401785245
      vertex 68.5 1.4887402298188697 54.928246803570495
      vertex 71.85 1.4887402298188697 52.994123401785245
    endloop
  endfacet
  facet normal -1 0 0
    outer loop
      vertex 71.85 0.25 49.12587659821476
      vertex 71.85 1.4887402298188697 52.994123401785245
      vertex 71.85 1.4887402298188697 49.12587659821476
    endloop
  endfacet
  facet normal -1 0 0
    outer loop
      vertex 71.85 0.25 49.12587659821476
      vertex 71.85 0.25 52.994123401785245
      vertex 71.85 1.4887402298188697 52.994123401785245
    endloop
  endfacet
  facet normal 0.5000000000000013 0 0.8660254037844378
    outer loop
      vertex 74.15 0.25 49.12587659821476
      vertex 77.5 0.25 47.19175319642951
      vertex 77.5 1.4887402298188697 47.19175319642951
    endloop
  endfacet
  facet normal 0.5000000000000013 0 0.8660254037844378
    outer loop
      vertex 74.15 0.25 49.12587659821476
      vertex 77.5 1.4887402298188697 47.19175319642951
      vertex 74.15 1.4887402298188697 49.12587659821476
    endloop
  endfacet
  facet normal -0.5000000000000013 0 0.8660254037844378
    outer loop
      vertex 77.5 0.25 47.19175319642951
      vertex 80.85 1.4887402298188697 49.12587659821476
      vertex 77.5 1.4887402298188697 47.19175319642951
    endloop
  endfacet
  facet normal -0.5000000000000013 0 0.8660254037844378
    outer loop
      vertex 77.5 0.25 47.19175319642951
      vertex 80.85 0.25 49.12587659821476
      vertex 80.85 1.4887402298188697 49.12587659821476
    endloop
  endfacet
  facet normal 1 0 0
    outer loop
      vertex 74.15 0.25 49.12587659821476
      vertex 74.15 1.4887402298188697 49.12587659821476
      vertex 74.15 0.25 52.994123401785245
    endloop
  endfacet
  facet normal 1 0 0
    outer loop
      vertex 74.15 0.25 52.994123401785245
      vertex 74.15 1.4887402298188697 49.12587659821476
      vertex 74.15 1.4887402298188697 52.994123401785245
    endloop
  endfacet
  facet normal 0.5000000000000013 0 -0.8660254037844378
    outer loop
      vertex 74.15 0.25 52.994123401785245
      vertex 74.15 1.4887402298188697 52.994123401785245
      vertex 77.5 0.25 54.928246803570495
    endloop
  endfacet
  facet normal 0.5000000000000013 0 -0.8660254037844378
    outer loop
      vertex 77.5 0.25 54.928246803570495
      vertex 74.15 1.4887402298188697 52.994123401785245
      vertex 77.5 1.4887402298188697 54.928246803570495
    endloop
  endfacet
  facet normal -0.5000000000000013 0 -0.8660254037844378
    outer loop
      vertex 80.85 0.25 52.994123401785245
      vertex 77.5 0.25 54.928246803570495
      vertex 77.5 1.4887402298188697 54.928246803570495
    endloop
  endfacet
  facet normal -1 0 0
    outer loop
      vertex 80.85 0.25 49.12587659821476
      vertex 80.85 1.4887402298188697 52.994123401785245
      vertex 80.85 1.4887402298188697 49.12587659821476
    endloop
  endfacet
  facet normal -1 0 0
    outer loop
      vertex 80.85 0.25 49.12587659821476
      vertex 80.85 0.25 52.994123401785245
      vertex 80.85 1.4887402298188697 52.994123401785245
    endloop
  endfacet
  facet normal -0.5000000000000013 0 -0.8660254037844378
    outer loop
      vertex 80.85 0.25 52.994123401785245
      vertex 77.5 1.4887402298188697 54.928246803570495
      vertex 80.85 1.4887402298188697 52.994123401785245
    endloop
  endfacet
  facet normal 0.5000000000000013 0 0.8660254037844378
    outer loop
      vertex 83.15 0.25 49.12587659821476
      vertex 86.5 1.4887402298188697 47.19175319642951
      vertex 83.15 1.4887402298188697 49.12587659821476
    endloop
  endfacet
  facet normal 0.5000000000000013 0 0.8660254037844378
    outer loop
      vertex 83.15 0.25 49.12587659821476
      vertex 86.5 0.25 47.19175319642951
      vertex 86.5 1.4887402298188697 47.19175319642951
    endloop
  endfacet
  facet normal -0.5000000000000013 0 0.8660254037844378
    outer loop
      vertex 86.5 0.25 47.19175319642951
      vertex 89.85 1.4887402298188697 49.12587659821476
      vertex 86.5 1.4887402298188697 47.19175319642951
    endloop
  endfacet
  facet normal -0.5000000000000013 0 0.8660254037844378
    outer loop
      vertex 86.5 0.25 47.19175319642951
      vertex 89.85 0.25 49.12587659821476
      vertex 89.85 1.4887402298188697 49.12587659821476
    endloop
  endfacet
  facet normal 1 0 0
    outer loop
      vertex 83.15 0.25 49.12587659821476
      vertex 83.15 1.4887402298188697 49.12587659821476
      vertex 83.15 0.25 52.994123401785245
    endloop
  endfacet
  facet normal 1 0 0
    outer loop
      vertex 83.15 0.25 52.994123401785245
      vertex 83.15 1.4887402298188697 49.12587659821476
      vertex 83.15 1.4887402298188697 52.994123401785245
    endloop
  endfacet
  facet normal 0.5000000000000013 0 -0.8660254037844378
    outer loop
      vertex 83.15 0.25 52.994123401785245
      vertex 83.15 1.4887402298188697 52.994123401785245
      vertex 86.5 0.25 54.928246803570495
    endloop
  endfacet
  facet normal 0.5000000000000013 0 -0.8660254037844378
    outer loop
      vertex 86.5 0.25 54.928246803570495
      vertex 83.15 1.4887402298188697 52.994123401785245
      vertex 86.5 1.4887402298188697 54.928246803570495
    endloop
  endfacet
  facet normal -1 0 0
    outer loop
      vertex 89.85 0.25 49.12587659821476
      vertex 89.85 1.4887402298188697 52.994123401785245
      vertex 89.85 1.4887402298188697 49.12587659821476
    endloop
  endfacet
  facet normal -1 0 0
    outer loop
      vertex 89.85 0.25 49.12587659821476
      vertex 89.85 0.25 52.994123401785245
      vertex 89.85 1.4887402298188697 52.994123401785245
    endloop
  endfacet
  facet normal -0.5000000000000013 0 -0.8660254037844378
    outer loop
      vertex 89.85 0.25 52.994123401785245
      vertex 86.5 0.25 54.928246803570495
      vertex 86.5 1.4887402298188697 54.928246803570495
    endloop
  endfacet
  facet normal -0.5000000000000013 0 -0.8660254037844378
    outer loop
      vertex 89.85 0.25 52.994123401785245
      vertex 86.5 1.4887402298188697 54.928246803570495
      vertex 89.85 1.4887402298188697 52.994123401785245
    endloop
  endfacet
  facet normal 0.5000000000000013 0 0.8660254037844378
    outer loop
      vertex 92.15 0.25 49.12587659821476
      vertex 95.5 1.4887402298188697 47.19175319642951
      vertex 92.15 1.4887402298188697 49.12587659821476
    endloop
  endfacet
  facet normal 1 0 0
    outer loop
      vertex 92.15 0.25 49.12587659821476
      vertex 92.15 1.4887402298188697 49.12587659821476
      vertex 92.15 0.25 52.994123401785245
    endloop
  endfacet
  facet normal 1 0 0
    outer loop
      vertex 92.15 0.25 52.994123401785245
      vertex 92.15 1.4887402298188697 49.12587659821476
      vertex 92.15 1.4887402298188697 52.994123401785245
    endloop
  endfacet
  facet normal 0.5000000000000013 0 -0.8660254037844378
    outer loop
      vertex 92.15 0.25 52.994123401785245
      vertex 92.15 1.4887402298188697 52.994123401785245
      vertex 95.5 0.25 54.928246803570495
    endloop
  endfacet
  facet normal 0.5000000000000013 0 0.8660254037844378
    outer loop
      vertex 92.15 0.25 49.12587659821476
      vertex 95.5 0.25 47.19175319642951
      vertex 95.5 1.4887402298188697 47.19175319642951
    endloop
  endfacet
  facet normal -0.5000000000000013 0 0.8660254037844378
    outer loop
      vertex 95.5 0.25 47.19175319642951
      vertex 98.85 1.4887402298188697 49.12587659821476
      vertex 95.5 1.4887402298188697 47.19175319642951
    endloop
  endfacet
  facet normal -0.5000000000000013 0 0.8660254037844378
    outer loop
      vertex 95.5 0.25 47.19175319642951
      vertex 98.85 0.25 49.12587659821476
      vertex 98.85 1.4887402298188697 49.12587659821476
    endloop
  endfacet
  facet normal -1 0 0
    outer loop
      vertex 98.85 0.25 49.12587659821476
      vertex 98.85 1.4887402298188697 52.994123401785245
      vertex 98.85 1.4887402298188697 49.12587659821476
    endloop
  endfacet
  facet normal -1 0 0
    outer loop
      vertex 98.85 0.25 49.12587659821476
      vertex 98.85 0.25 52.994123401785245
      vertex 98.85 1.4887402298188697 52.994123401785245
    endloop
  endfacet
  facet normal 0.5000000000000013 0 -0.8660254037844378
    outer loop
      vertex 95.5 0.25 54.928246803570495
      vertex 92.15 1.4887402298188697 52.994123401785245
      vertex 95.5 1.4887402298188697 54.928246803570495
    endloop
  endfacet
  facet normal -0.5000000000000013 0 -0.8660254037844378
    outer loop
      vertex 98.85 0.25 52.994123401785245
      vertex 95.5 0.25 54.928246803570495
      vertex 95.5 1.4887402298188697 54.928246803570495
    endloop
  endfacet
  facet normal -0.5000000000000013 0 -0.8660254037844378
    outer loop
      vertex 98.85 0.25 52.994123401785245
      vertex 95.5 1.4887402298188697 54.928246803570495
      vertex 98.85 1.4887402298188697 52.994123401785245
    endloop
  endfacet
  facet normal 0 0.49999999999999994 0.8660254037844388
    outer loop
      vertex 0.25 24.048113946933693 16.03
      vertex 1.6037838169959322 22.15 17.125876598214752
      vertex 1.6037838169959322 24.048113946933693 16.03
    endloop
  endfacet
  facet normal 0 -0.49999999999999994 0.8660254037844388
    outer loop
      vertex 0.25 28.85 17.125876598214752
      vertex 0.25 26.951886053066307 16.03
      vertex 1.6037838169959322 26.951886053066307 16.03
    endloop
  endfacet
  facet normal 0 1 0
    outer loop
      vertex 1.6037838169959322 22.15 17.125876598214752
      vertex 0.25 22.15 17.125876598214752
      vertex 1.6037838169959322 22.15 20.994123401785245
    endloop
  endfacet
  facet normal 0 0.49999999999999994 0.8660254037844388
    outer loop
      vertex 0.25 24.048113946933693 16.03
      vertex 0.25 22.15 17.125876598214752
      vertex 1.6037838169959322 22.15 17.125876598214752
    endloop
  endfacet
  facet normal 0 1 0
    outer loop
      vertex 0.25 22.15 17.125876598214752
      vertex 0.25 22.15 20.994123401785245
      vertex 1.6037838169959322 22.15 20.994123401785245
    endloop
  endfacet
  facet normal 0 0.49999999999999983 -0.8660254037844386
    outer loop
      vertex 0.25 22.15 20.994123401785245
      vertex 1.6037838169959322 25.5 22.92824680357049
      vertex 1.6037838169959322 22.15 20.994123401785245
    endloop
  endfacet
  facet normal 0 0.49999999999999983 -0.8660254037844386
    outer loop
      vertex 0.25 22.15 20.994123401785245
      vertex 0.25 25.5 22.92824680357049
      vertex 1.6037838169959322 25.5 22.92824680357049
    endloop
  endfacet
  facet normal 0 -0.49999999999999994 0.8660254037844388
    outer loop
      vertex 0.25 28.85 17.125876598214752
      vertex 1.6037838169959322 26.951886053066307 16.03
      vertex 1.6037838169959322 28.85 17.125876598214752
    endloop
  endfacet
  facet normal 0 -1 0
    outer loop
      vertex 0.25 28.85 17.125876598214752
      vertex 1.6037838169959322 28.85 17.125876598214752
      vertex 0.25 28.85 20.994123401785245
    endloop
  endfacet
  facet normal 0 -1 0
    outer loop
      vertex 0.25 28.85 20.994123401785245
      vertex 1.6037838169959322 28.85 17.125876598214752
      vertex 1.6037838169959322 28.85 20.994123401785245
    endloop
  endfacet
  facet normal 0 -0.49999999999999983 -0.8660254037844386
    outer loop
      vertex 1.6037838169959322 28.85 20.994123401785245
      vertex 1.6037838169959322 25.5 22.92824680357049
      vertex 0.25 25.5 22.92824680357049
    endloop
  endfacet
  facet normal 0 -0.49999999999999983 -0.8660254037844386
    outer loop
      vertex 0.25 25.5 22.92824680357049
      vertex 0.25 28.85 20.994123401785245
      vertex 1.6037838169959322 28.85 20.994123401785245
    endloop
  endfacet
  facet normal 0 0.49999999999999983 0.8660254037844387
    outer loop
      vertex 125.75 24.048113946933693 16.03
      vertex 124.55 24.048113946933693 16.03
      vertex 125.75 22.15 17.125876598214752
    endloop
  endfacet
  facet normal 0 -0.49999999999999983 0.8660254037844387
    outer loop
      vertex 124.55 28.85 17.125876598214752
      vertex 124.55 26.951886053066307 16.03
      vertex 125.75 26.951886053066307 16.03
    endloop
  endfacet
  facet normal 0 1 0
    outer loop
      vertex 125.75 22.15 20.994123401785245
      vertex 125.75 22.15 17.125876598214752
      vertex 124.55 22.15 17.125876598214752
    endloop
  endfacet
  facet normal 0 0.49999999999999983 0.8660254037844387
    outer loop
      vertex 124.55 24.048113946933693 16.03
      vertex 124.55 22.15 17.125876598214752
      vertex 125.75 22.15 17.125876598214752
    endloop
  endfacet
  facet normal 0 1 0
    outer loop
      vertex 125.75 22.15 20.994123401785245
      vertex 124.55 22.15 17.125876598214752
      vertex 124.55 22.15 20.994123401785245
    endloop
  endfacet
  facet normal 0 0.4999999999999999 -0.8660254037844387
    outer loop
      vertex 125.75 22.15 20.994123401785245
      vertex 124.55 22.15 20.994123401785245
      vertex 125.75 25.5 22.92824680357049
    endloop
  endfacet
  facet normal 0 0.4999999999999999 -0.8660254037844387
    outer loop
      vertex 125.75 25.5 22.92824680357049
      vertex 124.55 22.15 20.994123401785245
      vertex 124.55 25.5 22.92824680357049
    endloop
  endfacet
  facet normal 0 -0.49999999999999983 0.8660254037844387
    outer loop
      vertex 125.75 28.85 17.125876598214752
      vertex 124.55 28.85 17.125876598214752
      vertex 125.75 26.951886053066307 16.03
    endloop
  endfacet
  facet normal 0 -1 0
    outer loop
      vertex 124.55 28.85 17.125876598214752
      vertex 125.75 28.85 17.125876598214752
      vertex 124.55 28.85 20.994123401785245
    endloop
  endfacet
  facet normal 0 -1 0
    outer loop
      vertex 125.75 28.85 17.125876598214752
      vertex 125.75 28.85 20.994123401785245
      vertex 124.55 28.85 20.994123401785245
    endloop
  endfacet
  facet normal 0 -0.4999999999999999 -0.8660254037844387
    outer loop
      vertex 125.75 25.5 22.92824680357049
      vertex 124.55 25.5 22.92824680357049
      vertex 125.75 28.85 20.994123401785245
    endloop
  endfacet
  facet normal 0 -0.4999999999999999 -0.8660254037844387
    outer loop
      vertex 125.75 28.85 20.994123401785245
      vertex 124.55 25.5 22.92824680357049
      vertex 124.55 28.85 20.994123401785245
    endloop
  endfacet
  facet normal 0 0.49999999999999917 0.8660254037844392
    outer loop
      vertex 1.6037838169959322 31.15 17.125876598214752
      vertex 1.6037838169959322 33.0481139469337 16.03
      vertex 0.25 33.0481139469337 16.03
    endloop
  endfacet
  facet normal 0 -0.49999999999999917 0.8660254037844392
    outer loop
      vertex 0.25 37.85 17.125876598214752
      vertex 0.25 35.9518860530663 16.03
      vertex 1.6037838169959322 35.9518860530663 16.03
    endloop
  endfacet
  facet normal 0 1 0
    outer loop
      vertex 0.25 31.15 17.125876598214752
      vertex 1.6037838169959322 31.15 20.994123401785245
      vertex 1.6037838169959322 31.15 17.125876598214752
    endloop
  endfacet
  facet normal 0 1 0
    outer loop
      vertex 0.25 31.15 17.125876598214752
      vertex 0.25 31.15 20.994123401785245
      vertex 1.6037838169959322 31.15 20.994123401785245
    endloop
  endfacet
  facet normal 0 0.49999999999999917 0.8660254037844392
    outer loop
      vertex 0.25 33.0481139469337 16.03
      vertex 0.25 31.15 17.125876598214752
      vertex 1.6037838169959322 31.15 17.125876598214752
    endloop
  endfacet
  facet normal 0 0.49999999999999983 -0.8660254037844386
    outer loop
      vertex 0.25 31.15 20.994123401785245
      vertex 1.6037838169959322 34.5 22.92824680357049
      vertex 1.6037838169959322 31.15 20.994123401785245
    endloop
  endfacet
  facet normal 0 0.49999999999999983 -0.8660254037844386
    outer loop
      vertex 0.25 31.15 20.994123401785245
      vertex 0.25 34.5 22.92824680357049
      vertex 1.6037838169959322 34.5 22.92824680357049
    endloop
  endfacet
  facet normal 0 -0.49999999999999983 -0.8660254037844386
    outer loop
      vertex 1.6037838169959322 37.85 20.994123401785245
      vertex 1.6037838169959322 34.5 22.92824680357049
      vertex 0.25 34.5 22.92824680357049
    endloop
  endfacet
  facet normal 0 -0.49999999999999983 -0.8660254037844386
    outer loop
      vertex 0.25 34.5 22.92824680357049
      vertex 0.25 37.85 20.994123401785245
      vertex 1.6037838169959322 37.85 20.994123401785245
    endloop
  endfacet
  facet normal 0 -0.49999999999999917 0.8660254037844392
    outer loop
      vertex 0.25 37.85 17.125876598214752
      vertex 1.6037838169959322 35.9518860530663 16.03
      vertex 1.6037838169959322 37.85 17.125876598214752
    endloop
  endfacet
  facet normal 0 -1 0
    outer loop
      vertex 0.25 37.85 17.125876598214752
      vertex 1.6037838169959322 37.85 17.125876598214752
      vertex 0.25 37.85 20.994123401785245
    endloop
  endfacet
  facet normal 0 -1 0
    outer loop
      vertex 1.6037838169959322 37.85 17.125876598214752
      vertex 1.6037838169959322 37.85 20.994123401785245
      vertex 0.25 37.85 20.994123401785245
    endloop
  endfacet
  facet normal 0 0.49999999999999917 0.8660254037844393
    outer loop
      vertex 125.75 33.0481139469337 16.03
      vertex 124.55 33.0481139469337 16.03
      vertex 125.75 31.15 17.125876598214752
    endloop
  endfacet
  facet normal 0 -0.49999999999999917 0.8660254037844393
    outer loop
      vertex 125.75 35.9518860530663 16.03
      vertex 124.55 37.85 17.125876598214752
      vertex 124.55 35.9518860530663 16.03
    endloop
  endfacet
  facet normal 0 1 0
    outer loop
      vertex 125.75 31.15 20.994123401785245
      vertex 125.75 31.15 17.125876598214752
      vertex 124.55 31.15 17.125876598214752
    endloop
  endfacet
  facet normal 0 1 0
    outer loop
      vertex 125.75 31.15 20.994123401785245
      vertex 124.55 31.15 17.125876598214752
      vertex 124.55 31.15 20.994123401785245
    endloop
  endfacet
  facet normal 0 0.49999999999999917 0.8660254037844393
    outer loop
      vertex 125.75 31.15 17.125876598214752
      vertex 124.55 33.0481139469337 16.03
      vertex 124.55 31.15 17.125876598214752
    endloop
  endfacet
  facet normal 0 0.4999999999999999 -0.8660254037844387
    outer loop
      vertex 125.75 31.15 20.994123401785245
      vertex 124.55 31.15 20.994123401785245
      vertex 125.75 34.5 22.92824680357049
    endloop
  endfacet
  facet normal 0 0.4999999999999999 -0.8660254037844387
    outer loop
      vertex 124.55 34.5 22.92824680357049
      vertex 125.75 34.5 22.92824680357049
      vertex 124.55 31.15 20.994123401785245
    endloop
  endfacet
  facet normal 0 -0.4999999999999999 -0.8660254037844387
    outer loop
      vertex 124.55 34.5 22.92824680357049
      vertex 125.75 37.85 20.994123401785245
      vertex 125.75 34.5 22.92824680357049
    endloop
  endfacet
  facet normal 0 -0.4999999999999999 -0.8660254037844387
    outer loop
      vertex 124.55 34.5 22.92824680357049
      vertex 124.55 37.85 20.994123401785245
      vertex 125.75 37.85 20.994123401785245
    endloop
  endfacet
  facet normal 0 -0.49999999999999917 0.8660254037844393
    outer loop
      vertex 124.55 37.85 17.125876598214752
      vertex 125.75 35.9518860530663 16.03
      vertex 125.75 37.85 17.125876598214752
    endloop
  endfacet
  facet normal 0 -1 0
    outer loop
      vertex 124.55 37.85 17.125876598214752
      vertex 125.75 37.85 17.125876598214752
      vertex 124.55 37.85 20.994123401785245
    endloop
  endfacet
  facet normal 0 -1 0
    outer loop
      vertex 124.55 37.85 20.994123401785245
      vertex 125.75 37.85 17.125876598214752
      vertex 125.75 37.85 20.994123401785245
    endloop
  endfacet
  facet normal 0 0.49999999999999917 0.8660254037844392
    outer loop
      vertex 1.6037838169959322 42.0481139469337 16.03
      vertex 0.25 42.0481139469337 16.03
      vertex 1.6037838169959322 40.15 17.125876598214752
    endloop
  endfacet
  facet normal 0 1 0
    outer loop
      vertex 1.6037838169959322 40.15 17.125876598214752
      vertex 0.25 40.15 17.125876598214752
      vertex 1.6037838169959322 40.15 20.994123401785245
    endloop
  endfacet
  facet normal 0 0.49999999999999917 0.8660254037844392
    outer loop
      vertex 1.6037838169959322 40.15 17.125876598214752
      vertex 0.25 42.0481139469337 16.03
      vertex 0.25 40.15 17.125876598214752
    endloop
  endfacet
  facet normal 0 1 0
    outer loop
      vertex 1.6037838169959322 40.15 20.994123401785245
      vertex 0.25 40.15 17.125876598214752
      vertex 0.25 40.15 20.994123401785245
    endloop
  endfacet
  facet normal 0 0.49999999999999983 -0.8660254037844386
    outer loop
      vertex 1.6037838169959322 40.15 20.994123401785245
      vertex 0.25 40.15 20.994123401785245
      vertex 1.6037838169959322 43.5 22.92824680357049
    endloop
  endfacet
  facet normal 0 -0.49999999999999917 0.8660254037844392
    outer loop
      vertex 0.25 46.85 17.125876598214752
      vertex 0.25 44.9518860530663 16.03
      vertex 1.6037838169959322 44.9518860530663 16.03
    endloop
  endfacet
  facet normal 0 -0.49999999999999917 0.8660254037844392
    outer loop
      vertex 1.6037838169959322 44.9518860530663 16.03
      vertex 1.6037838169959322 46.85 17.125876598214752
      vertex 0.25 46.85 17.125876598214752
    endloop
  endfacet
  facet normal 0 -1 0
    outer loop
      vertex 0.25 46.85 17.125876598214752
      vertex 1.6037838169959322 46.85 17.125876598214752
      vertex 0.25 46.85 20.994123401785245
    endloop
  endfacet
  facet normal 0 -1 0
    outer loop
      vertex 1.6037838169959322 46.85 17.125876598214752
      vertex 1.6037838169959322 46.85 20.994123401785245
      vertex 0.25 46.85 20.994123401785245
    endloop
  endfacet
  facet normal 0 0.49999999999999983 -0.8660254037844386
    outer loop
      vertex 0.25 40.15 20.994123401785245
      vertex 0.25 43.5 22.92824680357049
      vertex 1.6037838169959322 43.5 22.92824680357049
    endloop
  endfacet
  facet normal 0 -0.49999999999999983 -0.8660254037844386
    outer loop
      vertex 1.6037838169959322 46.85 20.994123401785245
      vertex 1.6037838169959322 43.5 22.92824680357049
      vertex 0.25 43.5 22.92824680357049
    endloop
  endfacet
  facet normal 0 -0.49999999999999983 -0.8660254037844386
    outer loop
      vertex 0.25 43.5 22.92824680357049
      vertex 0.25 46.85 20.994123401785245
      vertex 1.6037838169959322 46.85 20.994123401785245
    endloop
  endfacet
  facet normal 0 0.49999999999999917 0.8660254037844393
    outer loop
      vertex 124.55 42.0481139469337 16.03
      vertex 125.75 40.15 17.125876598214752
      vertex 125.75 42.0481139469337 16.03
    endloop
  endfacet
  facet normal 0 1 0
    outer loop
      vertex 124.55 40.15 17.125876598214752
      vertex 125.75 40.15 20.994123401785245
      vertex 125.75 40.15 17.125876598214752
    endloop
  endfacet
  facet normal 0 0.49999999999999917 0.8660254037844393
    outer loop
      vertex 124.55 40.15 17.125876598214752
      vertex 125.75 40.15 17.125876598214752
      vertex 124.55 42.0481139469337 16.03
    endloop
  endfacet
  facet normal 0 1 0
    outer loop
      vertex 124.55 40.15 17.125876598214752
      vertex 124.55 40.15 20.994123401785245
      vertex 125.75 40.15 20.994123401785245
    endloop
  endfacet
  facet normal 0 0.4999999999999999 -0.8660254037844387
    outer loop
      vertex 124.55 40.15 20.994123401785245
      vertex 125.75 43.5 22.92824680357049
      vertex 125.75 40.15 20.994123401785245
    endloop
  endfacet
  facet normal 0 -0.49999999999999917 0.8660254037844393
    outer loop
      vertex 124.55 46.85 17.125876598214752
      vertex 124.55 44.9518860530663 16.03
      vertex 125.75 44.9518860530663 16.03
    endloop
  endfacet
  facet normal 0 -0.49999999999999917 0.8660254037844393
    outer loop
      vertex 124.55 46.85 17.125876598214752
      vertex 125.75 44.9518860530663 16.03
      vertex 125.75 46.85 17.125876598214752
    endloop
  endfacet
  facet normal 0 -1 0
    outer loop
      vertex 124.55 46.85 17.125876598214752
      vertex 125.75 46.85 17.125876598214752
      vertex 124.55 46.85 20.994123401785245
    endloop
  endfacet
  facet normal 0 -1 0
    outer loop
      vertex 124.55 46.85 20.994123401785245
      vertex 125.75 46.85 17.125876598214752
      vertex 125.75 46.85 20.994123401785245
    endloop
  endfacet
  facet normal 0 0.4999999999999999 -0.8660254037844387
    outer loop
      vertex 124.55 40.15 20.994123401785245
      vertex 124.55 43.5 22.92824680357049
      vertex 125.75 43.5 22.92824680357049
    endloop
  endfacet
  facet normal 0 -0.4999999999999999 -0.8660254037844387
    outer loop
      vertex 124.55 43.5 22.92824680357049
      vertex 125.75 46.85 20.994123401785245
      vertex 125.75 43.5 22.92824680357049
    endloop
  endfacet
  facet normal 0 -0.4999999999999999 -0.8660254037844387
    outer loop
      vertex 124.55 43.5 22.92824680357049
      vertex 124.55 46.85 20.994123401785245
      vertex 125.75 46.85 20.994123401785245
    endloop
  endfacet
  facet normal 0 0.49999999999999917 0.8660254037844392
    outer loop
      vertex 1.6037838169959322 51.0481139469337 16.03
      vertex 0.25 51.0481139469337 16.03
      vertex 1.6037838169959322 49.15 17.125876598214752
    endloop
  endfacet
  facet normal 0 -0.49999999999999917 0.8660254037844392
    outer loop
      vertex 0.25 55.85 17.125876598214752
      vertex 0.25 53.9518860530663 16.03
      vertex 1.6037838169959322 53.9518860530663 16.03
    endloop
  endfacet
  facet normal 0 0.49999999999999917 0.8660254037844392
    outer loop
      vertex 0.25 51.0481139469337 16.03
      vertex 0.25 49.15 17.125876598214752
      vertex 1.6037838169959322 49.15 17.125876598214752
    endloop
  endfacet
  facet normal 0 1 0
    outer loop
      vertex 1.6037838169959322 49.15 17.125876598214752
      vertex 0.25 49.15 17.125876598214752
      vertex 1.6037838169959322 49.15 20.994123401785245
    endloop
  endfacet
  facet normal 0 1 0
    outer loop
      vertex 1.6037838169959322 49.15 20.994123401785245
      vertex 0.25 49.15 17.125876598214752
      vertex 0.25 49.15 20.994123401785245
    endloop
  endfacet
  facet normal 0 0.49999999999999983 -0.8660254037844386
    outer loop
      vertex 1.6037838169959322 49.15 20.994123401785245
      vertex 0.25 49.15 20.994123401785245
      vertex 1.6037838169959322 52.5 22.92824680357049
    endloop
  endfacet
  facet normal 0 0.49999999999999983 -0.8660254037844386
    outer loop
      vertex 0.25 49.15 20.994123401785245
      vertex 0.25 52.5 22.92824680357049
      vertex 1.6037838169959322 52.5 22.92824680357049
    endloop
  endfacet
  facet normal 0 -0.49999999999999917 0.8660254037844392
    outer loop
      vertex 1.6037838169959322 55.85 17.125876598214752
      vertex 0.25 55.85 17.125876598214752
      vertex 1.6037838169959322 53.9518860530663 16.03
    endloop
  endfacet
  facet normal 0 -1 0
    outer loop
      vertex 0.25 55.85 17.125876598214752
      vertex 1.6037838169959322 55.85 17.125876598214752
      vertex 0.25 55.85 20.994123401785245
    endloop
  endfacet
  facet normal 0 -1 0
    outer loop
      vertex 1.6037838169959322 55.85 17.125876598214752
      vertex 1.6037838169959322 55.85 20.994123401785245
      vertex 0.25 55.85 20.994123401785245
    endloop
  endfacet
  facet normal 0 -0.49999999999999983 -0.8660254037844386
    outer loop
      vertex 1.6037838169959322 55.85 20.994123401785245
      vertex 1.6037838169959322 52.5 22.92824680357049
      vertex 0.25 52.5 22.92824680357049
    endloop
  endfacet
  facet normal 0 -0.49999999999999983 -0.8660254037844386
    outer loop
      vertex 0.25 52.5 22.92824680357049
      vertex 0.25 55.85 20.994123401785245
      vertex 1.6037838169959322 55.85 20.994123401785245
    endloop
  endfacet
  facet normal 0 0.49999999999999917 0.8660254037844393
    outer loop
      vertex 124.55 51.0481139469337 16.03
      vertex 125.75 49.15 17.125876598214752
      vertex 125.75 51.0481139469337 16.03
    endloop
  endfacet
  facet normal 0 -0.49999999999999917 0.8660254037844393
    outer loop
      vertex 124.55 55.85 17.125876598214752
      vertex 124.55 53.9518860530663 16.03
      vertex 125.75 53.9518860530663 16.03
    endloop
  endfacet
  facet normal 0 0.49999999999999917 0.8660254037844393
    outer loop
      vertex 124.55 51.0481139469337 16.03
      vertex 124.55 49.15 17.125876598214752
      vertex 125.75 49.15 17.125876598214752
    endloop
  endfacet
  facet normal 0 1 0
    outer loop
      vertex 124.55 49.15 17.125876598214752
      vertex 125.75 49.15 20.994123401785245
      vertex 125.75 49.15 17.125876598214752
    endloop
  endfacet
  facet normal 0 1 0
    outer loop
      vertex 124.55 49.15 17.125876598214752
      vertex 124.55 49.15 20.994123401785245
      vertex 125.75 49.15 20.994123401785245
    endloop
  endfacet
  facet normal 0 0.4999999999999999 -0.8660254037844387
    outer loop
      vertex 124.55 49.15 20.994123401785245
      vertex 125.75 52.5 22.92824680357049
      vertex 125.75 49.15 20.994123401785245
    endloop
  endfacet
  facet normal 0 0.4999999999999999 -0.8660254037844387
    outer loop
      vertex 124.55 49.15 20.994123401785245
      vertex 124.55 52.5 22.92824680357049
      vertex 125.75 52.5 22.92824680357049
    endloop
  endfacet
  facet normal 0 -0.49999999999999917 0.8660254037844393
    outer loop
      vertex 124.55 55.85 17.125876598214752
      vertex 125.75 53.9518860530663 16.03
      vertex 125.75 55.85 17.125876598214752
    endloop
  endfacet
  facet normal 0 -1 0
    outer loop
      vertex 124.55 55.85 17.125876598214752
      vertex 125.75 55.85 17.125876598214752
      vertex 124.55 55.85 20.994123401785245
    endloop
  endfacet
  facet normal 0 -1 0
    outer loop
      vertex 124.55 55.85 20.994123401785245
      vertex 125.75 55.85 17.125876598214752
      vertex 125.75 55.85 20.994123401785245
    endloop
  endfacet
  facet normal 0 -0.4999999999999999 -0.8660254037844387
    outer loop
      vertex 124.55 52.5 22.92824680357049
      vertex 125.75 55.85 20.994123401785245
      vertex 125.75 52.5 22.92824680357049
    endloop
  endfacet
  facet normal 0 -0.4999999999999999 -0.8660254037844387
    outer loop
      vertex 124.55 52.5 22.92824680357049
      vertex 124.55 55.85 20.994123401785245
      vertex 125.75 55.85 20.994123401785245
    endloop
  endfacet
  facet normal 0 0.49999999999999917 0.8660254037844392
    outer loop
      vertex 1.6037838169959322 60.0481139469337 16.03
      vertex 0.25 60.0481139469337 16.03
      vertex 1.6037838169959322 58.15 17.125876598214752
    endloop
  endfacet
  facet normal 0 0.49999999999999917 0.8660254037844392
    outer loop
      vertex 0.25 60.0481139469337 16.03
      vertex 0.25 58.15 17.125876598214752
      vertex 1.6037838169959322 58.15 17.125876598214752
    endloop
  endfacet
  facet normal 0 1 0
    outer loop
      vertex 1.6037838169959322 58.15 17.125876598214752
      vertex 0.25 58.15 17.125876598214752
      vertex 1.6037838169959322 58.15 20.994123401785245
    endloop
  endfacet
  facet normal 0 1 0
    outer loop
      vertex 1.6037838169959322 58.15 20.994123401785245
      vertex 0.25 58.15 17.125876598214752
      vertex 0.25 58.15 20.994123401785245
    endloop
  endfacet
  facet normal 0 0.49999999999999983 -0.8660254037844386
    outer loop
      vertex 1.6037838169959322 58.15 20.994123401785245
      vertex 0.25 58.15 20.994123401785245
      vertex 1.6037838169959322 61.5 22.92824680357049
    endloop
  endfacet
  facet normal 0 0.49999999999999983 -0.8660254037844386
    outer loop
      vertex 0.25 58.15 20.994123401785245
      vertex 0.25 61.5 22.92824680357049
      vertex 1.6037838169959322 61.5 22.92824680357049
    endloop
  endfacet
  facet normal 0 -0.5000000000000006 -0.8660254037844383
    outer loop
      vertex 1.6037838169959322 61.5 22.92824680357049
      vertex 0.25 61.5 22.92824680357049
      vertex 1.6037838169959322 64.85 20.994123401785245
    endloop
  endfacet
  facet normal 0 -0.5000000000000006 0.8660254037844383
    outer loop
      vertex 0.25 64.85 17.125876598214752
      vertex 0.25 62.9518860530663 16.03
      vertex 1.6037838169959322 62.9518860530663 16.03
    endloop
  endfacet
  facet normal 0 -0.5000000000000006 0.8660254037844383
    outer loop
      vertex 1.6037838169959322 64.85 17.125876598214752
      vertex 0.25 64.85 17.125876598214752
      vertex 1.6037838169959322 62.9518860530663 16.03
    endloop
  endfacet
  facet normal 0 -1 0
    outer loop
      vertex 0.25 64.85 17.125876598214752
      vertex 1.6037838169959322 64.85 17.125876598214752
      vertex 0.25 64.85 20.994123401785245
    endloop
  endfacet
  facet normal 0 -1 0
    outer loop
      vertex 1.6037838169959322 64.85 17.125876598214752
      vertex 1.6037838169959322 64.85 20.994123401785245
      vertex 0.25 64.85 20.994123401785245
    endloop
  endfacet
  facet normal 0 -0.5000000000000006 -0.8660254037844383
    outer loop
      vertex 1.6037838169959322 64.85 20.994123401785245
      vertex 0.25 61.5 22.92824680357049
      vertex 0.25 64.85 20.994123401785245
    endloop
  endfacet
  facet normal 0 0.49999999999999917 0.8660254037844393
    outer loop
      vertex 124.55 60.0481139469337 16.03
      vertex 125.75 58.15 17.125876598214752
      vertex 125.75 60.0481139469337 16.03
    endloop
  endfacet
  facet normal 0 0.49999999999999917 0.8660254037844393
    outer loop
      vertex 124.55 60.0481139469337 16.03
      vertex 124.55 58.15 17.125876598214752
      vertex 125.75 58.15 17.125876598214752
    endloop
  endfacet
  facet normal 0 1 0
    outer loop
      vertex 124.55 58.15 17.125876598214752
      vertex 125.75 58.15 20.994123401785245
      vertex 125.75 58.15 17.125876598214752
    endloop
  endfacet
  facet normal 0 1 0
    outer loop
      vertex 124.55 58.15 17.125876598214752
      vertex 124.55 58.15 20.994123401785245
      vertex 125.75 58.15 20.994123401785245
    endloop
  endfacet
  facet normal 0 0.4999999999999999 -0.8660254037844387
    outer loop
      vertex 125.75 58.15 20.994123401785245
      vertex 124.55 58.15 20.994123401785245
      vertex 125.75 61.5 22.92824680357049
    endloop
  endfacet
  facet normal 0 0.4999999999999999 -0.8660254037844387
    outer loop
      vertex 124.55 58.15 20.994123401785245
      vertex 124.55 61.5 22.92824680357049
      vertex 125.75 61.5 22.92824680357049
    endloop
  endfacet
  facet normal 0 -0.5000000000000007 -0.8660254037844383
    outer loop
      vertex 125.75 61.5 22.92824680357049
      vertex 124.55 61.5 22.92824680357049
      vertex 125.75 64.85 20.994123401785245
    endloop
  endfacet
  facet normal 0 -0.5000000000000006 0.8660254037844384
    outer loop
      vertex 124.55 64.85 17.125876598214752
      vertex 124.55 62.9518860530663 16.03
      vertex 125.75 62.9518860530663 16.03
    endloop
  endfacet
  facet normal 0 -0.5000000000000006 0.8660254037844384
    outer loop
      vertex 125.75 62.9518860530663 16.03
      vertex 125.75 64.85 17.125876598214752
      vertex 124.55 64.85 17.125876598214752
    endloop
  endfacet
  facet normal 0 -1 0
    outer loop
      vertex 124.55 64.85 17.125876598214752
      vertex 125.75 64.85 17.125876598214752
      vertex 124.55 64.85 20.994123401785245
    endloop
  endfacet
  facet normal 0 -1 0
    outer loop
      vertex 124.55 64.85 20.994123401785245
      vertex 125.75 64.85 17.125876598214752
      vertex 125.75 64.85 20.994123401785245
    endloop
  endfacet
  facet normal 0 -0.5000000000000007 -0.8660254037844383
    outer loop
      vertex 124.55 61.5 22.92824680357049
      vertex 124.55 64.85 20.994123401785245
      vertex 125.75 64.85 20.994123401785245
    endloop
  endfacet
  facet normal 0 0.5000000000000006 0.8660254037844383
    outer loop
      vertex 1.6037838169959322 67.15 17.125876598214752
      vertex 1.6037838169959322 69.0481139469337 16.03
      vertex 0.25 69.0481139469337 16.03
    endloop
  endfacet
  facet normal 0 -0.5000000000000006 0.8660254037844383
    outer loop
      vertex 0.25 73.85 17.125876598214752
      vertex 0.25 71.9518860530663 16.03
      vertex 1.6037838169959322 71.9518860530663 16.03
    endloop
  endfacet
  facet normal 0 0.5000000000000006 0.8660254037844383
    outer loop
      vertex 0.25 69.0481139469337 16.03
      vertex 0.25 67.15 17.125876598214752
      vertex 1.6037838169959322 67.15 17.125876598214752
    endloop
  endfacet
  facet normal 0 1 0
    outer loop
      vertex 1.6037838169959322 67.15 17.125876598214752
      vertex 0.25 67.15 17.125876598214752
      vertex 1.6037838169959322 67.15 20.994123401785245
    endloop
  endfacet
  facet normal 0 1 0
    outer loop
      vertex 1.6037838169959322 67.15 20.994123401785245
      vertex 0.25 67.15 17.125876598214752
      vertex 0.25 67.15 20.994123401785245
    endloop
  endfacet
  facet normal 0 -0.5000000000000006 0.8660254037844383
    outer loop
      vertex 1.6037838169959322 73.85 17.125876598214752
      vertex 0.25 73.85 17.125876598214752
      vertex 1.6037838169959322 71.9518860530663 16.03
    endloop
  endfacet
  facet normal 0 0.5000000000000006 -0.8660254037844383
    outer loop
      vertex 1.6037838169959322 67.15 20.994123401785245
      vertex 0.25 67.15 20.994123401785245
      vertex 1.6037838169959322 70.5 22.92824680357049
    endloop
  endfacet
  facet normal 0 0.5000000000000006 -0.8660254037844383
    outer loop
      vertex 0.25 67.15 20.994123401785245
      vertex 0.25 70.5 22.92824680357049
      vertex 1.6037838169959322 70.5 22.92824680357049
    endloop
  endfacet
  facet normal 0 -0.5000000000000006 -0.8660254037844383
    outer loop
      vertex 1.6037838169959322 70.5 22.92824680357049
      vertex 0.25 70.5 22.92824680357049
      vertex 1.6037838169959322 73.85 20.994123401785245
    endloop
  endfacet
  facet normal 0 -0.5000000000000006 -0.8660254037844383
    outer loop
      vertex 0.25 70.5 22.92824680357049
      vertex 0.25 73.85 20.994123401785245
      vertex 1.6037838169959322 73.85 20.994123401785245
    endloop
  endfacet
  facet normal 0 -1 0
    outer loop
      vertex 0.25 73.85 17.125876598214752
      vertex 1.6037838169959322 73.85 17.125876598214752
      vertex 0.25 73.85 20.994123401785245
    endloop
  endfacet
  facet normal 0 -1 0
    outer loop
      vertex 1.6037838169959322 73.85 17.125876598214752
      vertex 1.6037838169959322 73.85 20.994123401785245
      vertex 0.25 73.85 20.994123401785245
    endloop
  endfacet
  facet normal 0 0.5000000000000006 0.8660254037844384
    outer loop
      vertex 124.55 69.0481139469337 16.03
      vertex 125.75 67.15 17.125876598214752
      vertex 125.75 69.0481139469337 16.03
    endloop
  endfacet
  facet normal 0 -0.5000000000000006 0.8660254037844384
    outer loop
      vertex 124.55 73.85 17.125876598214752
      vertex 124.55 71.9518860530663 16.03
      vertex 125.75 71.9518860530663 16.03
    endloop
  endfacet
  facet normal 0 0.5000000000000006 0.8660254037844384
    outer loop
      vertex 124.55 69.0481139469337 16.03
      vertex 124.55 67.15 17.125876598214752
      vertex 125.75 67.15 17.125876598214752
    endloop
  endfacet
  facet normal 0 1 0
    outer loop
      vertex 124.55 67.15 17.125876598214752
      vertex 125.75 67.15 20.994123401785245
      vertex 125.75 67.15 17.125876598214752
    endloop
  endfacet
  facet normal 0 1 0
    outer loop
      vertex 124.55 67.15 17.125876598214752
      vertex 124.55 67.15 20.994123401785245
      vertex 125.75 67.15 20.994123401785245
    endloop
  endfacet
  facet normal 0 -0.5000000000000006 0.8660254037844384
    outer loop
      vertex 125.75 73.85 17.125876598214752
      vertex 124.55 73.85 17.125876598214752
      vertex 125.75 71.9518860530663 16.03
    endloop
  endfacet
  facet normal 0 0.5000000000000007 -0.8660254037844383
    outer loop
      vertex 125.75 67.15 20.994123401785245
      vertex 124.55 67.15 20.994123401785245
      vertex 125.75 70.5 22.92824680357049
    endloop
  endfacet
  facet normal 0 0.5000000000000007 -0.8660254037844383
    outer loop
      vertex 125.75 70.5 22.92824680357049
      vertex 124.55 67.15 20.994123401785245
      vertex 124.55 70.5 22.92824680357049
    endloop
  endfacet
  facet normal 0 -0.5000000000000007 -0.8660254037844383
    outer loop
      vertex 125.75 70.5 22.92824680357049
      vertex 124.55 70.5 22.92824680357049
      vertex 125.75 73.85 20.994123401785245
    endloop
  endfacet
  facet normal 0 -0.5000000000000007 -0.8660254037844383
    outer loop
      vertex 124.55 70.5 22.92824680357049
      vertex 124.55 73.85 20.994123401785245
      vertex 125.75 73.85 20.994123401785245
    endloop
  endfacet
  facet normal 0 -1 0
    outer loop
      vertex 124.55 73.85 17.125876598214752
      vertex 125.75 73.85 17.125876598214752
      vertex 124.55 73.85 20.994123401785245
    endloop
  endfacet
  facet normal 0 -1 0
    outer loop
      vertex 125.75 73.85 17.125876598214752
      vertex 125.75 73.85 20.994123401785245
      vertex 124.55 73.85 20.994123401785245
    endloop
  endfacet
  facet normal 0 0.49999999999999983 0.8660254037844386
    outer loop
      vertex 0.25 30 23.191753196429506
      vertex 0.25 26.65 25.125876598214752
      vertex 1.6037838169959322 26.65 25.125876598214752
    endloop
  endfacet
  facet normal 0 0.49999999999999983 0.8660254037844386
    outer loop
      vertex 0.25 30 23.191753196429506
      vertex 1.6037838169959322 26.65 25.125876598214752
      vertex 1.6037838169959322 30 23.191753196429506
    endloop
  endfacet
  facet normal 0 -0.49999999999999983 0.8660254037844386
    outer loop
      vertex 0.25 33.35 25.125876598214752
      vertex 0.25 30 23.191753196429506
      vertex 1.6037838169959322 30 23.191753196429506
    endloop
  endfacet
  facet normal 0 1 0
    outer loop
      vertex 0.25 26.65 25.125876598214752
      vertex 1.6037838169959322 26.65 28.994123401785245
      vertex 1.6037838169959322 26.65 25.125876598214752
    endloop
  endfacet
  facet normal 0 1 0
    outer loop
      vertex 0.25 26.65 25.125876598214752
      vertex 0.25 26.65 28.994123401785245
      vertex 1.6037838169959322 26.65 28.994123401785245
    endloop
  endfacet
  facet normal 0 0.49999999999999983 -0.8660254037844386
    outer loop
      vertex 0.25 26.65 28.994123401785245
      vertex 1.6037838169959322 30 30.92824680357049
      vertex 1.6037838169959322 26.65 28.994123401785245
    endloop
  endfacet
  facet normal 0 0.49999999999999983 -0.8660254037844386
    outer loop
      vertex 0.25 26.65 28.994123401785245
      vertex 0.25 30 30.92824680357049
      vertex 1.6037838169959322 30 30.92824680357049
    endloop
  endfacet
  facet normal 0 -0.49999999999999983 -0.8660254037844386
    outer loop
      vertex 1.6037838169959322 30 30.92824680357049
      vertex 0.25 30 30.92824680357049
      vertex 1.6037838169959322 33.35 28.994123401785245
    endloop
  endfacet
  facet normal 0 -0.49999999999999983 0.8660254037844386
    outer loop
      vertex 1.6037838169959322 30 23.191753196429506
      vertex 1.6037838169959322 33.35 25.125876598214752
      vertex 0.25 33.35 25.125876598214752
    endloop
  endfacet
  facet normal 0 -1 0
    outer loop
      vertex 0.25 33.35 25.125876598214752
      vertex 1.6037838169959322 33.35 25.125876598214752
      vertex 0.25 33.35 28.994123401785245
    endloop
  endfacet
  facet normal 0 -1 0
    outer loop
      vertex 1.6037838169959322 33.35 25.125876598214752
      vertex 1.6037838169959322 33.35 28.994123401785245
      vertex 0.25 33.35 28.994123401785245
    endloop
  endfacet
  facet normal 0 -0.49999999999999983 -0.8660254037844386
    outer loop
      vertex 1.6037838169959322 33.35 28.994123401785245
      vertex 0.25 30 30.92824680357049
      vertex 0.25 33.35 28.994123401785245
    endloop
  endfacet
  facet normal 0 0.4999999999999999 0.8660254037844387
    outer loop
      vertex 125.75 26.65 25.125876598214752
      vertex 124.55 30 23.191753196429506
      vertex 124.55 26.65 25.125876598214752
    endloop
  endfacet
  facet normal 0 0.4999999999999999 0.8660254037844387
    outer loop
      vertex 125.75 30 23.191753196429506
      vertex 124.55 30 23.191753196429506
      vertex 125.75 26.65 25.125876598214752
    endloop
  endfacet
  facet normal 0 -0.4999999999999999 0.8660254037844387
    outer loop
      vertex 125.75 30 23.191753196429506
      vertex 124.55 33.35 25.125876598214752
      vertex 124.55 30 23.191753196429506
    endloop
  endfacet
  facet normal 0 1 0
    outer loop
      vertex 125.75 26.65 25.125876598214752
      vertex 124.55 26.65 25.125876598214752
      vertex 125.75 26.65 28.994123401785245
    endloop
  endfacet
  facet normal 0 1 0
    outer loop
      vertex 125.75 26.65 28.994123401785245
      vertex 124.55 26.65 25.125876598214752
      vertex 124.55 26.65 28.994123401785245
    endloop
  endfacet
  facet normal 0 0.4999999999999999 -0.8660254037844387
    outer loop
      vertex 125.75 30 30.92824680357049
      vertex 125.75 26.65 28.994123401785245
      vertex 124.55 26.65 28.994123401785245
    endloop
  endfacet
  facet normal 0 0.4999999999999999 -0.8660254037844387
    outer loop
      vertex 124.55 26.65 28.994123401785245
      vertex 124.55 30 30.92824680357049
      vertex 125.75 30 30.92824680357049
    endloop
  endfacet
  facet normal 0 -0.4999999999999999 -0.8660254037844387
    outer loop
      vertex 124.55 30 30.92824680357049
      vertex 125.75 33.35 28.994123401785245
      vertex 125.75 30 30.92824680357049
    endloop
  endfacet
  facet normal 0 -0.4999999999999999 0.8660254037844387
    outer loop
      vertex 124.55 33.35 25.125876598214752
      vertex 125.75 30 23.191753196429506
      vertex 125.75 33.35 25.125876598214752
    endloop
  endfacet
  facet normal 0 -1 0
    outer loop
      vertex 124.55 33.35 25.125876598214752
      vertex 125.75 33.35 25.125876598214752
      vertex 124.55 33.35 28.994123401785245
    endloop
  endfacet
  facet normal 0 -1 0
    outer loop
      vertex 124.55 33.35 28.994123401785245
      vertex 125.75 33.35 25.125876598214752
      vertex 125.75 33.35 28.994123401785245
    endloop
  endfacet
  facet normal 0 -0.4999999999999999 -0.8660254037844387
    outer loop
      vertex 124.55 33.35 28.994123401785245
      vertex 125.75 33.35 28.994123401785245
      vertex 124.55 30 30.92824680357049
    endloop
  endfacet
  facet normal 0 0.49999999999999983 0.8660254037844386
    outer loop
      vertex 0.25 39 23.191753196429506
      vertex 0.25 35.65 25.125876598214752
      vertex 1.6037838169959322 35.65 25.125876598214752
    endloop
  endfacet
  facet normal 0 0.49999999999999983 0.8660254037844386
    outer loop
      vertex 1.6037838169959322 35.65 25.125876598214752
      vertex 1.6037838169959322 39 23.191753196429506
      vertex 0.25 39 23.191753196429506
    endloop
  endfacet
  facet normal 0 -0.49999999999999983 0.8660254037844386
    outer loop
      vertex 1.6037838169959322 39 23.191753196429506
      vertex 0.25 42.35 25.125876598214752
      vertex 0.25 39 23.191753196429506
    endloop
  endfacet
  facet normal 0 -0.49999999999999983 0.8660254037844386
    outer loop
      vertex 1.6037838169959322 39 23.191753196429506
      vertex 1.6037838169959322 42.35 25.125876598214752
      vertex 0.25 42.35 25.125876598214752
    endloop
  endfacet
  facet normal 0 1 0
    outer loop
      vertex 1.6037838169959322 35.65 28.994123401785245
      vertex 1.6037838169959322 35.65 25.125876598214752
      vertex 0.25 35.65 25.125876598214752
    endloop
  endfacet
  facet normal 0 1 0
    outer loop
      vertex 1.6037838169959322 35.65 28.994123401785245
      vertex 0.25 35.65 25.125876598214752
      vertex 0.25 35.65 28.994123401785245
    endloop
  endfacet
  facet normal 0 0.49999999999999983 -0.8660254037844386
    outer loop
      vertex 1.6037838169959322 35.65 28.994123401785245
      vertex 0.25 35.65 28.994123401785245
      vertex 1.6037838169959322 39 30.92824680357049
    endloop
  endfacet
  facet normal 0 0.49999999999999983 -0.8660254037844386
    outer loop
      vertex 1.6037838169959322 39 30.92824680357049
      vertex 0.25 35.65 28.994123401785245
      vertex 0.25 39 30.92824680357049
    endloop
  endfacet
  facet normal 0 -0.49999999999999983 -0.8660254037844386
    outer loop
      vertex 1.6037838169959322 39 30.92824680357049
      vertex 0.25 39 30.92824680357049
      vertex 1.6037838169959322 42.35 28.994123401785245
    endloop
  endfacet
  facet normal 0 -0.49999999999999983 -0.8660254037844386
    outer loop
      vertex 0.25 39 30.92824680357049
      vertex 0.25 42.35 28.994123401785245
      vertex 1.6037838169959322 42.35 28.994123401785245
    endloop
  endfacet
  facet normal 0 -1 0
    outer loop
      vertex 0.25 42.35 25.125876598214752
      vertex 1.6037838169959322 42.35 25.125876598214752
      vertex 0.25 42.35 28.994123401785245
    endloop
  endfacet
  facet normal 0 -1 0
    outer loop
      vertex 1.6037838169959322 42.35 25.125876598214752
      vertex 1.6037838169959322 42.35 28.994123401785245
      vertex 0.25 42.35 28.994123401785245
    endloop
  endfacet
  facet normal 0 0.4999999999999999 0.8660254037844387
    outer loop
      vertex 124.55 39 23.191753196429506
      vertex 124.55 35.65 25.125876598214752
      vertex 125.75 35.65 25.125876598214752
    endloop
  endfacet
  facet normal 0 0.4999999999999999 0.8660254037844387
    outer loop
      vertex 124.55 39 23.191753196429506
      vertex 125.75 35.65 25.125876598214752
      vertex 125.75 39 23.191753196429506
    endloop
  endfacet
  facet normal 0 -0.4999999999999999 0.8660254037844387
    outer loop
      vertex 124.55 39 23.191753196429506
      vertex 125.75 39 23.191753196429506
      vertex 124.55 42.35 25.125876598214752
    endloop
  endfacet
  facet normal 0 -0.4999999999999999 0.8660254037844387
    outer loop
      vertex 125.75 39 23.191753196429506
      vertex 125.75 42.35 25.125876598214752
      vertex 124.55 42.35 25.125876598214752
    endloop
  endfacet
  facet normal 0 1 0
    outer loop
      vertex 124.55 35.65 25.125876598214752
      vertex 125.75 35.65 28.994123401785245
      vertex 125.75 35.65 25.125876598214752
    endloop
  endfacet
  facet normal 0 1 0
    outer loop
      vertex 124.55 35.65 25.125876598214752
      vertex 124.55 35.65 28.994123401785245
      vertex 125.75 35.65 28.994123401785245
    endloop
  endfacet
  facet normal 0 0.4999999999999999 -0.8660254037844387
    outer loop
      vertex 124.55 35.65 28.994123401785245
      vertex 125.75 39 30.92824680357049
      vertex 125.75 35.65 28.994123401785245
    endloop
  endfacet
  facet normal 0 0.4999999999999999 -0.8660254037844387
    outer loop
      vertex 124.55 39 30.92824680357049
      vertex 125.75 39 30.92824680357049
      vertex 124.55 35.65 28.994123401785245
    endloop
  endfacet
  facet normal 0 -0.4999999999999999 -0.8660254037844387
    outer loop
      vertex 124.55 39 30.92824680357049
      vertex 125.75 42.35 28.994123401785245
      vertex 125.75 39 30.92824680357049
    endloop
  endfacet
  facet normal 0 -0.4999999999999999 -0.8660254037844387
    outer loop
      vertex 124.55 39 30.92824680357049
      vertex 124.55 42.35 28.994123401785245
      vertex 125.75 42.35 28.994123401785245
    endloop
  endfacet
  facet normal 0 -1 0
    outer loop
      vertex 124.55 42.35 25.125876598214752
      vertex 125.75 42.35 25.125876598214752
      vertex 124.55 42.35 28.994123401785245
    endloop
  endfacet
  facet normal 0 -1 0
    outer loop
      vertex 124.55 42.35 28.994123401785245
      vertex 125.75 42.35 25.125876598214752
      vertex 125.75 42.35 28.994123401785245
    endloop
  endfacet
  facet normal 0 0.49999999999999983 0.8660254037844386
    outer loop
      vertex 0.25 48 23.191753196429506
      vertex 0.25 44.65 25.125876598214752
      vertex 1.6037838169959322 44.65 25.125876598214752
    endloop
  endfacet
  facet normal 0 0.49999999999999983 0.8660254037844386
    outer loop
      vertex 1.6037838169959322 44.65 25.125876598214752
      vertex 1.6037838169959322 48 23.191753196429506
      vertex 0.25 48 23.191753196429506
    endloop
  endfacet
  facet normal 0 -0.49999999999999983 0.8660254037844386
    outer loop
      vertex 1.6037838169959322 48 23.191753196429506
      vertex 0.25 51.35 25.125876598214752
      vertex 0.25 48 23.191753196429506
    endloop
  endfacet
  facet normal 0 -0.49999999999999983 0.8660254037844386
    outer loop
      vertex 1.6037838169959322 48 23.191753196429506
      vertex 1.6037838169959322 51.35 25.125876598214752
      vertex 0.25 51.35 25.125876598214752
    endloop
  endfacet
  facet normal 0 1 0
    outer loop
      vertex 1.6037838169959322 44.65 28.994123401785245
      vertex 1.6037838169959322 44.65 25.125876598214752
      vertex 0.25 44.65 25.125876598214752
    endloop
  endfacet
  facet normal 0 1 0
    outer loop
      vertex 1.6037838169959322 44.65 28.994123401785245
      vertex 0.25 44.65 25.125876598214752
      vertex 0.25 44.65 28.994123401785245
    endloop
  endfacet
  facet normal 0 0.49999999999999983 -0.8660254037844386
    outer loop
      vertex 1.6037838169959322 44.65 28.994123401785245
      vertex 0.25 44.65 28.994123401785245
      vertex 1.6037838169959322 48 30.92824680357049
    endloop
  endfacet
  facet normal 0 0.49999999999999983 -0.8660254037844386
    outer loop
      vertex 0.25 44.65 28.994123401785245
      vertex 0.25 48 30.92824680357049
      vertex 1.6037838169959322 48 30.92824680357049
    endloop
  endfacet
  facet normal 0 -1 0
    outer loop
      vertex 0.25 51.35 25.125876598214752
      vertex 1.6037838169959322 51.35 25.125876598214752
      vertex 0.25 51.35 28.994123401785245
    endloop
  endfacet
  facet normal 0 -1 0
    outer loop
      vertex 1.6037838169959322 51.35 25.125876598214752
      vertex 1.6037838169959322 51.35 28.994123401785245
      vertex 0.25 51.35 28.994123401785245
    endloop
  endfacet
  facet normal 0 -0.49999999999999983 -0.8660254037844386
    outer loop
      vertex 1.6037838169959322 48 30.92824680357049
      vertex 0.25 48 30.92824680357049
      vertex 1.6037838169959322 51.35 28.994123401785245
    endloop
  endfacet
  facet normal 0 -0.49999999999999983 -0.8660254037844386
    outer loop
      vertex 0.25 48 30.92824680357049
      vertex 0.25 51.35 28.994123401785245
      vertex 1.6037838169959322 51.35 28.994123401785245
    endloop
  endfacet
  facet normal 0 0.4999999999999999 0.8660254037844387
    outer loop
      vertex 124.55 48 23.191753196429506
      vertex 124.55 44.65 25.125876598214752
      vertex 125.75 44.65 25.125876598214752
    endloop
  endfacet
  facet normal 0 0.4999999999999999 0.8660254037844387
    outer loop
      vertex 124.55 48 23.191753196429506
      vertex 125.75 44.65 25.125876598214752
      vertex 125.75 48 23.191753196429506
    endloop
  endfacet
  facet normal 0 -0.4999999999999999 0.8660254037844387
    outer loop
      vertex 124.55 48 23.191753196429506
      vertex 125.75 48 23.191753196429506
      vertex 124.55 51.35 25.125876598214752
    endloop
  endfacet
  facet normal 0 -0.4999999999999999 0.8660254037844387
    outer loop
      vertex 124.55 51.35 25.125876598214752
      vertex 125.75 48 23.191753196429506
      vertex 125.75 51.35 25.125876598214752
    endloop
  endfacet
  facet normal 0 1 0
    outer loop
      vertex 124.55 44.65 25.125876598214752
      vertex 125.75 44.65 28.994123401785245
      vertex 125.75 44.65 25.125876598214752
    endloop
  endfacet
  facet normal 0 1 0
    outer loop
      vertex 124.55 44.65 25.125876598214752
      vertex 124.55 44.65 28.994123401785245
      vertex 125.75 44.65 28.994123401785245
    endloop
  endfacet
  facet normal 0 0.4999999999999999 -0.8660254037844387
    outer loop
      vertex 124.55 44.65 28.994123401785245
      vertex 125.75 48 30.92824680357049
      vertex 125.75 44.65 28.994123401785245
    endloop
  endfacet
  facet normal 0 0.4999999999999999 -0.8660254037844387
    outer loop
      vertex 124.55 48 30.92824680357049
      vertex 125.75 48 30.92824680357049
      vertex 124.55 44.65 28.994123401785245
    endloop
  endfacet
  facet normal 0 -1 0
    outer loop
      vertex 125.75 51.35 25.125876598214752
      vertex 124.55 51.35 28.994123401785245
      vertex 124.55 51.35 25.125876598214752
    endloop
  endfacet
  facet normal 0 -1 0
    outer loop
      vertex 124.55 51.35 28.994123401785245
      vertex 125.75 51.35 25.125876598214752
      vertex 125.75 51.35 28.994123401785245
    endloop
  endfacet
  facet normal 0 -0.4999999999999999 -0.8660254037844387
    outer loop
      vertex 124.55 48 30.92824680357049
      vertex 125.75 51.35 28.994123401785245
      vertex 125.75 48 30.92824680357049
    endloop
  endfacet
  facet normal 0 -0.4999999999999999 -0.8660254037844387
    outer loop
      vertex 124.55 48 30.92824680357049
      vertex 124.55 51.35 28.994123401785245
      vertex 125.75 51.35 28.994123401785245
    endloop
  endfacet
  facet normal 0 0.49999999999999983 0.8660254037844386
    outer loop
      vertex 0.25 57 23.191753196429506
      vertex 0.25 53.65 25.125876598214752
      vertex 1.6037838169959322 53.65 25.125876598214752
    endloop
  endfacet
  facet normal 0 0.49999999999999983 0.8660254037844386
    outer loop
      vertex 0.25 57 23.191753196429506
      vertex 1.6037838169959322 53.65 25.125876598214752
      vertex 1.6037838169959322 57 23.191753196429506
    endloop
  endfacet
  facet normal 0 -0.49999999999999983 0.8660254037844386
    outer loop
      vertex 1.6037838169959322 57 23.191753196429506
      vertex 0.25 60.35 25.125876598214752
      vertex 0.25 57 23.191753196429506
    endloop
  endfacet
  facet normal 0 -0.49999999999999983 0.8660254037844386
    outer loop
      vertex 1.6037838169959322 57 23.191753196429506
      vertex 1.6037838169959322 60.35 25.125876598214752
      vertex 0.25 60.35 25.125876598214752
    endloop
  endfacet
  facet normal 0 1 0
    outer loop
      vertex 1.6037838169959322 53.65 28.994123401785245
      vertex 1.6037838169959322 53.65 25.125876598214752
      vertex 0.25 53.65 25.125876598214752
    endloop
  endfacet
  facet normal 0 1 0
    outer loop
      vertex 1.6037838169959322 53.65 28.994123401785245
      vertex 0.25 53.65 25.125876598214752
      vertex 0.25 53.65 28.994123401785245
    endloop
  endfacet
  facet normal 0 0.49999999999999983 -0.8660254037844386
    outer loop
      vertex 1.6037838169959322 53.65 28.994123401785245
      vertex 0.25 53.65 28.994123401785245
      vertex 1.6037838169959322 57 30.92824680357049
    endloop
  endfacet
  facet normal 0 0.49999999999999983 -0.8660254037844386
    outer loop
      vertex 0.25 53.65 28.994123401785245
      vertex 0.25 57 30.92824680357049
      vertex 1.6037838169959322 57 30.92824680357049
    endloop
  endfacet
  facet normal 0 -1 0
    outer loop
      vertex 0.25 60.35 25.125876598214752
      vertex 1.6037838169959322 60.35 25.125876598214752
      vertex 0.25 60.35 28.994123401785245
    endloop
  endfacet
  facet normal 0 -1 0
    outer loop
      vertex 1.6037838169959322 60.35 25.125876598214752
      vertex 1.6037838169959322 60.35 28.994123401785245
      vertex 0.25 60.35 28.994123401785245
    endloop
  endfacet
  facet normal 0 -0.49999999999999983 -0.8660254037844386
    outer loop
      vertex 1.6037838169959322 57 30.92824680357049
      vertex 0.25 57 30.92824680357049
      vertex 1.6037838169959322 60.35 28.994123401785245
    endloop
  endfacet
  facet normal 0 -0.49999999999999983 -0.8660254037844386
    outer loop
      vertex 0.25 57 30.92824680357049
      vertex 0.25 60.35 28.994123401785245
      vertex 1.6037838169959322 60.35 28.994123401785245
    endloop
  endfacet
  facet normal 0 0.4999999999999999 0.8660254037844387
    outer loop
      vertex 124.55 57 23.191753196429506
      vertex 124.55 53.65 25.125876598214752
      vertex 125.75 53.65 25.125876598214752
    endloop
  endfacet
  facet normal 0 0.4999999999999999 0.8660254037844387
    outer loop
      vertex 124.55 57 23.191753196429506
      vertex 125.75 53.65 25.125876598214752
      vertex 125.75 57 23.191753196429506
    endloop
  endfacet
  facet normal 0 -0.4999999999999999 0.8660254037844387
    outer loop
      vertex 124.55 57 23.191753196429506
      vertex 125.75 57 23.191753196429506
      vertex 124.55 60.35 25.125876598214752
    endloop
  endfacet
  facet normal 0 -0.4999999999999999 0.8660254037844387
    outer loop
      vertex 124.55 60.35 25.125876598214752
      vertex 125.75 57 23.191753196429506
      vertex 125.75 60.35 25.125876598214752
    endloop
  endfacet
  facet normal 0 1 0
    outer loop
      vertex 124.55 53.65 25.125876598214752
      vertex 125.75 53.65 28.994123401785245
      vertex 125.75 53.65 25.125876598214752
    endloop
  endfacet
  facet normal 0 1 0
    outer loop
      vertex 124.55 53.65 28.994123401785245
      vertex 125.75 53.65 28.994123401785245
      vertex 124.55 53.65 25.125876598214752
    endloop
  endfacet
  facet normal 0 0.4999999999999999 -0.8660254037844387
    outer loop
      vertex 125.75 53.65 28.994123401785245
      vertex 124.55 53.65 28.994123401785245
      vertex 125.75 57 30.92824680357049
    endloop
  endfacet
  facet normal 0 0.4999999999999999 -0.8660254037844387
    outer loop
      vertex 125.75 57 30.92824680357049
      vertex 124.55 53.65 28.994123401785245
      vertex 124.55 57 30.92824680357049
    endloop
  endfacet
  facet normal 0 -1 0
    outer loop
      vertex 124.55 60.35 25.125876598214752
      vertex 125.75 60.35 25.125876598214752
      vertex 124.55 60.35 28.994123401785245
    endloop
  endfacet
  facet normal 0 -1 0
    outer loop
      vertex 125.75 60.35 25.125876598214752
      vertex 125.75 60.35 28.994123401785245
      vertex 124.55 60.35 28.994123401785245
    endloop
  endfacet
  facet normal 0 -0.4999999999999999 -0.8660254037844387
    outer loop
      vertex 125.75 57 30.92824680357049
      vertex 124.55 57 30.92824680357049
      vertex 125.75 60.35 28.994123401785245
    endloop
  endfacet
  facet normal 0 -0.4999999999999999 -0.8660254037844387
    outer loop
      vertex 124.55 57 30.92824680357049
      vertex 124.55 60.35 28.994123401785245
      vertex 125.75 60.35 28.994123401785245
    endloop
  endfacet
  facet normal 0 1 0
    outer loop
      vertex 1.6037838169959322 62.65 28.994123401785245
      vertex 1.6037838169959322 62.65 25.125876598214752
      vertex 0.25 62.65 25.125876598214752
    endloop
  endfacet
  facet normal 0 1 0
    outer loop
      vertex 1.6037838169959322 62.65 28.994123401785245
      vertex 0.25 62.65 25.125876598214752
      vertex 0.25 62.65 28.994123401785245
    endloop
  endfacet
  facet normal 0 0.49999999999999983 0.8660254037844386
    outer loop
      vertex 0.25 66 23.191753196429506
      vertex 0.25 62.65 25.125876598214752
      vertex 1.6037838169959322 62.65 25.125876598214752
    endloop
  endfacet
  facet normal 0 0.49999999999999983 0.8660254037844386
    outer loop
      vertex 1.6037838169959322 66 23.191753196429506
      vertex 0.25 66 23.191753196429506
      vertex 1.6037838169959322 62.65 25.125876598214752
    endloop
  endfacet
  facet normal 0 -0.5000000000000006 0.8660254037844383
    outer loop
      vertex 1.6037838169959322 66 23.191753196429506
      vertex 0.25 69.35 25.125876598214752
      vertex 0.25 66 23.191753196429506
    endloop
  endfacet
  facet normal 0 -0.5000000000000006 0.8660254037844383
    outer loop
      vertex 1.6037838169959322 66 23.191753196429506
      vertex 1.6037838169959322 69.35 25.125876598214752
      vertex 0.25 69.35 25.125876598214752
    endloop
  endfacet
  facet normal 0 0.49999999999999983 -0.8660254037844386
    outer loop
      vertex 1.6037838169959322 62.65 28.994123401785245
      vertex 0.25 62.65 28.994123401785245
      vertex 1.6037838169959322 66 30.92824680357049
    endloop
  endfacet
  facet normal 0 0.49999999999999983 -0.8660254037844386
    outer loop
      vertex 0.25 62.65 28.994123401785245
      vertex 0.25 66 30.92824680357049
      vertex 1.6037838169959322 66 30.92824680357049
    endloop
  endfacet
  facet normal 0 -0.5000000000000006 -0.8660254037844383
    outer loop
      vertex 1.6037838169959322 66 30.92824680357049
      vertex 0.25 66 30.92824680357049
      vertex 1.6037838169959322 69.35 28.994123401785245
    endloop
  endfacet
  facet normal 0 -1 0
    outer loop
      vertex 0.25 69.35 25.125876598214752
      vertex 1.6037838169959322 69.35 25.125876598214752
      vertex 0.25 69.35 28.994123401785245
    endloop
  endfacet
  facet normal 0 -1 0
    outer loop
      vertex 1.6037838169959322 69.35 25.125876598214752
      vertex 1.6037838169959322 69.35 28.994123401785245
      vertex 0.25 69.35 28.994123401785245
    endloop
  endfacet
  facet normal 0 -0.5000000000000006 -0.8660254037844383
    outer loop
      vertex 1.6037838169959322 69.35 28.994123401785245
      vertex 0.25 66 30.92824680357049
      vertex 0.25 69.35 28.994123401785245
    endloop
  endfacet
  facet normal 0 1 0
    outer loop
      vertex 125.75 62.65 28.994123401785245
      vertex 125.75 62.65 25.125876598214752
      vertex 124.55 62.65 25.125876598214752
    endloop
  endfacet
  facet normal 0 1 0
    outer loop
      vertex 125.75 62.65 28.994123401785245
      vertex 124.55 62.65 25.125876598214752
      vertex 124.55 62.65 28.994123401785245
    endloop
  endfacet
  facet normal 0 0.4999999999999999 0.8660254037844387
    outer loop
      vertex 124.55 66 23.191753196429506
      vertex 124.55 62.65 25.125876598214752
      vertex 125.75 62.65 25.125876598214752
    endloop
  endfacet
  facet normal 0 0.4999999999999999 0.8660254037844387
    outer loop
      vertex 125.75 66 23.191753196429506
      vertex 124.55 66 23.191753196429506
      vertex 125.75 62.65 25.125876598214752
    endloop
  endfacet
  facet normal 0 -0.5000000000000007 0.8660254037844383
    outer loop
      vertex 125.75 66 23.191753196429506
      vertex 124.55 69.35 25.125876598214752
      vertex 124.55 66 23.191753196429506
    endloop
  endfacet
  facet normal 0 -0.5000000000000007 0.8660254037844383
    outer loop
      vertex 125.75 69.35 25.125876598214752
      vertex 124.55 69.35 25.125876598214752
      vertex 125.75 66 23.191753196429506
    endloop
  endfacet
  facet normal 0 0.4999999999999999 -0.8660254037844387
    outer loop
      vertex 125.75 62.65 28.994123401785245
      vertex 124.55 62.65 28.994123401785245
      vertex 125.75 66 30.92824680357049
    endloop
  endfacet
  facet normal 0 0.4999999999999999 -0.8660254037844387
    outer loop
      vertex 125.75 66 30.92824680357049
      vertex 124.55 62.65 28.994123401785245
      vertex 124.55 66 30.92824680357049
    endloop
  endfacet
  facet normal 0 -0.5000000000000007 -0.8660254037844383
    outer loop
      vertex 125.75 66 30.92824680357049
      vertex 124.55 66 30.92824680357049
      vertex 125.75 69.35 28.994123401785245
    endloop
  endfacet
  facet normal 0 -1 0
    outer loop
      vertex 124.55 69.35 25.125876598214752
      vertex 125.75 69.35 25.125876598214752
      vertex 124.55 69.35 28.994123401785245
    endloop
  endfacet
  facet normal 0 -1 0
    outer loop
      vertex 125.75 69.35 25.125876598214752
      vertex 125.75 69.35 28.994123401785245
      vertex 124.55 69.35 28.994123401785245
    endloop
  endfacet
  facet normal 0 -0.5000000000000007 -0.8660254037844383
    outer loop
      vertex 125.75 69.35 28.994123401785245
      vertex 124.55 66 30.92824680357049
      vertex 124.55 69.35 28.994123401785245
    endloop
  endfacet
  facet normal 0 0.5000000000000006 0.8660254037844383
    outer loop
      vertex 0.25 75 23.191753196429506
      vertex 0.25 71.65 25.125876598214752
      vertex 1.6037838169959322 71.65 25.125876598214752
    endloop
  endfacet
  facet normal 0 1 0
    outer loop
      vertex 1.6037838169959322 71.65 28.994123401785245
      vertex 1.6037838169959322 71.65 25.125876598214752
      vertex 0.25 71.65 25.125876598214752
    endloop
  endfacet
  facet normal 0 1 0
    outer loop
      vertex 1.6037838169959322 71.65 28.994123401785245
      vertex 0.25 71.65 25.125876598214752
      vertex 0.25 71.65 28.994123401785245
    endloop
  endfacet
  facet normal 0 0.5000000000000006 -0.8660254037844383
    outer loop
      vertex 1.6037838169959322 71.65 28.994123401785245
      vertex 0.25 71.65 28.994123401785245
      vertex 1.6037838169959322 75 30.92824680357049
    endloop
  endfacet
  facet normal 0 0.5000000000000006 0.8660254037844383
    outer loop
      vertex 1.6037838169959322 71.65 25.125876598214752
      vertex 1.6037838169959322 75 23.191753196429506
      vertex 0.25 75 23.191753196429506
    endloop
  endfacet
  facet normal 0 -0.5000000000000006 0.8660254037844383
    outer loop
      vertex 1.6037838169959322 75 23.191753196429506
      vertex 0.25 78.35 25.125876598214752
      vertex 0.25 75 23.191753196429506
    endloop
  endfacet
  facet normal 0 -0.5000000000000006 0.8660254037844383
    outer loop
      vertex 1.6037838169959322 75 23.191753196429506
      vertex 1.6037838169959322 78.35 25.125876598214752
      vertex 0.25 78.35 25.125876598214752
    endloop
  endfacet
  facet normal 0 -1 0
    outer loop
      vertex 0.25 78.35 25.125876598214752
      vertex 1.6037838169959322 78.35 25.125876598214752
      vertex 0.25 78.35 28.994123401785245
    endloop
  endfacet
  facet normal 0 -1 0
    outer loop
      vertex 1.6037838169959322 78.35 25.125876598214752
      vertex 1.6037838169959322 78.35 28.994123401785245
      vertex 0.25 78.35 28.994123401785245
    endloop
  endfacet
  facet normal 0 0.5000000000000006 -0.8660254037844383
    outer loop
      vertex 0.25 71.65 28.994123401785245
      vertex 0.25 75 30.92824680357049
      vertex 1.6037838169959322 75 30.92824680357049
    endloop
  endfacet
  facet normal 0 -0.5000000000000006 -0.8660254037844383
    outer loop
      vertex 1.6037838169959322 75 30.92824680357049
      vertex 0.25 75 30.92824680357049
      vertex 1.6037838169959322 78.35 28.994123401785245
    endloop
  endfacet
  facet normal 0 -0.5000000000000006 -0.8660254037844383
    outer loop
      vertex 1.6037838169959322 78.35 28.994123401785245
      vertex 0.25 75 30.92824680357049
      vertex 0.25 78.35 28.994123401785245
    endloop
  endfacet
  facet normal 0 0.5000000000000007 0.8660254037844383
    outer loop
      vertex 124.55 75 23.191753196429506
      vertex 124.55 71.65 25.125876598214752
      vertex 125.75 71.65 25.125876598214752
    endloop
  endfacet
  facet normal 0 1 0
    outer loop
      vertex 125.75 71.65 28.994123401785245
      vertex 125.75 71.65 25.125876598214752
      vertex 124.55 71.65 25.125876598214752
    endloop
  endfacet
  facet normal 0 1 0
    outer loop
      vertex 125.75 71.65 28.994123401785245
      vertex 124.55 71.65 25.125876598214752
      vertex 124.55 71.65 28.994123401785245
    endloop
  endfacet
  facet normal 0 0.5000000000000007 -0.8660254037844383
    outer loop
      vertex 125.75 71.65 28.994123401785245
      vertex 124.55 71.65 28.994123401785245
      vertex 125.75 75 30.92824680357049
    endloop
  endfacet
  facet normal 0 0.5000000000000007 0.8660254037844383
    outer loop
      vertex 125.75 71.65 25.125876598214752
      vertex 125.75 75 23.191753196429506
      vertex 124.55 75 23.191753196429506
    endloop
  endfacet
  facet normal 0 -0.5000000000000007 0.8660254037844383
    outer loop
      vertex 125.75 75 23.191753196429506
      vertex 124.55 78.35 25.125876598214752
      vertex 124.55 75 23.191753196429506
    endloop
  endfacet
  facet normal 0 -0.5000000000000007 0.8660254037844383
    outer loop
      vertex 125.75 78.35 25.125876598214752
      vertex 124.55 78.35 25.125876598214752
      vertex 125.75 75 23.191753196429506
    endloop
  endfacet
  facet normal 0 -1 0
    outer loop
      vertex 124.55 78.35 25.125876598214752
      vertex 125.75 78.35 25.125876598214752
      vertex 124.55 78.35 28.994123401785245
    endloop
  endfacet
  facet normal 0 -1 0
    outer loop
      vertex 125.75 78.35 25.125876598214752
      vertex 125.75 78.35 28.994123401785245
      vertex 124.55 78.35 28.994123401785245
    endloop
  endfacet
  facet normal 0 0.5000000000000007 -0.8660254037844383
    outer loop
      vertex 124.55 71.65 28.994123401785245
      vertex 124.55 75 30.92824680357049
      vertex 125.75 75 30.92824680357049
    endloop
  endfacet
  facet normal 0 -0.5000000000000007 -0.8660254037844383
    outer loop
      vertex 125.75 75 30.92824680357049
      vertex 124.55 75 30.92824680357049
      vertex 125.75 78.35 28.994123401785245
    endloop
  endfacet
  facet normal 0 -0.5000000000000007 -0.8660254037844383
    outer loop
      vertex 125.75 78.35 28.994123401785245
      vertex 124.55 75 30.92824680357049
      vertex 124.55 78.35 28.994123401785245
    endloop
  endfacet
  facet normal 0 0.5000000000000006 0.8660254037844383
    outer loop
      vertex 0.25 25.5 31.19175319642951
      vertex 0.25 22.15 33.12587659821476
      vertex 1.6037838169959322 22.15 33.12587659821476
    endloop
  endfacet
  facet normal 0 0.5000000000000006 0.8660254037844383
    outer loop
      vertex 1.6037838169959322 22.15 33.12587659821476
      vertex 1.6037838169959322 25.5 31.19175319642951
      vertex 0.25 25.5 31.19175319642951
    endloop
  endfacet
  facet normal 0 -0.5000000000000006 0.8660254037844383
    outer loop
      vertex 0.25 28.85 33.12587659821476
      vertex 0.25 25.5 31.19175319642951
      vertex 1.6037838169959322 25.5 31.19175319642951
    endloop
  endfacet
  facet normal 0 -0.5000000000000006 0.8660254037844383
    outer loop
      vertex 1.6037838169959322 28.85 33.12587659821476
      vertex 0.25 28.85 33.12587659821476
      vertex 1.6037838169959322 25.5 31.19175319642951
    endloop
  endfacet
  facet normal 0 1 0
    outer loop
      vertex 1.6037838169959322 22.15 33.12587659821476
      vertex 0.25 22.15 33.12587659821476
      vertex 1.6037838169959322 22.15 36.994123401785245
    endloop
  endfacet
  facet normal 0 1 0
    outer loop
      vertex 0.25 22.15 33.12587659821476
      vertex 0.25 22.15 36.994123401785245
      vertex 1.6037838169959322 22.15 36.994123401785245
    endloop
  endfacet
  facet normal 0 0.5000000000000006 -0.8660254037844383
    outer loop
      vertex 0.25 22.15 36.994123401785245
      vertex 1.6037838169959322 25.5 38.928246803570495
      vertex 1.6037838169959322 22.15 36.994123401785245
    endloop
  endfacet
  facet normal 0 0.5000000000000006 -0.8660254037844383
    outer loop
      vertex 0.25 22.15 36.994123401785245
      vertex 0.25 25.5 38.928246803570495
      vertex 1.6037838169959322 25.5 38.928246803570495
    endloop
  endfacet
  facet normal 0 -1 0
    outer loop
      vertex 0.25 28.85 33.12587659821476
      vertex 1.6037838169959322 28.85 33.12587659821476
      vertex 0.25 28.85 36.994123401785245
    endloop
  endfacet
  facet normal 0 -1 0
    outer loop
      vertex 1.6037838169959322 28.85 33.12587659821476
      vertex 1.6037838169959322 28.85 36.994123401785245
      vertex 0.25 28.85 36.994123401785245
    endloop
  endfacet
  facet normal 0 -0.5000000000000006 -0.8660254037844383
    outer loop
      vertex 1.6037838169959322 25.5 38.928246803570495
      vertex 0.25 25.5 38.928246803570495
      vertex 1.6037838169959322 28.85 36.994123401785245
    endloop
  endfacet
  facet normal 0 -0.5000000000000006 -0.8660254037844383
    outer loop
      vertex 1.6037838169959322 28.85 36.994123401785245
      vertex 0.25 25.5 38.928246803570495
      vertex 0.25 28.85 36.994123401785245
    endloop
  endfacet
  facet normal 0 0.5000000000000006 0.8660254037844384
    outer loop
      vertex 124.55 25.5 31.19175319642951
      vertex 124.55 22.15 33.12587659821476
      vertex 125.75 22.15 33.12587659821476
    endloop
  endfacet
  facet normal 0 0.5000000000000006 0.8660254037844384
    outer loop
      vertex 125.75 25.5 31.19175319642951
      vertex 124.55 25.5 31.19175319642951
      vertex 125.75 22.15 33.12587659821476
    endloop
  endfacet
  facet normal 0 -0.5000000000000006 0.8660254037844384
    outer loop
      vertex 125.75 25.5 31.19175319642951
      vertex 124.55 28.85 33.12587659821476
      vertex 124.55 25.5 31.19175319642951
    endloop
  endfacet
  facet normal 0 -0.5000000000000006 0.8660254037844384
    outer loop
      vertex 124.55 28.85 33.12587659821476
      vertex 125.75 25.5 31.19175319642951
      vertex 125.75 28.85 33.12587659821476
    endloop
  endfacet
  facet normal 0 1 0
    outer loop
      vertex 125.75 22.15 33.12587659821476
      vertex 124.55 22.15 33.12587659821476
      vertex 125.75 22.15 36.994123401785245
    endloop
  endfacet
  facet normal 0 1 0
    outer loop
      vertex 125.75 22.15 36.994123401785245
      vertex 124.55 22.15 33.12587659821476
      vertex 124.55 22.15 36.994123401785245
    endloop
  endfacet
  facet normal 0 0.5000000000000006 -0.8660254037844384
    outer loop
      vertex 124.55 22.15 36.994123401785245
      vertex 125.75 25.5 38.928246803570495
      vertex 125.75 22.15 36.994123401785245
    endloop
  endfacet
  facet normal 0 0.5000000000000006 -0.8660254037844384
    outer loop
      vertex 124.55 25.5 38.928246803570495
      vertex 125.75 25.5 38.928246803570495
      vertex 124.55 22.15 36.994123401785245
    endloop
  endfacet
  facet normal 0 -1 0
    outer loop
      vertex 124.55 28.85 33.12587659821476
      vertex 125.75 28.85 33.12587659821476
      vertex 124.55 28.85 36.994123401785245
    endloop
  endfacet
  facet normal 0 -1 0
    outer loop
      vertex 124.55 28.85 36.994123401785245
      vertex 125.75 28.85 33.12587659821476
      vertex 125.75 28.85 36.994123401785245
    endloop
  endfacet
  facet normal 0 -0.5000000000000006 -0.8660254037844384
    outer loop
      vertex 124.55 25.5 38.928246803570495
      vertex 125.75 28.85 36.994123401785245
      vertex 125.75 25.5 38.928246803570495
    endloop
  endfacet
  facet normal 0 -0.5000000000000006 -0.8660254037844384
    outer loop
      vertex 124.55 28.85 36.994123401785245
      vertex 125.75 28.85 36.994123401785245
      vertex 124.55 25.5 38.928246803570495
    endloop
  endfacet
  facet normal 0 0.5000000000000006 0.8660254037844383
    outer loop
      vertex 1.6037838169959322 31.15 33.12587659821476
      vertex 0.25 34.5 31.19175319642951
      vertex 0.25 31.15 33.12587659821476
    endloop
  endfacet
  facet normal 0 0.5000000000000006 0.8660254037844383
    outer loop
      vertex 1.6037838169959322 34.5 31.19175319642951
      vertex 0.25 34.5 31.19175319642951
      vertex 1.6037838169959322 31.15 33.12587659821476
    endloop
  endfacet
  facet normal 0 -0.5000000000000006 0.8660254037844383
    outer loop
      vertex 1.6037838169959322 34.5 31.19175319642951
      vertex 0.25 37.85 33.12587659821476
      vertex 0.25 34.5 31.19175319642951
    endloop
  endfacet
  facet normal 0 -0.5000000000000006 0.8660254037844383
    outer loop
      vertex 1.6037838169959322 37.85 33.12587659821476
      vertex 0.25 37.85 33.12587659821476
      vertex 1.6037838169959322 34.5 31.19175319642951
    endloop
  endfacet
  facet normal 0 1 0
    outer loop
      vertex 1.6037838169959322 31.15 33.12587659821476
      vertex 0.25 31.15 33.12587659821476
      vertex 1.6037838169959322 31.15 36.994123401785245
    endloop
  endfacet
  facet normal 0 1 0
    outer loop
      vertex 1.6037838169959322 31.15 36.994123401785245
      vertex 0.25 31.15 33.12587659821476
      vertex 0.25 31.15 36.994123401785245
    endloop
  endfacet
  facet normal 0 0.5000000000000006 -0.8660254037844383
    outer loop
      vertex 1.6037838169959322 31.15 36.994123401785245
      vertex 0.25 31.15 36.994123401785245
      vertex 1.6037838169959322 34.5 38.928246803570495
    endloop
  endfacet
  facet normal 0 0.5000000000000006 -0.8660254037844383
    outer loop
      vertex 0.25 31.15 36.994123401785245
      vertex 0.25 34.5 38.928246803570495
      vertex 1.6037838169959322 34.5 38.928246803570495
    endloop
  endfacet
  facet normal 0 -0.5000000000000006 -0.8660254037844383
    outer loop
      vertex 0.25 34.5 38.928246803570495
      vertex 0.25 37.85 36.994123401785245
      vertex 1.6037838169959322 37.85 36.994123401785245
    endloop
  endfacet
  facet normal 0 -0.5000000000000006 -0.8660254037844383
    outer loop
      vertex 1.6037838169959322 34.5 38.928246803570495
      vertex 0.25 34.5 38.928246803570495
      vertex 1.6037838169959322 37.85 36.994123401785245
    endloop
  endfacet
  facet normal 0 -1 0
    outer loop
      vertex 0.25 37.85 33.12587659821476
      vertex 1.6037838169959322 37.85 33.12587659821476
      vertex 0.25 37.85 36.994123401785245
    endloop
  endfacet
  facet normal 0 -1 0
    outer loop
      vertex 1.6037838169959322 37.85 33.12587659821476
      vertex 1.6037838169959322 37.85 36.994123401785245
      vertex 0.25 37.85 36.994123401785245
    endloop
  endfacet
  facet normal 0 0.5000000000000006 0.8660254037844384
    outer loop
      vertex 124.55 31.15 33.12587659821476
      vertex 125.75 31.15 33.12587659821476
      vertex 124.55 34.5 31.19175319642951
    endloop
  endfacet
  facet normal 0 0.5000000000000006 0.8660254037844384
    outer loop
      vertex 124.55 34.5 31.19175319642951
      vertex 125.75 31.15 33.12587659821476
      vertex 125.75 34.5 31.19175319642951
    endloop
  endfacet
  facet normal 0 -0.5000000000000006 0.8660254037844384
    outer loop
      vertex 124.55 34.5 31.19175319642951
      vertex 125.75 34.5 31.19175319642951
      vertex 124.55 37.85 33.12587659821476
    endloop
  endfacet
  facet normal 0 -0.5000000000000006 0.8660254037844384
    outer loop
      vertex 124.55 37.85 33.12587659821476
      vertex 125.75 34.5 31.19175319642951
      vertex 125.75 37.85 33.12587659821476
    endloop
  endfacet
  facet normal 0 1 0
    outer loop
      vertex 125.75 31.15 33.12587659821476
      vertex 124.55 31.15 33.12587659821476
      vertex 125.75 31.15 36.994123401785245
    endloop
  endfacet
  facet normal 0 1 0
    outer loop
      vertex 124.55 31.15 33.12587659821476
      vertex 124.55 31.15 36.994123401785245
      vertex 125.75 31.15 36.994123401785245
    endloop
  endfacet
  facet normal 0 0.5000000000000006 -0.8660254037844384
    outer loop
      vertex 124.55 31.15 36.994123401785245
      vertex 125.75 34.5 38.928246803570495
      vertex 125.75 31.15 36.994123401785245
    endloop
  endfacet
  facet normal 0 0.5000000000000006 -0.8660254037844384
    outer loop
      vertex 124.55 34.5 38.928246803570495
      vertex 125.75 34.5 38.928246803570495
      vertex 124.55 31.15 36.994123401785245
    endloop
  endfacet
  facet normal 0 -0.5000000000000006 -0.8660254037844384
    outer loop
      vertex 124.55 34.5 38.928246803570495
      vertex 124.55 37.85 36.994123401785245
      vertex 125.75 37.85 36.994123401785245
    endloop
  endfacet
  facet normal 0 -0.5000000000000006 -0.8660254037844384
    outer loop
      vertex 125.75 37.85 36.994123401785245
      vertex 125.75 34.5 38.928246803570495
      vertex 124.55 34.5 38.928246803570495
    endloop
  endfacet
  facet normal 0 -1 0
    outer loop
      vertex 124.55 37.85 33.12587659821476
      vertex 125.75 37.85 33.12587659821476
      vertex 124.55 37.85 36.994123401785245
    endloop
  endfacet
  facet normal 0 -1 0
    outer loop
      vertex 125.75 37.85 33.12587659821476
      vertex 125.75 37.85 36.994123401785245
      vertex 124.55 37.85 36.994123401785245
    endloop
  endfacet
  facet normal 0 0.5000000000000006 0.8660254037844383
    outer loop
      vertex 1.6037838169959322 40.15 33.12587659821476
      vertex 0.25 43.5 31.19175319642951
      vertex 0.25 40.15 33.12587659821476
    endloop
  endfacet
  facet normal 0 1 0
    outer loop
      vertex 1.6037838169959322 40.15 33.12587659821476
      vertex 0.25 40.15 33.12587659821476
      vertex 1.6037838169959322 40.15 36.994123401785245
    endloop
  endfacet
  facet normal 0 1 0
    outer loop
      vertex 1.6037838169959322 40.15 36.994123401785245
      vertex 0.25 40.15 33.12587659821476
      vertex 0.25 40.15 36.994123401785245
    endloop
  endfacet
  facet normal 0 0.5000000000000006 -0.8660254037844383
    outer loop
      vertex 1.6037838169959322 40.15 36.994123401785245
      vertex 0.25 40.15 36.994123401785245
      vertex 1.6037838169959322 43.5 38.928246803570495
    endloop
  endfacet
  facet normal 0 0.5000000000000006 0.8660254037844383
    outer loop
      vertex 1.6037838169959322 43.5 31.19175319642951
      vertex 0.25 43.5 31.19175319642951
      vertex 1.6037838169959322 40.15 33.12587659821476
    endloop
  endfacet
  facet normal 0 -0.5000000000000006 0.8660254037844383
    outer loop
      vertex 1.6037838169959322 43.5 31.19175319642951
      vertex 0.25 46.85 33.12587659821476
      vertex 0.25 43.5 31.19175319642951
    endloop
  endfacet
  facet normal 0 -0.5000000000000006 0.8660254037844383
    outer loop
      vertex 1.6037838169959322 46.85 33.12587659821476
      vertex 0.25 46.85 33.12587659821476
      vertex 1.6037838169959322 43.5 31.19175319642951
    endloop
  endfacet
  facet normal 0 -1 0
    outer loop
      vertex 0.25 46.85 33.12587659821476
      vertex 1.6037838169959322 46.85 33.12587659821476
      vertex 0.25 46.85 36.994123401785245
    endloop
  endfacet
  facet normal 0 -1 0
    outer loop
      vertex 1.6037838169959322 46.85 33.12587659821476
      vertex 1.6037838169959322 46.85 36.994123401785245
      vertex 0.25 46.85 36.994123401785245
    endloop
  endfacet
  facet normal 0 0.5000000000000006 -0.8660254037844383
    outer loop
      vertex 0.25 40.15 36.994123401785245
      vertex 0.25 43.5 38.928246803570495
      vertex 1.6037838169959322 43.5 38.928246803570495
    endloop
  endfacet
  facet normal 0 -0.5000000000000006 -0.8660254037844383
    outer loop
      vertex 1.6037838169959322 46.85 36.994123401785245
      vertex 0.25 43.5 38.928246803570495
      vertex 0.25 46.85 36.994123401785245
    endloop
  endfacet
  facet normal 0 -0.5000000000000006 -0.8660254037844383
    outer loop
      vertex 1.6037838169959322 43.5 38.928246803570495
      vertex 0.25 43.5 38.928246803570495
      vertex 1.6037838169959322 46.85 36.994123401785245
    endloop
  endfacet
  facet normal 0 0.5000000000000006 0.8660254037844384
    outer loop
      vertex 124.55 40.15 33.12587659821476
      vertex 125.75 40.15 33.12587659821476
      vertex 124.55 43.5 31.19175319642951
    endloop
  endfacet
  facet normal 0 1 0
    outer loop
      vertex 125.75 40.15 36.994123401785245
      vertex 125.75 40.15 33.12587659821476
      vertex 124.55 40.15 33.12587659821476
    endloop
  endfacet
  facet normal 0 1 0
    outer loop
      vertex 124.55 40.15 36.994123401785245
      vertex 125.75 40.15 36.994123401785245
      vertex 124.55 40.15 33.12587659821476
    endloop
  endfacet
  facet normal 0 0.5000000000000006 -0.8660254037844384
    outer loop
      vertex 125.75 40.15 36.994123401785245
      vertex 124.55 40.15 36.994123401785245
      vertex 125.75 43.5 38.928246803570495
    endloop
  endfacet
  facet normal 0 0.5000000000000006 0.8660254037844384
    outer loop
      vertex 124.55 43.5 31.19175319642951
      vertex 125.75 40.15 33.12587659821476
      vertex 125.75 43.5 31.19175319642951
    endloop
  endfacet
  facet normal 0 -0.5000000000000006 0.8660254037844384
    outer loop
      vertex 125.75 43.5 31.19175319642951
      vertex 124.55 46.85 33.12587659821476
      vertex 124.55 43.5 31.19175319642951
    endloop
  endfacet
  facet normal 0 -0.5000000000000006 0.8660254037844384
    outer loop
      vertex 124.55 46.85 33.12587659821476
      vertex 125.75 43.5 31.19175319642951
      vertex 125.75 46.85 33.12587659821476
    endloop
  endfacet
  facet normal 0 -1 0
    outer loop
      vertex 124.55 46.85 33.12587659821476
      vertex 125.75 46.85 33.12587659821476
      vertex 124.55 46.85 36.994123401785245
    endloop
  endfacet
  facet normal 0 -1 0
    outer loop
      vertex 125.75 46.85 33.12587659821476
      vertex 125.75 46.85 36.994123401785245
      vertex 124.55 46.85 36.994123401785245
    endloop
  endfacet
  facet normal 0 0.5000000000000006 -0.8660254037844384
    outer loop
      vertex 124.55 40.15 36.994123401785245
      vertex 124.55 43.5 38.928246803570495
      vertex 125.75 43.5 38.928246803570495
    endloop
  endfacet
  facet normal 0 -0.5000000000000006 -0.8660254037844384
    outer loop
      vertex 124.55 43.5 38.928246803570495
      vertex 124.55 46.85 36.994123401785245
      vertex 125.75 46.85 36.994123401785245
    endloop
  endfacet
  facet normal 0 -0.5000000000000006 -0.8660254037844384
    outer loop
      vertex 125.75 43.5 38.928246803570495
      vertex 124.55 43.5 38.928246803570495
      vertex 125.75 46.85 36.994123401785245
    endloop
  endfacet
  facet normal 0 0.5000000000000006 0.8660254037844383
    outer loop
      vertex 0.25 52.5 31.19175319642951
      vertex 0.25 49.15 33.12587659821476
      vertex 1.6037838169959322 49.15 33.12587659821476
    endloop
  endfacet
  facet normal 0 0.5000000000000006 0.8660254037844383
    outer loop
      vertex 1.6037838169959322 49.15 33.12587659821476
      vertex 1.6037838169959322 52.5 31.19175319642951
      vertex 0.25 52.5 31.19175319642951
    endloop
  endfacet
  facet normal 0 -0.5000000000000006 0.8660254037844383
    outer loop
      vertex 1.6037838169959322 52.5 31.19175319642951
      vertex 0.25 55.85 33.12587659821476
      vertex 0.25 52.5 31.19175319642951
    endloop
  endfacet
  facet normal 0 -0.5000000000000006 0.8660254037844383
    outer loop
      vertex 1.6037838169959322 52.5 31.19175319642951
      vertex 1.6037838169959322 55.85 33.12587659821476
      vertex 0.25 55.85 33.12587659821476
    endloop
  endfacet
  facet normal 0 1 0
    outer loop
      vertex 1.6037838169959322 49.15 33.12587659821476
      vertex 0.25 49.15 33.12587659821476
      vertex 1.6037838169959322 49.15 36.994123401785245
    endloop
  endfacet
  facet normal 0 1 0
    outer loop
      vertex 1.6037838169959322 49.15 36.994123401785245
      vertex 0.25 49.15 33.12587659821476
      vertex 0.25 49.15 36.994123401785245
    endloop
  endfacet
  facet normal 0 0.5000000000000006 -0.8660254037844383
    outer loop
      vertex 1.6037838169959322 49.15 36.994123401785245
      vertex 0.25 49.15 36.994123401785245
      vertex 1.6037838169959322 52.5 38.928246803570495
    endloop
  endfacet
  facet normal 0 0.5000000000000006 -0.8660254037844383
    outer loop
      vertex 0.25 49.15 36.994123401785245
      vertex 0.25 52.5 38.928246803570495
      vertex 1.6037838169959322 52.5 38.928246803570495
    endloop
  endfacet
  facet normal 0 -1 0
    outer loop
      vertex 0.25 55.85 33.12587659821476
      vertex 1.6037838169959322 55.85 33.12587659821476
      vertex 0.25 55.85 36.994123401785245
    endloop
  endfacet
  facet normal 0 -1 0
    outer loop
      vertex 1.6037838169959322 55.85 33.12587659821476
      vertex 1.6037838169959322 55.85 36.994123401785245
      vertex 0.25 55.85 36.994123401785245
    endloop
  endfacet
  facet normal 0 -0.5000000000000006 -0.8660254037844383
    outer loop
      vertex 1.6037838169959322 52.5 38.928246803570495
      vertex 0.25 52.5 38.928246803570495
      vertex 1.6037838169959322 55.85 36.994123401785245
    endloop
  endfacet
  facet normal 0 -0.5000000000000006 -0.8660254037844383
    outer loop
      vertex 1.6037838169959322 55.85 36.994123401785245
      vertex 0.25 52.5 38.928246803570495
      vertex 0.25 55.85 36.994123401785245
    endloop
  endfacet
  facet normal 0 0.5000000000000006 0.8660254037844384
    outer loop
      vertex 124.55 52.5 31.19175319642951
      vertex 124.55 49.15 33.12587659821476
      vertex 125.75 49.15 33.12587659821476
    endloop
  endfacet
  facet normal 0 0.5000000000000006 0.8660254037844384
    outer loop
      vertex 125.75 49.15 33.12587659821476
      vertex 125.75 52.5 31.19175319642951
      vertex 124.55 52.5 31.19175319642951
    endloop
  endfacet
  facet normal 0 -0.5000000000000006 0.8660254037844384
    outer loop
      vertex 125.75 52.5 31.19175319642951
      vertex 124.55 55.85 33.12587659821476
      vertex 124.55 52.5 31.19175319642951
    endloop
  endfacet
  facet normal 0 -0.5000000000000006 0.8660254037844384
    outer loop
      vertex 125.75 55.85 33.12587659821476
      vertex 124.55 55.85 33.12587659821476
      vertex 125.75 52.5 31.19175319642951
    endloop
  endfacet
  facet normal 0 1 0
    outer loop
      vertex 125.75 49.15 33.12587659821476
      vertex 124.55 49.15 33.12587659821476
      vertex 125.75 49.15 36.994123401785245
    endloop
  endfacet
  facet normal 0 1 0
    outer loop
      vertex 125.75 49.15 36.994123401785245
      vertex 124.55 49.15 33.12587659821476
      vertex 124.55 49.15 36.994123401785245
    endloop
  endfacet
  facet normal 0 0.5000000000000006 -0.8660254037844384
    outer loop
      vertex 125.75 49.15 36.994123401785245
      vertex 124.55 49.15 36.994123401785245
      vertex 125.75 52.5 38.928246803570495
    endloop
  endfacet
  facet normal 0 0.5000000000000006 -0.8660254037844384
    outer loop
      vertex 124.55 49.15 36.994123401785245
      vertex 124.55 52.5 38.928246803570495
      vertex 125.75 52.5 38.928246803570495
    endloop
  endfacet
  facet normal 0 -1 0
    outer loop
      vertex 124.55 55.85 33.12587659821476
      vertex 125.75 55.85 33.12587659821476
      vertex 124.55 55.85 36.994123401785245
    endloop
  endfacet
  facet normal 0 -1 0
    outer loop
      vertex 125.75 55.85 33.12587659821476
      vertex 125.75 55.85 36.994123401785245
      vertex 124.55 55.85 36.994123401785245
    endloop
  endfacet
  facet normal 0 -0.5000000000000006 -0.8660254037844384
    outer loop
      vertex 125.75 52.5 38.928246803570495
      vertex 124.55 52.5 38.928246803570495
      vertex 125.75 55.85 36.994123401785245
    endloop
  endfacet
  facet normal 0 -0.5000000000000006 -0.8660254037844384
    outer loop
      vertex 125.75 55.85 36.994123401785245
      vertex 124.55 52.5 38.928246803570495
      vertex 124.55 55.85 36.994123401785245
    endloop
  endfacet
  facet normal 0 0.5000000000000006 0.8660254037844383
    outer loop
      vertex 0.25 61.5 31.19175319642951
      vertex 0.25 58.15 33.12587659821476
      vertex 1.6037838169959322 58.15 33.12587659821476
    endloop
  endfacet
  facet normal 0 0.5000000000000006 0.8660254037844383
    outer loop
      vertex 1.6037838169959322 58.15 33.12587659821476
      vertex 1.6037838169959322 61.5 31.19175319642951
      vertex 0.25 61.5 31.19175319642951
    endloop
  endfacet
  facet normal 0 -0.5000000000000012 0.8660254037844378
    outer loop
      vertex 0.25 64.85 33.12587659821476
      vertex 0.25 61.5 31.19175319642951
      vertex 1.6037838169959322 61.5 31.19175319642951
    endloop
  endfacet
  facet normal 0 -0.5000000000000012 0.8660254037844378
    outer loop
      vertex 1.6037838169959322 64.85 33.12587659821476
      vertex 0.25 64.85 33.12587659821476
      vertex 1.6037838169959322 61.5 31.19175319642951
    endloop
  endfacet
  facet normal 0 1 0
    outer loop
      vertex 1.6037838169959322 58.15 33.12587659821476
      vertex 0.25 58.15 33.12587659821476
      vertex 1.6037838169959322 58.15 36.994123401785245
    endloop
  endfacet
  facet normal 0 1 0
    outer loop
      vertex 1.6037838169959322 58.15 36.994123401785245
      vertex 0.25 58.15 33.12587659821476
      vertex 0.25 58.15 36.994123401785245
    endloop
  endfacet
  facet normal 0 0.5000000000000006 -0.8660254037844383
    outer loop
      vertex 1.6037838169959322 58.15 36.994123401785245
      vertex 0.25 58.15 36.994123401785245
      vertex 1.6037838169959322 61.5 38.928246803570495
    endloop
  endfacet
  facet normal 0 0.5000000000000006 -0.8660254037844383
    outer loop
      vertex 0.25 58.15 36.994123401785245
      vertex 0.25 61.5 38.928246803570495
      vertex 1.6037838169959322 61.5 38.928246803570495
    endloop
  endfacet
  facet normal 0 -0.5000000000000012 -0.8660254037844378
    outer loop
      vertex 1.6037838169959322 61.5 38.928246803570495
      vertex 0.25 61.5 38.928246803570495
      vertex 1.6037838169959322 64.85 36.994123401785245
    endloop
  endfacet
  facet normal 0 -1 0
    outer loop
      vertex 0.25 64.85 33.12587659821476
      vertex 1.6037838169959322 64.85 33.12587659821476
      vertex 0.25 64.85 36.994123401785245
    endloop
  endfacet
  facet normal 0 -1 0
    outer loop
      vertex 1.6037838169959322 64.85 33.12587659821476
      vertex 1.6037838169959322 64.85 36.994123401785245
      vertex 0.25 64.85 36.994123401785245
    endloop
  endfacet
  facet normal 0 -0.5000000000000012 -0.8660254037844378
    outer loop
      vertex 1.6037838169959322 64.85 36.994123401785245
      vertex 0.25 61.5 38.928246803570495
      vertex 0.25 64.85 36.994123401785245
    endloop
  endfacet
  facet normal 0 0.5000000000000006 0.8660254037844384
    outer loop
      vertex 124.55 61.5 31.19175319642951
      vertex 124.55 58.15 33.12587659821476
      vertex 125.75 58.15 33.12587659821476
    endloop
  endfacet
  facet normal 0 0.5000000000000006 0.8660254037844384
    outer loop
      vertex 125.75 61.5 31.19175319642951
      vertex 124.55 61.5 31.19175319642951
      vertex 125.75 58.15 33.12587659821476
    endloop
  endfacet
  facet normal 0 -0.5000000000000013 0.8660254037844379
    outer loop
      vertex 125.75 61.5 31.19175319642951
      vertex 124.55 64.85 33.12587659821476
      vertex 124.55 61.5 31.19175319642951
    endloop
  endfacet
  facet normal 0 -0.5000000000000013 0.8660254037844379
    outer loop
      vertex 125.75 64.85 33.12587659821476
      vertex 124.55 64.85 33.12587659821476
      vertex 125.75 61.5 31.19175319642951
    endloop
  endfacet
  facet normal 0 1 0
    outer loop
      vertex 125.75 58.15 33.12587659821476
      vertex 124.55 58.15 33.12587659821476
      vertex 125.75 58.15 36.994123401785245
    endloop
  endfacet
  facet normal 0 1 0
    outer loop
      vertex 125.75 58.15 36.994123401785245
      vertex 124.55 58.15 33.12587659821476
      vertex 124.55 58.15 36.994123401785245
    endloop
  endfacet
  facet normal 0 0.5000000000000006 -0.8660254037844384
    outer loop
      vertex 125.75 58.15 36.994123401785245
      vertex 124.55 58.15 36.994123401785245
      vertex 125.75 61.5 38.928246803570495
    endloop
  endfacet
  facet normal 0 0.5000000000000006 -0.8660254037844384
    outer loop
      vertex 124.55 58.15 36.994123401785245
      vertex 124.55 61.5 38.928246803570495
      vertex 125.75 61.5 38.928246803570495
    endloop
  endfacet
  facet normal 0 -0.5000000000000013 -0.8660254037844379
    outer loop
      vertex 125.75 61.5 38.928246803570495
      vertex 124.55 61.5 38.928246803570495
      vertex 125.75 64.85 36.994123401785245
    endloop
  endfacet
  facet normal 0 -1 0
    outer loop
      vertex 124.55 64.85 33.12587659821476
      vertex 125.75 64.85 33.12587659821476
      vertex 124.55 64.85 36.994123401785245
    endloop
  endfacet
  facet normal 0 -1 0
    outer loop
      vertex 125.75 64.85 33.12587659821476
      vertex 125.75 64.85 36.994123401785245
      vertex 124.55 64.85 36.994123401785245
    endloop
  endfacet
  facet normal 0 -0.5000000000000013 -0.8660254037844379
    outer loop
      vertex 124.55 61.5 38.928246803570495
      vertex 124.55 64.85 36.994123401785245
      vertex 125.75 64.85 36.994123401785245
    endloop
  endfacet
  facet normal 0 0.5000000000000012 0.8660254037844378
    outer loop
      vertex 1.6037838169959322 70.5 31.19175319642951
      vertex 0.25 70.5 31.19175319642951
      vertex 1.6037838169959322 67.15 33.12587659821476
    endloop
  endfacet
  facet normal 0 0.5000000000000012 0.8660254037844378
    outer loop
      vertex 1.6037838169959322 67.15 33.12587659821476
      vertex 0.25 70.5 31.19175319642951
      vertex 0.25 67.15 33.12587659821476
    endloop
  endfacet
  facet normal 0 -0.5000000000000012 0.8660254037844378
    outer loop
      vertex 1.6037838169959322 70.5 31.19175319642951
      vertex 0.25 73.85 33.12587659821476
      vertex 0.25 70.5 31.19175319642951
    endloop
  endfacet
  facet normal 0 -0.5000000000000012 0.8660254037844378
    outer loop
      vertex 1.6037838169959322 73.85 33.12587659821476
      vertex 0.25 73.85 33.12587659821476
      vertex 1.6037838169959322 70.5 31.19175319642951
    endloop
  endfacet
  facet normal 0 1 0
    outer loop
      vertex 1.6037838169959322 67.15 33.12587659821476
      vertex 0.25 67.15 33.12587659821476
      vertex 1.6037838169959322 67.15 36.994123401785245
    endloop
  endfacet
  facet normal 0 1 0
    outer loop
      vertex 1.6037838169959322 67.15 36.994123401785245
      vertex 0.25 67.15 33.12587659821476
      vertex 0.25 67.15 36.994123401785245
    endloop
  endfacet
  facet normal 0 0.5000000000000012 -0.8660254037844378
    outer loop
      vertex 1.6037838169959322 67.15 36.994123401785245
      vertex 0.25 67.15 36.994123401785245
      vertex 1.6037838169959322 70.5 38.928246803570495
    endloop
  endfacet
  facet normal 0 0.5000000000000012 -0.8660254037844378
    outer loop
      vertex 0.25 67.15 36.994123401785245
      vertex 0.25 70.5 38.928246803570495
      vertex 1.6037838169959322 70.5 38.928246803570495
    endloop
  endfacet
  facet normal 0 -0.5000000000000012 -0.8660254037844378
    outer loop
      vertex 1.6037838169959322 70.5 38.928246803570495
      vertex 0.25 70.5 38.928246803570495
      vertex 1.6037838169959322 73.85 36.994123401785245
    endloop
  endfacet
  facet normal 0 -0.5000000000000012 -0.8660254037844378
    outer loop
      vertex 0.25 70.5 38.928246803570495
      vertex 0.25 73.85 36.994123401785245
      vertex 1.6037838169959322 73.85 36.994123401785245
    endloop
  endfacet
  facet normal 0 -1 0
    outer loop
      vertex 0.25 73.85 33.12587659821476
      vertex 1.6037838169959322 73.85 33.12587659821476
      vertex 0.25 73.85 36.994123401785245
    endloop
  endfacet
  facet normal 0 -1 0
    outer loop
      vertex 1.6037838169959322 73.85 33.12587659821476
      vertex 1.6037838169959322 73.85 36.994123401785245
      vertex 0.25 73.85 36.994123401785245
    endloop
  endfacet
  facet normal 0 0.5000000000000013 0.8660254037844379
    outer loop
      vertex 125.75 70.5 31.19175319642951
      vertex 124.55 70.5 31.19175319642951
      vertex 125.75 67.15 33.12587659821476
    endloop
  endfacet
  facet normal 0 0.5000000000000013 0.8660254037844379
    outer loop
      vertex 125.75 67.15 33.12587659821476
      vertex 124.55 70.5 31.19175319642951
      vertex 124.55 67.15 33.12587659821476
    endloop
  endfacet
  facet normal 0 -0.5000000000000013 0.8660254037844379
    outer loop
      vertex 125.75 70.5 31.19175319642951
      vertex 124.55 73.85 33.12587659821476
      vertex 124.55 70.5 31.19175319642951
    endloop
  endfacet
  facet normal 0 -0.5000000000000013 0.8660254037844379
    outer loop
      vertex 125.75 73.85 33.12587659821476
      vertex 124.55 73.85 33.12587659821476
      vertex 125.75 70.5 31.19175319642951
    endloop
  endfacet
  facet normal 0 1 0
    outer loop
      vertex 125.75 67.15 33.12587659821476
      vertex 124.55 67.15 33.12587659821476
      vertex 125.75 67.15 36.994123401785245
    endloop
  endfacet
  facet normal 0 1 0
    outer loop
      vertex 125.75 67.15 36.994123401785245
      vertex 124.55 67.15 33.12587659821476
      vertex 124.55 67.15 36.994123401785245
    endloop
  endfacet
  facet normal 0 0.5000000000000013 -0.8660254037844379
    outer loop
      vertex 125.75 67.15 36.994123401785245
      vertex 124.55 67.15 36.994123401785245
      vertex 125.75 70.5 38.928246803570495
    endloop
  endfacet
  facet normal 0 0.5000000000000013 -0.8660254037844379
    outer loop
      vertex 125.75 70.5 38.928246803570495
      vertex 124.55 67.15 36.994123401785245
      vertex 124.55 70.5 38.928246803570495
    endloop
  endfacet
  facet normal 0 -0.5000000000000013 -0.8660254037844379
    outer loop
      vertex 125.75 70.5 38.928246803570495
      vertex 124.55 70.5 38.928246803570495
      vertex 125.75 73.85 36.994123401785245
    endloop
  endfacet
  facet normal 0 -0.5000000000000013 -0.8660254037844379
    outer loop
      vertex 124.55 70.5 38.928246803570495
      vertex 124.55 73.85 36.994123401785245
      vertex 125.75 73.85 36.994123401785245
    endloop
  endfacet
  facet normal 0 -1 0
    outer loop
      vertex 124.55 73.85 33.12587659821476
      vertex 125.75 73.85 33.12587659821476
      vertex 124.55 73.85 36.994123401785245
    endloop
  endfacet
  facet normal 0 -1 0
    outer loop
      vertex 125.75 73.85 33.12587659821476
      vertex 125.75 73.85 36.994123401785245
      vertex 124.55 73.85 36.994123401785245
    endloop
  endfacet
  facet normal 0 0.5000000000000006 0.8660254037844383
    outer loop
      vertex 1.6037838169959322 30 39.19175319642951
      vertex 0.25 30 39.19175319642951
      vertex 1.6037838169959322 26.65 41.12587659821476
    endloop
  endfacet
  facet normal 0 0.5000000000000006 0.8660254037844383
    outer loop
      vertex 0.25 30 39.19175319642951
      vertex 0.25 26.65 41.12587659821476
      vertex 1.6037838169959322 26.65 41.12587659821476
    endloop
  endfacet
  facet normal 0 -0.5000000000000006 0.8660254037844383
    outer loop
      vertex 1.6037838169959322 30 39.19175319642951
      vertex 0.25 33.35 41.12587659821476
      vertex 0.25 30 39.19175319642951
    endloop
  endfacet
  facet normal 0 1 0
    outer loop
      vertex 1.6037838169959322 26.65 44.994123401785245
      vertex 1.6037838169959322 26.65 41.12587659821476
      vertex 0.25 26.65 41.12587659821476
    endloop
  endfacet
  facet normal 0 1 0
    outer loop
      vertex 1.6037838169959322 26.65 44.994123401785245
      vertex 0.25 26.65 41.12587659821476
      vertex 0.25 26.65 44.994123401785245
    endloop
  endfacet
  facet normal 0 0.5000000000000006 -0.8660254037844383
    outer loop
      vertex 1.6037838169959322 26.65 44.994123401785245
      vertex 0.25 26.65 44.994123401785245
      vertex 1.6037838169959322 30 46.928246803570495
    endloop
  endfacet
  facet normal 0 0.5000000000000006 -0.8660254037844383
    outer loop
      vertex 0.25 26.65 44.994123401785245
      vertex 0.25 30 46.928246803570495
      vertex 1.6037838169959322 30 46.928246803570495
    endloop
  endfacet
  facet normal 0 -0.5000000000000006 -0.8660254037844383
    outer loop
      vertex 1.6037838169959322 30 46.928246803570495
      vertex 0.25 30 46.928246803570495
      vertex 1.6037838169959322 33.35 44.994123401785245
    endloop
  endfacet
  facet normal 0 -0.5000000000000006 0.8660254037844383
    outer loop
      vertex 1.6037838169959322 30 39.19175319642951
      vertex 1.6037838169959322 33.35 41.12587659821476
      vertex 0.25 33.35 41.12587659821476
    endloop
  endfacet
  facet normal 0 -1 0
    outer loop
      vertex 0.25 33.35 41.12587659821476
      vertex 1.6037838169959322 33.35 41.12587659821476
      vertex 0.25 33.35 44.994123401785245
    endloop
  endfacet
  facet normal 0 -1 0
    outer loop
      vertex 1.6037838169959322 33.35 41.12587659821476
      vertex 1.6037838169959322 33.35 44.994123401785245
      vertex 0.25 33.35 44.994123401785245
    endloop
  endfacet
  facet normal 0 -0.5000000000000006 -0.8660254037844383
    outer loop
      vertex 1.6037838169959322 33.35 44.994123401785245
      vertex 0.25 30 46.928246803570495
      vertex 0.25 33.35 44.994123401785245
    endloop
  endfacet
  facet normal 0 0.5000000000000006 0.8660254037844384
    outer loop
      vertex 124.55 30 39.19175319642951
      vertex 125.75 26.65 41.12587659821476
      vertex 125.75 30 39.19175319642951
    endloop
  endfacet
  facet normal 0 0.5000000000000006 0.8660254037844384
    outer loop
      vertex 124.55 30 39.19175319642951
      vertex 124.55 26.65 41.12587659821476
      vertex 125.75 26.65 41.12587659821476
    endloop
  endfacet
  facet normal 0 -0.5000000000000006 0.8660254037844384
    outer loop
      vertex 124.55 30 39.19175319642951
      vertex 125.75 30 39.19175319642951
      vertex 124.55 33.35 41.12587659821476
    endloop
  endfacet
  facet normal 0 1 0
    outer loop
      vertex 124.55 26.65 41.12587659821476
      vertex 125.75 26.65 44.994123401785245
      vertex 125.75 26.65 41.12587659821476
    endloop
  endfacet
  facet normal 0 1 0
    outer loop
      vertex 124.55 26.65 41.12587659821476
      vertex 124.55 26.65 44.994123401785245
      vertex 125.75 26.65 44.994123401785245
    endloop
  endfacet
  facet normal 0 0.5000000000000006 -0.8660254037844384
    outer loop
      vertex 125.75 26.65 44.994123401785245
      vertex 124.55 26.65 44.994123401785245
      vertex 125.75 30 46.928246803570495
    endloop
  endfacet
  facet normal 0 0.5000000000000006 -0.8660254037844384
    outer loop
      vertex 124.55 26.65 44.994123401785245
      vertex 124.55 30 46.928246803570495
      vertex 125.75 30 46.928246803570495
    endloop
  endfacet
  facet normal 0 -0.5000000000000006 -0.8660254037844384
    outer loop
      vertex 125.75 30 46.928246803570495
      vertex 124.55 30 46.928246803570495
      vertex 125.75 33.35 44.994123401785245
    endloop
  endfacet
  facet normal 0 -0.5000000000000006 0.8660254037844384
    outer loop
      vertex 125.75 33.35 41.12587659821476
      vertex 124.55 33.35 41.12587659821476
      vertex 125.75 30 39.19175319642951
    endloop
  endfacet
  facet normal 0 -1 0
    outer loop
      vertex 124.55 33.35 41.12587659821476
      vertex 125.75 33.35 41.12587659821476
      vertex 124.55 33.35 44.994123401785245
    endloop
  endfacet
  facet normal 0 -1 0
    outer loop
      vertex 125.75 33.35 41.12587659821476
      vertex 125.75 33.35 44.994123401785245
      vertex 124.55 33.35 44.994123401785245
    endloop
  endfacet
  facet normal 0 -0.5000000000000006 -0.8660254037844384
    outer loop
      vertex 125.75 33.35 44.994123401785245
      vertex 124.55 30 46.928246803570495
      vertex 124.55 33.35 44.994123401785245
    endloop
  endfacet
  facet normal 0 0.5000000000000006 0.8660254037844383
    outer loop
      vertex 0.25 39 39.19175319642951
      vertex 0.25 35.65 41.12587659821476
      vertex 1.6037838169959322 35.65 41.12587659821476
    endloop
  endfacet
  facet normal 0 0.5000000000000006 0.8660254037844383
    outer loop
      vertex 1.6037838169959322 39 39.19175319642951
      vertex 0.25 39 39.19175319642951
      vertex 1.6037838169959322 35.65 41.12587659821476
    endloop
  endfacet
  facet normal 0 -0.5000000000000006 0.8660254037844383
    outer loop
      vertex 1.6037838169959322 39 39.19175319642951
      vertex 0.25 42.35 41.12587659821476
      vertex 0.25 39 39.19175319642951
    endloop
  endfacet
  facet normal 0 -0.5000000000000006 0.8660254037844383
    outer loop
      vertex 1.6037838169959322 39 39.19175319642951
      vertex 1.6037838169959322 42.35 41.12587659821476
      vertex 0.25 42.35 41.12587659821476
    endloop
  endfacet
  facet normal 0 1 0
    outer loop
      vertex 1.6037838169959322 35.65 44.994123401785245
      vertex 1.6037838169959322 35.65 41.12587659821476
      vertex 0.25 35.65 41.12587659821476
    endloop
  endfacet
  facet normal 0 1 0
    outer loop
      vertex 1.6037838169959322 35.65 44.994123401785245
      vertex 0.25 35.65 41.12587659821476
      vertex 0.25 35.65 44.994123401785245
    endloop
  endfacet
  facet normal 0 0.5000000000000006 -0.8660254037844383
    outer loop
      vertex 1.6037838169959322 35.65 44.994123401785245
      vertex 0.25 35.65 44.994123401785245
      vertex 1.6037838169959322 39 46.928246803570495
    endloop
  endfacet
  facet normal 0 0.5000000000000006 -0.8660254037844383
    outer loop
      vertex 1.6037838169959322 39 46.928246803570495
      vertex 0.25 35.65 44.994123401785245
      vertex 0.25 39 46.928246803570495
    endloop
  endfacet
  facet normal 0 -0.5000000000000006 -0.8660254037844383
    outer loop
      vertex 1.6037838169959322 39 46.928246803570495
      vertex 0.25 39 46.928246803570495
      vertex 1.6037838169959322 42.35 44.994123401785245
    endloop
  endfacet
  facet normal 0 -0.5000000000000006 -0.8660254037844383
    outer loop
      vertex 0.25 39 46.928246803570495
      vertex 0.25 42.35 44.994123401785245
      vertex 1.6037838169959322 42.35 44.994123401785245
    endloop
  endfacet
  facet normal 0 -1 0
    outer loop
      vertex 0.25 42.35 41.12587659821476
      vertex 1.6037838169959322 42.35 41.12587659821476
      vertex 0.25 42.35 44.994123401785245
    endloop
  endfacet
  facet normal 0 -1 0
    outer loop
      vertex 1.6037838169959322 42.35 41.12587659821476
      vertex 1.6037838169959322 42.35 44.994123401785245
      vertex 0.25 42.35 44.994123401785245
    endloop
  endfacet
  facet normal 0 0.5000000000000006 0.8660254037844384
    outer loop
      vertex 124.55 39 39.19175319642951
      vertex 124.55 35.65 41.12587659821476
      vertex 125.75 35.65 41.12587659821476
    endloop
  endfacet
  facet normal 0 0.5000000000000006 0.8660254037844384
    outer loop
      vertex 125.75 39 39.19175319642951
      vertex 124.55 39 39.19175319642951
      vertex 125.75 35.65 41.12587659821476
    endloop
  endfacet
  facet normal 0 -0.5000000000000006 0.8660254037844384
    outer loop
      vertex 125.75 39 39.19175319642951
      vertex 124.55 42.35 41.12587659821476
      vertex 124.55 39 39.19175319642951
    endloop
  endfacet
  facet normal 0 -0.5000000000000006 0.8660254037844384
    outer loop
      vertex 125.75 39 39.19175319642951
      vertex 125.75 42.35 41.12587659821476
      vertex 124.55 42.35 41.12587659821476
    endloop
  endfacet
  facet normal 0 1 0
    outer loop
      vertex 125.75 35.65 44.994123401785245
      vertex 125.75 35.65 41.12587659821476
      vertex 124.55 35.65 41.12587659821476
    endloop
  endfacet
  facet normal 0 1 0
    outer loop
      vertex 125.75 35.65 44.994123401785245
      vertex 124.55 35.65 41.12587659821476
      vertex 124.55 35.65 44.994123401785245
    endloop
  endfacet
  facet normal 0 0.5000000000000006 -0.8660254037844384
    outer loop
      vertex 125.75 35.65 44.994123401785245
      vertex 124.55 35.65 44.994123401785245
      vertex 125.75 39 46.928246803570495
    endloop
  endfacet
  facet normal 0 0.5000000000000006 -0.8660254037844384
    outer loop
      vertex 125.75 39 46.928246803570495
      vertex 124.55 35.65 44.994123401785245
      vertex 124.55 39 46.928246803570495
    endloop
  endfacet
  facet normal 0 -0.5000000000000006 -0.8660254037844384
    outer loop
      vertex 125.75 39 46.928246803570495
      vertex 124.55 39 46.928246803570495
      vertex 125.75 42.35 44.994123401785245
    endloop
  endfacet
  facet normal 0 -0.5000000000000006 -0.8660254037844384
    outer loop
      vertex 124.55 39 46.928246803570495
      vertex 124.55 42.35 44.994123401785245
      vertex 125.75 42.35 44.994123401785245
    endloop
  endfacet
  facet normal 0 -1 0
    outer loop
      vertex 124.55 42.35 41.12587659821476
      vertex 125.75 42.35 41.12587659821476
      vertex 124.55 42.35 44.994123401785245
    endloop
  endfacet
  facet normal 0 -1 0
    outer loop
      vertex 125.75 42.35 41.12587659821476
      vertex 125.75 42.35 44.994123401785245
      vertex 124.55 42.35 44.994123401785245
    endloop
  endfacet
  facet normal 0 0.5000000000000006 0.8660254037844383
    outer loop
      vertex 0.25 48 39.19175319642951
      vertex 0.25 44.65 41.12587659821476
      vertex 1.6037838169959322 44.65 41.12587659821476
    endloop
  endfacet
  facet normal 0 0.5000000000000006 0.8660254037844383
    outer loop
      vertex 1.6037838169959322 44.65 41.12587659821476
      vertex 1.6037838169959322 48 39.19175319642951
      vertex 0.25 48 39.19175319642951
    endloop
  endfacet
  facet normal 0 -0.5000000000000006 0.8660254037844383
    outer loop
      vertex 1.6037838169959322 48 39.19175319642951
      vertex 0.25 51.35 41.12587659821476
      vertex 0.25 48 39.19175319642951
    endloop
  endfacet
  facet normal 0 -0.5000000000000006 0.8660254037844383
    outer loop
      vertex 1.6037838169959322 48 39.19175319642951
      vertex 1.6037838169959322 51.35 41.12587659821476
      vertex 0.25 51.35 41.12587659821476
    endloop
  endfacet
  facet normal 0 1 0
    outer loop
      vertex 1.6037838169959322 44.65 44.994123401785245
      vertex 1.6037838169959322 44.65 41.12587659821476
      vertex 0.25 44.65 41.12587659821476
    endloop
  endfacet
  facet normal 0 1 0
    outer loop
      vertex 1.6037838169959322 44.65 44.994123401785245
      vertex 0.25 44.65 41.12587659821476
      vertex 0.25 44.65 44.994123401785245
    endloop
  endfacet
  facet normal 0 0.5000000000000006 -0.8660254037844383
    outer loop
      vertex 1.6037838169959322 44.65 44.994123401785245
      vertex 0.25 44.65 44.994123401785245
      vertex 1.6037838169959322 48 46.928246803570495
    endloop
  endfacet
  facet normal 0 0.5000000000000006 -0.8660254037844383
    outer loop
      vertex 0.25 44.65 44.994123401785245
      vertex 0.25 48 46.928246803570495
      vertex 1.6037838169959322 48 46.928246803570495
    endloop
  endfacet
  facet normal 0 -1 0
    outer loop
      vertex 0.25 51.35 41.12587659821476
      vertex 1.6037838169959322 51.35 41.12587659821476
      vertex 0.25 51.35 44.994123401785245
    endloop
  endfacet
  facet normal 0 -1 0
    outer loop
      vertex 1.6037838169959322 51.35 41.12587659821476
      vertex 1.6037838169959322 51.35 44.994123401785245
      vertex 0.25 51.35 44.994123401785245
    endloop
  endfacet
  facet normal 0 -0.5000000000000006 -0.8660254037844383
    outer loop
      vertex 1.6037838169959322 48 46.928246803570495
      vertex 0.25 48 46.928246803570495
      vertex 1.6037838169959322 51.35 44.994123401785245
    endloop
  endfacet
  facet normal 0 -0.5000000000000006 -0.8660254037844383
    outer loop
      vertex 0.25 48 46.928246803570495
      vertex 0.25 51.35 44.994123401785245
      vertex 1.6037838169959322 51.35 44.994123401785245
    endloop
  endfacet
  facet normal 0 0.5000000000000006 0.8660254037844384
    outer loop
      vertex 124.55 48 39.19175319642951
      vertex 124.55 44.65 41.12587659821476
      vertex 125.75 44.65 41.12587659821476
    endloop
  endfacet
  facet normal 0 0.5000000000000006 0.8660254037844384
    outer loop
      vertex 125.75 48 39.19175319642951
      vertex 124.55 48 39.19175319642951
      vertex 125.75 44.65 41.12587659821476
    endloop
  endfacet
  facet normal 0 -0.5000000000000006 0.8660254037844384
    outer loop
      vertex 125.75 48 39.19175319642951
      vertex 124.55 51.35 41.12587659821476
      vertex 124.55 48 39.19175319642951
    endloop
  endfacet
  facet normal 0 -0.5000000000000006 0.8660254037844384
    outer loop
      vertex 125.75 51.35 41.12587659821476
      vertex 124.55 51.35 41.12587659821476
      vertex 125.75 48 39.19175319642951
    endloop
  endfacet
  facet normal 0 1 0
    outer loop
      vertex 125.75 44.65 44.994123401785245
      vertex 125.75 44.65 41.12587659821476
      vertex 124.55 44.65 41.12587659821476
    endloop
  endfacet
  facet normal 0 1 0
    outer loop
      vertex 125.75 44.65 44.994123401785245
      vertex 124.55 44.65 41.12587659821476
      vertex 124.55 44.65 44.994123401785245
    endloop
  endfacet
  facet normal 0 0.5000000000000006 -0.8660254037844384
    outer loop
      vertex 125.75 44.65 44.994123401785245
      vertex 124.55 44.65 44.994123401785245
      vertex 125.75 48 46.928246803570495
    endloop
  endfacet
  facet normal 0 0.5000000000000006 -0.8660254037844384
    outer loop
      vertex 125.75 48 46.928246803570495
      vertex 124.55 44.65 44.994123401785245
      vertex 124.55 48 46.928246803570495
    endloop
  endfacet
  facet normal 0 -1 0
    outer loop
      vertex 124.55 51.35 41.12587659821476
      vertex 125.75 51.35 41.12587659821476
      vertex 124.55 51.35 44.994123401785245
    endloop
  endfacet
  facet normal 0 -1 0
    outer loop
      vertex 125.75 51.35 41.12587659821476
      vertex 125.75 51.35 44.994123401785245
      vertex 124.55 51.35 44.994123401785245
    endloop
  endfacet
  facet normal 0 -0.5000000000000006 -0.8660254037844384
    outer loop
      vertex 125.75 48 46.928246803570495
      vertex 124.55 48 46.928246803570495
      vertex 125.75 51.35 44.994123401785245
    endloop
  endfacet
  facet normal 0 -0.5000000000000006 -0.8660254037844384
    outer loop
      vertex 124.55 48 46.928246803570495
      vertex 124.55 51.35 44.994123401785245
      vertex 125.75 51.35 44.994123401785245
    endloop
  endfacet
  facet normal 0 0.5000000000000006 0.8660254037844383
    outer loop
      vertex 1.6037838169959322 53.65 41.12587659821476
      vertex 0.25 57 39.19175319642951
      vertex 0.25 53.65 41.12587659821476
    endloop
  endfacet
  facet normal 0 0.5000000000000006 0.8660254037844383
    outer loop
      vertex 1.6037838169959322 57 39.19175319642951
      vertex 0.25 57 39.19175319642951
      vertex 1.6037838169959322 53.65 41.12587659821476
    endloop
  endfacet
  facet normal 0 -0.5000000000000006 0.8660254037844383
    outer loop
      vertex 1.6037838169959322 57 39.19175319642951
      vertex 0.25 60.35 41.12587659821476
      vertex 0.25 57 39.19175319642951
    endloop
  endfacet
  facet normal 0 -0.5000000000000006 0.8660254037844383
    outer loop
      vertex 1.6037838169959322 57 39.19175319642951
      vertex 1.6037838169959322 60.35 41.12587659821476
      vertex 0.25 60.35 41.12587659821476
    endloop
  endfacet
  facet normal 0 1 0
    outer loop
      vertex 1.6037838169959322 53.65 41.12587659821476
      vertex 0.25 53.65 41.12587659821476
      vertex 1.6037838169959322 53.65 44.994123401785245
    endloop
  endfacet
  facet normal 0 1 0
    outer loop
      vertex 1.6037838169959322 53.65 44.994123401785245
      vertex 0.25 53.65 41.12587659821476
      vertex 0.25 53.65 44.994123401785245
    endloop
  endfacet
  facet normal 0 0.5000000000000006 -0.8660254037844383
    outer loop
      vertex 1.6037838169959322 53.65 44.994123401785245
      vertex 0.25 53.65 44.994123401785245
      vertex 1.6037838169959322 57 46.928246803570495
    endloop
  endfacet
  facet normal 0 0.5000000000000006 -0.8660254037844383
    outer loop
      vertex 0.25 53.65 44.994123401785245
      vertex 0.25 57 46.928246803570495
      vertex 1.6037838169959322 57 46.928246803570495
    endloop
  endfacet
  facet normal 0 -1 0
    outer loop
      vertex 0.25 60.35 41.12587659821476
      vertex 1.6037838169959322 60.35 41.12587659821476
      vertex 0.25 60.35 44.994123401785245
    endloop
  endfacet
  facet normal 0 -1 0
    outer loop
      vertex 1.6037838169959322 60.35 41.12587659821476
      vertex 1.6037838169959322 60.35 44.994123401785245
      vertex 0.25 60.35 44.994123401785245
    endloop
  endfacet
  facet normal 0 -0.5000000000000006 -0.8660254037844383
    outer loop
      vertex 1.6037838169959322 57 46.928246803570495
      vertex 0.25 57 46.928246803570495
      vertex 1.6037838169959322 60.35 44.994123401785245
    endloop
  endfacet
  facet normal 0 -0.5000000000000006 -0.8660254037844383
    outer loop
      vertex 1.6037838169959322 60.35 44.994123401785245
      vertex 0.25 57 46.928246803570495
      vertex 0.25 60.35 44.994123401785245
    endloop
  endfacet
  facet normal 0 0.5000000000000006 0.8660254037844384
    outer loop
      vertex 125.75 53.65 41.12587659821476
      vertex 124.55 57 39.19175319642951
      vertex 124.55 53.65 41.12587659821476
    endloop
  endfacet
  facet normal 0 0.5000000000000006 0.8660254037844384
    outer loop
      vertex 125.75 57 39.19175319642951
      vertex 124.55 57 39.19175319642951
      vertex 125.75 53.65 41.12587659821476
    endloop
  endfacet
  facet normal 0 -0.5000000000000006 0.8660254037844384
    outer loop
      vertex 125.75 57 39.19175319642951
      vertex 124.55 60.35 41.12587659821476
      vertex 124.55 57 39.19175319642951
    endloop
  endfacet
  facet normal 0 -0.5000000000000006 0.8660254037844384
    outer loop
      vertex 125.75 60.35 41.12587659821476
      vertex 124.55 60.35 41.12587659821476
      vertex 125.75 57 39.19175319642951
    endloop
  endfacet
  facet normal 0 1 0
    outer loop
      vertex 125.75 53.65 44.994123401785245
      vertex 125.75 53.65 41.12587659821476
      vertex 124.55 53.65 41.12587659821476
    endloop
  endfacet
  facet normal 0 1 0
    outer loop
      vertex 125.75 53.65 44.994123401785245
      vertex 124.55 53.65 41.12587659821476
      vertex 124.55 53.65 44.994123401785245
    endloop
  endfacet
  facet normal 0 0.5000000000000006 -0.8660254037844384
    outer loop
      vertex 125.75 53.65 44.994123401785245
      vertex 124.55 53.65 44.994123401785245
      vertex 125.75 57 46.928246803570495
    endloop
  endfacet
  facet normal 0 0.5000000000000006 -0.8660254037844384
    outer loop
      vertex 125.75 57 46.928246803570495
      vertex 124.55 53.65 44.994123401785245
      vertex 124.55 57 46.928246803570495
    endloop
  endfacet
  facet normal 0 -1 0
    outer loop
      vertex 124.55 60.35 41.12587659821476
      vertex 125.75 60.35 41.12587659821476
      vertex 124.55 60.35 44.994123401785245
    endloop
  endfacet
  facet normal 0 -1 0
    outer loop
      vertex 125.75 60.35 41.12587659821476
      vertex 125.75 60.35 44.994123401785245
      vertex 124.55 60.35 44.994123401785245
    endloop
  endfacet
  facet normal 0 -0.5000000000000006 -0.8660254037844384
    outer loop
      vertex 125.75 57 46.928246803570495
      vertex 124.55 57 46.928246803570495
      vertex 125.75 60.35 44.994123401785245
    endloop
  endfacet
  facet normal 0 -0.5000000000000006 -0.8660254037844384
    outer loop
      vertex 125.75 60.35 44.994123401785245
      vertex 124.55 57 46.928246803570495
      vertex 124.55 60.35 44.994123401785245
    endloop
  endfacet
  facet normal 0 1 0
    outer loop
      vertex 1.6037838169959322 62.65 44.994123401785245
      vertex 1.6037838169959322 62.65 41.12587659821476
      vertex 0.25 62.65 41.12587659821476
    endloop
  endfacet
  facet normal 0 1 0
    outer loop
      vertex 1.6037838169959322 62.65 44.994123401785245
      vertex 0.25 62.65 41.12587659821476
      vertex 0.25 62.65 44.994123401785245
    endloop
  endfacet
  facet normal 0 0.5000000000000006 0.8660254037844383
    outer loop
      vertex 0.25 66 39.19175319642951
      vertex 0.25 62.65 41.12587659821476
      vertex 1.6037838169959322 62.65 41.12587659821476
    endloop
  endfacet
  facet normal 0 0.5000000000000006 0.8660254037844383
    outer loop
      vertex 1.6037838169959322 66 39.19175319642951
      vertex 0.25 66 39.19175319642951
      vertex 1.6037838169959322 62.65 41.12587659821476
    endloop
  endfacet
  facet normal 0 -0.5000000000000012 0.8660254037844378
    outer loop
      vertex 0.25 69.35 41.12587659821476
      vertex 0.25 66 39.19175319642951
      vertex 1.6037838169959322 66 39.19175319642951
    endloop
  endfacet
  facet normal 0 -0.5000000000000012 0.8660254037844378
    outer loop
      vertex 1.6037838169959322 66 39.19175319642951
      vertex 1.6037838169959322 69.35 41.12587659821476
      vertex 0.25 69.35 41.12587659821476
    endloop
  endfacet
  facet normal 0 0.5000000000000006 -0.8660254037844383
    outer loop
      vertex 1.6037838169959322 62.65 44.994123401785245
      vertex 0.25 62.65 44.994123401785245
      vertex 1.6037838169959322 66 46.928246803570495
    endloop
  endfacet
  facet normal 0 0.5000000000000006 -0.8660254037844383
    outer loop
      vertex 0.25 62.65 44.994123401785245
      vertex 0.25 66 46.928246803570495
      vertex 1.6037838169959322 66 46.928246803570495
    endloop
  endfacet
  facet normal 0 -0.5000000000000012 -0.8660254037844378
    outer loop
      vertex 1.6037838169959322 66 46.928246803570495
      vertex 0.25 66 46.928246803570495
      vertex 1.6037838169959322 69.35 44.994123401785245
    endloop
  endfacet
  facet normal 0 -1 0
    outer loop
      vertex 0.25 69.35 41.12587659821476
      vertex 1.6037838169959322 69.35 41.12587659821476
      vertex 0.25 69.35 44.994123401785245
    endloop
  endfacet
  facet normal 0 -1 0
    outer loop
      vertex 0.25 69.35 44.994123401785245
      vertex 1.6037838169959322 69.35 41.12587659821476
      vertex 1.6037838169959322 69.35 44.994123401785245
    endloop
  endfacet
  facet normal 0 -0.5000000000000012 -0.8660254037844378
    outer loop
      vertex 1.6037838169959322 69.35 44.994123401785245
      vertex 0.25 66 46.928246803570495
      vertex 0.25 69.35 44.994123401785245
    endloop
  endfacet
  facet normal 0 1 0
    outer loop
      vertex 125.75 62.65 44.994123401785245
      vertex 125.75 62.65 41.12587659821476
      vertex 124.55 62.65 41.12587659821476
    endloop
  endfacet
  facet normal 0 1 0
    outer loop
      vertex 125.75 62.65 44.994123401785245
      vertex 124.55 62.65 41.12587659821476
      vertex 124.55 62.65 44.994123401785245
    endloop
  endfacet
  facet normal 0 0.5000000000000006 0.8660254037844384
    outer loop
      vertex 124.55 66 39.19175319642951
      vertex 124.55 62.65 41.12587659821476
      vertex 125.75 62.65 41.12587659821476
    endloop
  endfacet
  facet normal 0 0.5000000000000006 0.8660254037844384
    outer loop
      vertex 125.75 66 39.19175319642951
      vertex 124.55 66 39.19175319642951
      vertex 125.75 62.65 41.12587659821476
    endloop
  endfacet
  facet normal 0 -0.5000000000000013 0.8660254037844379
    outer loop
      vertex 125.75 66 39.19175319642951
      vertex 124.55 69.35 41.12587659821476
      vertex 124.55 66 39.19175319642951
    endloop
  endfacet
  facet normal 0 -0.5000000000000013 0.8660254037844379
    outer loop
      vertex 125.75 69.35 41.12587659821476
      vertex 124.55 69.35 41.12587659821476
      vertex 125.75 66 39.19175319642951
    endloop
  endfacet
  facet normal 0 0.5000000000000006 -0.8660254037844384
    outer loop
      vertex 125.75 62.65 44.994123401785245
      vertex 124.55 62.65 44.994123401785245
      vertex 125.75 66 46.928246803570495
    endloop
  endfacet
  facet normal 0 0.5000000000000006 -0.8660254037844384
    outer loop
      vertex 125.75 66 46.928246803570495
      vertex 124.55 62.65 44.994123401785245
      vertex 124.55 66 46.928246803570495
    endloop
  endfacet
  facet normal 0 -0.5000000000000013 -0.8660254037844379
    outer loop
      vertex 125.75 66 46.928246803570495
      vertex 124.55 66 46.928246803570495
      vertex 125.75 69.35 44.994123401785245
    endloop
  endfacet
  facet normal 0 -1 0
    outer loop
      vertex 124.55 69.35 41.12587659821476
      vertex 125.75 69.35 41.12587659821476
      vertex 124.55 69.35 44.994123401785245
    endloop
  endfacet
  facet normal 0 -1 0
    outer loop
      vertex 125.75 69.35 41.12587659821476
      vertex 125.75 69.35 44.994123401785245
      vertex 124.55 69.35 44.994123401785245
    endloop
  endfacet
  facet normal 0 -0.5000000000000013 -0.8660254037844379
    outer loop
      vertex 125.75 69.35 44.994123401785245
      vertex 124.55 66 46.928246803570495
      vertex 124.55 69.35 44.994123401785245
    endloop
  endfacet
  facet normal 0 0.5000000000000012 0.8660254037844378
    outer loop
      vertex 0.25 75 39.19175319642951
      vertex 0.25 71.65 41.12587659821476
      vertex 1.6037838169959322 71.65 41.12587659821476
    endloop
  endfacet
  facet normal 0 1 0
    outer loop
      vertex 1.6037838169959322 71.65 44.994123401785245
      vertex 1.6037838169959322 71.65 41.12587659821476
      vertex 0.25 71.65 41.12587659821476
    endloop
  endfacet
  facet normal 0 1 0
    outer loop
      vertex 1.6037838169959322 71.65 44.994123401785245
      vertex 0.25 71.65 41.12587659821476
      vertex 0.25 71.65 44.994123401785245
    endloop
  endfacet
  facet normal 0 0.5000000000000012 -0.8660254037844378
    outer loop
      vertex 1.6037838169959322 71.65 44.994123401785245
      vertex 0.25 71.65 44.994123401785245
      vertex 1.6037838169959322 75 46.928246803570495
    endloop
  endfacet
  facet normal 0 0.5000000000000012 0.8660254037844378
    outer loop
      vertex 1.6037838169959322 71.65 41.12587659821476
      vertex 1.6037838169959322 75 39.19175319642951
      vertex 0.25 75 39.19175319642951
    endloop
  endfacet
  facet normal 0 -0.5000000000000012 0.8660254037844378
    outer loop
      vertex 1.6037838169959322 75 39.19175319642951
      vertex 0.25 78.35 41.12587659821476
      vertex 0.25 75 39.19175319642951
    endloop
  endfacet
  facet normal 0 -0.5000000000000012 0.8660254037844378
    outer loop
      vertex 1.6037838169959322 75 39.19175319642951
      vertex 1.6037838169959322 78.35 41.12587659821476
      vertex 0.25 78.35 41.12587659821476
    endloop
  endfacet
  facet normal 0 -1 0
    outer loop
      vertex 0.25 78.35 41.12587659821476
      vertex 1.6037838169959322 78.35 41.12587659821476
      vertex 0.25 78.35 44.994123401785245
    endloop
  endfacet
  facet normal 0 -1 0
    outer loop
      vertex 1.6037838169959322 78.35 41.12587659821476
      vertex 1.6037838169959322 78.35 44.994123401785245
      vertex 0.25 78.35 44.994123401785245
    endloop
  endfacet
  facet normal 0 0.5000000000000012 -0.8660254037844378
    outer loop
      vertex 0.25 71.65 44.994123401785245
      vertex 0.25 75 46.928246803570495
      vertex 1.6037838169959322 75 46.928246803570495
    endloop
  endfacet
  facet normal 0 -0.5000000000000012 -0.8660254037844378
    outer loop
      vertex 1.6037838169959322 75 46.928246803570495
      vertex 0.25 75 46.928246803570495
      vertex 1.6037838169959322 78.35 44.994123401785245
    endloop
  endfacet
  facet normal 0 -0.5000000000000012 -0.8660254037844378
    outer loop
      vertex 1.6037838169959322 78.35 44.994123401785245
      vertex 0.25 75 46.928246803570495
      vertex 0.25 78.35 44.994123401785245
    endloop
  endfacet
  facet normal 0 0.5000000000000013 0.8660254037844379
    outer loop
      vertex 124.55 75 39.19175319642951
      vertex 124.55 71.65 41.12587659821476
      vertex 125.75 71.65 41.12587659821476
    endloop
  endfacet
  facet normal 0 1 0
    outer loop
      vertex 125.75 71.65 44.994123401785245
      vertex 125.75 71.65 41.12587659821476
      vertex 124.55 71.65 41.12587659821476
    endloop
  endfacet
  facet normal 0 1 0
    outer loop
      vertex 125.75 71.65 44.994123401785245
      vertex 124.55 71.65 41.12587659821476
      vertex 124.55 71.65 44.994123401785245
    endloop
  endfacet
  facet normal 0 0.5000000000000013 -0.8660254037844379
    outer loop
      vertex 125.75 71.65 44.994123401785245
      vertex 124.55 71.65 44.994123401785245
      vertex 125.75 75 46.928246803570495
    endloop
  endfacet
  facet normal 0 0.5000000000000013 0.8660254037844379
    outer loop
      vertex 125.75 71.65 41.12587659821476
      vertex 125.75 75 39.19175319642951
      vertex 124.55 75 39.19175319642951
    endloop
  endfacet
  facet normal 0 -0.5000000000000013 0.8660254037844379
    outer loop
      vertex 125.75 75 39.19175319642951
      vertex 124.55 78.35 41.12587659821476
      vertex 124.55 75 39.19175319642951
    endloop
  endfacet
  facet normal 0 -0.5000000000000013 0.8660254037844379
    outer loop
      vertex 125.75 78.35 41.12587659821476
      vertex 124.55 78.35 41.12587659821476
      vertex 125.75 75 39.19175319642951
    endloop
  endfacet
  facet normal 0 -1 0
    outer loop
      vertex 124.55 78.35 41.12587659821476
      vertex 125.75 78.35 41.12587659821476
      vertex 124.55 78.35 44.994123401785245
    endloop
  endfacet
  facet normal 0 -1 0
    outer loop
      vertex 125.75 78.35 41.12587659821476
      vertex 125.75 78.35 44.994123401785245
      vertex 124.55 78.35 44.994123401785245
    endloop
  endfacet
  facet normal 0 0.5000000000000013 -0.8660254037844379
    outer loop
      vertex 124.55 71.65 44.994123401785245
      vertex 124.55 75 46.928246803570495
      vertex 125.75 75 46.928246803570495
    endloop
  endfacet
  facet normal 0 -0.5000000000000013 -0.8660254037844379
    outer loop
      vertex 125.75 75 46.928246803570495
      vertex 124.55 75 46.928246803570495
      vertex 125.75 78.35 44.994123401785245
    endloop
  endfacet
  facet normal 0 -0.5000000000000013 -0.8660254037844379
    outer loop
      vertex 125.75 78.35 44.994123401785245
      vertex 124.55 75 46.928246803570495
      vertex 124.55 78.35 44.994123401785245
    endloop
  endfacet
  facet normal 0 0.5000000000000006 0.8660254037844383
    outer loop
      vertex 0.25 25.5 47.19175319642951
      vertex 0.25 22.15 49.12587659821476
      vertex 1.6037838169959322 22.15 49.12587659821476
    endloop
  endfacet
  facet normal 0 0.5000000000000006 0.8660254037844383
    outer loop
      vertex 1.6037838169959322 22.15 49.12587659821476
      vertex 1.6037838169959322 25.5 47.19175319642951
      vertex 0.25 25.5 47.19175319642951
    endloop
  endfacet
  facet normal 0 -0.5000000000000006 0.8660254037844383
    outer loop
      vertex 1.6037838169959322 25.5 47.19175319642951
      vertex 0.25 28.85 49.12587659821476
      vertex 0.25 25.5 47.19175319642951
    endloop
  endfacet
  facet normal 0 -0.5000000000000006 0.8660254037844383
    outer loop
      vertex 1.6037838169959322 28.85 49.12587659821476
      vertex 0.25 28.85 49.12587659821476
      vertex 1.6037838169959322 25.5 47.19175319642951
    endloop
  endfacet
  facet normal 0 1 0
    outer loop
      vertex 1.6037838169959322 22.15 49.12587659821476
      vertex 0.25 22.15 49.12587659821476
      vertex 1.6037838169959322 22.15 52.994123401785245
    endloop
  endfacet
  facet normal 0 1 0
    outer loop
      vertex 1.6037838169959322 22.15 52.994123401785245
      vertex 0.25 22.15 49.12587659821476
      vertex 0.25 22.15 52.994123401785245
    endloop
  endfacet
  facet normal 0 0.5000000000000006 -0.8660254037844383
    outer loop
      vertex 1.6037838169959322 22.15 52.994123401785245
      vertex 0.25 22.15 52.994123401785245
      vertex 1.6037838169959322 25.5 54.928246803570495
    endloop
  endfacet
  facet normal 0 0.5000000000000006 -0.8660254037844383
    outer loop
      vertex 0.25 22.15 52.994123401785245
      vertex 0.25 25.5 54.928246803570495
      vertex 1.6037838169959322 25.5 54.928246803570495
    endloop
  endfacet
  facet normal 0 -1 0
    outer loop
      vertex 0.25 28.85 49.12587659821476
      vertex 1.6037838169959322 28.85 49.12587659821476
      vertex 0.25 28.85 52.994123401785245
    endloop
  endfacet
  facet normal 0 -1 0
    outer loop
      vertex 1.6037838169959322 28.85 49.12587659821476
      vertex 1.6037838169959322 28.85 52.994123401785245
      vertex 0.25 28.85 52.994123401785245
    endloop
  endfacet
  facet normal 0 -0.5000000000000006 -0.8660254037844383
    outer loop
      vertex 1.6037838169959322 25.5 54.928246803570495
      vertex 0.25 25.5 54.928246803570495
      vertex 1.6037838169959322 28.85 52.994123401785245
    endloop
  endfacet
  facet normal 0 -0.5000000000000006 -0.8660254037844383
    outer loop
      vertex 1.6037838169959322 28.85 52.994123401785245
      vertex 0.25 25.5 54.928246803570495
      vertex 0.25 28.85 52.994123401785245
    endloop
  endfacet
  facet normal 0 0.5000000000000006 0.8660254037844384
    outer loop
      vertex 124.55 25.5 47.19175319642951
      vertex 124.55 22.15 49.12587659821476
      vertex 125.75 22.15 49.12587659821476
    endloop
  endfacet
  facet normal 0 0.5000000000000006 0.8660254037844384
    outer loop
      vertex 125.75 25.5 47.19175319642951
      vertex 124.55 25.5 47.19175319642951
      vertex 125.75 22.15 49.12587659821476
    endloop
  endfacet
  facet normal 0 -0.5000000000000006 0.8660254037844384
    outer loop
      vertex 125.75 25.5 47.19175319642951
      vertex 124.55 28.85 49.12587659821476
      vertex 124.55 25.5 47.19175319642951
    endloop
  endfacet
  facet normal 0 -0.5000000000000006 0.8660254037844384
    outer loop
      vertex 125.75 28.85 49.12587659821476
      vertex 124.55 28.85 49.12587659821476
      vertex 125.75 25.5 47.19175319642951
    endloop
  endfacet
  facet normal 0 1 0
    outer loop
      vertex 125.75 22.15 52.994123401785245
      vertex 125.75 22.15 49.12587659821476
      vertex 124.55 22.15 49.12587659821476
    endloop
  endfacet
  facet normal 0 1 0
    outer loop
      vertex 125.75 22.15 52.994123401785245
      vertex 124.55 22.15 49.12587659821476
      vertex 124.55 22.15 52.994123401785245
    endloop
  endfacet
  facet normal 0 0.5000000000000006 -0.8660254037844384
    outer loop
      vertex 125.75 22.15 52.994123401785245
      vertex 124.55 22.15 52.994123401785245
      vertex 125.75 25.5 54.928246803570495
    endloop
  endfacet
  facet normal 0 0.5000000000000006 -0.8660254037844384
    outer loop
      vertex 124.55 22.15 52.994123401785245
      vertex 124.55 25.5 54.928246803570495
      vertex 125.75 25.5 54.928246803570495
    endloop
  endfacet
  facet normal 0 -1 0
    outer loop
      vertex 124.55 28.85 49.12587659821476
      vertex 125.75 28.85 49.12587659821476
      vertex 124.55 28.85 52.994123401785245
    endloop
  endfacet
  facet normal 0 -1 0
    outer loop
      vertex 125.75 28.85 49.12587659821476
      vertex 125.75 28.85 52.994123401785245
      vertex 124.55 28.85 52.994123401785245
    endloop
  endfacet
  facet normal 0 -0.5000000000000006 -0.8660254037844384
    outer loop
      vertex 125.75 25.5 54.928246803570495
      vertex 124.55 25.5 54.928246803570495
      vertex 125.75 28.85 52.994123401785245
    endloop
  endfacet
  facet normal 0 -0.5000000000000006 -0.8660254037844384
    outer loop
      vertex 125.75 28.85 52.994123401785245
      vertex 124.55 25.5 54.928246803570495
      vertex 124.55 28.85 52.994123401785245
    endloop
  endfacet
  facet normal 0 0.5000000000000006 0.8660254037844383
    outer loop
      vertex 0.25 34.5 47.19175319642951
      vertex 0.25 31.15 49.12587659821476
      vertex 1.6037838169959322 31.15 49.12587659821476
    endloop
  endfacet
  facet normal 0 0.5000000000000006 0.8660254037844383
    outer loop
      vertex 1.6037838169959322 34.5 47.19175319642951
      vertex 0.25 34.5 47.19175319642951
      vertex 1.6037838169959322 31.15 49.12587659821476
    endloop
  endfacet
  facet normal 0 -0.5000000000000006 0.8660254037844383
    outer loop
      vertex 1.6037838169959322 34.5 47.19175319642951
      vertex 0.25 37.85 49.12587659821476
      vertex 0.25 34.5 47.19175319642951
    endloop
  endfacet
  facet normal 0 -0.5000000000000006 0.8660254037844383
    outer loop
      vertex 1.6037838169959322 37.85 49.12587659821476
      vertex 0.25 37.85 49.12587659821476
      vertex 1.6037838169959322 34.5 47.19175319642951
    endloop
  endfacet
  facet normal 0 1 0
    outer loop
      vertex 1.6037838169959322 31.15 49.12587659821476
      vertex 0.25 31.15 49.12587659821476
      vertex 1.6037838169959322 31.15 52.994123401785245
    endloop
  endfacet
  facet normal 0 1 0
    outer loop
      vertex 1.6037838169959322 31.15 52.994123401785245
      vertex 0.25 31.15 49.12587659821476
      vertex 0.25 31.15 52.994123401785245
    endloop
  endfacet
  facet normal 0 0.5000000000000006 -0.8660254037844383
    outer loop
      vertex 1.6037838169959322 31.15 52.994123401785245
      vertex 0.25 31.15 52.994123401785245
      vertex 1.6037838169959322 34.5 54.928246803570495
    endloop
  endfacet
  facet normal 0 0.5000000000000006 -0.8660254037844383
    outer loop
      vertex 0.25 31.15 52.994123401785245
      vertex 0.25 34.5 54.928246803570495
      vertex 1.6037838169959322 34.5 54.928246803570495
    endloop
  endfacet
  facet normal 0 -0.5000000000000006 -0.8660254037844383
    outer loop
      vertex 1.6037838169959322 34.5 54.928246803570495
      vertex 0.25 34.5 54.928246803570495
      vertex 1.6037838169959322 37.85 52.994123401785245
    endloop
  endfacet
  facet normal 0 -0.5000000000000006 -0.8660254037844383
    outer loop
      vertex 1.6037838169959322 37.85 52.994123401785245
      vertex 0.25 34.5 54.928246803570495
      vertex 0.25 37.85 52.994123401785245
    endloop
  endfacet
  facet normal 0 -1 0
    outer loop
      vertex 0.25 37.85 49.12587659821476
      vertex 1.6037838169959322 37.85 49.12587659821476
      vertex 0.25 37.85 52.994123401785245
    endloop
  endfacet
  facet normal 0 -1 0
    outer loop
      vertex 1.6037838169959322 37.85 49.12587659821476
      vertex 1.6037838169959322 37.85 52.994123401785245
      vertex 0.25 37.85 52.994123401785245
    endloop
  endfacet
  facet normal 0 0.5000000000000006 0.8660254037844384
    outer loop
      vertex 124.55 34.5 47.19175319642951
      vertex 124.55 31.15 49.12587659821476
      vertex 125.75 31.15 49.12587659821476
    endloop
  endfacet
  facet normal 0 0.5000000000000006 0.8660254037844384
    outer loop
      vertex 125.75 34.5 47.19175319642951
      vertex 124.55 34.5 47.19175319642951
      vertex 125.75 31.15 49.12587659821476
    endloop
  endfacet
  facet normal 0 -0.5000000000000006 0.8660254037844384
    outer loop
      vertex 125.75 34.5 47.19175319642951
      vertex 124.55 37.85 49.12587659821476
      vertex 124.55 34.5 47.19175319642951
    endloop
  endfacet
  facet normal 0 -0.5000000000000006 0.8660254037844384
    outer loop
      vertex 125.75 37.85 49.12587659821476
      vertex 124.55 37.85 49.12587659821476
      vertex 125.75 34.5 47.19175319642951
    endloop
  endfacet
  facet normal 0 1 0
    outer loop
      vertex 125.75 31.15 52.994123401785245
      vertex 125.75 31.15 49.12587659821476
      vertex 124.55 31.15 49.12587659821476
    endloop
  endfacet
  facet normal 0 1 0
    outer loop
      vertex 125.75 31.15 52.994123401785245
      vertex 124.55 31.15 49.12587659821476
      vertex 124.55 31.15 52.994123401785245
    endloop
  endfacet
  facet normal 0 0.5000000000000006 -0.8660254037844384
    outer loop
      vertex 125.75 31.15 52.994123401785245
      vertex 124.55 31.15 52.994123401785245
      vertex 125.75 34.5 54.928246803570495
    endloop
  endfacet
  facet normal 0 0.5000000000000006 -0.8660254037844384
    outer loop
      vertex 124.55 31.15 52.994123401785245
      vertex 124.55 34.5 54.928246803570495
      vertex 125.75 34.5 54.928246803570495
    endloop
  endfacet
  facet normal 0 -0.5000000000000006 -0.8660254037844384
    outer loop
      vertex 125.75 34.5 54.928246803570495
      vertex 124.55 34.5 54.928246803570495
      vertex 125.75 37.85 52.994123401785245
    endloop
  endfacet
  facet normal 0 -0.5000000000000006 -0.8660254037844384
    outer loop
      vertex 125.75 37.85 52.994123401785245
      vertex 124.55 34.5 54.928246803570495
      vertex 124.55 37.85 52.994123401785245
    endloop
  endfacet
  facet normal 0 -1 0
    outer loop
      vertex 124.55 37.85 49.12587659821476
      vertex 125.75 37.85 49.12587659821476
      vertex 124.55 37.85 52.994123401785245
    endloop
  endfacet
  facet normal 0 -1 0
    outer loop
      vertex 125.75 37.85 49.12587659821476
      vertex 125.75 37.85 52.994123401785245
      vertex 124.55 37.85 52.994123401785245
    endloop
  endfacet
  facet normal 0 0.5000000000000006 0.8660254037844383
    outer loop
      vertex 1.6037838169959322 40.15 49.12587659821476
      vertex 0.25 43.5 47.19175319642951
      vertex 0.25 40.15 49.12587659821476
    endloop
  endfacet
  facet normal 0 1 0
    outer loop
      vertex 1.6037838169959322 40.15 49.12587659821476
      vertex 0.25 40.15 49.12587659821476
      vertex 1.6037838169959322 40.15 52.994123401785245
    endloop
  endfacet
  facet normal 0 1 0
    outer loop
      vertex 1.6037838169959322 40.15 52.994123401785245
      vertex 0.25 40.15 49.12587659821476
      vertex 0.25 40.15 52.994123401785245
    endloop
  endfacet
  facet normal 0 0.5000000000000006 -0.8660254037844383
    outer loop
      vertex 1.6037838169959322 40.15 52.994123401785245
      vertex 0.25 40.15 52.994123401785245
      vertex 1.6037838169959322 43.5 54.928246803570495
    endloop
  endfacet
  facet normal 0 0.5000000000000006 0.8660254037844383
    outer loop
      vertex 1.6037838169959322 43.5 47.19175319642951
      vertex 0.25 43.5 47.19175319642951
      vertex 1.6037838169959322 40.15 49.12587659821476
    endloop
  endfacet
  facet normal 0 -0.5000000000000006 0.8660254037844383
    outer loop
      vertex 1.6037838169959322 43.5 47.19175319642951
      vertex 0.25 46.85 49.12587659821476
      vertex 0.25 43.5 47.19175319642951
    endloop
  endfacet
  facet normal 0 -0.5000000000000006 0.8660254037844383
    outer loop
      vertex 1.6037838169959322 46.85 49.12587659821476
      vertex 0.25 46.85 49.12587659821476
      vertex 1.6037838169959322 43.5 47.19175319642951
    endloop
  endfacet
  facet normal 0 -1 0
    outer loop
      vertex 0.25 46.85 49.12587659821476
      vertex 1.6037838169959322 46.85 49.12587659821476
      vertex 0.25 46.85 52.994123401785245
    endloop
  endfacet
  facet normal 0 -1 0
    outer loop
      vertex 1.6037838169959322 46.85 49.12587659821476
      vertex 1.6037838169959322 46.85 52.994123401785245
      vertex 0.25 46.85 52.994123401785245
    endloop
  endfacet
  facet normal 0 0.5000000000000006 -0.8660254037844383
    outer loop
      vertex 0.25 40.15 52.994123401785245
      vertex 0.25 43.5 54.928246803570495
      vertex 1.6037838169959322 43.5 54.928246803570495
    endloop
  endfacet
  facet normal 0 -0.5000000000000006 -0.8660254037844383
    outer loop
      vertex 1.6037838169959322 43.5 54.928246803570495
      vertex 0.25 43.5 54.928246803570495
      vertex 1.6037838169959322 46.85 52.994123401785245
    endloop
  endfacet
  facet normal 0 -0.5000000000000006 -0.8660254037844383
    outer loop
      vertex 1.6037838169959322 46.85 52.994123401785245
      vertex 0.25 43.5 54.928246803570495
      vertex 0.25 46.85 52.994123401785245
    endloop
  endfacet
  facet normal 0 0.5000000000000006 0.8660254037844384
    outer loop
      vertex 125.75 40.15 49.12587659821476
      vertex 124.55 43.5 47.19175319642951
      vertex 124.55 40.15 49.12587659821476
    endloop
  endfacet
  facet normal 0 1 0
    outer loop
      vertex 125.75 40.15 52.994123401785245
      vertex 125.75 40.15 49.12587659821476
      vertex 124.55 40.15 49.12587659821476
    endloop
  endfacet
  facet normal 0 1 0
    outer loop
      vertex 125.75 40.15 52.994123401785245
      vertex 124.55 40.15 49.12587659821476
      vertex 124.55 40.15 52.994123401785245
    endloop
  endfacet
  facet normal 0 0.5000000000000006 -0.8660254037844384
    outer loop
      vertex 125.75 40.15 52.994123401785245
      vertex 124.55 40.15 52.994123401785245
      vertex 125.75 43.5 54.928246803570495
    endloop
  endfacet
  facet normal 0 0.5000000000000006 0.8660254037844384
    outer loop
      vertex 125.75 43.5 47.19175319642951
      vertex 124.55 43.5 47.19175319642951
      vertex 125.75 40.15 49.12587659821476
    endloop
  endfacet
  facet normal 0 -0.5000000000000006 0.8660254037844384
    outer loop
      vertex 125.75 43.5 47.19175319642951
      vertex 124.55 46.85 49.12587659821476
      vertex 124.55 43.5 47.19175319642951
    endloop
  endfacet
  facet normal 0 -0.5000000000000006 0.8660254037844384
    outer loop
      vertex 125.75 46.85 49.12587659821476
      vertex 124.55 46.85 49.12587659821476
      vertex 125.75 43.5 47.19175319642951
    endloop
  endfacet
  facet normal 0 -1 0
    outer loop
      vertex 124.55 46.85 49.12587659821476
      vertex 125.75 46.85 49.12587659821476
      vertex 124.55 46.85 52.994123401785245
    endloop
  endfacet
  facet normal 0 -1 0
    outer loop
      vertex 125.75 46.85 49.12587659821476
      vertex 125.75 46.85 52.994123401785245
      vertex 124.55 46.85 52.994123401785245
    endloop
  endfacet
  facet normal 0 0.5000000000000006 -0.8660254037844384
    outer loop
      vertex 124.55 40.15 52.994123401785245
      vertex 124.55 43.5 54.928246803570495
      vertex 125.75 43.5 54.928246803570495
    endloop
  endfacet
  facet normal 0 -0.5000000000000006 -0.8660254037844384
    outer loop
      vertex 125.75 43.5 54.928246803570495
      vertex 124.55 43.5 54.928246803570495
      vertex 125.75 46.85 52.994123401785245
    endloop
  endfacet
  facet normal 0 -0.5000000000000006 -0.8660254037844384
    outer loop
      vertex 125.75 46.85 52.994123401785245
      vertex 124.55 43.5 54.928246803570495
      vertex 124.55 46.85 52.994123401785245
    endloop
  endfacet
  facet normal 0 0.5000000000000006 0.8660254037844383
    outer loop
      vertex 0.25 52.5 47.19175319642951
      vertex 0.25 49.15 49.12587659821476
      vertex 1.6037838169959322 49.15 49.12587659821476
    endloop
  endfacet
  facet normal 0 0.5000000000000006 0.8660254037844383
    outer loop
      vertex 1.6037838169959322 49.15 49.12587659821476
      vertex 1.6037838169959322 52.5 47.19175319642951
      vertex 0.25 52.5 47.19175319642951
    endloop
  endfacet
  facet normal 0 -0.5000000000000006 0.8660254037844383
    outer loop
      vertex 1.6037838169959322 52.5 47.19175319642951
      vertex 0.25 55.85 49.12587659821476
      vertex 0.25 52.5 47.19175319642951
    endloop
  endfacet
  facet normal 0 -0.5000000000000006 0.8660254037844383
    outer loop
      vertex 1.6037838169959322 52.5 47.19175319642951
      vertex 1.6037838169959322 55.85 49.12587659821476
      vertex 0.25 55.85 49.12587659821476
    endloop
  endfacet
  facet normal 0 1 0
    outer loop
      vertex 1.6037838169959322 49.15 49.12587659821476
      vertex 0.25 49.15 49.12587659821476
      vertex 1.6037838169959322 49.15 52.994123401785245
    endloop
  endfacet
  facet normal 0 1 0
    outer loop
      vertex 1.6037838169959322 49.15 52.994123401785245
      vertex 0.25 49.15 49.12587659821476
      vertex 0.25 49.15 52.994123401785245
    endloop
  endfacet
  facet normal 0 0.5000000000000006 -0.8660254037844383
    outer loop
      vertex 1.6037838169959322 49.15 52.994123401785245
      vertex 0.25 49.15 52.994123401785245
      vertex 1.6037838169959322 52.5 54.928246803570495
    endloop
  endfacet
  facet normal 0 0.5000000000000006 -0.8660254037844383
    outer loop
      vertex 0.25 49.15 52.994123401785245
      vertex 0.25 52.5 54.928246803570495
      vertex 1.6037838169959322 52.5 54.928246803570495
    endloop
  endfacet
  facet normal 0 -1 0
    outer loop
      vertex 0.25 55.85 49.12587659821476
      vertex 1.6037838169959322 55.85 49.12587659821476
      vertex 0.25 55.85 52.994123401785245
    endloop
  endfacet
  facet normal 0 -1 0
    outer loop
      vertex 1.6037838169959322 55.85 49.12587659821476
      vertex 1.6037838169959322 55.85 52.994123401785245
      vertex 0.25 55.85 52.994123401785245
    endloop
  endfacet
  facet normal 0 -0.5000000000000006 -0.8660254037844383
    outer loop
      vertex 1.6037838169959322 52.5 54.928246803570495
      vertex 0.25 52.5 54.928246803570495
      vertex 1.6037838169959322 55.85 52.994123401785245
    endloop
  endfacet
  facet normal 0 -0.5000000000000006 -0.8660254037844383
    outer loop
      vertex 1.6037838169959322 55.85 52.994123401785245
      vertex 0.25 52.5 54.928246803570495
      vertex 0.25 55.85 52.994123401785245
    endloop
  endfacet
  facet normal 0 0.5000000000000006 0.8660254037844384
    outer loop
      vertex 124.55 52.5 47.19175319642951
      vertex 124.55 49.15 49.12587659821476
      vertex 125.75 49.15 49.12587659821476
    endloop
  endfacet
  facet normal 0 0.5000000000000006 0.8660254037844384
    outer loop
      vertex 125.75 49.15 49.12587659821476
      vertex 125.75 52.5 47.19175319642951
      vertex 124.55 52.5 47.19175319642951
    endloop
  endfacet
  facet normal 0 -0.5000000000000006 0.8660254037844384
    outer loop
      vertex 125.75 52.5 47.19175319642951
      vertex 124.55 55.85 49.12587659821476
      vertex 124.55 52.5 47.19175319642951
    endloop
  endfacet
  facet normal 0 -0.5000000000000006 0.8660254037844384
    outer loop
      vertex 125.75 55.85 49.12587659821476
      vertex 124.55 55.85 49.12587659821476
      vertex 125.75 52.5 47.19175319642951
    endloop
  endfacet
  facet normal 0 1 0
    outer loop
      vertex 125.75 49.15 52.994123401785245
      vertex 125.75 49.15 49.12587659821476
      vertex 124.55 49.15 49.12587659821476
    endloop
  endfacet
  facet normal 0 1 0
    outer loop
      vertex 125.75 49.15 52.994123401785245
      vertex 124.55 49.15 49.12587659821476
      vertex 124.55 49.15 52.994123401785245
    endloop
  endfacet
  facet normal 0 0.5000000000000006 -0.8660254037844384
    outer loop
      vertex 125.75 49.15 52.994123401785245
      vertex 124.55 49.15 52.994123401785245
      vertex 125.75 52.5 54.928246803570495
    endloop
  endfacet
  facet normal 0 0.5000000000000006 -0.8660254037844384
    outer loop
      vertex 124.55 49.15 52.994123401785245
      vertex 124.55 52.5 54.928246803570495
      vertex 125.75 52.5 54.928246803570495
    endloop
  endfacet
  facet normal 0 -1 0
    outer loop
      vertex 124.55 55.85 49.12587659821476
      vertex 125.75 55.85 49.12587659821476
      vertex 124.55 55.85 52.994123401785245
    endloop
  endfacet
  facet normal 0 -1 0
    outer loop
      vertex 125.75 55.85 49.12587659821476
      vertex 125.75 55.85 52.994123401785245
      vertex 124.55 55.85 52.994123401785245
    endloop
  endfacet
  facet normal 0 -0.5000000000000006 -0.8660254037844384
    outer loop
      vertex 125.75 52.5 54.928246803570495
      vertex 124.55 52.5 54.928246803570495
      vertex 125.75 55.85 52.994123401785245
    endloop
  endfacet
  facet normal 0 -0.5000000000000006 -0.8660254037844384
    outer loop
      vertex 125.75 55.85 52.994123401785245
      vertex 124.55 52.5 54.928246803570495
      vertex 124.55 55.85 52.994123401785245
    endloop
  endfacet
  facet normal 0 0.5000000000000006 0.8660254037844383
    outer loop
      vertex 0.25 61.5 47.19175319642951
      vertex 0.25 58.15 49.12587659821476
      vertex 1.6037838169959322 58.15 49.12587659821476
    endloop
  endfacet
  facet normal 0 0.5000000000000006 0.8660254037844383
    outer loop
      vertex 1.6037838169959322 58.15 49.12587659821476
      vertex 1.6037838169959322 61.5 47.19175319642951
      vertex 0.25 61.5 47.19175319642951
    endloop
  endfacet
  facet normal 0 -0.5000000000000012 0.8660254037844378
    outer loop
      vertex 1.6037838169959322 61.5 47.19175319642951
      vertex 0.25 64.85 49.12587659821476
      vertex 0.25 61.5 47.19175319642951
    endloop
  endfacet
  facet normal 0 1 0
    outer loop
      vertex 1.6037838169959322 58.15 49.12587659821476
      vertex 0.25 58.15 49.12587659821476
      vertex 1.6037838169959322 58.15 52.994123401785245
    endloop
  endfacet
  facet normal 0 1 0
    outer loop
      vertex 1.6037838169959322 58.15 52.994123401785245
      vertex 0.25 58.15 49.12587659821476
      vertex 0.25 58.15 52.994123401785245
    endloop
  endfacet
  facet normal 0 0.5000000000000006 -0.8660254037844383
    outer loop
      vertex 1.6037838169959322 58.15 52.994123401785245
      vertex 0.25 58.15 52.994123401785245
      vertex 1.6037838169959322 61.5 54.928246803570495
    endloop
  endfacet
  facet normal 0 0.5000000000000006 -0.8660254037844383
    outer loop
      vertex 0.25 58.15 52.994123401785245
      vertex 0.25 61.5 54.928246803570495
      vertex 1.6037838169959322 61.5 54.928246803570495
    endloop
  endfacet
  facet normal 0 -0.5000000000000012 -0.8660254037844378
    outer loop
      vertex 1.6037838169959322 61.5 54.928246803570495
      vertex 0.25 61.5 54.928246803570495
      vertex 1.6037838169959322 64.85 52.994123401785245
    endloop
  endfacet
  facet normal 0 -0.5000000000000012 0.8660254037844378
    outer loop
      vertex 1.6037838169959322 64.85 49.12587659821476
      vertex 0.25 64.85 49.12587659821476
      vertex 1.6037838169959322 61.5 47.19175319642951
    endloop
  endfacet
  facet normal 0 -1 0
    outer loop
      vertex 0.25 64.85 49.12587659821476
      vertex 1.6037838169959322 64.85 49.12587659821476
      vertex 0.25 64.85 52.994123401785245
    endloop
  endfacet
  facet normal 0 -1 0
    outer loop
      vertex 1.6037838169959322 64.85 49.12587659821476
      vertex 1.6037838169959322 64.85 52.994123401785245
      vertex 0.25 64.85 52.994123401785245
    endloop
  endfacet
  facet normal 0 -0.5000000000000012 -0.8660254037844378
    outer loop
      vertex 1.6037838169959322 64.85 52.994123401785245
      vertex 0.25 61.5 54.928246803570495
      vertex 0.25 64.85 52.994123401785245
    endloop
  endfacet
  facet normal 0 0.5000000000000006 0.8660254037844384
    outer loop
      vertex 124.55 61.5 47.19175319642951
      vertex 124.55 58.15 49.12587659821476
      vertex 125.75 58.15 49.12587659821476
    endloop
  endfacet
  facet normal 0 0.5000000000000006 0.8660254037844384
    outer loop
      vertex 125.75 61.5 47.19175319642951
      vertex 124.55 61.5 47.19175319642951
      vertex 125.75 58.15 49.12587659821476
    endloop
  endfacet
  facet normal 0 -0.5000000000000013 0.8660254037844379
    outer loop
      vertex 125.75 61.5 47.19175319642951
      vertex 124.55 64.85 49.12587659821476
      vertex 124.55 61.5 47.19175319642951
    endloop
  endfacet
  facet normal 0 1 0
    outer loop
      vertex 125.75 58.15 52.994123401785245
      vertex 125.75 58.15 49.12587659821476
      vertex 124.55 58.15 49.12587659821476
    endloop
  endfacet
  facet normal 0 1 0
    outer loop
      vertex 125.75 58.15 52.994123401785245
      vertex 124.55 58.15 49.12587659821476
      vertex 124.55 58.15 52.994123401785245
    endloop
  endfacet
  facet normal 0 0.5000000000000006 -0.8660254037844384
    outer loop
      vertex 125.75 58.15 52.994123401785245
      vertex 124.55 58.15 52.994123401785245
      vertex 125.75 61.5 54.928246803570495
    endloop
  endfacet
  facet normal 0 0.5000000000000006 -0.8660254037844384
    outer loop
      vertex 124.55 58.15 52.994123401785245
      vertex 124.55 61.5 54.928246803570495
      vertex 125.75 61.5 54.928246803570495
    endloop
  endfacet
  facet normal 0 -0.5000000000000013 -0.8660254037844379
    outer loop
      vertex 125.75 61.5 54.928246803570495
      vertex 124.55 61.5 54.928246803570495
      vertex 125.75 64.85 52.994123401785245
    endloop
  endfacet
  facet normal 0 -0.5000000000000013 0.8660254037844379
    outer loop
      vertex 125.75 64.85 49.12587659821476
      vertex 124.55 64.85 49.12587659821476
      vertex 125.75 61.5 47.19175319642951
    endloop
  endfacet
  facet normal 0 -1 0
    outer loop
      vertex 124.55 64.85 49.12587659821476
      vertex 125.75 64.85 49.12587659821476
      vertex 124.55 64.85 52.994123401785245
    endloop
  endfacet
  facet normal 0 -1 0
    outer loop
      vertex 125.75 64.85 49.12587659821476
      vertex 125.75 64.85 52.994123401785245
      vertex 124.55 64.85 52.994123401785245
    endloop
  endfacet
  facet normal 0 -0.5000000000000013 -0.8660254037844379
    outer loop
      vertex 125.75 64.85 52.994123401785245
      vertex 124.55 61.5 54.928246803570495
      vertex 124.55 64.85 52.994123401785245
    endloop
  endfacet
  facet normal 0 0.5000000000000012 0.8660254037844378
    outer loop
      vertex 1.6037838169959322 70.5 47.19175319642951
      vertex 0.25 70.5 47.19175319642951
      vertex 1.6037838169959322 67.15 49.12587659821476
    endloop
  endfacet
  facet normal 0 0.5000000000000012 0.8660254037844378
    outer loop
      vertex 1.6037838169959322 67.15 49.12587659821476
      vertex 0.25 70.5 47.19175319642951
      vertex 0.25 67.15 49.12587659821476
    endloop
  endfacet
  facet normal 0 -0.5000000000000012 0.8660254037844378
    outer loop
      vertex 0.25 73.85 49.12587659821476
      vertex 0.25 70.5 47.19175319642951
      vertex 1.6037838169959322 70.5 47.19175319642951
    endloop
  endfacet
  facet normal 0 -0.5000000000000012 0.8660254037844378
    outer loop
      vertex 1.6037838169959322 73.85 49.12587659821476
      vertex 0.25 73.85 49.12587659821476
      vertex 1.6037838169959322 70.5 47.19175319642951
    endloop
  endfacet
  facet normal 0 1 0
    outer loop
      vertex 1.6037838169959322 67.15 52.994123401785245
      vertex 1.6037838169959322 67.15 49.12587659821476
      vertex 0.25 67.15 49.12587659821476
    endloop
  endfacet
  facet normal 0 1 0
    outer loop
      vertex 1.6037838169959322 67.15 52.994123401785245
      vertex 0.25 67.15 49.12587659821476
      vertex 0.25 67.15 52.994123401785245
    endloop
  endfacet
  facet normal 0 0.5000000000000012 -0.8660254037844378
    outer loop
      vertex 1.6037838169959322 67.15 52.994123401785245
      vertex 0.25 67.15 52.994123401785245
      vertex 1.6037838169959322 70.5 54.928246803570495
    endloop
  endfacet
  facet normal 0 0.5000000000000012 -0.8660254037844378
    outer loop
      vertex 0.25 67.15 52.994123401785245
      vertex 0.25 70.5 54.928246803570495
      vertex 1.6037838169959322 70.5 54.928246803570495
    endloop
  endfacet
  facet normal 0 -0.5000000000000012 -0.8660254037844378
    outer loop
      vertex 1.6037838169959322 70.5 54.928246803570495
      vertex 0.25 70.5 54.928246803570495
      vertex 1.6037838169959322 73.85 52.994123401785245
    endloop
  endfacet
  facet normal 0 -0.5000000000000012 -0.8660254037844378
    outer loop
      vertex 1.6037838169959322 73.85 52.994123401785245
      vertex 0.25 70.5 54.928246803570495
      vertex 0.25 73.85 52.994123401785245
    endloop
  endfacet
  facet normal 0 -1 0
    outer loop
      vertex 0.25 73.85 49.12587659821476
      vertex 1.6037838169959322 73.85 49.12587659821476
      vertex 0.25 73.85 52.994123401785245
    endloop
  endfacet
  facet normal 0 -1 0
    outer loop
      vertex 0.25 73.85 52.994123401785245
      vertex 1.6037838169959322 73.85 49.12587659821476
      vertex 1.6037838169959322 73.85 52.994123401785245
    endloop
  endfacet
  facet normal 0 0.5000000000000013 0.8660254037844379
    outer loop
      vertex 125.75 70.5 47.19175319642951
      vertex 124.55 70.5 47.19175319642951
      vertex 125.75 67.15 49.12587659821476
    endloop
  endfacet
  facet normal 0 0.5000000000000013 0.8660254037844379
    outer loop
      vertex 125.75 67.15 49.12587659821476
      vertex 124.55 70.5 47.19175319642951
      vertex 124.55 67.15 49.12587659821476
    endloop
  endfacet
  facet normal 0 -0.5000000000000013 0.8660254037844379
    outer loop
      vertex 125.75 70.5 47.19175319642951
      vertex 124.55 73.85 49.12587659821476
      vertex 124.55 70.5 47.19175319642951
    endloop
  endfacet
  facet normal 0 -0.5000000000000013 0.8660254037844379
    outer loop
      vertex 125.75 73.85 49.12587659821476
      vertex 124.55 73.85 49.12587659821476
      vertex 125.75 70.5 47.19175319642951
    endloop
  endfacet
  facet normal 0 1 0
    outer loop
      vertex 125.75 67.15 52.994123401785245
      vertex 125.75 67.15 49.12587659821476
      vertex 124.55 67.15 49.12587659821476
    endloop
  endfacet
  facet normal 0 1 0
    outer loop
      vertex 125.75 67.15 52.994123401785245
      vertex 124.55 67.15 49.12587659821476
      vertex 124.55 67.15 52.994123401785245
    endloop
  endfacet
  facet normal 0 0.5000000000000013 -0.8660254037844379
    outer loop
      vertex 125.75 67.15 52.994123401785245
      vertex 124.55 67.15 52.994123401785245
      vertex 125.75 70.5 54.928246803570495
    endloop
  endfacet
  facet normal 0 0.5000000000000013 -0.8660254037844379
    outer loop
      vertex 124.55 67.15 52.994123401785245
      vertex 124.55 70.5 54.928246803570495
      vertex 125.75 70.5 54.928246803570495
    endloop
  endfacet
  facet normal 0 -0.5000000000000013 -0.8660254037844379
    outer loop
      vertex 125.75 70.5 54.928246803570495
      vertex 124.55 70.5 54.928246803570495
      vertex 125.75 73.85 52.994123401785245
    endloop
  endfacet
  facet normal 0 -0.5000000000000013 -0.8660254037844379
    outer loop
      vertex 125.75 73.85 52.994123401785245
      vertex 124.55 70.5 54.928246803570495
      vertex 124.55 73.85 52.994123401785245
    endloop
  endfacet
  facet normal 0 -1 0
    outer loop
      vertex 124.55 73.85 49.12587659821476
      vertex 125.75 73.85 49.12587659821476
      vertex 124.55 73.85 52.994123401785245
    endloop
  endfacet
  facet normal 0 -1 0
    outer loop
      vertex 125.75 73.85 49.12587659821476
      vertex 125.75 73.85 52.994123401785245
      vertex 124.55 73.85 52.994123401785245
    endloop
  endfacet
  facet normal 0 0 1
    outer loop
      vertex 35.7 0.85 5.66
      vertex 36.17905517236415 1.4887402298188697 5.66
      vertex 35.7 1.4887402298188697 5.66
    endloop
  endfacet
  facet normal 0 0 1
    outer loop
      vertex 35.7 0.85 5.66
      vertex 37.11503493323306 1.5 5.66
      vertex 36.17905517236415 1.4887402298188697 5.66
    endloop
  endfacet
  facet normal 0 0 1
    outer loop
      vertex 35.7 0.85 5.66
      vertex 38.565 1.5 5.66
      vertex 37.11503493323306 1.5 5.66
    endloop
  endfacet
  facet normal 0 0 1
    outer loop
      vertex 35.7 0.85 5.66
      vertex 38.5 0.85 5.66
      vertex 38.565 1.5 5.66
    endloop
  endfacet
  facet normal 1 0 0
    outer loop
      vertex 35.7 0.85 5.66
      vertex 35.7 1.4887402298188697 5.66
      vertex 35.7 0.85 16.03
    endloop
  endfacet
  facet normal 0 1 0
    outer loop
      vertex 35.7 0.85 5.66
      vertex 35.7 0.85 16.03
      vertex 38.5 0.85 5.66
    endloop
  endfacet
  facet normal 1 0 0
    outer loop
      vertex 35.7 1.4887402298188697 9.05
      vertex 35.7 1.5 9.05
      vertex 35.7 1.4887402298188697 10.65
    endloop
  endfacet
  facet normal 1 0 0
    outer loop
      vertex 35.7 0.85 16.03
      vertex 35.7 1.4887402298188697 5.66
      vertex 35.7 1.4887402298188697 9.05
    endloop
  endfacet
  facet normal 1 0 0
    outer loop
      vertex 35.7 1.4887402298188697 10.65
      vertex 35.7 1.5 9.05
      vertex 35.7 1.5 10.65
    endloop
  endfacet
  facet normal 1 0 0
    outer loop
      vertex 35.7 0.85 16.03
      vertex 35.7 1.4887402298188697 9.05
      vertex 35.7 1.4887402298188697 10.65
    endloop
  endfacet
  facet normal 1 0 0
    outer loop
      vertex 35.7 0.85 16.03
      vertex 35.7 1.4887402298188697 10.65
      vertex 35.7 1.4887402298188697 16.03
    endloop
  endfacet
  facet normal 0 1 0
    outer loop
      vertex 38.5 0.85 5.66
      vertex 35.7 0.85 16.03
      vertex 38.5 0.85 16.029999999999998
    endloop
  endfacet
  facet normal -1.268826313857323e-15 0 -1
    outer loop
      vertex 35.7 0.85 16.03
      vertex 35.7 1.4887402298188697 16.03
      vertex 38.5 0.85 16.029999999999998
    endloop
  endfacet
  facet normal 1.7763568394002252e-14 8.343095157340978e-14 -1
    outer loop
      vertex 38.5 0.85 16.029999999999998
      vertex 35.7 1.4887402298188697 16.03
      vertex 38.7 0.85 16.03
    endloop
  endfacet
  facet normal 0 0 -1
    outer loop
      vertex 38.7 0.85 16.03
      vertex 35.7 1.4887402298188697 16.03
      vertex 38.7 1.4887402298188697 16.03
    endloop
  endfacet
  facet normal 0 0 1
    outer loop
      vertex 44.7 0.85 5.66
      vertex 45.1875 1.5 5.66
      vertex 44.7 1.5 5.66
    endloop
  endfacet
  facet normal 0 0 1
    outer loop
      vertex 44.7 0.85 5.66
      vertex 46.37894552312935 1.5 5.66
      vertex 45.1875 1.5 5.66
    endloop
  endfacet
  facet normal 0 0 1
    outer loop
      vertex 44.7 0.85 5.66
      vertex 47.515370397586246 1.4887402298188697 5.66
      vertex 46.37894552312935 1.5 5.66
    endloop
  endfacet
  facet normal 0 0 1
    outer loop
      vertex 44.7 0.85 5.66
      vertex 47.5 0.85 5.66
      vertex 47.515370397586246 1.4887402298188697 5.66
    endloop
  endfacet
  facet normal 1 0 0
    outer loop
      vertex 44.7 0.85 5.66
      vertex 44.7 1.5 5.66
      vertex 44.7 0.85 16.03
    endloop
  endfacet
  facet normal 1 0 0
    outer loop
      vertex 44.7 1.5 5.66
      vertex 44.7 1.5 10.65
      vertex 44.7 1.4887402298188697 10.65
    endloop
  endfacet
  facet normal 0 1 0
    outer loop
      vertex 44.7 0.85 5.66
      vertex 44.7 0.85 16.03
      vertex 47.5 0.85 5.66
    endloop
  endfacet
  facet normal 1 0 0
    outer loop
      vertex 44.7 1.5 5.66
      vertex 44.7 1.4887402298188697 10.65
      vertex 44.7 0.85 16.03
    endloop
  endfacet
  facet normal 1 0 0
    outer loop
      vertex 44.7 0.85 16.03
      vertex 44.7 1.4887402298188697 10.65
      vertex 44.7 1.4887402298188697 16.03
    endloop
  endfacet
  facet normal 0 1 0
    outer loop
      vertex 44.7 0.85 16.03
      vertex 47.5 0.85 16.029999999999998
      vertex 47.5 0.85 5.66
    endloop
  endfacet
  facet normal -1.268826313857323e-15 0 -1
    outer loop
      vertex 44.7 0.85 16.03
      vertex 44.7 1.4887402298188697 16.03
      vertex 47.5 0.85 16.029999999999998
    endloop
  endfacet
  facet normal 1.7763568394002252e-14 8.343095157340978e-14 -1
    outer loop
      vertex 47.5 0.85 16.029999999999998
      vertex 44.7 1.4887402298188697 16.03
      vertex 47.7 0.85 16.03
    endloop
  endfacet
  facet normal 0 0 -1
    outer loop
      vertex 47.7 0.85 16.03
      vertex 44.7 1.4887402298188697 16.03
      vertex 47.7 1.4887402298188697 16.03
    endloop
  endfacet
  facet normal 0 0 1
    outer loop
      vertex 47.5 0.85 5.66
      vertex 47.563874022981885 1.4887402298188697 5.66
      vertex 47.515370397586246 1.4887402298188697 5.66
    endloop
  endfacet
  facet normal 0 0 1
    outer loop
      vertex 53.7 0.85 5.66
      vertex 56.563874022981885 1.4887402298188697 5.66
      vertex 53.7 1.4887402298188697 5.66
    endloop
  endfacet
  facet normal 0 0 1
    outer loop
      vertex 53.7 0.85 5.66
      vertex 56.5 0.85 5.66
      vertex 56.563874022981885 1.4887402298188697 5.66
    endloop
  endfacet
  facet normal 1 0 0
    outer loop
      vertex 53.7 0.85 5.66
      vertex 53.7 1.4887402298188697 5.66
      vertex 53.7 0.85 16.03
    endloop
  endfacet
  facet normal 0 1 0
    outer loop
      vertex 53.7 0.85 5.66
      vertex 53.7 0.85 16.03
      vertex 56.5 0.85 5.66
    endloop
  endfacet
  facet normal 1 0 0
    outer loop
      vertex 53.7 1.4887402298188697 10.65
      vertex 53.7 1.4887402298188697 9.05
      vertex 53.7 1.5 9.05
    endloop
  endfacet
  facet normal 1 0 0
    outer loop
      vertex 53.7 0.85 16.03
      vertex 53.7 1.4887402298188697 5.66
      vertex 53.7 1.4887402298188697 9.05
    endloop
  endfacet
  facet normal 1 0 0
    outer loop
      vertex 53.7 1.4887402298188697 10.65
      vertex 53.7 1.5 9.05
      vertex 53.7 1.5 10.65
    endloop
  endfacet
  facet normal 1 0 0
    outer loop
      vertex 53.7 0.85 16.03
      vertex 53.7 1.4887402298188697 9.05
      vertex 53.7 1.4887402298188697 10.65
    endloop
  endfacet
  facet normal 1 0 0
    outer loop
      vertex 53.7 0.85 16.03
      vertex 53.7 1.4887402298188697 10.65
      vertex 53.7 1.4887402298188697 16.03
    endloop
  endfacet
  facet normal -1.268826313857323e-15 0 -1
    outer loop
      vertex 53.7 0.85 16.03
      vertex 53.7 1.4887402298188697 16.03
      vertex 56.5 0.85 16.029999999999998
    endloop
  endfacet
  facet normal 0 1 0
    outer loop
      vertex 56.5 0.85 5.66
      vertex 53.7 0.85 16.03
      vertex 56.5 0.85 16.029999999999998
    endloop
  endfacet
  facet normal 1.7763568394002252e-14 8.343095157340978e-14 -1
    outer loop
      vertex 56.5 0.85 16.029999999999998
      vertex 53.7 1.4887402298188697 16.03
      vertex 56.7 0.85 16.03
    endloop
  endfacet
  facet normal 0 0 -1
    outer loop
      vertex 56.7 0.85 16.03
      vertex 53.7 1.4887402298188697 16.03
      vertex 56.7 1.4887402298188697 16.03
    endloop
  endfacet
  facet normal 1 0 0
    outer loop
      vertex 62.7 0.85 5.66
      vertex 62.7 1.4887402298188697 5.66
      vertex 62.7 0.85 16.03
    endloop
  endfacet
  facet normal 1 0 0
    outer loop
      vertex 62.7 1.4887402298188697 10.65
      vertex 62.7 1.4887402298188697 9.05
      vertex 62.7 1.5 9.05
    endloop
  endfacet
  facet normal 1 0 0
    outer loop
      vertex 62.7 0.85 16.03
      vertex 62.7 1.4887402298188697 5.66
      vertex 62.7 1.4887402298188697 9.05
    endloop
  endfacet
  facet normal 1 0 0
    outer loop
      vertex 62.7 1.4887402298188697 10.65
      vertex 62.7 1.5 9.05
      vertex 62.7 1.5 10.65
    endloop
  endfacet
  facet normal 1 0 0
    outer loop
      vertex 62.7 0.85 16.03
      vertex 62.7 1.4887402298188697 9.05
      vertex 62.7 1.4887402298188697 10.65
    endloop
  endfacet
  facet normal 1 0 0
    outer loop
      vertex 62.7 0.85 16.03
      vertex 62.7 1.4887402298188697 10.65
      vertex 62.7 1.4887402298188697 16.03
    endloop
  endfacet
  facet normal 0 0 1
    outer loop
      vertex 62.7 0.85 5.66
      vertex 65.56387402298188 1.4887402298188697 5.66
      vertex 62.7 1.4887402298188697 5.66
    endloop
  endfacet
  facet normal 0 0 1
    outer loop
      vertex 62.7 0.85 5.66
      vertex 65.5 0.85 5.66
      vertex 65.56387402298188 1.4887402298188697 5.66
    endloop
  endfacet
  facet normal 0 1 0
    outer loop
      vertex 62.7 0.85 5.66
      vertex 62.7 0.85 16.03
      vertex 65.5 0.85 5.66
    endloop
  endfacet
  facet normal 0 1 0
    outer loop
      vertex 62.7 0.85 16.03
      vertex 65.5 0.85 16.029999999999998
      vertex 65.5 0.85 5.66
    endloop
  endfacet
  facet normal -1.268826313857323e-15 0 -1
    outer loop
      vertex 62.7 0.85 16.03
      vertex 62.7 1.4887402298188697 16.03
      vertex 65.5 0.85 16.029999999999998
    endloop
  endfacet
  facet normal 1.7763568394002252e-14 8.343095157340978e-14 -1
    outer loop
      vertex 65.5 0.85 16.029999999999998
      vertex 62.7 1.4887402298188697 16.03
      vertex 65.7 0.85 16.03
    endloop
  endfacet
  facet normal 0 0 -1
    outer loop
      vertex 65.7 0.85 16.03
      vertex 62.7 1.4887402298188697 16.03
      vertex 65.7 1.4887402298188697 16.03
    endloop
  endfacet
  facet normal 0 0 1
    outer loop
      vertex 71.7 0.85 5.66
      vertex 74.56387402298188 1.4887402298188697 5.66
      vertex 71.7 1.4887402298188697 5.66
    endloop
  endfacet
  facet normal 0 0 1
    outer loop
      vertex 71.7 0.85 5.66
      vertex 74.5 0.85 5.66
      vertex 74.56387402298188 1.4887402298188697 5.66
    endloop
  endfacet
  facet normal 1 0 0
    outer loop
      vertex 71.7 0.85 5.66
      vertex 71.7 1.4887402298188697 5.66
      vertex 71.7 0.85 16.03
    endloop
  endfacet
  facet normal 0 1 0
    outer loop
      vertex 71.7 0.85 5.66
      vertex 71.7 0.85 16.03
      vertex 74.5 0.85 5.66
    endloop
  endfacet
  facet normal 1 0 0
    outer loop
      vertex 71.7 1.4887402298188697 10.65
      vertex 71.7 1.4887402298188697 9.05
      vertex 71.7 1.5 9.05
    endloop
  endfacet
  facet normal 1 0 0
    outer loop
      vertex 71.7 0.85 16.03
      vertex 71.7 1.4887402298188697 5.66
      vertex 71.7 1.4887402298188697 9.05
    endloop
  endfacet
  facet normal 1 0 0
    outer loop
      vertex 71.7 1.4887402298188697 10.65
      vertex 71.7 1.5 9.05
      vertex 71.7 1.5 10.65
    endloop
  endfacet
  facet normal 1 0 0
    outer loop
      vertex 71.7 0.85 16.03
      vertex 71.7 1.4887402298188697 9.05
      vertex 71.7 1.4887402298188697 10.65
    endloop
  endfacet
  facet normal 1 0 0
    outer loop
      vertex 71.7 0.85 16.03
      vertex 71.7 1.4887402298188697 10.65
      vertex 71.7 1.4887402298188697 16.03
    endloop
  endfacet
  facet normal 0 1 0
    outer loop
      vertex 74.5 0.85 5.66
      vertex 71.7 0.85 16.03
      vertex 74.5 0.85 16.029999999999998
    endloop
  endfacet
  facet normal -1.268826313857323e-15 0 -1
    outer loop
      vertex 71.7 0.85 16.03
      vertex 71.7 1.4887402298188697 16.03
      vertex 74.5 0.85 16.029999999999998
    endloop
  endfacet
  facet normal 1.7763568394002252e-14 8.343095157340978e-14 -1
    outer loop
      vertex 74.5 0.85 16.029999999999998
      vertex 71.7 1.4887402298188697 16.03
      vertex 74.7 0.85 16.03
    endloop
  endfacet
  facet normal 0 0 -1
    outer loop
      vertex 74.7 0.85 16.03
      vertex 71.7 1.4887402298188697 16.03
      vertex 74.7 1.4887402298188697 16.03
    endloop
  endfacet
  facet normal 0 0 1
    outer loop
      vertex 80.7 0.85 5.66
      vertex 81.1875 1.5 5.66
      vertex 80.7 1.5 5.66
    endloop
  endfacet
  facet normal 0 0 1
    outer loop
      vertex 80.7 0.85 5.66
      vertex 83.565 1.5 5.66
      vertex 81.1875 1.5 5.66
    endloop
  endfacet
  facet normal 0 0 1
    outer loop
      vertex 80.7 0.85 5.66
      vertex 83.5 0.85 5.66
      vertex 83.565 1.5 5.66
    endloop
  endfacet
  facet normal 1 0 0
    outer loop
      vertex 80.7 0.85 5.66
      vertex 80.7 1.5 5.66
      vertex 80.7 0.85 16.03
    endloop
  endfacet
  facet normal 1 0 0
    outer loop
      vertex 80.7 1.5 5.66
      vertex 80.7 1.5 10.65
      vertex 80.7 1.4887402298188697 10.65
    endloop
  endfacet
  facet normal 0 1 0
    outer loop
      vertex 80.7 0.85 5.66
      vertex 80.7 0.85 16.03
      vertex 83.5 0.85 5.66
    endloop
  endfacet
  facet normal 1 0 0
    outer loop
      vertex 80.7 1.5 5.66
      vertex 80.7 1.4887402298188697 10.65
      vertex 80.7 0.85 16.03
    endloop
  endfacet
  facet normal 0 1 0
    outer loop
      vertex 80.7 0.85 16.03
      vertex 83.5 0.85 16.029999999999998
      vertex 83.5 0.85 5.66
    endloop
  endfacet
  facet normal 1 0 0
    outer loop
      vertex 80.7 0.85 16.03
      vertex 80.7 1.4887402298188697 10.65
      vertex 80.7 1.4887402298188697 16.03
    endloop
  endfacet
  facet normal -1.268826313857323e-15 0 -1
    outer loop
      vertex 80.7 0.85 16.03
      vertex 80.7 1.4887402298188697 16.03
      vertex 83.5 0.85 16.029999999999998
    endloop
  endfacet
  facet normal 1.7763568394002252e-14 8.343095157340978e-14 -1
    outer loop
      vertex 83.5 0.85 16.029999999999998
      vertex 80.7 1.4887402298188697 16.03
      vertex 83.7 0.85 16.03
    endloop
  endfacet
  facet normal 0 0 -1
    outer loop
      vertex 83.7 0.85 16.03
      vertex 80.7 1.4887402298188697 16.03
      vertex 83.7 1.4887402298188697 16.03
    endloop
  endfacet
  facet normal 0 0 1
    outer loop
      vertex 89.7 0.85 5.66
      vertex 90.17905517236416 1.4887402298188697 5.66
      vertex 89.7 1.4887402298188697 5.66
    endloop
  endfacet
  facet normal 0 0 1
    outer loop
      vertex 89.7 0.85 5.66
      vertex 92.565 1.5 5.66
      vertex 90.17905517236416 1.4887402298188697 5.66
    endloop
  endfacet
  facet normal 0 0 1
    outer loop
      vertex 92.565 1.5 5.66
      vertex 90.1875 1.5 5.66
      vertex 90.17905517236416 1.4887402298188697 5.66
    endloop
  endfacet
  facet normal 0 0 1
    outer loop
      vertex 89.7 0.85 5.66
      vertex 92.5 0.85 5.66
      vertex 92.565 1.5 5.66
    endloop
  endfacet
  facet normal 1 0 0
    outer loop
      vertex 89.7 0.85 5.66
      vertex 89.7 1.4887402298188697 5.66
      vertex 89.7 0.85 16.03
    endloop
  endfacet
  facet normal 1 0 0
    outer loop
      vertex 89.7 1.4887402298188697 10.65
      vertex 89.7 1.4887402298188697 9.05
      vertex 89.7 1.5 9.05
    endloop
  endfacet
  facet normal 1 0 0
    outer loop
      vertex 89.7 0.85 16.03
      vertex 89.7 1.4887402298188697 5.66
      vertex 89.7 1.4887402298188697 9.05
    endloop
  endfacet
  facet normal 1 0 0
    outer loop
      vertex 89.7 1.4887402298188697 10.65
      vertex 89.7 1.5 9.05
      vertex 89.7 1.5 10.65
    endloop
  endfacet
  facet normal 1 0 0
    outer loop
      vertex 89.7 0.85 16.03
      vertex 89.7 1.4887402298188697 9.05
      vertex 89.7 1.4887402298188697 10.65
    endloop
  endfacet
  facet normal 0 1 0
    outer loop
      vertex 89.7 0.85 5.66
      vertex 89.7 0.85 16.03
      vertex 92.5 0.85 5.66
    endloop
  endfacet
  facet normal 1 0 0
    outer loop
      vertex 89.7 0.85 16.03
      vertex 89.7 1.4887402298188697 10.65
      vertex 89.7 1.4887402298188697 16.03
    endloop
  endfacet
  facet normal 0 1 0
    outer loop
      vertex 92.5 0.85 5.66
      vertex 89.7 0.85 16.03
      vertex 92.5 0.85 16.029999999999998
    endloop
  endfacet
  facet normal -1.268826313857323e-15 0 -1
    outer loop
      vertex 89.7 0.85 16.03
      vertex 89.7 1.4887402298188697 16.03
      vertex 92.5 0.85 16.029999999999998
    endloop
  endfacet
  facet normal 1.7763568394002252e-14 8.343095157340978e-14 -1
    outer loop
      vertex 92.5 0.85 16.029999999999998
      vertex 89.7 1.4887402298188697 16.03
      vertex 92.7 0.85 16.03
    endloop
  endfacet
  facet normal 0 0 -1
    outer loop
      vertex 92.7 0.85 16.03
      vertex 89.7 1.4887402298188697 16.03
      vertex 92.7 1.4887402298188697 16.03
    endloop
  endfacet
  facet normal 3.70804229215162e-15 -2.7810317191136992e-15 1
    outer loop
      vertex 98.7 0.85 5.66
      vertex 99.1875 1.5 5.66
      vertex 98.7 1.4887402298188697 5.660000000000002
    endloop
  endfacet
  facet normal 3.643808901333868e-15 0 1
    outer loop
      vertex 99.1875 1.5 5.66
      vertex 98.7 1.5 5.660000000000002
      vertex 98.7 1.4887402298188697 5.660000000000002
    endloop
  endfacet
  facet normal 0 0 1
    outer loop
      vertex 98.7 0.85 5.66
      vertex 101.7 0.85 5.66
      vertex 99.1875 1.5 5.66
    endloop
  endfacet
  facet normal -1.0792063387605387e-15 -4.171547578670549e-15 1
    outer loop
      vertex 101.7 0.85 5.66
      vertex 101.7 1.4887402298188697 5.660000000000003
      vertex 99.1875 1.5 5.66
    endloop
  endfacet
  facet normal 0 2.366420642905956e-13 1
    outer loop
      vertex 99.1875 1.5 5.66
      vertex 101.7 1.4887402298188697 5.660000000000003
      vertex 101.7 1.5 5.66
    endloop
  endfacet
  facet normal -1 0 0
    outer loop
      vertex 101.7 0.85 5.66
      vertex 101.7 1.4887402298188697 9.05
      vertex 101.7 1.4887402298188697 5.660000000000003
    endloop
  endfacet
  facet normal 1 0 0
    outer loop
      vertex 98.7 0.85 5.66
      vertex 98.7 1.4887402298188697 5.660000000000002
      vertex 98.7 0.85 16.03
    endloop
  endfacet
  facet normal 1 0 0
    outer loop
      vertex 98.7 1.4887402298188697 10.65
      vertex 98.7 1.4887402298188697 9.05
      vertex 98.7 1.5 9.05
    endloop
  endfacet
  facet normal 1 0 0
    outer loop
      vertex 98.7 0.85 16.03
      vertex 98.7 1.4887402298188697 5.660000000000002
      vertex 98.7 1.4887402298188697 9.05
    endloop
  endfacet
  facet normal 1 0 0
    outer loop
      vertex 98.7 1.4887402298188697 10.65
      vertex 98.7 1.5 9.05
      vertex 98.7 1.5 10.65
    endloop
  endfacet
  facet normal 0 1 0
    outer loop
      vertex 98.7 0.85 5.66
      vertex 101.7 0.85 16.03
      vertex 101.7 0.85 5.66
    endloop
  endfacet
  facet normal -1 0 0
    outer loop
      vertex 101.7 0.85 5.66
      vertex 101.7 1.4887402298188697 10.65
      vertex 101.7 1.4887402298188697 9.05
    endloop
  endfacet
  facet normal -1 0 0
    outer loop
      vertex 101.7 1.4887402298188697 10.65
      vertex 101.7 1.5 9.05
      vertex 101.7 1.4887402298188697 9.05
    endloop
  endfacet
  facet normal -1 0 0
    outer loop
      vertex 101.7 1.4887402298188697 10.65
      vertex 101.7 1.5 10.65
      vertex 101.7 1.5 9.05
    endloop
  endfacet
  facet normal 1 0 0
    outer loop
      vertex 98.7 0.85 16.03
      vertex 98.7 1.4887402298188697 9.05
      vertex 98.7 1.4887402298188697 10.65
    endloop
  endfacet
  facet normal -1 0 0
    outer loop
      vertex 101.7 0.85 5.66
      vertex 101.7 1.4887402298188697 16.03
      vertex 101.7 1.4887402298188697 10.65
    endloop
  endfacet
  facet normal 0 1 0
    outer loop
      vertex 98.7 0.85 5.66
      vertex 98.7 0.85 16.03
      vertex 101.7 0.85 16.03
    endloop
  endfacet
  facet normal 1 0 0
    outer loop
      vertex 98.7 0.85 16.03
      vertex 98.7 1.4887402298188697 10.65
      vertex 98.7 1.4887402298188697 16.03
    endloop
  endfacet
  facet normal -1 0 0
    outer loop
      vertex 101.7 0.85 5.66
      vertex 101.7 0.85 16.03
      vertex 101.7 1.4887402298188697 16.03
    endloop
  endfacet
  facet normal 0 0 -1
    outer loop
      vertex 98.7 0.85 16.03
      vertex 98.7 1.4887402298188697 16.03
      vertex 101.7 0.85 16.03
    endloop
  endfacet
  facet normal 0 0 -1
    outer loop
      vertex 101.7 0.85 16.03
      vertex 98.7 1.4887402298188697 16.03
      vertex 101.7 1.4887402298188697 16.03
    endloop
  endfacet
  facet normal 0 0 1
    outer loop
      vertex 0.752404735808355 81.875 5.66
      vertex 0.35717967697245107 80.4 5.66
      vertex 1.6037838169959322 80.4 5.66
    endloop
  endfacet
  facet normal 0 1 0
    outer loop
      vertex 1.6037838169959322 80.4 9.05
      vertex 1.6037838169959322 80.4 5.66
      vertex 0.35717967697245107 80.4 5.66
    endloop
  endfacet
  facet normal 0 0 1
    outer loop
      vertex 2.125 83.24759526419165 5.66
      vertex 0.752404735808355 81.875 5.66
      vertex 4 83.75 5.66
    endloop
  endfacet
  facet normal 0 1 0
    outer loop
      vertex 1.6037838169959322 80.4 9.05
      vertex 0.35717967697245107 80.4 5.66
      vertex 1.6037838169959322 80.4 10.65
    endloop
  endfacet
  facet normal 0 1 0
    outer loop
      vertex 1.6037838169959322 80.4 9.05
      vertex 1.6037838169959322 80.4 10.65
      vertex 40.40441190629352 80.4 9.05
    endloop
  endfacet
  facet normal 0 1 0
    outer loop
      vertex 40.40441190629352 80.4 9.05
      vertex 1.6037838169959322 80.4 10.65
      vertex 43.60378381699593 80.4 9.05
    endloop
  endfacet
  facet normal 0 1 0
    outer loop
      vertex 1.6037838169959322 80.4 10.65
      vertex 0.35717967697245107 80.4 5.66
      vertex 1.6037838169959322 80.4 59.399699999999996
    endloop
  endfacet
  facet normal 0 1 0
    outer loop
      vertex 40.40441190629352 80.4 5.66
      vertex 43.60378381699593 80.4 9.05
      vertex 43.60378381699593 80.4 5.66
    endloop
  endfacet
  facet normal 0 1 0
    outer loop
      vertex 43.60378381699593 80.4 9.05
      vertex 40.40441190629352 80.4 5.66
      vertex 40.40441190629352 80.4 9.05
    endloop
  endfacet
  facet normal 0 0 1
    outer loop
      vertex 0.752404735808355 81.875 5.66
      vertex 1.6037838169959322 80.4 5.66
      vertex 122 83.75 5.66
    endloop
  endfacet
  facet normal 0 0 1
    outer loop
      vertex 4 83.75 5.66
      vertex 0.752404735808355 81.875 5.66
      vertex 122 83.75 5.66
    endloop
  endfacet
  facet normal 0 1 0
    outer loop
      vertex 82.40441190629352 80.4 9.05
      vertex 43.60378381699593 80.4 9.05
      vertex 1.6037838169959322 80.4 10.65
    endloop
  endfacet
  facet normal 0 0 1
    outer loop
      vertex 1.6037838169959322 80.4 5.66
      vertex 40.40441190629352 80.4 5.66
      vertex 122 83.75 5.66
    endloop
  endfacet
  facet normal 0 1 0
    outer loop
      vertex 82.40441190629352 80.4 9.05
      vertex 1.6037838169959322 80.4 10.65
      vertex 85.60378381699593 80.4 9.05
    endloop
  endfacet
  facet normal 0 1 0
    outer loop
      vertex 1.6037838169959322 80.4 59.399699999999996
      vertex 0.35717967697245107 80.4 5.66
      vertex 0.35717967697245057 80.4 61.989700000000006
    endloop
  endfacet
  facet normal 0 1 0
    outer loop
      vertex 1.6037838169959322 80.4 59.399699999999996
      vertex 0.35717967697245057 80.4 61.989700000000006
      vertex 1.6131140983370604 80.4 59.399699999999996
    endloop
  endfacet
  facet normal 0 1 0
    outer loop
      vertex 1.6131140983370604 80.4 59.399699999999996
      vertex 0.35717967697245057 80.4 61.989700000000006
      vertex 2.9010090322181457 80.4 60.78003879879144
    endloop
  endfacet
  facet normal 0 1 0
    outer loop
      vertex 2.9010090322181457 80.4 60.78003879879144
      vertex 2.798459799774413 80.4 62.23120807871875
      vertex 2.9249560160293853 80.4 60.7997
    endloop
  endfacet
  facet normal 0 1 0
    outer loop
      vertex 3.0696304564688113 80.4 62.01438693601494
      vertex 3.0696304564688113 80.4 60.7997
      vertex 2.9249560160293853 80.4 60.7997
    endloop
  endfacet
  facet normal 0 1 0
    outer loop
      vertex 2.9010090322181457 80.4 60.78003879879144
      vertex 0.35717967697245057 80.4 61.989700000000006
      vertex 2.798459799774413 80.4 62.23120807871875
    endloop
  endfacet
  facet normal 0 1 0
    outer loop
      vertex 0.35717967697245057 80.4 61.989700000000006
      vertex 2.380940107675853 80.4 62.749700000000004
      vertex 2.798459799774413 80.4 62.23120807871875
    endloop
  endfacet
  facet normal 0 1 0
    outer loop
      vertex 2.380940107675853 80.4 62.749700000000004
      vertex 0.35717967697245057 80.4 61.989700000000006
      vertex 2.380940107675852 80.4 64.5497
    endloop
  endfacet
  facet normal 0 1 0
    outer loop
      vertex 3.0696304564688113 80.4 62.01438693601494
      vertex 2.9249560160293853 80.4 60.7997
      vertex 2.798459799774413 80.4 62.23120807871875
    endloop
  endfacet
  facet normal 0 1 0
    outer loop
      vertex 1.0512973897560622 80.4 65.7397
      vertex 2.24129738975606 80.4 64.5497
      vertex 0.35717967697245057 80.4 61.989700000000006
    endloop
  endfacet
  facet normal 0 1 0
    outer loop
      vertex 1.0512973897560622 80.4 65.7397
      vertex 0.35717967697245057 80.4 61.989700000000006
      vertex 0.35717967697245057 80.4 65.7397
    endloop
  endfacet
  facet normal 0 1 0
    outer loop
      vertex 2.24129738975606 80.4 64.5497
      vertex 2.380940107675852 80.4 64.5497
      vertex 0.35717967697245057 80.4 61.989700000000006
    endloop
  endfacet
  facet normal 0 0 1
    outer loop
      vertex 122 83.75 5.66
      vertex 40.40441190629352 80.4 5.66
      vertex 43.60378381699593 80.4 5.66
    endloop
  endfacet
  facet normal 0 1 0
    outer loop
      vertex 124.40441190629352 80.4 9.05
      vertex 85.60378381699593 80.4 9.05
      vertex 1.6037838169959322 80.4 10.65
    endloop
  endfacet
  facet normal 0 1 0
    outer loop
      vertex 82.40441190629352 80.4 5.66
      vertex 85.60378381699593 80.4 9.05
      vertex 85.60378381699593 80.4 5.66
    endloop
  endfacet
  facet normal 0 1 0
    outer loop
      vertex 85.60378381699593 80.4 9.05
      vertex 82.40441190629352 80.4 5.66
      vertex 82.40441190629352 80.4 9.05
    endloop
  endfacet
  facet normal 0 0 1
    outer loop
      vertex 43.60378381699593 80.4 5.66
      vertex 82.40441190629352 80.4 5.66
      vertex 122 83.75 5.66
    endloop
  endfacet
  facet normal 0 1 0
    outer loop
      vertex 1.6037838169959322 80.4 10.65
      vertex 124.40441190629352 80.4 10.65
      vertex 124.40441190629352 80.4 9.05
    endloop
  endfacet
  facet normal 0 0 1
    outer loop
      vertex 122 83.75 5.66
      vertex 82.40441190629352 80.4 5.66
      vertex 85.60378381699593 80.4 5.66
    endloop
  endfacet
  facet normal 0 0 1
    outer loop
      vertex 85.60378381699593 80.4 5.66
      vertex 123.95341332995339 80.4 5.66
      vertex 122 83.75 5.66
    endloop
  endfacet
  facet normal 0 0 1
    outer loop
      vertex 124.40441190629352 80.4 5.66
      vertex 125.24759526419165 81.875 5.66
      vertex 123.95341332995339 80.4 5.66
    endloop
  endfacet
  facet normal 0 0 1
    outer loop
      vertex 125.64282032302755 80.4 5.66
      vertex 125.24759526419165 81.875 5.66
      vertex 124.40441190629352 80.4 5.66
    endloop
  endfacet
  facet normal 0 0 1
    outer loop
      vertex 123.875 83.24759526419165 5.66
      vertex 122 83.75 5.66
      vertex 123.95341332995339 80.4 5.66
    endloop
  endfacet
  facet normal 0 0 1
    outer loop
      vertex 125.24759526419165 81.875 5.66
      vertex 123.875 83.24759526419165 5.66
      vertex 123.95341332995339 80.4 5.66
    endloop
  endfacet
  facet normal 0 1 0
    outer loop
      vertex 124.40441190629352 80.4 5.66
      vertex 125.64282032302755 80.4 61.989700000000006
      vertex 125.64282032302755 80.4 5.66
    endloop
  endfacet
  facet normal 0 1 0
    outer loop
      vertex 124.40441190629352 80.4 5.66
      vertex 124.40441190629352 80.4 9.05
      vertex 125.64282032302755 80.4 61.989700000000006
    endloop
  endfacet
  facet normal 0 1 0
    outer loop
      vertex 124.40441190629352 80.4 9.05
      vertex 124.40441190629352 80.4 10.65
      vertex 125.64282032302755 80.4 61.989700000000006
    endloop
  endfacet
  facet normal 0 1 0
    outer loop
      vertex 125.64282032302755 80.4 61.989700000000006
      vertex 124.40441190629352 80.4 10.65
      vertex 124.40441190629352 80.4 59.399699999999996
    endloop
  endfacet
  facet normal 0 1 0
    outer loop
      vertex 124.40441190629352 80.4 59.399699999999996
      vertex 124.39448282827934 80.4 59.399699999999996
      vertex 125.64282032302755 80.4 61.989700000000006
    endloop
  endfacet
  facet normal 0 1 0
    outer loop
      vertex 123.00441190629353 80.4 60.7997
      vertex 125.64282032302755 80.4 61.989700000000006
      vertex 124.39448282827934 80.4 59.399699999999996
    endloop
  endfacet
  facet normal 0 1 0
    outer loop
      vertex 123.00441190629353 80.4 60.7997
      vertex 122.85938298879786 80.4 60.7997
      vertex 125.64282032302755 80.4 61.989700000000006
    endloop
  endfacet
  facet normal 0 1 0
    outer loop
      vertex 122.85938298879786 80.4 60.7997
      vertex 122.85938298879749 80.4 62.026695042898446
      vertex 123.01879187734109 80.4 62.14943198501696
    endloop
  endfacet
  facet normal 0 1 0
    outer loop
      vertex 122.85938298879786 80.4 60.7997
      vertex 123.01879187734109 80.4 62.14943198501696
      vertex 125.64282032302755 80.4 61.989700000000006
    endloop
  endfacet
  facet normal 0 1 0
    outer loop
      vertex 123.01879187734109 80.4 62.14943198501696
      vertex 123.61905989232415 80.4 62.749700000000004
      vertex 125.64282032302755 80.4 61.989700000000006
    endloop
  endfacet
  facet normal 0 1 0
    outer loop
      vertex 123.61905989232415 80.4 62.749700000000004
      vertex 123.75870261024393 80.4 64.5497
      vertex 125.64282032302755 80.4 61.989700000000006
    endloop
  endfacet
  facet normal 0 1 0
    outer loop
      vertex 123.61905989232415 80.4 62.749700000000004
      vertex 123.61905989232415 80.4 64.5497
      vertex 123.75870261024393 80.4 64.5497
    endloop
  endfacet
  facet normal 0 1 0
    outer loop
      vertex 125.64282032302755 80.4 61.989700000000006
      vertex 123.75870261024393 80.4 64.5497
      vertex 125.64282032302755 80.4 65.7397
    endloop
  endfacet
  facet normal 0 1 0
    outer loop
      vertex 123.75870261024393 80.4 64.5497
      vertex 124.94870261024394 80.4 65.7397
      vertex 125.64282032302755 80.4 65.7397
    endloop
  endfacet
  facet normal 0 1 0
    outer loop
      vertex 3.4293913140246266 1.5 3.5642921581813836
      vertex 2.2256667199066964 1.5 4.1
      vertex 38.57060868597537 1.5 3.5642921581813836
    endloop
  endfacet
  facet normal 0 0 -1
    outer loop
      vertex 2.0671816142379256 1.5763224043491095 4.1
      vertex 1.2069965095025017 2.6549604087355694 4.1
      vertex 41.1 38 4.1
    endloop
  endfacet
  facet normal 0 0 -1
    outer loop
      vertex 2.0671816142379256 1.5763224043491095 4.1
      vertex 41.1 38 4.1
      vertex 2.2256667199066964 1.5 4.1
    endloop
  endfacet
  facet normal 0 0 -1
    outer loop
      vertex 1.2069965095025017 2.6549604087355694 4.1
      vertex 0.9000000000000006 4 4.1
      vertex 41.1 38 4.1
    endloop
  endfacet
  facet normal 0 1 0
    outer loop
      vertex 38.57060868597537 1.5 3.5642921581813836
      vertex 2.2256667199066964 1.5 4.1
      vertex 39.7743332800933 1.5 4.1
    endloop
  endfacet
  facet normal 0 0 -1
    outer loop
      vertex 40.7930034904975 2.6549604087355694 4.1
      vertex 39.7743332800933 1.5 4.1
      vertex 2.2256667199066964 1.5 4.1
    endloop
  endfacet
  facet normal 0 0 -1
    outer loop
      vertex 40.7930034904975 2.6549604087355694 4.1
      vertex 2.2256667199066964 1.5 4.1
      vertex 41.1 3.999999999999993 4.1
    endloop
  endfacet
  facet normal 0 0 -1
    outer loop
      vertex 41.1 3.999999999999993 4.1
      vertex 2.2256667199066964 1.5 4.1
      vertex 41.1 38 4.1
    endloop
  endfacet
  facet normal 0 0 -1
    outer loop
      vertex 0.9000000000000006 4 4.1
      vertex 0.9000000000000006 38 4.1
      vertex 3.310185104735427 41.02227652776366 4.1
    endloop
  endfacet
  facet normal 0 0 -1
    outer loop
      vertex 0.9000000000000006 4 4.1
      vertex 3.310185104735427 41.02227652776366 4.1
      vertex 38.68981489526458 41.02227652776366 4.1
    endloop
  endfacet
  facet normal 0 0 -1
    outer loop
      vertex 0.9000000000000006 38 4.1
      vertex 1.2069965095025015 39.34503959126443 4.1
      vertex 3.310185104735427 41.02227652776366 4.1
    endloop
  endfacet
  facet normal 0 0 -1
    outer loop
      vertex 1.2069965095025015 39.34503959126443 4.1
      vertex 2.0671816142379256 40.42367759565089 4.1
      vertex 3.310185104735427 41.02227652776366 4.1
    endloop
  endfacet
  facet normal 0 0 -1
    outer loop
      vertex 0.9000000000000006 4 4.1
      vertex 40.7930034904975 39.34503959126443 4.1
      vertex 41.1 38 4.1
    endloop
  endfacet
  facet normal 0 0 -1
    outer loop
      vertex 0.9000000000000006 4 4.1
      vertex 38.68981489526458 41.02227652776366 4.1
      vertex 39.932818385762076 40.423677595650894 4.1
    endloop
  endfacet
  facet normal 0 0 -1
    outer loop
      vertex 0.9000000000000006 4 4.1
      vertex 39.932818385762076 40.423677595650894 4.1
      vertex 40.7930034904975 39.34503959126443 4.1
    endloop
  endfacet
  facet normal 0 0 -1
    outer loop
      vertex 40.7930034904975 2.6549604087355694 4.1
      vertex 39.932818385762076 1.5763224043491078 4.1
      vertex 39.7743332800933 1.5 4.1
    endloop
  endfacet
  facet normal 0 1 0
    outer loop
      vertex 45.42939131402463 1.5 3.5642921581813836
      vertex 44.2256667199067 1.5 4.1
      vertex 80.57060868597537 1.5 3.5642921581813836
    endloop
  endfacet
  facet normal 0 0 -1
    outer loop
      vertex 44.2256667199067 1.5 4.1
      vertex 44.06718161423793 1.5763224043491095 4.1
      vertex 81.7743332800933 1.5 4.1
    endloop
  endfacet
  facet normal 0 0 -1
    outer loop
      vertex 43.2069965095025 2.6549604087355694 4.1
      vertex 42.9 3.999999999999993 4.1
      vertex 81.7743332800933 1.5 4.1
    endloop
  endfacet
  facet normal 0 0 -1
    outer loop
      vertex 44.06718161423793 1.5763224043491095 4.1
      vertex 43.2069965095025 2.6549604087355694 4.1
      vertex 81.7743332800933 1.5 4.1
    endloop
  endfacet
  facet normal 0 0 -1
    outer loop
      vertex 42.9 3.999999999999993 4.1
      vertex 42.9 38 4.1
      vertex 83.1 3.9999999999999902 4.1
    endloop
  endfacet
  facet normal 0 0 -1
    outer loop
      vertex 42.9 38 4.1
      vertex 43.2069965095025 39.34503959126443 4.1
      vertex 83.1 3.9999999999999902 4.1
    endloop
  endfacet
  facet normal 0 0 -1
    outer loop
      vertex 43.2069965095025 39.34503959126443 4.1
      vertex 44.067181614237924 40.42367759565089 4.1
      vertex 83.1 3.9999999999999902 4.1
    endloop
  endfacet
  facet normal 0 0 -1
    outer loop
      vertex 44.067181614237924 40.42367759565089 4.1
      vertex 45.310185104735424 41.02227652776366 4.1
      vertex 83.1 3.9999999999999902 4.1
    endloop
  endfacet
  facet normal 0 0 -1
    outer loop
      vertex 1.2069965095025015 44.65496040873557 4.1
      vertex 0.9000000000000006 46 4.1
      vertex 38.68981489526458 42.97772347223634 4.1
    endloop
  endfacet
  facet normal 0 0 -1
    outer loop
      vertex 3.310185104735427 42.97772347223634 4.1
      vertex 2.0671816142379256 43.57632240434911 4.1
      vertex 38.68981489526458 42.97772347223634 4.1
    endloop
  endfacet
  facet normal 0 0 -1
    outer loop
      vertex 2.0671816142379256 43.57632240434911 4.1
      vertex 1.2069965095025015 44.65496040873557 4.1
      vertex 38.68981489526458 42.97772347223634 4.1
    endloop
  endfacet
  facet normal 0 0 -1
    outer loop
      vertex 38.68981489526458 42.97772347223634 4.1
      vertex 0.9000000000000006 46 4.1
      vertex 39.932818385762076 43.576322404349106 4.1
    endloop
  endfacet
  facet normal 0 0 -1
    outer loop
      vertex 39.932818385762076 43.576322404349106 4.1
      vertex 0.9000000000000006 46 4.1
      vertex 40.7930034904975 44.65496040873557 4.1
    endloop
  endfacet
  facet normal 0 0 -1
    outer loop
      vertex 40.7930034904975 44.65496040873557 4.1
      vertex 0.9000000000000006 46 4.1
      vertex 41.1 45.99999999999999 4.1
    endloop
  endfacet
  facet normal 0 0 -1
    outer loop
      vertex 41.1 45.99999999999999 4.1
      vertex 0.9000000000000006 46 4.1
      vertex 41.1 79.5 4.1
    endloop
  endfacet
  facet normal 0 0 -1
    outer loop
      vertex 0.9000000000000006 46 4.1
      vertex 0.9000000000000006 79.5 4.1
      vertex 41.1 79.5 4.1
    endloop
  endfacet
  facet normal 0 -1 0
    outer loop
      vertex 2.3999999999999986 79.5 2.6
      vertex 2.3999999999999986 79.5 0.8
      vertex 3.3527864045000406 79.5 0
    endloop
  endfacet
  facet normal 0 -1 0
    outer loop
      vertex 2.3999999999999986 79.5 2.6
      vertex 3.3527864045000406 79.5 0
      vertex 38.8 79.5 0
    endloop
  endfacet
  facet normal 0 -1 0
    outer loop
      vertex 0.9000000000000006 79.5 4.1
      vertex 2.3999999999999986 79.5 2.6
      vertex 39.6 79.5 0.8
    endloop
  endfacet
  facet normal 0 -1 0
    outer loop
      vertex 2.3999999999999986 79.5 2.6
      vertex 38.8 79.5 0
      vertex 39.6 79.5 0.8
    endloop
  endfacet
  facet normal 0 -1 0
    outer loop
      vertex 39.6 79.5 0.8
      vertex 39.6 79.5 2.6
      vertex 0.9000000000000006 79.5 4.1
    endloop
  endfacet
  facet normal 0 -1 0
    outer loop
      vertex 39.6 79.5 2.6
      vertex 41.1 79.5 4.1
      vertex 0.9000000000000006 79.5 4.1
    endloop
  endfacet
  facet normal 0 0 -1
    outer loop
      vertex 45.310185104735424 42.97772347223634 4.1
      vertex 44.067181614237924 43.57632240434911 4.1
      vertex 80.68981489526456 42.97772347223634 4.1
    endloop
  endfacet
  facet normal 0 0 -1
    outer loop
      vertex 44.067181614237924 43.57632240434911 4.1
      vertex 43.2069965095025 44.65496040873557 4.1
      vertex 80.68981489526456 42.97772347223634 4.1
    endloop
  endfacet
  facet normal 0 0 -1
    outer loop
      vertex 43.2069965095025 44.65496040873557 4.1
      vertex 42.9 45.99999999999999 4.1
      vertex 80.68981489526456 42.97772347223634 4.1
    endloop
  endfacet
  facet normal 0 -1 0
    outer loop
      vertex 44.4 79.5 2.6
      vertex 44.4 79.5 0.8
      vertex 45.35278640450004 79.5 0
    endloop
  endfacet
  facet normal 0 0 -1
    outer loop
      vertex 42.9 45.99999999999999 4.1
      vertex 42.9 79.5 4.1
      vertex 83.1 79.5 4.1
    endloop
  endfacet
  facet normal 0 -1 0
    outer loop
      vertex 45.35278640450004 79.5 0
      vertex 80.8 79.5 0
      vertex 44.4 79.5 2.6
    endloop
  endfacet
  facet normal 0 -1 0
    outer loop
      vertex 42.9 79.5 4.1
      vertex 44.4 79.5 2.6
      vertex 81.6 79.5 2.6
    endloop
  endfacet
  facet normal 0 1 0
    outer loop
      vertex 80.57060868597537 1.5 3.5642921581813836
      vertex 44.2256667199067 1.5 4.1
      vertex 81.7743332800933 1.5 4.1
    endloop
  endfacet
  facet normal 0 0 -1
    outer loop
      vertex 42.9 3.999999999999993 4.1
      vertex 81.93281838576206 1.5763224043491078 4.1
      vertex 81.7743332800933 1.5 4.1
    endloop
  endfacet
  facet normal 0 0 -1
    outer loop
      vertex 42.9 3.999999999999993 4.1
      vertex 82.7930034904975 2.6549604087355694 4.1
      vertex 81.93281838576206 1.5763224043491078 4.1
    endloop
  endfacet
  facet normal 0 0 -1
    outer loop
      vertex 42.9 3.999999999999993 4.1
      vertex 83.1 3.9999999999999902 4.1
      vertex 82.7930034904975 2.6549604087355694 4.1
    endloop
  endfacet
  facet normal 0 0 -1
    outer loop
      vertex 83.1 3.9999999999999902 4.1
      vertex 45.310185104735424 41.02227652776366 4.1
      vertex 83.1 38 4.1
    endloop
  endfacet
  facet normal 0 0 -1
    outer loop
      vertex 45.310185104735424 41.02227652776366 4.1
      vertex 82.7930034904975 39.34503959126443 4.1
      vertex 83.1 38 4.1
    endloop
  endfacet
  facet normal 0 0 -1
    outer loop
      vertex 45.310185104735424 41.02227652776366 4.1
      vertex 81.93281838576208 40.423677595650894 4.1
      vertex 82.7930034904975 39.34503959126443 4.1
    endloop
  endfacet
  facet normal 0 0 -1
    outer loop
      vertex 45.310185104735424 41.02227652776366 4.1
      vertex 80.68981489526456 41.02227652776366 4.1
      vertex 81.93281838576208 40.423677595650894 4.1
    endloop
  endfacet
  facet normal 0 1 0
    outer loop
      vertex 87.42939131402463 1.5 3.5642921581813836
      vertex 86.2256667199067 1.5 4.1
      vertex 122.57060868597537 1.5 3.5642921581813836
    endloop
  endfacet
  facet normal 0 0 -1
    outer loop
      vertex 86.06718161423792 1.5763224043491095 4.1
      vertex 123.93281838576208 1.5763224043491078 4.1
      vertex 86.2256667199067 1.5 4.1
    endloop
  endfacet
  facet normal 0 0 -1
    outer loop
      vertex 85.2069965095025 2.6549604087355694 4.1
      vertex 124.7930034904975 2.65496040873557 4.1
      vertex 86.06718161423792 1.5763224043491095 4.1
    endloop
  endfacet
  facet normal 0 0 -1
    outer loop
      vertex 85.2069965095025 2.6549604087355694 4.1
      vertex 84.9 3.9999999999999902 4.1
      vertex 125.1 38.00000000000001 4.1
    endloop
  endfacet
  facet normal 0 1 0
    outer loop
      vertex 122.57060868597537 1.5 3.5642921581813836
      vertex 86.2256667199067 1.5 4.1
      vertex 123.77433328009332 1.5 4.1
    endloop
  endfacet
  facet normal 0 0 -1
    outer loop
      vertex 86.2256667199067 1.5 4.1
      vertex 123.93281838576208 1.5763224043491078 4.1
      vertex 123.77433328009332 1.5 4.1
    endloop
  endfacet
  facet normal 0 0 -1
    outer loop
      vertex 86.06718161423792 1.5763224043491095 4.1
      vertex 124.7930034904975 2.65496040873557 4.1
      vertex 123.93281838576208 1.5763224043491078 4.1
    endloop
  endfacet
  facet normal 0 0 -1
    outer loop
      vertex 85.2069965095025 2.6549604087355694 4.1
      vertex 125.1 4 4.1
      vertex 124.7930034904975 2.65496040873557 4.1
    endloop
  endfacet
  facet normal 0 0 -1
    outer loop
      vertex 85.2069965095025 2.6549604087355694 4.1
      vertex 125.1 38.00000000000001 4.1
      vertex 125.1 4 4.1
    endloop
  endfacet
  facet normal 0 0 -1
    outer loop
      vertex 84.9 38 4.1
      vertex 125.1 38.00000000000001 4.1
      vertex 84.9 3.9999999999999902 4.1
    endloop
  endfacet
  facet normal 0 0 -1
    outer loop
      vertex 84.9 38 4.1
      vertex 85.2069965095025 39.34503959126443 4.1
      vertex 125.1 38.00000000000001 4.1
    endloop
  endfacet
  facet normal 0 0 -1
    outer loop
      vertex 86.06718161423792 40.42367759565089 4.1
      vertex 125.1 38.00000000000001 4.1
      vertex 85.2069965095025 39.34503959126443 4.1
    endloop
  endfacet
  facet normal 0 0 -1
    outer loop
      vertex 86.06718161423792 40.42367759565089 4.1
      vertex 87.31018510473544 41.02227652776366 4.1
      vertex 125.1 38.00000000000001 4.1
    endloop
  endfacet
  facet normal 0 0 -1
    outer loop
      vertex 87.31018510473544 41.02227652776366 4.1
      vertex 123.93281838576208 40.423677595650894 4.1
      vertex 124.7930034904975 39.34503959126443 4.1
    endloop
  endfacet
  facet normal 0 0 -1
    outer loop
      vertex 87.31018510473544 41.02227652776366 4.1
      vertex 122.68981489526456 41.02227652776366 4.1
      vertex 123.93281838576208 40.423677595650894 4.1
    endloop
  endfacet
  facet normal 0 0 -1
    outer loop
      vertex 125.1 38.00000000000001 4.1
      vertex 87.31018510473544 41.02227652776366 4.1
      vertex 124.7930034904975 39.34503959126443 4.1
    endloop
  endfacet
  facet normal 0 0 -1
    outer loop
      vertex 83.1 79.5 4.1
      vertex 80.68981489526456 42.97772347223634 4.1
      vertex 42.9 45.99999999999999 4.1
    endloop
  endfacet
  facet normal 0 0 -1
    outer loop
      vertex 82.7930034904975 44.65496040873557 4.1
      vertex 81.93281838576208 43.576322404349106 4.1
      vertex 80.68981489526456 42.97772347223634 4.1
    endloop
  endfacet
  facet normal 0 0 -1
    outer loop
      vertex 82.7930034904975 44.65496040873557 4.1
      vertex 80.68981489526456 42.97772347223634 4.1
      vertex 83.1 45.99999999999999 4.1
    endloop
  endfacet
  facet normal 0 0 -1
    outer loop
      vertex 83.1 45.99999999999999 4.1
      vertex 80.68981489526456 42.97772347223634 4.1
      vertex 83.1 79.5 4.1
    endloop
  endfacet
  facet normal 0 -1 0
    outer loop
      vertex 80.8 79.5 0
      vertex 81.6 79.5 0.8
      vertex 44.4 79.5 2.6
    endloop
  endfacet
  facet normal 0 -1 0
    outer loop
      vertex 44.4 79.5 2.6
      vertex 81.6 79.5 0.8
      vertex 81.6 79.5 2.6
    endloop
  endfacet
  facet normal 0 -1 0
    outer loop
      vertex 42.9 79.5 4.1
      vertex 81.6 79.5 2.6
      vertex 83.1 79.5 4.1
    endloop
  endfacet
  facet normal 0 -1 0
    outer loop
      vertex 86.4 79.5 2.6
      vertex 86.4 79.5 0.8
      vertex 104.33333333333333 79.5 0
    endloop
  endfacet
  facet normal 0 -1 0
    outer loop
      vertex 86.4 79.5 0.8
      vertex 87.35278640450004 79.5 0
      vertex 104.33333333333333 79.5 0
    endloop
  endfacet
  facet normal 0 -1 0
    outer loop
      vertex 86.4 79.5 2.6
      vertex 104.33333333333333 79.5 0
      vertex 84.9 79.5 4.1
    endloop
  endfacet
  facet normal 0 0 -1
    outer loop
      vertex 85.2069965095025 44.65496040873557 4.1
      vertex 125.1 79.5 4.1
      vertex 86.06718161423792 43.57632240434911 4.1
    endloop
  endfacet
  facet normal 0 0 -1
    outer loop
      vertex 86.06718161423792 43.57632240434911 4.1
      vertex 125.1 79.5 4.1
      vertex 87.31018510473544 42.97772347223634 4.1
    endloop
  endfacet
  facet normal 0 0 -1
    outer loop
      vertex 85.2069965095025 44.65496040873557 4.1
      vertex 84.9 45.99999999999999 4.1
      vertex 125.1 79.5 4.1
    endloop
  endfacet
  facet normal 0 0 -1
    outer loop
      vertex 122.68981489526456 42.97772347223634 4.1
      vertex 124.7930034904975 44.65496040873557 4.1
      vertex 123.93281838576208 43.576322404349106 4.1
    endloop
  endfacet
  facet normal 0 0 -1
    outer loop
      vertex 122.68981489526456 42.97772347223634 4.1
      vertex 125.1 45.99999999999999 4.1
      vertex 124.7930034904975 44.65496040873557 4.1
    endloop
  endfacet
  facet normal 0 0 -1
    outer loop
      vertex 87.31018510473544 42.97772347223634 4.1
      vertex 125.1 79.5 4.1
      vertex 122.68981489526456 42.97772347223634 4.1
    endloop
  endfacet
  facet normal 0 0 -1
    outer loop
      vertex 122.68981489526456 42.97772347223634 4.1
      vertex 125.1 79.5 4.1
      vertex 125.1 45.99999999999999 4.1
    endloop
  endfacet
  facet normal 0 0 -1
    outer loop
      vertex 84.9 45.99999999999999 4.1
      vertex 84.9 79.5 4.1
      vertex 125.1 79.5 4.1
    endloop
  endfacet
  facet normal 0 -1 0
    outer loop
      vertex 104.33333333333333 79.5 0
      vertex 125.1 79.5 4.1
      vertex 84.9 79.5 4.1
    endloop
  endfacet
  facet normal 0 -1 0
    outer loop
      vertex 104.33333333333333 79.5 0
      vertex 122.8 79.5 0
      vertex 123.6 79.5 0.8
    endloop
  endfacet
  facet normal 0 -1 0
    outer loop
      vertex 104.33333333333333 79.5 0
      vertex 123.6 79.5 0.8
      vertex 123.6 79.5 2.6
    endloop
  endfacet
  facet normal 0 -1 0
    outer loop
      vertex 123.6 79.5 2.6
      vertex 125.1 79.5 4.1
      vertex 104.33333333333333 79.5 0
    endloop
  endfacet
  facet normal 0 1 0
    outer loop
      vertex 4.378945523129355 1.5 9.05
      vertex 4.378945523129355 1.5 5.66
      vertex 1.377404735808355 1.5 5.66
    endloop
  endfacet
  facet normal 0 0 1
    outer loop
      vertex 4.378945523129355 1.5 5.66
      vertex 29.58311596159242 1.5638723645734858 5.66
      vertex 1.377404735808355 1.5 5.66
    endloop
  endfacet
  facet normal 0 0 1
    outer loop
      vertex 0.752404735808355 2.125 5.66
      vertex 1.377404735808355 1.5 5.66
      vertex 29.58311596159242 1.5638723645734858 5.66
    endloop
  endfacet
  facet normal 0 0 1
    outer loop
      vertex 0.752404735808355 2.125 5.66
      vertex 29.58311596159242 1.5638723645734858 5.66
      vertex 0.25 4 5.66
    endloop
  endfacet
  facet normal 0 1 0
    outer loop
      vertex 4.378945523129355 1.5 9.05
      vertex 1.377404735808355 1.5 5.66
      vertex 4.378945523129355 1.5 10.65
    endloop
  endfacet
  facet normal 0 1 0
    outer loop
      vertex 4.378945523129355 1.5 10.65
      vertex 1.377404735808355 1.5 5.66
      vertex 4.378945523129355 1.5 16.03
    endloop
  endfacet
  facet normal 0 1 0
    outer loop
      vertex 1.377404735808355 1.5 5.66
      vertex 1.377404735808355 1.5 16.03
      vertex 4.378945523129355 1.5 16.03
    endloop
  endfacet
  facet normal 0 0 -1
    outer loop
      vertex 2.7250000000000014 1.7916352203496828 16.03
      vertex 1.377404735808355 1.5 16.03
      vertex 1.6037838169959322 3.1278486345195446 16.03
    endloop
  endfacet
  facet normal 0 0 -1
    outer loop
      vertex 0.752404735808355 2.125 16.03
      vertex 1.6037838169959322 3.1278486345195446 16.03
      vertex 1.377404735808355 1.5 16.03
    endloop
  endfacet
  facet normal 0 0 -1
    outer loop
      vertex 2.7250000000000014 1.7916352203496828 16.03
      vertex 4.378945523129355 1.5 16.03
      vertex 1.377404735808355 1.5 16.03
    endloop
  endfacet
  facet normal 0 0 -1
    outer loop
      vertex 0.25 4 16.03
      vertex 1.6037838169959322 3.1278486345195446 16.03
      vertex 0.752404735808355 2.125 16.03
    endloop
  endfacet
  facet normal 0 0 -1
    outer loop
      vertex 0.25 4 16.03
      vertex 0.25 24.048113946933693 16.03
      vertex 1.6037838169959322 3.1278486345195446 16.03
    endloop
  endfacet
  facet normal 0 1 0
    outer loop
      vertex 4.378945523129355 1.5 9.05
      vertex 4.378945523129355 1.5 10.65
      vertex 29.5 1.5 9.05
    endloop
  endfacet
  facet normal 0 0 -1
    outer loop
      vertex 1.6037838169959322 3.1278486345195446 16.03
      vertex 0.25 24.048113946933693 16.03
      vertex 1.6037838169959322 24.048113946933693 16.03
    endloop
  endfacet
  facet normal 0 1 0
    outer loop
      vertex 29.5 1.5 9.05
      vertex 4.378945523129355 1.5 10.65
      vertex 29.5 1.5 10.65
    endloop
  endfacet
  facet normal 0 0 -1
    outer loop
      vertex 1.6037838169959322 26.951886053066307 16.03
      vertex 0.25 26.951886053066307 16.03
      vertex 1.6037838169959322 33.0481139469337 16.03
    endloop
  endfacet
  facet normal 0 0 -1
    outer loop
      vertex 0.25 31.299755239807336 16.03
      vertex 1.6037838169959322 33.0481139469337 16.03
      vertex 0.25 26.951886053066307 16.03
    endloop
  endfacet
  facet normal 0 0 -1
    outer loop
      vertex 0.25 31.299755239807336 16.03
      vertex 0.25 33.0481139469337 16.03
      vertex 1.6037838169959322 33.0481139469337 16.03
    endloop
  endfacet
  facet normal 0 0 -1
    outer loop
      vertex 0.25 35.9518860530663 16.03
      vertex 1.6037838169959322 42.0481139469337 16.03
      vertex 1.6037838169959322 35.9518860530663 16.03
    endloop
  endfacet
  facet normal 0 0 -1
    outer loop
      vertex 1.6037838169959322 42.0481139469337 16.03
      vertex 0.25 35.9518860530663 16.03
      vertex 0.25 42.0481139469337 16.03
    endloop
  endfacet
  facet normal 0 1 0
    outer loop
      vertex 44.5 1.5 5.66
      vertex 44.5 1.5 10.65
      vertex 44.7 1.5 5.66
    endloop
  endfacet
  facet normal 0 1 0
    outer loop
      vertex 35.5 1.5 9.05
      vertex 35.5 1.5 10.65
      vertex 35.7 1.5 9.05
    endloop
  endfacet
  facet normal 0 1 0
    outer loop
      vertex 35.7 1.5 9.05
      vertex 35.5 1.5 10.65
      vertex 35.7 1.5 10.65
    endloop
  endfacet
  facet normal 0 1 0
    outer loop
      vertex 44.7 1.5 5.66
      vertex 44.5 1.5 10.65
      vertex 44.7 1.5 10.65
    endloop
  endfacet
  facet normal 0 1 0
    outer loop
      vertex 53.5 1.5 9.05
      vertex 53.5 1.5 10.65
      vertex 53.7 1.5 9.05
    endloop
  endfacet
  facet normal 0 1 0
    outer loop
      vertex 53.5 1.5 10.65
      vertex 53.7 1.5 10.65
      vertex 53.7 1.5 9.05
    endloop
  endfacet
  facet normal 0 1 0
    outer loop
      vertex 62.5 1.5 9.05
      vertex 62.5 1.5 10.65
      vertex 62.7 1.5 9.05
    endloop
  endfacet
  facet normal 0 1 0
    outer loop
      vertex 62.5 1.5 10.65
      vertex 62.7 1.5 10.65
      vertex 62.7 1.5 9.05
    endloop
  endfacet
  facet normal 0 0 1
    outer loop
      vertex 0.25 4 5.66
      vertex 29.58311596159242 1.5638723645734858 5.66
      vertex 125.75 66.62770137524558 5.66
    endloop
  endfacet
  facet normal 0 0 1
    outer loop
      vertex 76.02601176630928 47.970800865971505 5.66
      vertex 0.25 4 5.66
      vertex 78.66109358143338 49.48209778935149 5.66
    endloop
  endfacet
  facet normal 0 0 1
    outer loop
      vertex 86.41840816689555 53.93114586042538 5.66
      vertex 78.66109358143338 49.48209778935149 5.66
      vertex 0.25 4 5.66
    endloop
  endfacet
  facet normal 0 0 -1
    outer loop
      vertex 1.6037838169959322 44.9518860530663 16.03
      vertex 0.25 44.9518860530663 16.03
      vertex 1.6037838169959322 51.0481139469337 16.03
    endloop
  endfacet
  facet normal 0 0 -1
    outer loop
      vertex 1.6037838169959322 51.0481139469337 16.03
      vertex 0.25 44.9518860530663 16.03
      vertex 0.25 51.0481139469337 16.03
    endloop
  endfacet
  facet normal 0 0 -1
    outer loop
      vertex 1.6037838169959322 53.9518860530663 16.03
      vertex 0.25 53.9518860530663 16.03
      vertex 1.6037838169959322 60.0481139469337 16.03
    endloop
  endfacet
  facet normal 0 0 -1
    outer loop
      vertex 1.6037838169959322 60.0481139469337 16.03
      vertex 0.25 53.9518860530663 16.03
      vertex 0.25 60.0481139469337 16.03
    endloop
  endfacet
  facet normal 0 0 1
    outer loop
      vertex 0.25 4 5.66
      vertex 76.02601176630928 47.970800865971505 5.66
      vertex 0.25 79.5 5.66
    endloop
  endfacet
  facet normal 0 0 -1
    outer loop
      vertex 1.6037838169959322 62.9518860530663 16.03
      vertex 0.25 62.9518860530663 16.03
      vertex 1.6037838169959322 69.0481139469337 16.03
    endloop
  endfacet
  facet normal 0 0 -1
    outer loop
      vertex 1.6037838169959322 69.0481139469337 16.03
      vertex 0.25 62.9518860530663 16.03
      vertex 0.25 69.0481139469337 16.03
    endloop
  endfacet
  facet normal 0 0 -1
    outer loop
      vertex 1.6037838169959322 71.9518860530663 16.03
      vertex 0.25 71.9518860530663 16.03
      vertex 1.6037838169959322 79.5 16.03
    endloop
  endfacet
  facet normal 0 0 -1
    outer loop
      vertex 0.25 71.9518860530663 16.03
      vertex 0.25 79.5 16.03
      vertex 1.6037838169959322 79.5 16.03
    endloop
  endfacet
  facet normal 0 -1 0
    outer loop
      vertex 1.6037838169959322 79.5 5.66
      vertex 0.25 79.5 16.03
      vertex 0.25 79.5 5.66
    endloop
  endfacet
  facet normal 0 -1 0
    outer loop
      vertex 1.6037838169959322 79.5 5.66
      vertex 1.6037838169959322 79.5 9.05
      vertex 0.25 79.5 16.03
    endloop
  endfacet
  facet normal 0 -1 0
    outer loop
      vertex 1.6037838169959322 79.5 9.05
      vertex 1.6037838169959322 79.5 10.65
      vertex 0.25 79.5 16.03
    endloop
  endfacet
  facet normal 0 -1 0
    outer loop
      vertex 1.6037838169959322 79.5 10.65
      vertex 1.6037838169959322 79.5 16.03
      vertex 0.25 79.5 16.03
    endloop
  endfacet
  facet normal 0 0 1
    outer loop
      vertex 0.25 79.5 5.66
      vertex 76.02601176630928 47.970800865971505 5.66
      vertex 1.6037838169959322 79.5 5.66
    endloop
  endfacet
  facet normal 0 0 1
    outer loop
      vertex 40.55 79.5 5.66
      vertex 1.6037838169959322 79.5 5.66
      vertex 76.02601176630928 47.970800865971505 5.66
    endloop
  endfacet
  facet normal 0 -1 0
    outer loop
      vertex 40.55 79.5 9.05
      vertex 40.55 79.5 5.66
      vertex 43.60378381699593 79.5 5.66
    endloop
  endfacet
  facet normal 0 -1 0
    outer loop
      vertex 40.55 79.5 9.05
      vertex 43.60378381699593 79.5 5.66
      vertex 43.60378381699593 79.5 9.05
    endloop
  endfacet
  facet normal 0 -1 0
    outer loop
      vertex 1.6037838169959322 79.5 10.65
      vertex 1.6037838169959322 79.5 9.05
      vertex 124.55 79.5 10.65
    endloop
  endfacet
  facet normal 0 0 1
    outer loop
      vertex 76.02601176630928 47.970800865971505 5.66
      vertex 43.60378381699593 79.5 5.66
      vertex 40.55 79.5 5.66
    endloop
  endfacet
  facet normal 0 0 1
    outer loop
      vertex 76.02601176630928 47.970800865971505 5.66
      vertex 43.707989498837286 79.5 5.66
      vertex 43.60378381699593 79.5 5.66
    endloop
  endfacet
  facet normal 0 -1 0
    outer loop
      vertex 40.55 79.5 9.05
      vertex 124.55 79.5 10.65
      vertex 1.6037838169959322 79.5 9.05
    endloop
  endfacet
  facet normal 0 1 0
    outer loop
      vertex 71.5 1.5 9.05
      vertex 71.5 1.5 10.65
      vertex 71.7 1.5 9.05
    endloop
  endfacet
  facet normal 0 1 0
    outer loop
      vertex 71.5 1.5 10.65
      vertex 71.7 1.5 10.65
      vertex 71.7 1.5 9.05
    endloop
  endfacet
  facet normal 0 1 0
    outer loop
      vertex 80.5 1.5 5.66
      vertex 80.5 1.5 10.65
      vertex 80.7 1.5 5.66
    endloop
  endfacet
  facet normal 0 1 0
    outer loop
      vertex 80.7 1.5 5.66
      vertex 80.5 1.5 10.65
      vertex 80.7 1.5 10.65
    endloop
  endfacet
  facet normal 0 1 0
    outer loop
      vertex 89.5 1.5 9.05
      vertex 89.5 1.5 10.65
      vertex 89.7 1.5 9.05
    endloop
  endfacet
  facet normal 0 1 0
    outer loop
      vertex 89.5 1.5 10.65
      vertex 89.7 1.5 10.65
      vertex 89.7 1.5 9.05
    endloop
  endfacet
  facet normal 0 0 1
    outer loop
      vertex 37.11503493323306 1.5 5.66
      vertex 125.75 66.62770137524558 5.66
      vertex 29.58311596159242 1.5638723645734858 5.66
    endloop
  endfacet
  facet normal 0 0 1
    outer loop
      vertex 38.565 1.5 5.66
      vertex 125.75 66.62770137524558 5.66
      vertex 37.11503493323306 1.5 5.66
    endloop
  endfacet
  facet normal 0 0 1
    outer loop
      vertex 38.565 1.5 5.66
      vertex 44.5 1.5 5.66
      vertex 125.75 66.62770137524558 5.66
    endloop
  endfacet
  facet normal 0 0 1
    outer loop
      vertex 44.5 1.5 5.66
      vertex 44.7 1.5 5.66
      vertex 125.75 66.62770137524558 5.66
    endloop
  endfacet
  facet normal 0 0 1
    outer loop
      vertex 44.7 1.5 5.66
      vertex 45.1875 1.5 5.66
      vertex 125.75 66.62770137524558 5.66
    endloop
  endfacet
  facet normal 0 0 1
    outer loop
      vertex 45.1875 1.5 5.66
      vertex 46.37894552312935 1.5 5.66
      vertex 125.75 66.62770137524558 5.66
    endloop
  endfacet
  facet normal 0 0 1
    outer loop
      vertex 46.37894552312935 1.5 5.66
      vertex 47.8486214606436 1.7651462087876886 5.66
      vertex 125.75 66.62770137524558 5.66
    endloop
  endfacet
  facet normal 0 0 1
    outer loop
      vertex 79.11503493323305 1.5 5.66
      vertex 125.75 66.62770137524558 5.66
      vertex 47.8486214606436 1.7651462087876886 5.66
    endloop
  endfacet
  facet normal 0 0 1
    outer loop
      vertex 99.1875 1.5 5.66
      vertex 101.7 1.5 5.66
      vertex 125.75 4 5.66
    endloop
  endfacet
  facet normal 0 1 0
    outer loop
      vertex 98.5 1.5 9.05
      vertex 98.5 1.5 10.65
      vertex 98.7 1.5 9.05
    endloop
  endfacet
  facet normal 0 1 0
    outer loop
      vertex 98.5 1.5 10.65
      vertex 98.7 1.5 10.65
      vertex 98.7 1.5 9.05
    endloop
  endfacet
  facet normal 0 1 0
    outer loop
      vertex 122.46230534708593 1.5 9.05
      vertex 101.7 1.5 9.05
      vertex 101.7 1.5 10.65
    endloop
  endfacet
  facet normal -2.994488730401748e-16 1.1282081383469351e-14 1
    outer loop
      vertex 101.7 1.5 5.66
      vertex 122.46230534708593 1.5 5.660000000000006
      vertex 125.24759526419165 2.125 5.66
    endloop
  endfacet
  facet normal 0 0 1
    outer loop
      vertex 101.7 1.5 5.66
      vertex 125.24759526419165 2.125 5.66
      vertex 125.75 4 5.66
    endloop
  endfacet
  facet normal 2.8779697061358052e-15 -2.8779697061358052e-15 1
    outer loop
      vertex 122.46230534708593 1.5 5.660000000000006
      vertex 124.62259526419165 1.5 5.66
      vertex 125.24759526419165 2.125 5.66
    endloop
  endfacet
  facet normal 0 1 0
    outer loop
      vertex 101.7 1.5 10.65
      vertex 122.46230534708594 1.5 10.65
      vertex 122.46230534708593 1.5 9.05
    endloop
  endfacet
  facet normal 0 1 0
    outer loop
      vertex 122.46230534708593 1.5 9.05
      vertex 124.62259526419165 1.5 16.03
      vertex 122.46230534708593 1.5 5.660000000000006
    endloop
  endfacet
  facet normal 0 1 0
    outer loop
      vertex 122.46230534708593 1.5 5.660000000000006
      vertex 124.62259526419165 1.5 16.03
      vertex 124.62259526419165 1.5 5.66
    endloop
  endfacet
  facet normal 0 1 0
    outer loop
      vertex 122.46230534708594 1.5 10.65
      vertex 124.62259526419165 1.5 16.03
      vertex 122.46230534708593 1.5 9.05
    endloop
  endfacet
  facet normal 0 1 0
    outer loop
      vertex 122.46230534708594 1.5 10.65
      vertex 122.46230534708594 1.5 16.03
      vertex 124.62259526419165 1.5 16.03
    endloop
  endfacet
  facet normal 0 0 -1
    outer loop
      vertex 123.95341332995339 2.360891595299325 16.03
      vertex 124.62259526419165 1.5 16.03
      vertex 122.46230534708594 1.5 16.03
    endloop
  endfacet
  facet normal 0 0 -1
    outer loop
      vertex 125.24759526419165 2.125 16.03
      vertex 124.62259526419165 1.5 16.03
      vertex 123.95341332995339 2.360891595299325 16.03
    endloop
  endfacet
  facet normal 0 0 -1
    outer loop
      vertex 125.24759526419165 2.125 16.03
      vertex 123.95341332995339 2.360891595299325 16.03
      vertex 125.75 4 16.03
    endloop
  endfacet
  facet normal 0 0 -1
    outer loop
      vertex 124.55 4 16.03
      vertex 125.75 4 16.03
      vertex 123.95341332995339 2.360891595299325 16.03
    endloop
  endfacet
  facet normal 0 0 -1
    outer loop
      vertex 125.75 4 16.03
      vertex 124.55 4 16.03
      vertex 125.75 24.048113946933693 16.03
    endloop
  endfacet
  facet normal 0 0 -1
    outer loop
      vertex 124.55 4 16.03
      vertex 124.55 24.048113946933693 16.03
      vertex 125.75 24.048113946933693 16.03
    endloop
  endfacet
  facet normal 0 0 1
    outer loop
      vertex 80.5 1.5 5.66
      vertex 125.75 66.62770137524558 5.66
      vertex 79.11503493323305 1.5 5.66
    endloop
  endfacet
  facet normal 0 0 1
    outer loop
      vertex 80.5 1.5 5.66
      vertex 80.7 1.5 5.66
      vertex 125.75 66.62770137524558 5.66
    endloop
  endfacet
  facet normal 0 0 1
    outer loop
      vertex 80.7 1.5 5.66
      vertex 81.1875 1.5 5.66
      vertex 125.75 66.62770137524558 5.66
    endloop
  endfacet
  facet normal 0 0 1
    outer loop
      vertex 81.1875 1.5 5.66
      vertex 83.565 1.5 5.66
      vertex 125.75 66.62770137524558 5.66
    endloop
  endfacet
  facet normal 0 0 1
    outer loop
      vertex 83.565 1.5 5.66
      vertex 88.37894552312935 1.5 5.66
      vertex 125.75 66.62770137524558 5.66
    endloop
  endfacet
  facet normal 0 0 1
    outer loop
      vertex 88.37894552312935 1.5 5.66
      vertex 90.1875 1.5 5.66
      vertex 125.75 66.62770137524558 5.66
    endloop
  endfacet
  facet normal 0 0 1
    outer loop
      vertex 92.565 1.5 5.66
      vertex 125.75 66.62770137524558 5.66
      vertex 90.1875 1.5 5.66
    endloop
  endfacet
  facet normal 0 0 1
    outer loop
      vertex 92.565 1.5 5.66
      vertex 98.5 1.5 5.66
      vertex 125.75 66.62770137524558 5.66
    endloop
  endfacet
  facet normal -8.881784197001126e-15 3.71621620689155e-15 1
    outer loop
      vertex 98.5 1.5 5.66
      vertex 98.7 1.5 5.660000000000002
      vertex 125.75 66.62770137524558 5.66
    endloop
  endfacet
  facet normal 3.643808901333868e-15 -1.4861368035087653e-15 1
    outer loop
      vertex 98.7 1.5 5.660000000000002
      vertex 99.1875 1.5 5.66
      vertex 125.75 66.62770137524558 5.66
    endloop
  endfacet
  facet normal 0 0 1
    outer loop
      vertex 99.1875 1.5 5.66
      vertex 125.75 4 5.66
      vertex 125.75 66.62770137524558 5.66
    endloop
  endfacet
  facet normal 0 0 -1
    outer loop
      vertex 125.75 26.951886053066307 16.03
      vertex 124.55 26.951886053066307 16.03
      vertex 124.55 33.0481139469337 16.03
    endloop
  endfacet
  facet normal 0 0 -1
    outer loop
      vertex 125.75 33.0481139469337 16.03
      vertex 125.75 26.951886053066307 16.03
      vertex 124.55 33.0481139469337 16.03
    endloop
  endfacet
  facet normal 0 0 -1
    outer loop
      vertex 125.75 42.0481139469337 16.03
      vertex 125.75 35.9518860530663 16.03
      vertex 124.55 35.9518860530663 16.03
    endloop
  endfacet
  facet normal 0 0 -1
    outer loop
      vertex 124.55 35.9518860530663 16.03
      vertex 124.55 42.0481139469337 16.03
      vertex 125.75 42.0481139469337 16.03
    endloop
  endfacet
  facet normal 0 0 1
    outer loop
      vertex 86.41840816689555 53.93114586042538 5.66
      vertex 0.25 4 5.66
      vertex 124.4790243077407 75.76002864708659 5.66
    endloop
  endfacet
  facet normal 0 0 1
    outer loop
      vertex 124.4790243077407 75.76002864708659 5.66
      vertex 0.25 4 5.66
      vertex 125.75 66.62770137524558 5.66
    endloop
  endfacet
  facet normal 0 0 1
    outer loop
      vertex 86.41840816689555 53.93114586042538 5.66
      vertex 82.55 79.5 5.66
      vertex 78.66109358143338 49.48209778935149 5.66
    endloop
  endfacet
  facet normal 0 -1 0
    outer loop
      vertex 40.55 79.5 9.05
      vertex 43.60378381699593 79.5 9.05
      vertex 124.55 79.5 10.65
    endloop
  endfacet
  facet normal 0 0 1
    outer loop
      vertex 86.41840816689555 53.93114586042538 5.66
      vertex 85.60378381699593 79.5 5.66
      vertex 82.55 79.5 5.66
    endloop
  endfacet
  facet normal 0 -1 0
    outer loop
      vertex 82.55 79.5 9.05
      vertex 82.55 79.5 5.66
      vertex 85.60378381699593 79.5 5.66
    endloop
  endfacet
  facet normal 0 -1 0
    outer loop
      vertex 82.55 79.5 9.05
      vertex 85.60378381699593 79.5 5.66
      vertex 85.60378381699593 79.5 9.05
    endloop
  endfacet
  facet normal 0 -1 0
    outer loop
      vertex 82.55 79.5 9.05
      vertex 124.55 79.5 10.65
      vertex 43.60378381699593 79.5 9.05
    endloop
  endfacet
  facet normal 0 0 -1
    outer loop
      vertex 124.55 44.9518860530663 16.03
      vertex 125.75 51.0481139469337 16.03
      vertex 125.75 44.9518860530663 16.03
    endloop
  endfacet
  facet normal 0 0 -1
    outer loop
      vertex 124.55 44.9518860530663 16.03
      vertex 124.55 51.0481139469337 16.03
      vertex 125.75 51.0481139469337 16.03
    endloop
  endfacet
  facet normal 0 0 -1
    outer loop
      vertex 124.55 53.9518860530663 16.03
      vertex 125.75 60.0481139469337 16.03
      vertex 125.75 53.9518860530663 16.03
    endloop
  endfacet
  facet normal 0 0 -1
    outer loop
      vertex 124.55 53.9518860530663 16.03
      vertex 124.55 60.0481139469337 16.03
      vertex 125.75 60.0481139469337 16.03
    endloop
  endfacet
  facet normal 0 -1 0
    outer loop
      vertex 82.55 79.5 9.05
      vertex 85.60378381699593 79.5 9.05
      vertex 124.55 79.5 10.65
    endloop
  endfacet
  facet normal 0 0 -1
    outer loop
      vertex 125.75 69.0481139469337 16.03
      vertex 125.75 62.9518860530663 16.03
      vertex 124.55 62.9518860530663 16.03
    endloop
  endfacet
  facet normal 0 0 -1
    outer loop
      vertex 124.55 62.9518860530663 16.03
      vertex 124.55 69.0481139469337 16.03
      vertex 125.75 69.0481139469337 16.03
    endloop
  endfacet
  facet normal 0 0 1
    outer loop
      vertex 124.4790243077407 75.76002864708659 5.66
      vertex 125.75 66.62770137524558 5.66
      vertex 124.54163016841959 79.5 5.66
    endloop
  endfacet
  facet normal 0 0 1
    outer loop
      vertex 125.75 66.62770137524558 5.66
      vertex 124.55 79.5 5.66
      vertex 124.54163016841959 79.5 5.66
    endloop
  endfacet
  facet normal 0 0 1
    outer loop
      vertex 124.55 79.5 5.66
      vertex 125.75 66.62770137524558 5.66
      vertex 125.75 79.5 5.66
    endloop
  endfacet
  facet normal 0 -1 0
    outer loop
      vertex 124.55 79.5 5.66
      vertex 125.75 79.5 5.66
      vertex 124.55 79.5 9.05
    endloop
  endfacet
  facet normal 0 -1 0
    outer loop
      vertex 124.55 79.5 10.65
      vertex 85.60378381699593 79.5 9.05
      vertex 124.55 79.5 9.05
    endloop
  endfacet
  facet normal 0 0 -1
    outer loop
      vertex 125.75 79.5 16.03
      vertex 125.75 71.9518860530663 16.03
      vertex 124.55 71.9518860530663 16.03
    endloop
  endfacet
  facet normal 0 0 -1
    outer loop
      vertex 125.75 79.5 16.03
      vertex 124.55 71.9518860530663 16.03
      vertex 124.55 79.5 16.03
    endloop
  endfacet
  facet normal 0 -1 0
    outer loop
      vertex 124.55 79.5 9.05
      vertex 125.75 79.5 5.66
      vertex 125.75 79.5 16.03
    endloop
  endfacet
  facet normal 0 -1 0
    outer loop
      vertex 124.55 79.5 10.65
      vertex 124.55 79.5 9.05
      vertex 125.75 79.5 16.03
    endloop
  endfacet
  facet normal 0 -1 0
    outer loop
      vertex 124.55 79.5 16.03
      vertex 124.55 79.5 10.65
      vertex 125.75 79.5 16.03
    endloop
  endfacet
endsolid OpenSCAD_Model
