solid OpenSCAD_Model
  facet normal 0 0 1
    outer loop
      vertex 0 0 350
      vertex 5 250 350
      vertex 0 250 350
    endloop
  endfacet
  facet normal 0 0 1
    outer loop
      vertex 0 0 350
      vertex 5 0 350
      vertex 5 250 350
    endloop
  endfacet
  facet normal 0 -1 0
    outer loop
      vertex 0 0 0
      vertex 5 0 350
      vertex 0 0 350
    endloop
  endfacet
  facet normal 0 -1 0
    outer loop
      vertex 0 0 0
      vertex 5 0 0
      vertex 5 0 350
    endloop
  endfacet
  facet normal 0 0 -1
    outer loop
      vertex 0 250 0
      vertex 5 0 0
      vertex 0 0 0
    endloop
  endfacet
  facet normal 0 0 -1
    outer loop
      vertex 0 250 0
      vertex 5 250 0
      vertex 5 0 0
    endloop
  endfacet
  facet normal 0 1 0
    outer loop
      vertex 0 250 350
      vertex 5 250 0
      vertex 0 250 0
    endloop
  endfacet
  facet normal 0 1 0
    outer loop
      vertex 0 250 350
      vertex 5 250 350
      vertex 5 250 0
    endloop
  endfacet
  facet normal 0 1 0
    outer loop
      vertex 0 16 333.8343026936054
      vertex 5 16 333.8343026936054
      vertex 0 16 322.287297308445
    endloop
  endfacet
  facet normal 0 1 0
    outer loop
      vertex 5 16 322.287297308445
      vertex 0 16 322.287297308445
      vertex 5 16 333.8343026936054
    endloop
  endfacet
  facet normal 0 0.5000000000444249 -0.86602540375879
    outer loop
      vertex 0 26 339.60780538618565
      vertex 5 26 339.60780538618565
      vertex 0 16 333.8343026936054
    endloop
  endfacet
  facet normal 0 0.5000000000444249 -0.86602540375879
    outer loop
      vertex 5 16 333.8343026936054
      vertex 0 16 333.8343026936054
      vertex 5 26 339.60780538618565
    endloop
  endfacet
  facet normal 0 -0.5000000000444249 -0.86602540375879
    outer loop
      vertex 0 36 333.8343026936054
      vertex 5 36 333.8343026936054
      vertex 0 26 339.60780538618565
    endloop
  endfacet
  facet normal 0 -0.5000000000444249 -0.86602540375879
    outer loop
      vertex 5 26 339.60780538618565
      vertex 0 26 339.60780538618565
      vertex 5 36 333.8343026936054
    endloop
  endfacet
  facet normal 0 -1 0
    outer loop
      vertex 0 36 322.287297308445
      vertex 5 36 322.287297308445
      vertex 0 36 333.8343026936054
    endloop
  endfacet
  facet normal 0 -1 0
    outer loop
      vertex 5 36 333.8343026936054
      vertex 0 36 333.8343026936054
      vertex 5 36 322.287297308445
    endloop
  endfacet
  facet normal 0 -0.5000000000444249 0.86602540375879
    outer loop
      vertex 0 26 316.51379461586475
      vertex 5 26 316.51379461586475
      vertex 0 36 322.287297308445
    endloop
  endfacet
  facet normal 0 -0.5000000000444249 0.86602540375879
    outer loop
      vertex 5 36 322.287297308445
      vertex 0 36 322.287297308445
      vertex 5 26 316.51379461586475
    endloop
  endfacet
  facet normal 0 0.5000000000444249 0.86602540375879
    outer loop
      vertex 0 16 322.287297308445
      vertex 5 16 322.287297308445
      vertex 0 26 316.51379461586475
    endloop
  endfacet
  facet normal 0 0.5000000000444249 0.86602540375879
    outer loop
      vertex 5 26 316.51379461586475
      vertex 0 26 316.51379461586475
      vertex 5 16 322.287297308445
    endloop
  endfacet
  facet normal 0 1 0
    outer loop
      vertex 0 37.79999999701977 333.8343026936054
      vertex 5 37.79999999701977 333.8343026936054
      vertex 0 37.79999999701977 322.287297308445
    endloop
  endfacet
  facet normal 0 1 0
    outer loop
      vertex 5 37.79999999701977 322.287297308445
      vertex 0 37.79999999701977 322.287297308445
      vertex 5 37.79999999701977 333.8343026936054
    endloop
  endfacet
  facet normal 0 0.5000000000444249 -0.86602540375879
    outer loop
      vertex 0 47.79999999701977 339.60780538618565
      vertex 5 47.79999999701977 339.60780538618565
      vertex 0 37.79999999701977 333.8343026936054
    endloop
  endfacet
  facet normal 0 0.5000000000444249 -0.86602540375879
    outer loop
      vertex 5 37.79999999701977 333.8343026936054
      vertex 0 37.79999999701977 333.8343026936054
      vertex 5 47.79999999701977 339.60780538618565
    endloop
  endfacet
  facet normal 0 -0.5000000000444249 -0.86602540375879
    outer loop
      vertex 0 57.79999999701977 333.8343026936054
      vertex 5 57.79999999701977 333.8343026936054
      vertex 0 47.79999999701977 339.60780538618565
    endloop
  endfacet
  facet normal 0 -0.5000000000444249 -0.86602540375879
    outer loop
      vertex 5 47.79999999701977 339.60780538618565
      vertex 0 47.79999999701977 339.60780538618565
      vertex 5 57.79999999701977 333.8343026936054
    endloop
  endfacet
  facet normal 0 -1 0
    outer loop
      vertex 0 57.79999999701977 322.287297308445
      vertex 5 57.79999999701977 322.287297308445
      vertex 0 57.79999999701977 333.8343026936054
    endloop
  endfacet
  facet normal 0 -1 0
    outer loop
      vertex 5 57.79999999701977 333.8343026936054
      vertex 0 57.79999999701977 333.8343026936054
      vertex 5 57.79999999701977 322.287297308445
    endloop
  endfacet
  facet normal 0 -0.5000000000444249 0.86602540375879
    outer loop
      vertex 0 47.79999999701977 316.51379461586475
      vertex 5 47.79999999701977 316.51379461586475
      vertex 0 57.79999999701977 322.287297308445
    endloop
  endfacet
  facet normal 0 -0.5000000000444249 0.86602540375879
    outer loop
      vertex 5 57.79999999701977 322.287297308445
      vertex 0 57.79999999701977 322.287297308445
      vertex 5 47.79999999701977 316.51379461586475
    endloop
  endfacet
  facet normal 0 0.5000000000444249 0.86602540375879
    outer loop
      vertex 0 37.79999999701977 322.287297308445
      vertex 5 37.79999999701977 322.287297308445
      vertex 0 47.79999999701977 316.51379461586475
    endloop
  endfacet
  facet normal 0 0.5000000000444249 0.86602540375879
    outer loop
      vertex 5 47.79999999701977 316.51379461586475
      vertex 0 47.79999999701977 316.51379461586475
      vertex 5 37.79999999701977 322.287297308445
    endloop
  endfacet
  facet normal 0 1 0
    outer loop
      vertex 0 59.600000001490116 333.8343026936054
      vertex 5 59.600000001490116 333.8343026936054
      vertex 0 59.600000001490116 322.287297308445
    endloop
  endfacet
  facet normal 0 1 0
    outer loop
      vertex 5 59.600000001490116 322.287297308445
      vertex 0 59.600000001490116 322.287297308445
      vertex 5 59.600000001490116 333.8343026936054
    endloop
  endfacet
  facet normal 0 0.5000000000444249 -0.86602540375879
    outer loop
      vertex 0 69.60000000149012 339.60780538618565
      vertex 5 69.60000000149012 339.60780538618565
      vertex 0 59.600000001490116 333.8343026936054
    endloop
  endfacet
  facet normal 0 0.5000000000444249 -0.86602540375879
    outer loop
      vertex 5 59.600000001490116 333.8343026936054
      vertex 0 59.600000001490116 333.8343026936054
      vertex 5 69.60000000149012 339.60780538618565
    endloop
  endfacet
  facet normal 0 -0.5000000000444249 -0.86602540375879
    outer loop
      vertex 0 79.60000000149012 333.8343026936054
      vertex 5 79.60000000149012 333.8343026936054
      vertex 0 69.60000000149012 339.60780538618565
    endloop
  endfacet
  facet normal 0 -0.5000000000444249 -0.86602540375879
    outer loop
      vertex 5 69.60000000149012 339.60780538618565
      vertex 0 69.60000000149012 339.60780538618565
      vertex 5 79.60000000149012 333.8343026936054
    endloop
  endfacet
  facet normal 0 -1 0
    outer loop
      vertex 0 79.60000000149012 322.287297308445
      vertex 5 79.60000000149012 322.287297308445
      vertex 0 79.60000000149012 333.8343026936054
    endloop
  endfacet
  facet normal 0 -1 0
    outer loop
      vertex 5 79.60000000149012 333.8343026936054
      vertex 0 79.60000000149012 333.8343026936054
      vertex 5 79.60000000149012 322.287297308445
    endloop
  endfacet
  facet normal 0 -0.5000000000444249 0.86602540375879
    outer loop
      vertex 0 69.60000000149012 316.51379461586475
      vertex 5 69.60000000149012 316.51379461586475
      vertex 0 79.60000000149012 322.287297308445
    endloop
  endfacet
  facet normal 0 -0.5000000000444249 0.86602540375879
    outer loop
      vertex 5 79.60000000149012 322.287297308445
      vertex 0 79.60000000149012 322.287297308445
      vertex 5 69.60000000149012 316.51379461586475
    endloop
  endfacet
  facet normal 0 0.5000000000444249 0.86602540375879
    outer loop
      vertex 0 59.600000001490116 322.287297308445
      vertex 5 59.600000001490116 322.287297308445
      vertex 0 69.60000000149012 316.51379461586475
    endloop
  endfacet
  facet normal 0 0.5000000000444249 0.86602540375879
    outer loop
      vertex 5 69.60000000149012 316.51379461586475
      vertex 0 69.60000000149012 316.51379461586475
      vertex 5 59.600000001490116 322.287297308445
    endloop
  endfacet
  facet normal 0 1 0
    outer loop
      vertex 0 81.39999999850988 333.8343026936054
      vertex 5 81.39999999850988 333.8343026936054
      vertex 0 81.39999999850988 322.287297308445
    endloop
  endfacet
  facet normal 0 1 0
    outer loop
      vertex 5 81.39999999850988 322.287297308445
      vertex 0 81.39999999850988 322.287297308445
      vertex 5 81.39999999850988 333.8343026936054
    endloop
  endfacet
  facet normal 0 0.5000000000444249 -0.86602540375879
    outer loop
      vertex 0 91.39999999850988 339.60780538618565
      vertex 5 91.39999999850988 339.60780538618565
      vertex 0 81.39999999850988 333.8343026936054
    endloop
  endfacet
  facet normal 0 0.5000000000444249 -0.86602540375879
    outer loop
      vertex 5 81.39999999850988 333.8343026936054
      vertex 0 81.39999999850988 333.8343026936054
      vertex 5 91.39999999850988 339.60780538618565
    endloop
  endfacet
  facet normal 0 -0.5000000000444249 -0.86602540375879
    outer loop
      vertex 0 101.39999999850988 333.8343026936054
      vertex 5 101.39999999850988 333.8343026936054
      vertex 0 91.39999999850988 339.60780538618565
    endloop
  endfacet
  facet normal 0 -0.5000000000444249 -0.86602540375879
    outer loop
      vertex 5 91.39999999850988 339.60780538618565
      vertex 0 91.39999999850988 339.60780538618565
      vertex 5 101.39999999850988 333.8343026936054
    endloop
  endfacet
  facet normal 0 -1 0
    outer loop
      vertex 0 101.39999999850988 322.287297308445
      vertex 5 101.39999999850988 322.287297308445
      vertex 0 101.39999999850988 333.8343026936054
    endloop
  endfacet
  facet normal 0 -1 0
    outer loop
      vertex 5 101.39999999850988 333.8343026936054
      vertex 0 101.39999999850988 333.8343026936054
      vertex 5 101.39999999850988 322.287297308445
    endloop
  endfacet
  facet normal 0 -0.5000000000444249 0.86602540375879
    outer loop
      vertex 0 91.39999999850988 316.51379461586475
      vertex 5 91.39999999850988 316.51379461586475
      vertex 0 101.39999999850988 322.287297308445
    endloop
  endfacet
  facet normal 0 -0.5000000000444249 0.86602540375879
    outer loop
      vertex 5 101.39999999850988 322.287297308445
      vertex 0 101.39999999850988 322.287297308445
      vertex 5 91.39999999850988 316.51379461586475
    endloop
  endfacet
  facet normal 0 0.5000000000444249 0.86602540375879
    outer loop
      vertex 0 81.39999999850988 322.287297308445
      vertex 5 81.39999999850988 322.287297308445
      vertex 0 91.39999999850988 316.51379461586475
    endloop
  endfacet
  facet normal 0 0.5000000000444249 0.86602540375879
    outer loop
      vertex 5 91.39999999850988 316.51379461586475
      vertex 0 91.39999999850988 316.51379461586475
      vertex 5 81.39999999850988 322.287297308445
    endloop
  endfacet
  facet normal 0 1 0
    outer loop
      vertex 0 103.20000000298023 333.8343026936054
      vertex 5 103.20000000298023 333.8343026936054
      vertex 0 103.20000000298023 322.287297308445
    endloop
  endfacet
  facet normal 0 1 0
    outer loop
      vertex 5 103.20000000298023 322.287297308445
      vertex 0 103.20000000298023 322.287297308445
      vertex 5 103.20000000298023 333.8343026936054
    endloop
  endfacet
  facet normal 0 0.5000000000444249 -0.86602540375879
    outer loop
      vertex 0 113.20000000298023 339.60780538618565
      vertex 5 113.20000000298023 339.60780538618565
      vertex 0 103.20000000298023 333.8343026936054
    endloop
  endfacet
  facet normal 0 0.5000000000444249 -0.86602540375879
    outer loop
      vertex 5 103.20000000298023 333.8343026936054
      vertex 0 103.20000000298023 333.8343026936054
      vertex 5 113.20000000298023 339.60780538618565
    endloop
  endfacet
  facet normal 0 -0.5000000000444249 -0.86602540375879
    outer loop
      vertex 0 123.20000000298023 333.8343026936054
      vertex 5 123.20000000298023 333.8343026936054
      vertex 0 113.20000000298023 339.60780538618565
    endloop
  endfacet
  facet normal 0 -0.5000000000444249 -0.86602540375879
    outer loop
      vertex 5 113.20000000298023 339.60780538618565
      vertex 0 113.20000000298023 339.60780538618565
      vertex 5 123.20000000298023 333.8343026936054
    endloop
  endfacet
  facet normal 0 -1 0
    outer loop
      vertex 0 123.20000000298023 322.287297308445
      vertex 5 123.20000000298023 322.287297308445
      vertex 0 123.20000000298023 333.8343026936054
    endloop
  endfacet
  facet normal 0 -1 0
    outer loop
      vertex 5 123.20000000298023 333.8343026936054
      vertex 0 123.20000000298023 333.8343026936054
      vertex 5 123.20000000298023 322.287297308445
    endloop
  endfacet
  facet normal 0 -0.5000000000444249 0.86602540375879
    outer loop
      vertex 0 113.20000000298023 316.51379461586475
      vertex 5 113.20000000298023 316.51379461586475
      vertex 0 123.20000000298023 322.287297308445
    endloop
  endfacet
  facet normal 0 -0.5000000000444249 0.86602540375879
    outer loop
      vertex 5 123.20000000298023 322.287297308445
      vertex 0 123.20000000298023 322.287297308445
      vertex 5 113.20000000298023 316.51379461586475
    endloop
  endfacet
  facet normal 0 0.5000000000444249 0.86602540375879
    outer loop
      vertex 0 103.20000000298023 322.287297308445
      vertex 5 103.20000000298023 322.287297308445
      vertex 0 113.20000000298023 316.51379461586475
    endloop
  endfacet
  facet normal 0 0.5000000000444249 0.86602540375879
    outer loop
      vertex 5 113.20000000298023 316.51379461586475
      vertex 0 113.20000000298023 316.51379461586475
      vertex 5 103.20000000298023 322.287297308445
    endloop
  endfacet
  facet normal 0 1 0
    outer loop
      vertex 0 125 333.8343026936054
      vertex 5 125 333.8343026936054
      vertex 0 125 322.287297308445
    endloop
  endfacet
  facet normal 0 1 0
    outer loop
      vertex 5 125 322.287297308445
      vertex 0 125 322.287297308445
      vertex 5 125 333.8343026936054
    endloop
  endfacet
  facet normal 0 0.5000000000444249 -0.86602540375879
    outer loop
      vertex 0 135 339.60780538618565
      vertex 5 135 339.60780538618565
      vertex 0 125 333.8343026936054
    endloop
  endfacet
  facet normal 0 0.5000000000444249 -0.86602540375879
    outer loop
      vertex 5 125 333.8343026936054
      vertex 0 125 333.8343026936054
      vertex 5 135 339.60780538618565
    endloop
  endfacet
  facet normal 0 -0.5000000000444249 -0.86602540375879
    outer loop
      vertex 0 145 333.8343026936054
      vertex 5 145 333.8343026936054
      vertex 0 135 339.60780538618565
    endloop
  endfacet
  facet normal 0 -0.5000000000444249 -0.86602540375879
    outer loop
      vertex 5 135 339.60780538618565
      vertex 0 135 339.60780538618565
      vertex 5 145 333.8343026936054
    endloop
  endfacet
  facet normal 0 -1 0
    outer loop
      vertex 0 145 322.287297308445
      vertex 5 145 322.287297308445
      vertex 0 145 333.8343026936054
    endloop
  endfacet
  facet normal 0 -1 0
    outer loop
      vertex 5 145 333.8343026936054
      vertex 0 145 333.8343026936054
      vertex 5 145 322.287297308445
    endloop
  endfacet
  facet normal 0 -0.5000000000444249 0.86602540375879
    outer loop
      vertex 0 135 316.51379461586475
      vertex 5 135 316.51379461586475
      vertex 0 145 322.287297308445
    endloop
  endfacet
  facet normal 0 -0.5000000000444249 0.86602540375879
    outer loop
      vertex 5 145 322.287297308445
      vertex 0 145 322.287297308445
      vertex 5 135 316.51379461586475
    endloop
  endfacet
  facet normal 0 0.5000000000444249 0.86602540375879
    outer loop
      vertex 0 125 322.287297308445
      vertex 5 125 322.287297308445
      vertex 0 135 316.51379461586475
    endloop
  endfacet
  facet normal 0 0.5000000000444249 0.86602540375879
    outer loop
      vertex 5 135 316.51379461586475
      vertex 0 135 316.51379461586475
      vertex 5 125 322.287297308445
    endloop
  endfacet
  facet normal 0 1 0
    outer loop
      vertex 0 146.79999999701977 333.8343026936054
      vertex 5 146.79999999701977 333.8343026936054
      vertex 0 146.79999999701977 322.287297308445
    endloop
  endfacet
  facet normal 0 1 0
    outer loop
      vertex 5 146.79999999701977 322.287297308445
      vertex 0 146.79999999701977 322.287297308445
      vertex 5 146.79999999701977 333.8343026936054
    endloop
  endfacet
  facet normal 0 0.5000000000444249 -0.86602540375879
    outer loop
      vertex 0 156.79999999701977 339.60780538618565
      vertex 5 156.79999999701977 339.60780538618565
      vertex 0 146.79999999701977 333.8343026936054
    endloop
  endfacet
  facet normal 0 0.5000000000444249 -0.86602540375879
    outer loop
      vertex 5 146.79999999701977 333.8343026936054
      vertex 0 146.79999999701977 333.8343026936054
      vertex 5 156.79999999701977 339.60780538618565
    endloop
  endfacet
  facet normal 0 -0.5000000000444249 -0.86602540375879
    outer loop
      vertex 0 166.79999999701977 333.8343026936054
      vertex 5 166.79999999701977 333.8343026936054
      vertex 0 156.79999999701977 339.60780538618565
    endloop
  endfacet
  facet normal 0 -0.5000000000444249 -0.86602540375879
    outer loop
      vertex 5 156.79999999701977 339.60780538618565
      vertex 0 156.79999999701977 339.60780538618565
      vertex 5 166.79999999701977 333.8343026936054
    endloop
  endfacet
  facet normal 0 -1 0
    outer loop
      vertex 0 166.79999999701977 322.287297308445
      vertex 5 166.79999999701977 322.287297308445
      vertex 0 166.79999999701977 333.8343026936054
    endloop
  endfacet
  facet normal 0 -1 0
    outer loop
      vertex 5 166.79999999701977 333.8343026936054
      vertex 0 166.79999999701977 333.8343026936054
      vertex 5 166.79999999701977 322.287297308445
    endloop
  endfacet
  facet normal 0 -0.5000000000444249 0.86602540375879
    outer loop
      vertex 0 156.79999999701977 316.51379461586475
      vertex 5 156.79999999701977 316.51379461586475
      vertex 0 166.79999999701977 322.287297308445
    endloop
  endfacet
  facet normal 0 -0.5000000000444249 0.86602540375879
    outer loop
      vertex 5 166.79999999701977 322.287297308445
      vertex 0 166.79999999701977 322.287297308445
      vertex 5 156.79999999701977 316.51379461586475
    endloop
  endfacet
  facet normal 0 0.5000000000444249 0.86602540375879
    outer loop
      vertex 0 146.79999999701977 322.287297308445
      vertex 5 146.79999999701977 322.287297308445
      vertex 0 156.79999999701977 316.51379461586475
    endloop
  endfacet
  facet normal 0 0.5000000000444249 0.86602540375879
    outer loop
      vertex 5 156.79999999701977 316.51379461586475
      vertex 0 156.79999999701977 316.51379461586475
      vertex 5 146.79999999701977 322.287297308445
    endloop
  endfacet
  facet normal 0 1 0
    outer loop
      vertex 0 168.60000000149012 333.8343026936054
      vertex 5 168.60000000149012 333.8343026936054
      vertex 0 168.60000000149012 322.287297308445
    endloop
  endfacet
  facet normal 0 1 0
    outer loop
      vertex 5 168.60000000149012 322.287297308445
      vertex 0 168.60000000149012 322.287297308445
      vertex 5 168.60000000149012 333.8343026936054
    endloop
  endfacet
  facet normal 0 0.5000000000444249 -0.86602540375879
    outer loop
      vertex 0 178.60000000149012 339.60780538618565
      vertex 5 178.60000000149012 339.60780538618565
      vertex 0 168.60000000149012 333.8343026936054
    endloop
  endfacet
  facet normal 0 0.5000000000444249 -0.86602540375879
    outer loop
      vertex 5 168.60000000149012 333.8343026936054
      vertex 0 168.60000000149012 333.8343026936054
      vertex 5 178.60000000149012 339.60780538618565
    endloop
  endfacet
  facet normal 0 -0.5000000000444249 -0.86602540375879
    outer loop
      vertex 0 188.60000000149012 333.8343026936054
      vertex 5 188.60000000149012 333.8343026936054
      vertex 0 178.60000000149012 339.60780538618565
    endloop
  endfacet
  facet normal 0 -0.5000000000444249 -0.86602540375879
    outer loop
      vertex 5 178.60000000149012 339.60780538618565
      vertex 0 178.60000000149012 339.60780538618565
      vertex 5 188.60000000149012 333.8343026936054
    endloop
  endfacet
  facet normal 0 -1 0
    outer loop
      vertex 0 188.60000000149012 322.287297308445
      vertex 5 188.60000000149012 322.287297308445
      vertex 0 188.60000000149012 333.8343026936054
    endloop
  endfacet
  facet normal 0 -1 0
    outer loop
      vertex 5 188.60000000149012 333.8343026936054
      vertex 0 188.60000000149012 333.8343026936054
      vertex 5 188.60000000149012 322.287297308445
    endloop
  endfacet
  facet normal 0 -0.5000000000444249 0.86602540375879
    outer loop
      vertex 0 178.60000000149012 316.51379461586475
      vertex 5 178.60000000149012 316.51379461586475
      vertex 0 188.60000000149012 322.287297308445
    endloop
  endfacet
  facet normal 0 -0.5000000000444249 0.86602540375879
    outer loop
      vertex 5 188.60000000149012 322.287297308445
      vertex 0 188.60000000149012 322.287297308445
      vertex 5 178.60000000149012 316.51379461586475
    endloop
  endfacet
  facet normal 0 0.5000000000444249 0.86602540375879
    outer loop
      vertex 0 168.60000000149012 322.287297308445
      vertex 5 168.60000000149012 322.287297308445
      vertex 0 178.60000000149012 316.51379461586475
    endloop
  endfacet
  facet normal 0 0.5000000000444249 0.86602540375879
    outer loop
      vertex 5 178.60000000149012 316.51379461586475
      vertex 0 178.60000000149012 316.51379461586475
      vertex 5 168.60000000149012 322.287297308445
    endloop
  endfacet
  facet normal 0 1 0
    outer loop
      vertex 0 190.39999999850988 333.8343026936054
      vertex 5 190.39999999850988 333.8343026936054
      vertex 0 190.39999999850988 322.287297308445
    endloop
  endfacet
  facet normal 0 1 0
    outer loop
      vertex 5 190.39999999850988 322.287297308445
      vertex 0 190.39999999850988 322.287297308445
      vertex 5 190.39999999850988 333.8343026936054
    endloop
  endfacet
  facet normal 0 0.5000000000444249 -0.86602540375879
    outer loop
      vertex 0 200.39999999850988 339.60780538618565
      vertex 5 200.39999999850988 339.60780538618565
      vertex 0 190.39999999850988 333.8343026936054
    endloop
  endfacet
  facet normal 0 0.5000000000444249 -0.86602540375879
    outer loop
      vertex 5 190.39999999850988 333.8343026936054
      vertex 0 190.39999999850988 333.8343026936054
      vertex 5 200.39999999850988 339.60780538618565
    endloop
  endfacet
  facet normal 0 -0.5000000000444249 -0.86602540375879
    outer loop
      vertex 0 210.39999999850988 333.8343026936054
      vertex 5 210.39999999850988 333.8343026936054
      vertex 0 200.39999999850988 339.60780538618565
    endloop
  endfacet
  facet normal 0 -0.5000000000444249 -0.86602540375879
    outer loop
      vertex 5 200.39999999850988 339.60780538618565
      vertex 0 200.39999999850988 339.60780538618565
      vertex 5 210.39999999850988 333.8343026936054
    endloop
  endfacet
  facet normal 0 -1 0
    outer loop
      vertex 0 210.39999999850988 322.287297308445
      vertex 5 210.39999999850988 322.287297308445
      vertex 0 210.39999999850988 333.8343026936054
    endloop
  endfacet
  facet normal 0 -1 0
    outer loop
      vertex 5 210.39999999850988 333.8343026936054
      vertex 0 210.39999999850988 333.8343026936054
      vertex 5 210.39999999850988 322.287297308445
    endloop
  endfacet
  facet normal 0 -0.5000000000444249 0.86602540375879
    outer loop
      vertex 0 200.39999999850988 316.51379461586475
      vertex 5 200.39999999850988 316.51379461586475
      vertex 0 210.39999999850988 322.287297308445
    endloop
  endfacet
  facet normal 0 -0.5000000000444249 0.86602540375879
    outer loop
      vertex 5 210.39999999850988 322.287297308445
      vertex 0 210.39999999850988 322.287297308445
      vertex 5 200.39999999850988 316.51379461586475
    endloop
  endfacet
  facet normal 0 0.5000000000444249 0.86602540375879
    outer loop
      vertex 0 190.39999999850988 322.287297308445
      vertex 5 190.39999999850988 322.287297308445
      vertex 0 200.39999999850988 316.51379461586475
    endloop
  endfacet
  facet normal 0 0.5000000000444249 0.86602540375879
    outer loop
      vertex 5 200.39999999850988 316.51379461586475
      vertex 0 200.39999999850988 316.51379461586475
      vertex 5 190.39999999850988 322.287297308445
    endloop
  endfacet
  facet normal 0 1 0
    outer loop
      vertex 0 212.20000000298023 333.8343026936054
      vertex 5 212.20000000298023 333.8343026936054
      vertex 0 212.20000000298023 322.287297308445
    endloop
  endfacet
  facet normal 0 1 0
    outer loop
      vertex 5 212.20000000298023 322.287297308445
      vertex 0 212.20000000298023 322.287297308445
      vertex 5 212.20000000298023 333.8343026936054
    endloop
  endfacet
  facet normal 0 0.5000000000444249 -0.86602540375879
    outer loop
      vertex 0 222.20000000298023 339.60780538618565
      vertex 5 222.20000000298023 339.60780538618565
      vertex 0 212.20000000298023 333.8343026936054
    endloop
  endfacet
  facet normal 0 0.5000000000444249 -0.86602540375879
    outer loop
      vertex 5 212.20000000298023 333.8343026936054
      vertex 0 212.20000000298023 333.8343026936054
      vertex 5 222.20000000298023 339.60780538618565
    endloop
  endfacet
  facet normal 0 -0.5000000000444249 -0.86602540375879
    outer loop
      vertex 0 232.20000000298023 333.8343026936054
      vertex 5 232.20000000298023 333.8343026936054
      vertex 0 222.20000000298023 339.60780538618565
    endloop
  endfacet
  facet normal 0 -0.5000000000444249 -0.86602540375879
    outer loop
      vertex 5 222.20000000298023 339.60780538618565
      vertex 0 222.20000000298023 339.60780538618565
      vertex 5 232.20000000298023 333.8343026936054
    endloop
  endfacet
  facet normal 0 -1 0
    outer loop
      vertex 0 232.20000000298023 322.287297308445
      vertex 5 232.20000000298023 322.287297308445
      vertex 0 232.20000000298023 333.8343026936054
    endloop
  endfacet
  facet normal 0 -1 0
    outer loop
      vertex 5 232.20000000298023 333.8343026936054
      vertex 0 232.20000000298023 333.8343026936054
      vertex 5 232.20000000298023 322.287297308445
    endloop
  endfacet
  facet normal 0 -0.5000000000444249 0.86602540375879
    outer loop
      vertex 0 222.20000000298023 316.51379461586475
      vertex 5 222.20000000298023 316.51379461586475
      vertex 0 232.20000000298023 322.287297308445
    endloop
  endfacet
  facet normal 0 -0.5000000000444249 0.86602540375879
    outer loop
      vertex 5 232.20000000298023 322.287297308445
      vertex 0 232.20000000298023 322.287297308445
      vertex 5 222.20000000298023 316.51379461586475
    endloop
  endfacet
  facet normal 0 0.5000000000444249 0.86602540375879
    outer loop
      vertex 0 212.20000000298023 322.287297308445
      vertex 5 212.20000000298023 322.287297308445
      vertex 0 222.20000000298023 316.51379461586475
    endloop
  endfacet
  facet normal 0 0.5000000000444249 0.86602540375879
    outer loop
      vertex 5 222.20000000298023 316.51379461586475
      vertex 0 222.20000000298023 316.51379461586475
      vertex 5 212.20000000298023 322.287297308445
    endloop
  endfacet
  facet normal 0 1 0
    outer loop
      vertex 0 26.899999998509884 314.95550268888474
      vertex 5 26.899999998509884 314.95550268888474
      vertex 0 26.899999998509884 303.40849731117487
    endloop
  endfacet
  facet normal 0 1 0
    outer loop
      vertex 5 26.899999998509884 303.40849731117487
      vertex 0 26.899999998509884 303.40849731117487
      vertex 5 26.899999998509884 314.95550268888474
    endloop
  endfacet
  facet normal 0 0.5000000000444249 -0.86602540375879
    outer loop
      vertex 0 36.899999998509884 320.72900538146496
      vertex 5 36.899999998509884 320.72900538146496
      vertex 0 26.899999998509884 314.95550268888474
    endloop
  endfacet
  facet normal 0 0.5000000000444249 -0.86602540375879
    outer loop
      vertex 5 26.899999998509884 314.95550268888474
      vertex 0 26.899999998509884 314.95550268888474
      vertex 5 36.899999998509884 320.72900538146496
    endloop
  endfacet
  facet normal 0 -0.5000000000444249 -0.86602540375879
    outer loop
      vertex 0 46.899999998509884 314.95550268888474
      vertex 5 46.899999998509884 314.95550268888474
      vertex 0 36.899999998509884 320.72900538146496
    endloop
  endfacet
  facet normal 0 -0.5000000000444249 -0.86602540375879
    outer loop
      vertex 5 36.899999998509884 320.72900538146496
      vertex 0 36.899999998509884 320.72900538146496
      vertex 5 46.899999998509884 314.95550268888474
    endloop
  endfacet
  facet normal 0 -1 0
    outer loop
      vertex 0 46.899999998509884 303.40849731117487
      vertex 5 46.899999998509884 303.40849731117487
      vertex 0 46.899999998509884 314.95550268888474
    endloop
  endfacet
  facet normal 0 -1 0
    outer loop
      vertex 5 46.899999998509884 314.95550268888474
      vertex 0 46.899999998509884 314.95550268888474
      vertex 5 46.899999998509884 303.40849731117487
    endloop
  endfacet
  facet normal 0 -0.5000000000444249 0.86602540375879
    outer loop
      vertex 0 36.899999998509884 297.63499461859465
      vertex 5 36.899999998509884 297.63499461859465
      vertex 0 46.899999998509884 303.40849731117487
    endloop
  endfacet
  facet normal 0 -0.5000000000444249 0.86602540375879
    outer loop
      vertex 5 46.899999998509884 303.40849731117487
      vertex 0 46.899999998509884 303.40849731117487
      vertex 5 36.899999998509884 297.63499461859465
    endloop
  endfacet
  facet normal 0 0.5000000000444249 0.86602540375879
    outer loop
      vertex 0 26.899999998509884 303.40849731117487
      vertex 5 26.899999998509884 303.40849731117487
      vertex 0 36.899999998509884 297.63499461859465
    endloop
  endfacet
  facet normal 0 0.5000000000444249 0.86602540375879
    outer loop
      vertex 5 36.899999998509884 297.63499461859465
      vertex 0 36.899999998509884 297.63499461859465
      vertex 5 26.899999998509884 303.40849731117487
    endloop
  endfacet
  facet normal 0 1 0
    outer loop
      vertex 0 48.70000000298023 314.95550268888474
      vertex 5 48.70000000298023 314.95550268888474
      vertex 0 48.70000000298023 303.40849731117487
    endloop
  endfacet
  facet normal 0 1 0
    outer loop
      vertex 5 48.70000000298023 303.40849731117487
      vertex 0 48.70000000298023 303.40849731117487
      vertex 5 48.70000000298023 314.95550268888474
    endloop
  endfacet
  facet normal 0 0.5000000000444249 -0.86602540375879
    outer loop
      vertex 0 58.70000000298023 320.72900538146496
      vertex 5 58.70000000298023 320.72900538146496
      vertex 0 48.70000000298023 314.95550268888474
    endloop
  endfacet
  facet normal 0 0.5000000000444249 -0.86602540375879
    outer loop
      vertex 5 48.70000000298023 314.95550268888474
      vertex 0 48.70000000298023 314.95550268888474
      vertex 5 58.70000000298023 320.72900538146496
    endloop
  endfacet
  facet normal 0 -0.5000000000444249 -0.86602540375879
    outer loop
      vertex 0 68.70000000298023 314.95550268888474
      vertex 5 68.70000000298023 314.95550268888474
      vertex 0 58.70000000298023 320.72900538146496
    endloop
  endfacet
  facet normal 0 -0.5000000000444249 -0.86602540375879
    outer loop
      vertex 5 58.70000000298023 320.72900538146496
      vertex 0 58.70000000298023 320.72900538146496
      vertex 5 68.70000000298023 314.95550268888474
    endloop
  endfacet
  facet normal 0 -1 0
    outer loop
      vertex 0 68.70000000298023 303.40849731117487
      vertex 5 68.70000000298023 303.40849731117487
      vertex 0 68.70000000298023 314.95550268888474
    endloop
  endfacet
  facet normal 0 -1 0
    outer loop
      vertex 5 68.70000000298023 314.95550268888474
      vertex 0 68.70000000298023 314.95550268888474
      vertex 5 68.70000000298023 303.40849731117487
    endloop
  endfacet
  facet normal 0 -0.5000000000444249 0.86602540375879
    outer loop
      vertex 0 58.70000000298023 297.63499461859465
      vertex 5 58.70000000298023 297.63499461859465
      vertex 0 68.70000000298023 303.40849731117487
    endloop
  endfacet
  facet normal 0 -0.5000000000444249 0.86602540375879
    outer loop
      vertex 5 68.70000000298023 303.40849731117487
      vertex 0 68.70000000298023 303.40849731117487
      vertex 5 58.70000000298023 297.63499461859465
    endloop
  endfacet
  facet normal 0 0.5000000000444249 0.86602540375879
    outer loop
      vertex 0 48.70000000298023 303.40849731117487
      vertex 5 48.70000000298023 303.40849731117487
      vertex 0 58.70000000298023 297.63499461859465
    endloop
  endfacet
  facet normal 0 0.5000000000444249 0.86602540375879
    outer loop
      vertex 5 58.70000000298023 297.63499461859465
      vertex 0 58.70000000298023 297.63499461859465
      vertex 5 48.70000000298023 303.40849731117487
    endloop
  endfacet
  facet normal 0 1 0
    outer loop
      vertex 0 70.5 314.95550268888474
      vertex 5 70.5 314.95550268888474
      vertex 0 70.5 303.40849731117487
    endloop
  endfacet
  facet normal 0 1 0
    outer loop
      vertex 5 70.5 303.40849731117487
      vertex 0 70.5 303.40849731117487
      vertex 5 70.5 314.95550268888474
    endloop
  endfacet
  facet normal 0 0.5000000000444249 -0.86602540375879
    outer loop
      vertex 0 80.5 320.72900538146496
      vertex 5 80.5 320.72900538146496
      vertex 0 70.5 314.95550268888474
    endloop
  endfacet
  facet normal 0 0.5000000000444249 -0.86602540375879
    outer loop
      vertex 5 70.5 314.95550268888474
      vertex 0 70.5 314.95550268888474
      vertex 5 80.5 320.72900538146496
    endloop
  endfacet
  facet normal 0 -0.5000000000444249 -0.86602540375879
    outer loop
      vertex 0 90.5 314.95550268888474
      vertex 5 90.5 314.95550268888474
      vertex 0 80.5 320.72900538146496
    endloop
  endfacet
  facet normal 0 -0.5000000000444249 -0.86602540375879
    outer loop
      vertex 5 80.5 320.72900538146496
      vertex 0 80.5 320.72900538146496
      vertex 5 90.5 314.95550268888474
    endloop
  endfacet
  facet normal 0 -1 0
    outer loop
      vertex 0 90.5 303.40849731117487
      vertex 5 90.5 303.40849731117487
      vertex 0 90.5 314.95550268888474
    endloop
  endfacet
  facet normal 0 -1 0
    outer loop
      vertex 5 90.5 314.95550268888474
      vertex 0 90.5 314.95550268888474
      vertex 5 90.5 303.40849731117487
    endloop
  endfacet
  facet normal 0 -0.5000000000444249 0.86602540375879
    outer loop
      vertex 0 80.5 297.63499461859465
      vertex 5 80.5 297.63499461859465
      vertex 0 90.5 303.40849731117487
    endloop
  endfacet
  facet normal 0 -0.5000000000444249 0.86602540375879
    outer loop
      vertex 5 90.5 303.40849731117487
      vertex 0 90.5 303.40849731117487
      vertex 5 80.5 297.63499461859465
    endloop
  endfacet
  facet normal 0 0.5000000000444249 0.86602540375879
    outer loop
      vertex 0 70.5 303.40849731117487
      vertex 5 70.5 303.40849731117487
      vertex 0 80.5 297.63499461859465
    endloop
  endfacet
  facet normal 0 0.5000000000444249 0.86602540375879
    outer loop
      vertex 5 80.5 297.63499461859465
      vertex 0 80.5 297.63499461859465
      vertex 5 70.5 303.40849731117487
    endloop
  endfacet
  facet normal 0 1 0
    outer loop
      vertex 0 92.29999999701977 314.95550268888474
      vertex 5 92.29999999701977 314.95550268888474
      vertex 0 92.29999999701977 303.40849731117487
    endloop
  endfacet
  facet normal 0 1 0
    outer loop
      vertex 5 92.29999999701977 303.40849731117487
      vertex 0 92.29999999701977 303.40849731117487
      vertex 5 92.29999999701977 314.95550268888474
    endloop
  endfacet
  facet normal 0 0.5000000000444249 -0.86602540375879
    outer loop
      vertex 0 102.29999999701977 320.72900538146496
      vertex 5 102.29999999701977 320.72900538146496
      vertex 0 92.29999999701977 314.95550268888474
    endloop
  endfacet
  facet normal 0 0.5000000000444249 -0.86602540375879
    outer loop
      vertex 5 92.29999999701977 314.95550268888474
      vertex 0 92.29999999701977 314.95550268888474
      vertex 5 102.29999999701977 320.72900538146496
    endloop
  endfacet
  facet normal 0 -0.5000000000444249 -0.86602540375879
    outer loop
      vertex 0 112.29999999701977 314.95550268888474
      vertex 5 112.29999999701977 314.95550268888474
      vertex 0 102.29999999701977 320.72900538146496
    endloop
  endfacet
  facet normal 0 -0.5000000000444249 -0.86602540375879
    outer loop
      vertex 5 102.29999999701977 320.72900538146496
      vertex 0 102.29999999701977 320.72900538146496
      vertex 5 112.29999999701977 314.95550268888474
    endloop
  endfacet
  facet normal 0 -1 0
    outer loop
      vertex 0 112.29999999701977 303.40849731117487
      vertex 5 112.29999999701977 303.40849731117487
      vertex 0 112.29999999701977 314.95550268888474
    endloop
  endfacet
  facet normal 0 -1 0
    outer loop
      vertex 5 112.29999999701977 314.95550268888474
      vertex 0 112.29999999701977 314.95550268888474
      vertex 5 112.29999999701977 303.40849731117487
    endloop
  endfacet
  facet normal 0 -0.5000000000444249 0.86602540375879
    outer loop
      vertex 0 102.29999999701977 297.63499461859465
      vertex 5 102.29999999701977 297.63499461859465
      vertex 0 112.29999999701977 303.40849731117487
    endloop
  endfacet
  facet normal 0 -0.5000000000444249 0.86602540375879
    outer loop
      vertex 5 112.29999999701977 303.40849731117487
      vertex 0 112.29999999701977 303.40849731117487
      vertex 5 102.29999999701977 297.63499461859465
    endloop
  endfacet
  facet normal 0 0.5000000000444249 0.86602540375879
    outer loop
      vertex 0 92.29999999701977 303.40849731117487
      vertex 5 92.29999999701977 303.40849731117487
      vertex 0 102.29999999701977 297.63499461859465
    endloop
  endfacet
  facet normal 0 0.5000000000444249 0.86602540375879
    outer loop
      vertex 5 102.29999999701977 297.63499461859465
      vertex 0 102.29999999701977 297.63499461859465
      vertex 5 92.29999999701977 303.40849731117487
    endloop
  endfacet
  facet normal 0 1 0
    outer loop
      vertex 0 114.10000000149012 314.95550268888474
      vertex 5 114.10000000149012 314.95550268888474
      vertex 0 114.10000000149012 303.40849731117487
    endloop
  endfacet
  facet normal 0 1 0
    outer loop
      vertex 5 114.10000000149012 303.40849731117487
      vertex 0 114.10000000149012 303.40849731117487
      vertex 5 114.10000000149012 314.95550268888474
    endloop
  endfacet
  facet normal 0 0.5000000000444249 -0.86602540375879
    outer loop
      vertex 0 124.10000000149012 320.72900538146496
      vertex 5 124.10000000149012 320.72900538146496
      vertex 0 114.10000000149012 314.95550268888474
    endloop
  endfacet
  facet normal 0 0.5000000000444249 -0.86602540375879
    outer loop
      vertex 5 114.10000000149012 314.95550268888474
      vertex 0 114.10000000149012 314.95550268888474
      vertex 5 124.10000000149012 320.72900538146496
    endloop
  endfacet
  facet normal 0 -0.5000000000444249 -0.86602540375879
    outer loop
      vertex 0 134.10000000149012 314.95550268888474
      vertex 5 134.10000000149012 314.95550268888474
      vertex 0 124.10000000149012 320.72900538146496
    endloop
  endfacet
  facet normal 0 -0.5000000000444249 -0.86602540375879
    outer loop
      vertex 5 124.10000000149012 320.72900538146496
      vertex 0 124.10000000149012 320.72900538146496
      vertex 5 134.10000000149012 314.95550268888474
    endloop
  endfacet
  facet normal 0 -1 0
    outer loop
      vertex 0 134.10000000149012 303.40849731117487
      vertex 5 134.10000000149012 303.40849731117487
      vertex 0 134.10000000149012 314.95550268888474
    endloop
  endfacet
  facet normal 0 -1 0
    outer loop
      vertex 5 134.10000000149012 314.95550268888474
      vertex 0 134.10000000149012 314.95550268888474
      vertex 5 134.10000000149012 303.40849731117487
    endloop
  endfacet
  facet normal 0 -0.5000000000444249 0.86602540375879
    outer loop
      vertex 0 124.10000000149012 297.63499461859465
      vertex 5 124.10000000149012 297.63499461859465
      vertex 0 134.10000000149012 303.40849731117487
    endloop
  endfacet
  facet normal 0 -0.5000000000444249 0.86602540375879
    outer loop
      vertex 5 134.10000000149012 303.40849731117487
      vertex 0 134.10000000149012 303.40849731117487
      vertex 5 124.10000000149012 297.63499461859465
    endloop
  endfacet
  facet normal 0 0.5000000000444249 0.86602540375879
    outer loop
      vertex 0 114.10000000149012 303.40849731117487
      vertex 5 114.10000000149012 303.40849731117487
      vertex 0 124.10000000149012 297.63499461859465
    endloop
  endfacet
  facet normal 0 0.5000000000444249 0.86602540375879
    outer loop
      vertex 5 124.10000000149012 297.63499461859465
      vertex 0 124.10000000149012 297.63499461859465
      vertex 5 114.10000000149012 303.40849731117487
    endloop
  endfacet
  facet normal 0 1 0
    outer loop
      vertex 0 135.89999999850988 314.95550268888474
      vertex 5 135.89999999850988 314.95550268888474
      vertex 0 135.89999999850988 303.40849731117487
    endloop
  endfacet
  facet normal 0 1 0
    outer loop
      vertex 5 135.89999999850988 303.40849731117487
      vertex 0 135.89999999850988 303.40849731117487
      vertex 5 135.89999999850988 314.95550268888474
    endloop
  endfacet
  facet normal 0 0.5000000000444249 -0.86602540375879
    outer loop
      vertex 0 145.89999999850988 320.72900538146496
      vertex 5 145.89999999850988 320.72900538146496
      vertex 0 135.89999999850988 314.95550268888474
    endloop
  endfacet
  facet normal 0 0.5000000000444249 -0.86602540375879
    outer loop
      vertex 5 135.89999999850988 314.95550268888474
      vertex 0 135.89999999850988 314.95550268888474
      vertex 5 145.89999999850988 320.72900538146496
    endloop
  endfacet
  facet normal 0 -0.5000000000444249 -0.86602540375879
    outer loop
      vertex 0 155.89999999850988 314.95550268888474
      vertex 5 155.89999999850988 314.95550268888474
      vertex 0 145.89999999850988 320.72900538146496
    endloop
  endfacet
  facet normal 0 -0.5000000000444249 -0.86602540375879
    outer loop
      vertex 5 145.89999999850988 320.72900538146496
      vertex 0 145.89999999850988 320.72900538146496
      vertex 5 155.89999999850988 314.95550268888474
    endloop
  endfacet
  facet normal 0 -1 0
    outer loop
      vertex 0 155.89999999850988 303.40849731117487
      vertex 5 155.89999999850988 303.40849731117487
      vertex 0 155.89999999850988 314.95550268888474
    endloop
  endfacet
  facet normal 0 -1 0
    outer loop
      vertex 5 155.89999999850988 314.95550268888474
      vertex 0 155.89999999850988 314.95550268888474
      vertex 5 155.89999999850988 303.40849731117487
    endloop
  endfacet
  facet normal 0 -0.5000000000444249 0.86602540375879
    outer loop
      vertex 0 145.89999999850988 297.63499461859465
      vertex 5 145.89999999850988 297.63499461859465
      vertex 0 155.89999999850988 303.40849731117487
    endloop
  endfacet
  facet normal 0 -0.5000000000444249 0.86602540375879
    outer loop
      vertex 5 155.89999999850988 303.40849731117487
      vertex 0 155.89999999850988 303.40849731117487
      vertex 5 145.89999999850988 297.63499461859465
    endloop
  endfacet
  facet normal 0 0.5000000000444249 0.86602540375879
    outer loop
      vertex 0 135.89999999850988 303.40849731117487
      vertex 5 135.89999999850988 303.40849731117487
      vertex 0 145.89999999850988 297.63499461859465
    endloop
  endfacet
  facet normal 0 0.5000000000444249 0.86602540375879
    outer loop
      vertex 5 145.89999999850988 297.63499461859465
      vertex 0 145.89999999850988 297.63499461859465
      vertex 5 135.89999999850988 303.40849731117487
    endloop
  endfacet
  facet normal 0 1 0
    outer loop
      vertex 0 157.70000000298023 314.95550268888474
      vertex 5 157.70000000298023 314.95550268888474
      vertex 0 157.70000000298023 303.40849731117487
    endloop
  endfacet
  facet normal 0 1 0
    outer loop
      vertex 5 157.70000000298023 303.40849731117487
      vertex 0 157.70000000298023 303.40849731117487
      vertex 5 157.70000000298023 314.95550268888474
    endloop
  endfacet
  facet normal 0 0.5000000000444249 -0.86602540375879
    outer loop
      vertex 0 167.70000000298023 320.72900538146496
      vertex 5 167.70000000298023 320.72900538146496
      vertex 0 157.70000000298023 314.95550268888474
    endloop
  endfacet
  facet normal 0 0.5000000000444249 -0.86602540375879
    outer loop
      vertex 5 157.70000000298023 314.95550268888474
      vertex 0 157.70000000298023 314.95550268888474
      vertex 5 167.70000000298023 320.72900538146496
    endloop
  endfacet
  facet normal 0 -0.5000000000444249 -0.86602540375879
    outer loop
      vertex 0 177.70000000298023 314.95550268888474
      vertex 5 177.70000000298023 314.95550268888474
      vertex 0 167.70000000298023 320.72900538146496
    endloop
  endfacet
  facet normal 0 -0.5000000000444249 -0.86602540375879
    outer loop
      vertex 5 167.70000000298023 320.72900538146496
      vertex 0 167.70000000298023 320.72900538146496
      vertex 5 177.70000000298023 314.95550268888474
    endloop
  endfacet
  facet normal 0 -1 0
    outer loop
      vertex 0 177.70000000298023 303.40849731117487
      vertex 5 177.70000000298023 303.40849731117487
      vertex 0 177.70000000298023 314.95550268888474
    endloop
  endfacet
  facet normal 0 -1 0
    outer loop
      vertex 5 177.70000000298023 314.95550268888474
      vertex 0 177.70000000298023 314.95550268888474
      vertex 5 177.70000000298023 303.40849731117487
    endloop
  endfacet
  facet normal 0 -0.5000000000444249 0.86602540375879
    outer loop
      vertex 0 167.70000000298023 297.63499461859465
      vertex 5 167.70000000298023 297.63499461859465
      vertex 0 177.70000000298023 303.40849731117487
    endloop
  endfacet
  facet normal 0 -0.5000000000444249 0.86602540375879
    outer loop
      vertex 5 177.70000000298023 303.40849731117487
      vertex 0 177.70000000298023 303.40849731117487
      vertex 5 167.70000000298023 297.63499461859465
    endloop
  endfacet
  facet normal 0 0.5000000000444249 0.86602540375879
    outer loop
      vertex 0 157.70000000298023 303.40849731117487
      vertex 5 157.70000000298023 303.40849731117487
      vertex 0 167.70000000298023 297.63499461859465
    endloop
  endfacet
  facet normal 0 0.5000000000444249 0.86602540375879
    outer loop
      vertex 5 167.70000000298023 297.63499461859465
      vertex 0 167.70000000298023 297.63499461859465
      vertex 5 157.70000000298023 303.40849731117487
    endloop
  endfacet
  facet normal 0 1 0
    outer loop
      vertex 0 179.5 314.95550268888474
      vertex 5 179.5 314.95550268888474
      vertex 0 179.5 303.40849731117487
    endloop
  endfacet
  facet normal 0 1 0
    outer loop
      vertex 5 179.5 303.40849731117487
      vertex 0 179.5 303.40849731117487
      vertex 5 179.5 314.95550268888474
    endloop
  endfacet
  facet normal 0 0.5000000000444249 -0.86602540375879
    outer loop
      vertex 0 189.5 320.72900538146496
      vertex 5 189.5 320.72900538146496
      vertex 0 179.5 314.95550268888474
    endloop
  endfacet
  facet normal 0 0.5000000000444249 -0.86602540375879
    outer loop
      vertex 5 179.5 314.95550268888474
      vertex 0 179.5 314.95550268888474
      vertex 5 189.5 320.72900538146496
    endloop
  endfacet
  facet normal 0 -0.5000000000444249 -0.86602540375879
    outer loop
      vertex 0 199.5 314.95550268888474
      vertex 5 199.5 314.95550268888474
      vertex 0 189.5 320.72900538146496
    endloop
  endfacet
  facet normal 0 -0.5000000000444249 -0.86602540375879
    outer loop
      vertex 5 189.5 320.72900538146496
      vertex 0 189.5 320.72900538146496
      vertex 5 199.5 314.95550268888474
    endloop
  endfacet
  facet normal 0 -1 0
    outer loop
      vertex 0 199.5 303.40849731117487
      vertex 5 199.5 303.40849731117487
      vertex 0 199.5 314.95550268888474
    endloop
  endfacet
  facet normal 0 -1 0
    outer loop
      vertex 5 199.5 314.95550268888474
      vertex 0 199.5 314.95550268888474
      vertex 5 199.5 303.40849731117487
    endloop
  endfacet
  facet normal 0 -0.5000000000444249 0.86602540375879
    outer loop
      vertex 0 189.5 297.63499461859465
      vertex 5 189.5 297.63499461859465
      vertex 0 199.5 303.40849731117487
    endloop
  endfacet
  facet normal 0 -0.5000000000444249 0.86602540375879
    outer loop
      vertex 5 199.5 303.40849731117487
      vertex 0 199.5 303.40849731117487
      vertex 5 189.5 297.63499461859465
    endloop
  endfacet
  facet normal 0 0.5000000000444249 0.86602540375879
    outer loop
      vertex 0 179.5 303.40849731117487
      vertex 5 179.5 303.40849731117487
      vertex 0 189.5 297.63499461859465
    endloop
  endfacet
  facet normal 0 0.5000000000444249 0.86602540375879
    outer loop
      vertex 5 189.5 297.63499461859465
      vertex 0 189.5 297.63499461859465
      vertex 5 179.5 303.40849731117487
    endloop
  endfacet
  facet normal 0 1 0
    outer loop
      vertex 0 201.29999999701977 314.95550268888474
      vertex 5 201.29999999701977 314.95550268888474
      vertex 0 201.29999999701977 303.40849731117487
    endloop
  endfacet
  facet normal 0 1 0
    outer loop
      vertex 5 201.29999999701977 303.40849731117487
      vertex 0 201.29999999701977 303.40849731117487
      vertex 5 201.29999999701977 314.95550268888474
    endloop
  endfacet
  facet normal 0 0.5000000000444249 -0.86602540375879
    outer loop
      vertex 0 211.29999999701977 320.72900538146496
      vertex 5 211.29999999701977 320.72900538146496
      vertex 0 201.29999999701977 314.95550268888474
    endloop
  endfacet
  facet normal 0 0.5000000000444249 -0.86602540375879
    outer loop
      vertex 5 201.29999999701977 314.95550268888474
      vertex 0 201.29999999701977 314.95550268888474
      vertex 5 211.29999999701977 320.72900538146496
    endloop
  endfacet
  facet normal 0 -0.5000000000444249 -0.86602540375879
    outer loop
      vertex 0 221.29999999701977 314.95550268888474
      vertex 5 221.29999999701977 314.95550268888474
      vertex 0 211.29999999701977 320.72900538146496
    endloop
  endfacet
  facet normal 0 -0.5000000000444249 -0.86602540375879
    outer loop
      vertex 5 211.29999999701977 320.72900538146496
      vertex 0 211.29999999701977 320.72900538146496
      vertex 5 221.29999999701977 314.95550268888474
    endloop
  endfacet
  facet normal 0 -1 0
    outer loop
      vertex 0 221.29999999701977 303.40849731117487
      vertex 5 221.29999999701977 303.40849731117487
      vertex 0 221.29999999701977 314.95550268888474
    endloop
  endfacet
  facet normal 0 -1 0
    outer loop
      vertex 5 221.29999999701977 314.95550268888474
      vertex 0 221.29999999701977 314.95550268888474
      vertex 5 221.29999999701977 303.40849731117487
    endloop
  endfacet
  facet normal 0 -0.5000000000444249 0.86602540375879
    outer loop
      vertex 0 211.29999999701977 297.63499461859465
      vertex 5 211.29999999701977 297.63499461859465
      vertex 0 221.29999999701977 303.40849731117487
    endloop
  endfacet
  facet normal 0 -0.5000000000444249 0.86602540375879
    outer loop
      vertex 5 221.29999999701977 303.40849731117487
      vertex 0 221.29999999701977 303.40849731117487
      vertex 5 211.29999999701977 297.63499461859465
    endloop
  endfacet
  facet normal 0 0.5000000000444249 0.86602540375879
    outer loop
      vertex 0 201.29999999701977 303.40849731117487
      vertex 5 201.29999999701977 303.40849731117487
      vertex 0 211.29999999701977 297.63499461859465
    endloop
  endfacet
  facet normal 0 0.5000000000444249 0.86602540375879
    outer loop
      vertex 5 211.29999999701977 297.63499461859465
      vertex 0 211.29999999701977 297.63499461859465
      vertex 5 201.29999999701977 303.40849731117487
    endloop
  endfacet
  facet normal 0 1 0
    outer loop
      vertex 0 16 296.0767026916146
      vertex 5 16 296.0767026916146
      vertex 0 16 284.5296973064542
    endloop
  endfacet
  facet normal 0 1 0
    outer loop
      vertex 5 16 284.5296973064542
      vertex 0 16 284.5296973064542
      vertex 5 16 296.0767026916146
    endloop
  endfacet
  facet normal 0 0.5000000000444249 -0.86602540375879
    outer loop
      vertex 0 26 301.85020538419485
      vertex 5 26 301.85020538419485
      vertex 0 16 296.0767026916146
    endloop
  endfacet
  facet normal 0 0.5000000000444249 -0.86602540375879
    outer loop
      vertex 5 16 296.0767026916146
      vertex 0 16 296.0767026916146
      vertex 5 26 301.85020538419485
    endloop
  endfacet
  facet normal 0 -0.5000000000444249 -0.86602540375879
    outer loop
      vertex 0 36 296.0767026916146
      vertex 5 36 296.0767026916146
      vertex 0 26 301.85020538419485
    endloop
  endfacet
  facet normal 0 -0.5000000000444249 -0.86602540375879
    outer loop
      vertex 5 26 301.85020538419485
      vertex 0 26 301.85020538419485
      vertex 5 36 296.0767026916146
    endloop
  endfacet
  facet normal 0 -1 0
    outer loop
      vertex 0 36 284.5296973064542
      vertex 5 36 284.5296973064542
      vertex 0 36 296.0767026916146
    endloop
  endfacet
  facet normal 0 -1 0
    outer loop
      vertex 5 36 296.0767026916146
      vertex 0 36 296.0767026916146
      vertex 5 36 284.5296973064542
    endloop
  endfacet
  facet normal 0 -0.5000000000444249 0.86602540375879
    outer loop
      vertex 0 26 278.75619461387396
      vertex 5 26 278.75619461387396
      vertex 0 36 284.5296973064542
    endloop
  endfacet
  facet normal 0 -0.5000000000444249 0.86602540375879
    outer loop
      vertex 5 36 284.5296973064542
      vertex 0 36 284.5296973064542
      vertex 5 26 278.75619461387396
    endloop
  endfacet
  facet normal 0 0.5000000000444249 0.86602540375879
    outer loop
      vertex 0 16 284.5296973064542
      vertex 5 16 284.5296973064542
      vertex 0 26 278.75619461387396
    endloop
  endfacet
  facet normal 0 0.5000000000444249 0.86602540375879
    outer loop
      vertex 5 26 278.75619461387396
      vertex 0 26 278.75619461387396
      vertex 5 16 284.5296973064542
    endloop
  endfacet
  facet normal 0 1 0
    outer loop
      vertex 0 37.79999999701977 296.0767026916146
      vertex 5 37.79999999701977 296.0767026916146
      vertex 0 37.79999999701977 284.5296973064542
    endloop
  endfacet
  facet normal 0 1 0
    outer loop
      vertex 5 37.79999999701977 284.5296973064542
      vertex 0 37.79999999701977 284.5296973064542
      vertex 5 37.79999999701977 296.0767026916146
    endloop
  endfacet
  facet normal 0 0.5000000000444249 -0.86602540375879
    outer loop
      vertex 0 47.79999999701977 301.85020538419485
      vertex 5 47.79999999701977 301.85020538419485
      vertex 0 37.79999999701977 296.0767026916146
    endloop
  endfacet
  facet normal 0 0.5000000000444249 -0.86602540375879
    outer loop
      vertex 5 37.79999999701977 296.0767026916146
      vertex 0 37.79999999701977 296.0767026916146
      vertex 5 47.79999999701977 301.85020538419485
    endloop
  endfacet
  facet normal 0 -0.5000000000444249 -0.86602540375879
    outer loop
      vertex 0 57.79999999701977 296.0767026916146
      vertex 5 57.79999999701977 296.0767026916146
      vertex 0 47.79999999701977 301.85020538419485
    endloop
  endfacet
  facet normal 0 -0.5000000000444249 -0.86602540375879
    outer loop
      vertex 5 47.79999999701977 301.85020538419485
      vertex 0 47.79999999701977 301.85020538419485
      vertex 5 57.79999999701977 296.0767026916146
    endloop
  endfacet
  facet normal 0 -1 0
    outer loop
      vertex 0 57.79999999701977 284.5296973064542
      vertex 5 57.79999999701977 284.5296973064542
      vertex 0 57.79999999701977 296.0767026916146
    endloop
  endfacet
  facet normal 0 -1 0
    outer loop
      vertex 5 57.79999999701977 296.0767026916146
      vertex 0 57.79999999701977 296.0767026916146
      vertex 5 57.79999999701977 284.5296973064542
    endloop
  endfacet
  facet normal 0 -0.5000000000444249 0.86602540375879
    outer loop
      vertex 0 47.79999999701977 278.75619461387396
      vertex 5 47.79999999701977 278.75619461387396
      vertex 0 57.79999999701977 284.5296973064542
    endloop
  endfacet
  facet normal 0 -0.5000000000444249 0.86602540375879
    outer loop
      vertex 5 57.79999999701977 284.5296973064542
      vertex 0 57.79999999701977 284.5296973064542
      vertex 5 47.79999999701977 278.75619461387396
    endloop
  endfacet
  facet normal 0 0.5000000000444249 0.86602540375879
    outer loop
      vertex 0 37.79999999701977 284.5296973064542
      vertex 5 37.79999999701977 284.5296973064542
      vertex 0 47.79999999701977 278.75619461387396
    endloop
  endfacet
  facet normal 0 0.5000000000444249 0.86602540375879
    outer loop
      vertex 5 47.79999999701977 278.75619461387396
      vertex 0 47.79999999701977 278.75619461387396
      vertex 5 37.79999999701977 284.5296973064542
    endloop
  endfacet
  facet normal 0 1 0
    outer loop
      vertex 0 59.600000001490116 296.0767026916146
      vertex 5 59.600000001490116 296.0767026916146
      vertex 0 59.600000001490116 284.5296973064542
    endloop
  endfacet
  facet normal 0 1 0
    outer loop
      vertex 5 59.600000001490116 284.5296973064542
      vertex 0 59.600000001490116 284.5296973064542
      vertex 5 59.600000001490116 296.0767026916146
    endloop
  endfacet
  facet normal 0 0.5000000000444249 -0.86602540375879
    outer loop
      vertex 0 69.60000000149012 301.85020538419485
      vertex 5 69.60000000149012 301.85020538419485
      vertex 0 59.600000001490116 296.0767026916146
    endloop
  endfacet
  facet normal 0 0.5000000000444249 -0.86602540375879
    outer loop
      vertex 5 59.600000001490116 296.0767026916146
      vertex 0 59.600000001490116 296.0767026916146
      vertex 5 69.60000000149012 301.85020538419485
    endloop
  endfacet
  facet normal 0 -0.5000000000444249 -0.86602540375879
    outer loop
      vertex 0 79.60000000149012 296.0767026916146
      vertex 5 79.60000000149012 296.0767026916146
      vertex 0 69.60000000149012 301.85020538419485
    endloop
  endfacet
  facet normal 0 -0.5000000000444249 -0.86602540375879
    outer loop
      vertex 5 69.60000000149012 301.85020538419485
      vertex 0 69.60000000149012 301.85020538419485
      vertex 5 79.60000000149012 296.0767026916146
    endloop
  endfacet
  facet normal 0 -1 0
    outer loop
      vertex 0 79.60000000149012 284.5296973064542
      vertex 5 79.60000000149012 284.5296973064542
      vertex 0 79.60000000149012 296.0767026916146
    endloop
  endfacet
  facet normal 0 -1 0
    outer loop
      vertex 5 79.60000000149012 296.0767026916146
      vertex 0 79.60000000149012 296.0767026916146
      vertex 5 79.60000000149012 284.5296973064542
    endloop
  endfacet
  facet normal 0 -0.5000000000444249 0.86602540375879
    outer loop
      vertex 0 69.60000000149012 278.75619461387396
      vertex 5 69.60000000149012 278.75619461387396
      vertex 0 79.60000000149012 284.5296973064542
    endloop
  endfacet
  facet normal 0 -0.5000000000444249 0.86602540375879
    outer loop
      vertex 5 79.60000000149012 284.5296973064542
      vertex 0 79.60000000149012 284.5296973064542
      vertex 5 69.60000000149012 278.75619461387396
    endloop
  endfacet
  facet normal 0 0.5000000000444249 0.86602540375879
    outer loop
      vertex 0 59.600000001490116 284.5296973064542
      vertex 5 59.600000001490116 284.5296973064542
      vertex 0 69.60000000149012 278.75619461387396
    endloop
  endfacet
  facet normal 0 0.5000000000444249 0.86602540375879
    outer loop
      vertex 5 69.60000000149012 278.75619461387396
      vertex 0 69.60000000149012 278.75619461387396
      vertex 5 59.600000001490116 284.5296973064542
    endloop
  endfacet
  facet normal 0 1 0
    outer loop
      vertex 0 81.39999999850988 296.0767026916146
      vertex 5 81.39999999850988 296.0767026916146
      vertex 0 81.39999999850988 284.5296973064542
    endloop
  endfacet
  facet normal 0 1 0
    outer loop
      vertex 5 81.39999999850988 284.5296973064542
      vertex 0 81.39999999850988 284.5296973064542
      vertex 5 81.39999999850988 296.0767026916146
    endloop
  endfacet
  facet normal 0 0.5000000000444249 -0.86602540375879
    outer loop
      vertex 0 91.39999999850988 301.85020538419485
      vertex 5 91.39999999850988 301.85020538419485
      vertex 0 81.39999999850988 296.0767026916146
    endloop
  endfacet
  facet normal 0 0.5000000000444249 -0.86602540375879
    outer loop
      vertex 5 81.39999999850988 296.0767026916146
      vertex 0 81.39999999850988 296.0767026916146
      vertex 5 91.39999999850988 301.85020538419485
    endloop
  endfacet
  facet normal 0 -0.5000000000444249 -0.86602540375879
    outer loop
      vertex 0 101.39999999850988 296.0767026916146
      vertex 5 101.39999999850988 296.0767026916146
      vertex 0 91.39999999850988 301.85020538419485
    endloop
  endfacet
  facet normal 0 -0.5000000000444249 -0.86602540375879
    outer loop
      vertex 5 91.39999999850988 301.85020538419485
      vertex 0 91.39999999850988 301.85020538419485
      vertex 5 101.39999999850988 296.0767026916146
    endloop
  endfacet
  facet normal 0 -1 0
    outer loop
      vertex 0 101.39999999850988 284.5296973064542
      vertex 5 101.39999999850988 284.5296973064542
      vertex 0 101.39999999850988 296.0767026916146
    endloop
  endfacet
  facet normal 0 -1 0
    outer loop
      vertex 5 101.39999999850988 296.0767026916146
      vertex 0 101.39999999850988 296.0767026916146
      vertex 5 101.39999999850988 284.5296973064542
    endloop
  endfacet
  facet normal 0 -0.5000000000444249 0.86602540375879
    outer loop
      vertex 0 91.39999999850988 278.75619461387396
      vertex 5 91.39999999850988 278.75619461387396
      vertex 0 101.39999999850988 284.5296973064542
    endloop
  endfacet
  facet normal 0 -0.5000000000444249 0.86602540375879
    outer loop
      vertex 5 101.39999999850988 284.5296973064542
      vertex 0 101.39999999850988 284.5296973064542
      vertex 5 91.39999999850988 278.75619461387396
    endloop
  endfacet
  facet normal 0 0.5000000000444249 0.86602540375879
    outer loop
      vertex 0 81.39999999850988 284.5296973064542
      vertex 5 81.39999999850988 284.5296973064542
      vertex 0 91.39999999850988 278.75619461387396
    endloop
  endfacet
  facet normal 0 0.5000000000444249 0.86602540375879
    outer loop
      vertex 5 91.39999999850988 278.75619461387396
      vertex 0 91.39999999850988 278.75619461387396
      vertex 5 81.39999999850988 284.5296973064542
    endloop
  endfacet
  facet normal 0 1 0
    outer loop
      vertex 0 103.20000000298023 296.0767026916146
      vertex 5 103.20000000298023 296.0767026916146
      vertex 0 103.20000000298023 284.5296973064542
    endloop
  endfacet
  facet normal 0 1 0
    outer loop
      vertex 5 103.20000000298023 284.5296973064542
      vertex 0 103.20000000298023 284.5296973064542
      vertex 5 103.20000000298023 296.0767026916146
    endloop
  endfacet
  facet normal 0 0.5000000000444249 -0.86602540375879
    outer loop
      vertex 0 113.20000000298023 301.85020538419485
      vertex 5 113.20000000298023 301.85020538419485
      vertex 0 103.20000000298023 296.0767026916146
    endloop
  endfacet
  facet normal 0 0.5000000000444249 -0.86602540375879
    outer loop
      vertex 5 103.20000000298023 296.0767026916146
      vertex 0 103.20000000298023 296.0767026916146
      vertex 5 113.20000000298023 301.85020538419485
    endloop
  endfacet
  facet normal 0 -0.5000000000444249 -0.86602540375879
    outer loop
      vertex 0 123.20000000298023 296.0767026916146
      vertex 5 123.20000000298023 296.0767026916146
      vertex 0 113.20000000298023 301.85020538419485
    endloop
  endfacet
  facet normal 0 -0.5000000000444249 -0.86602540375879
    outer loop
      vertex 5 113.20000000298023 301.85020538419485
      vertex 0 113.20000000298023 301.85020538419485
      vertex 5 123.20000000298023 296.0767026916146
    endloop
  endfacet
  facet normal 0 -1 0
    outer loop
      vertex 0 123.20000000298023 284.5296973064542
      vertex 5 123.20000000298023 284.5296973064542
      vertex 0 123.20000000298023 296.0767026916146
    endloop
  endfacet
  facet normal 0 -1 0
    outer loop
      vertex 5 123.20000000298023 296.0767026916146
      vertex 0 123.20000000298023 296.0767026916146
      vertex 5 123.20000000298023 284.5296973064542
    endloop
  endfacet
  facet normal 0 -0.5000000000444249 0.86602540375879
    outer loop
      vertex 0 113.20000000298023 278.75619461387396
      vertex 5 113.20000000298023 278.75619461387396
      vertex 0 123.20000000298023 284.5296973064542
    endloop
  endfacet
  facet normal 0 -0.5000000000444249 0.86602540375879
    outer loop
      vertex 5 123.20000000298023 284.5296973064542
      vertex 0 123.20000000298023 284.5296973064542
      vertex 5 113.20000000298023 278.75619461387396
    endloop
  endfacet
  facet normal 0 0.5000000000444249 0.86602540375879
    outer loop
      vertex 0 103.20000000298023 284.5296973064542
      vertex 5 103.20000000298023 284.5296973064542
      vertex 0 113.20000000298023 278.75619461387396
    endloop
  endfacet
  facet normal 0 0.5000000000444249 0.86602540375879
    outer loop
      vertex 5 113.20000000298023 278.75619461387396
      vertex 0 113.20000000298023 278.75619461387396
      vertex 5 103.20000000298023 284.5296973064542
    endloop
  endfacet
  facet normal 0 1 0
    outer loop
      vertex 0 125 296.0767026916146
      vertex 5 125 296.0767026916146
      vertex 0 125 284.5296973064542
    endloop
  endfacet
  facet normal 0 1 0
    outer loop
      vertex 5 125 284.5296973064542
      vertex 0 125 284.5296973064542
      vertex 5 125 296.0767026916146
    endloop
  endfacet
  facet normal 0 0.5000000000444249 -0.86602540375879
    outer loop
      vertex 0 135 301.85020538419485
      vertex 5 135 301.85020538419485
      vertex 0 125 296.0767026916146
    endloop
  endfacet
  facet normal 0 0.5000000000444249 -0.86602540375879
    outer loop
      vertex 5 125 296.0767026916146
      vertex 0 125 296.0767026916146
      vertex 5 135 301.85020538419485
    endloop
  endfacet
  facet normal 0 -0.5000000000444249 -0.86602540375879
    outer loop
      vertex 0 145 296.0767026916146
      vertex 5 145 296.0767026916146
      vertex 0 135 301.85020538419485
    endloop
  endfacet
  facet normal 0 -0.5000000000444249 -0.86602540375879
    outer loop
      vertex 5 135 301.85020538419485
      vertex 0 135 301.85020538419485
      vertex 5 145 296.0767026916146
    endloop
  endfacet
  facet normal 0 -1 0
    outer loop
      vertex 0 145 284.5296973064542
      vertex 5 145 284.5296973064542
      vertex 0 145 296.0767026916146
    endloop
  endfacet
  facet normal 0 -1 0
    outer loop
      vertex 5 145 296.0767026916146
      vertex 0 145 296.0767026916146
      vertex 5 145 284.5296973064542
    endloop
  endfacet
  facet normal 0 -0.5000000000444249 0.86602540375879
    outer loop
      vertex 0 135 278.75619461387396
      vertex 5 135 278.75619461387396
      vertex 0 145 284.5296973064542
    endloop
  endfacet
  facet normal 0 -0.5000000000444249 0.86602540375879
    outer loop
      vertex 5 145 284.5296973064542
      vertex 0 145 284.5296973064542
      vertex 5 135 278.75619461387396
    endloop
  endfacet
  facet normal 0 0.5000000000444249 0.86602540375879
    outer loop
      vertex 0 125 284.5296973064542
      vertex 5 125 284.5296973064542
      vertex 0 135 278.75619461387396
    endloop
  endfacet
  facet normal 0 0.5000000000444249 0.86602540375879
    outer loop
      vertex 5 135 278.75619461387396
      vertex 0 135 278.75619461387396
      vertex 5 125 284.5296973064542
    endloop
  endfacet
  facet normal 0 1 0
    outer loop
      vertex 0 146.79999999701977 296.0767026916146
      vertex 5 146.79999999701977 296.0767026916146
      vertex 0 146.79999999701977 284.5296973064542
    endloop
  endfacet
  facet normal 0 1 0
    outer loop
      vertex 5 146.79999999701977 284.5296973064542
      vertex 0 146.79999999701977 284.5296973064542
      vertex 5 146.79999999701977 296.0767026916146
    endloop
  endfacet
  facet normal 0 0.5000000000444249 -0.86602540375879
    outer loop
      vertex 0 156.79999999701977 301.85020538419485
      vertex 5 156.79999999701977 301.85020538419485
      vertex 0 146.79999999701977 296.0767026916146
    endloop
  endfacet
  facet normal 0 0.5000000000444249 -0.86602540375879
    outer loop
      vertex 5 146.79999999701977 296.0767026916146
      vertex 0 146.79999999701977 296.0767026916146
      vertex 5 156.79999999701977 301.85020538419485
    endloop
  endfacet
  facet normal 0 -0.5000000000444249 -0.86602540375879
    outer loop
      vertex 0 166.79999999701977 296.0767026916146
      vertex 5 166.79999999701977 296.0767026916146
      vertex 0 156.79999999701977 301.85020538419485
    endloop
  endfacet
  facet normal 0 -0.5000000000444249 -0.86602540375879
    outer loop
      vertex 5 156.79999999701977 301.85020538419485
      vertex 0 156.79999999701977 301.85020538419485
      vertex 5 166.79999999701977 296.0767026916146
    endloop
  endfacet
  facet normal 0 -1 0
    outer loop
      vertex 0 166.79999999701977 284.5296973064542
      vertex 5 166.79999999701977 284.5296973064542
      vertex 0 166.79999999701977 296.0767026916146
    endloop
  endfacet
  facet normal 0 -1 0
    outer loop
      vertex 5 166.79999999701977 296.0767026916146
      vertex 0 166.79999999701977 296.0767026916146
      vertex 5 166.79999999701977 284.5296973064542
    endloop
  endfacet
  facet normal 0 -0.5000000000444249 0.86602540375879
    outer loop
      vertex 0 156.79999999701977 278.75619461387396
      vertex 5 156.79999999701977 278.75619461387396
      vertex 0 166.79999999701977 284.5296973064542
    endloop
  endfacet
  facet normal 0 -0.5000000000444249 0.86602540375879
    outer loop
      vertex 5 166.79999999701977 284.5296973064542
      vertex 0 166.79999999701977 284.5296973064542
      vertex 5 156.79999999701977 278.75619461387396
    endloop
  endfacet
  facet normal 0 0.5000000000444249 0.86602540375879
    outer loop
      vertex 0 146.79999999701977 284.5296973064542
      vertex 5 146.79999999701977 284.5296973064542
      vertex 0 156.79999999701977 278.75619461387396
    endloop
  endfacet
  facet normal 0 0.5000000000444249 0.86602540375879
    outer loop
      vertex 5 156.79999999701977 278.75619461387396
      vertex 0 156.79999999701977 278.75619461387396
      vertex 5 146.79999999701977 284.5296973064542
    endloop
  endfacet
  facet normal 0 1 0
    outer loop
      vertex 0 168.60000000149012 296.0767026916146
      vertex 5 168.60000000149012 296.0767026916146
      vertex 0 168.60000000149012 284.5296973064542
    endloop
  endfacet
  facet normal 0 1 0
    outer loop
      vertex 5 168.60000000149012 284.5296973064542
      vertex 0 168.60000000149012 284.5296973064542
      vertex 5 168.60000000149012 296.0767026916146
    endloop
  endfacet
  facet normal 0 0.5000000000444249 -0.86602540375879
    outer loop
      vertex 0 178.60000000149012 301.85020538419485
      vertex 5 178.60000000149012 301.85020538419485
      vertex 0 168.60000000149012 296.0767026916146
    endloop
  endfacet
  facet normal 0 0.5000000000444249 -0.86602540375879
    outer loop
      vertex 5 168.60000000149012 296.0767026916146
      vertex 0 168.60000000149012 296.0767026916146
      vertex 5 178.60000000149012 301.85020538419485
    endloop
  endfacet
  facet normal 0 -0.5000000000444249 -0.86602540375879
    outer loop
      vertex 0 188.60000000149012 296.0767026916146
      vertex 5 188.60000000149012 296.0767026916146
      vertex 0 178.60000000149012 301.85020538419485
    endloop
  endfacet
  facet normal 0 -0.5000000000444249 -0.86602540375879
    outer loop
      vertex 5 178.60000000149012 301.85020538419485
      vertex 0 178.60000000149012 301.85020538419485
      vertex 5 188.60000000149012 296.0767026916146
    endloop
  endfacet
  facet normal 0 -1 0
    outer loop
      vertex 0 188.60000000149012 284.5296973064542
      vertex 5 188.60000000149012 284.5296973064542
      vertex 0 188.60000000149012 296.0767026916146
    endloop
  endfacet
  facet normal 0 -1 0
    outer loop
      vertex 5 188.60000000149012 296.0767026916146
      vertex 0 188.60000000149012 296.0767026916146
      vertex 5 188.60000000149012 284.5296973064542
    endloop
  endfacet
  facet normal 0 -0.5000000000444249 0.86602540375879
    outer loop
      vertex 0 178.60000000149012 278.75619461387396
      vertex 5 178.60000000149012 278.75619461387396
      vertex 0 188.60000000149012 284.5296973064542
    endloop
  endfacet
  facet normal 0 -0.5000000000444249 0.86602540375879
    outer loop
      vertex 5 188.60000000149012 284.5296973064542
      vertex 0 188.60000000149012 284.5296973064542
      vertex 5 178.60000000149012 278.75619461387396
    endloop
  endfacet
  facet normal 0 0.5000000000444249 0.86602540375879
    outer loop
      vertex 0 168.60000000149012 284.5296973064542
      vertex 5 168.60000000149012 284.5296973064542
      vertex 0 178.60000000149012 278.75619461387396
    endloop
  endfacet
  facet normal 0 0.5000000000444249 0.86602540375879
    outer loop
      vertex 5 178.60000000149012 278.75619461387396
      vertex 0 178.60000000149012 278.75619461387396
      vertex 5 168.60000000149012 284.5296973064542
    endloop
  endfacet
  facet normal 0 1 0
    outer loop
      vertex 0 190.39999999850988 296.0767026916146
      vertex 5 190.39999999850988 296.0767026916146
      vertex 0 190.39999999850988 284.5296973064542
    endloop
  endfacet
  facet normal 0 1 0
    outer loop
      vertex 5 190.39999999850988 284.5296973064542
      vertex 0 190.39999999850988 284.5296973064542
      vertex 5 190.39999999850988 296.0767026916146
    endloop
  endfacet
  facet normal 0 0.5000000000444249 -0.86602540375879
    outer loop
      vertex 0 200.39999999850988 301.85020538419485
      vertex 5 200.39999999850988 301.85020538419485
      vertex 0 190.39999999850988 296.0767026916146
    endloop
  endfacet
  facet normal 0 0.5000000000444249 -0.86602540375879
    outer loop
      vertex 5 190.39999999850988 296.0767026916146
      vertex 0 190.39999999850988 296.0767026916146
      vertex 5 200.39999999850988 301.85020538419485
    endloop
  endfacet
  facet normal 0 -0.5000000000444249 -0.86602540375879
    outer loop
      vertex 0 210.39999999850988 296.0767026916146
      vertex 5 210.39999999850988 296.0767026916146
      vertex 0 200.39999999850988 301.85020538419485
    endloop
  endfacet
  facet normal 0 -0.5000000000444249 -0.86602540375879
    outer loop
      vertex 5 200.39999999850988 301.85020538419485
      vertex 0 200.39999999850988 301.85020538419485
      vertex 5 210.39999999850988 296.0767026916146
    endloop
  endfacet
  facet normal 0 -1 0
    outer loop
      vertex 0 210.39999999850988 284.5296973064542
      vertex 5 210.39999999850988 284.5296973064542
      vertex 0 210.39999999850988 296.0767026916146
    endloop
  endfacet
  facet normal 0 -1 0
    outer loop
      vertex 5 210.39999999850988 296.0767026916146
      vertex 0 210.39999999850988 296.0767026916146
      vertex 5 210.39999999850988 284.5296973064542
    endloop
  endfacet
  facet normal 0 -0.5000000000444249 0.86602540375879
    outer loop
      vertex 0 200.39999999850988 278.75619461387396
      vertex 5 200.39999999850988 278.75619461387396
      vertex 0 210.39999999850988 284.5296973064542
    endloop
  endfacet
  facet normal 0 -0.5000000000444249 0.86602540375879
    outer loop
      vertex 5 210.39999999850988 284.5296973064542
      vertex 0 210.39999999850988 284.5296973064542
      vertex 5 200.39999999850988 278.75619461387396
    endloop
  endfacet
  facet normal 0 0.5000000000444249 0.86602540375879
    outer loop
      vertex 0 190.39999999850988 284.5296973064542
      vertex 5 190.39999999850988 284.5296973064542
      vertex 0 200.39999999850988 278.75619461387396
    endloop
  endfacet
  facet normal 0 0.5000000000444249 0.86602540375879
    outer loop
      vertex 5 200.39999999850988 278.75619461387396
      vertex 0 200.39999999850988 278.75619461387396
      vertex 5 190.39999999850988 284.5296973064542
    endloop
  endfacet
  facet normal 0 1 0
    outer loop
      vertex 0 212.20000000298023 296.0767026916146
      vertex 5 212.20000000298023 296.0767026916146
      vertex 0 212.20000000298023 284.5296973064542
    endloop
  endfacet
  facet normal 0 1 0
    outer loop
      vertex 5 212.20000000298023 284.5296973064542
      vertex 0 212.20000000298023 284.5296973064542
      vertex 5 212.20000000298023 296.0767026916146
    endloop
  endfacet
  facet normal 0 0.5000000000444249 -0.86602540375879
    outer loop
      vertex 0 222.20000000298023 301.85020538419485
      vertex 5 222.20000000298023 301.85020538419485
      vertex 0 212.20000000298023 296.0767026916146
    endloop
  endfacet
  facet normal 0 0.5000000000444249 -0.86602540375879
    outer loop
      vertex 5 212.20000000298023 296.0767026916146
      vertex 0 212.20000000298023 296.0767026916146
      vertex 5 222.20000000298023 301.85020538419485
    endloop
  endfacet
  facet normal 0 -0.5000000000444249 -0.86602540375879
    outer loop
      vertex 0 232.20000000298023 296.0767026916146
      vertex 5 232.20000000298023 296.0767026916146
      vertex 0 222.20000000298023 301.85020538419485
    endloop
  endfacet
  facet normal 0 -0.5000000000444249 -0.86602540375879
    outer loop
      vertex 5 222.20000000298023 301.85020538419485
      vertex 0 222.20000000298023 301.85020538419485
      vertex 5 232.20000000298023 296.0767026916146
    endloop
  endfacet
  facet normal 0 -1 0
    outer loop
      vertex 0 232.20000000298023 284.5296973064542
      vertex 5 232.20000000298023 284.5296973064542
      vertex 0 232.20000000298023 296.0767026916146
    endloop
  endfacet
  facet normal 0 -1 0
    outer loop
      vertex 5 232.20000000298023 296.0767026916146
      vertex 0 232.20000000298023 296.0767026916146
      vertex 5 232.20000000298023 284.5296973064542
    endloop
  endfacet
  facet normal 0 -0.5000000000444249 0.86602540375879
    outer loop
      vertex 0 222.20000000298023 278.75619461387396
      vertex 5 222.20000000298023 278.75619461387396
      vertex 0 232.20000000298023 284.5296973064542
    endloop
  endfacet
  facet normal 0 -0.5000000000444249 0.86602540375879
    outer loop
      vertex 5 232.20000000298023 284.5296973064542
      vertex 0 232.20000000298023 284.5296973064542
      vertex 5 222.20000000298023 278.75619461387396
    endloop
  endfacet
  facet normal 0 0.5000000000444249 0.86602540375879
    outer loop
      vertex 0 212.20000000298023 284.5296973064542
      vertex 5 212.20000000298023 284.5296973064542
      vertex 0 222.20000000298023 278.75619461387396
    endloop
  endfacet
  facet normal 0 0.5000000000444249 0.86602540375879
    outer loop
      vertex 5 222.20000000298023 278.75619461387396
      vertex 0 222.20000000298023 278.75619461387396
      vertex 5 212.20000000298023 284.5296973064542
    endloop
  endfacet
  facet normal 0 1 0
    outer loop
      vertex 0 26.899999998509884 277.1979026943445
      vertex 5 26.899999998509884 277.1979026943445
      vertex 0 26.899999998509884 265.6508973091841
    endloop
  endfacet
  facet normal 0 1 0
    outer loop
      vertex 5 26.899999998509884 265.6508973091841
      vertex 0 26.899999998509884 265.6508973091841
      vertex 5 26.899999998509884 277.1979026943445
    endloop
  endfacet
  facet normal 0 0.5000000000444249 -0.86602540375879
    outer loop
      vertex 0 36.899999998509884 282.97140538692474
      vertex 5 36.899999998509884 282.97140538692474
      vertex 0 26.899999998509884 277.1979026943445
    endloop
  endfacet
  facet normal 0 0.5000000000444249 -0.86602540375879
    outer loop
      vertex 5 26.899999998509884 277.1979026943445
      vertex 0 26.899999998509884 277.1979026943445
      vertex 5 36.899999998509884 282.97140538692474
    endloop
  endfacet
  facet normal 0 -0.5000000000444249 -0.86602540375879
    outer loop
      vertex 0 46.899999998509884 277.1979026943445
      vertex 5 46.899999998509884 277.1979026943445
      vertex 0 36.899999998509884 282.97140538692474
    endloop
  endfacet
  facet normal 0 -0.5000000000444249 -0.86602540375879
    outer loop
      vertex 5 36.899999998509884 282.97140538692474
      vertex 0 36.899999998509884 282.97140538692474
      vertex 5 46.899999998509884 277.1979026943445
    endloop
  endfacet
  facet normal 0 -1 0
    outer loop
      vertex 0 46.899999998509884 265.6508973091841
      vertex 5 46.899999998509884 265.6508973091841
      vertex 0 46.899999998509884 277.1979026943445
    endloop
  endfacet
  facet normal 0 -1 0
    outer loop
      vertex 5 46.899999998509884 277.1979026943445
      vertex 0 46.899999998509884 277.1979026943445
      vertex 5 46.899999998509884 265.6508973091841
    endloop
  endfacet
  facet normal 0 -0.5000000000444249 0.86602540375879
    outer loop
      vertex 0 36.899999998509884 259.87739461660385
      vertex 5 36.899999998509884 259.87739461660385
      vertex 0 46.899999998509884 265.6508973091841
    endloop
  endfacet
  facet normal 0 -0.5000000000444249 0.86602540375879
    outer loop
      vertex 5 46.899999998509884 265.6508973091841
      vertex 0 46.899999998509884 265.6508973091841
      vertex 5 36.899999998509884 259.87739461660385
    endloop
  endfacet
  facet normal 0 0.5000000000444249 0.86602540375879
    outer loop
      vertex 0 26.899999998509884 265.6508973091841
      vertex 5 26.899999998509884 265.6508973091841
      vertex 0 36.899999998509884 259.87739461660385
    endloop
  endfacet
  facet normal 0 0.5000000000444249 0.86602540375879
    outer loop
      vertex 5 36.899999998509884 259.87739461660385
      vertex 0 36.899999998509884 259.87739461660385
      vertex 5 26.899999998509884 265.6508973091841
    endloop
  endfacet
  facet normal 0 1 0
    outer loop
      vertex 0 48.70000000298023 277.1979026943445
      vertex 5 48.70000000298023 277.1979026943445
      vertex 0 48.70000000298023 265.6508973091841
    endloop
  endfacet
  facet normal 0 1 0
    outer loop
      vertex 5 48.70000000298023 265.6508973091841
      vertex 0 48.70000000298023 265.6508973091841
      vertex 5 48.70000000298023 277.1979026943445
    endloop
  endfacet
  facet normal 0 0.5000000000444249 -0.86602540375879
    outer loop
      vertex 0 58.70000000298023 282.97140538692474
      vertex 5 58.70000000298023 282.97140538692474
      vertex 0 48.70000000298023 277.1979026943445
    endloop
  endfacet
  facet normal 0 0.5000000000444249 -0.86602540375879
    outer loop
      vertex 5 48.70000000298023 277.1979026943445
      vertex 0 48.70000000298023 277.1979026943445
      vertex 5 58.70000000298023 282.97140538692474
    endloop
  endfacet
  facet normal 0 -0.5000000000444249 -0.86602540375879
    outer loop
      vertex 0 68.70000000298023 277.1979026943445
      vertex 5 68.70000000298023 277.1979026943445
      vertex 0 58.70000000298023 282.97140538692474
    endloop
  endfacet
  facet normal 0 -0.5000000000444249 -0.86602540375879
    outer loop
      vertex 5 58.70000000298023 282.97140538692474
      vertex 0 58.70000000298023 282.97140538692474
      vertex 5 68.70000000298023 277.1979026943445
    endloop
  endfacet
  facet normal 0 -1 0
    outer loop
      vertex 0 68.70000000298023 265.6508973091841
      vertex 5 68.70000000298023 265.6508973091841
      vertex 0 68.70000000298023 277.1979026943445
    endloop
  endfacet
  facet normal 0 -1 0
    outer loop
      vertex 5 68.70000000298023 277.1979026943445
      vertex 0 68.70000000298023 277.1979026943445
      vertex 5 68.70000000298023 265.6508973091841
    endloop
  endfacet
  facet normal 0 -0.5000000000444249 0.86602540375879
    outer loop
      vertex 0 58.70000000298023 259.87739461660385
      vertex 5 58.70000000298023 259.87739461660385
      vertex 0 68.70000000298023 265.6508973091841
    endloop
  endfacet
  facet normal 0 -0.5000000000444249 0.86602540375879
    outer loop
      vertex 5 68.70000000298023 265.6508973091841
      vertex 0 68.70000000298023 265.6508973091841
      vertex 5 58.70000000298023 259.87739461660385
    endloop
  endfacet
  facet normal 0 0.5000000000444249 0.86602540375879
    outer loop
      vertex 0 48.70000000298023 265.6508973091841
      vertex 5 48.70000000298023 265.6508973091841
      vertex 0 58.70000000298023 259.87739461660385
    endloop
  endfacet
  facet normal 0 0.5000000000444249 0.86602540375879
    outer loop
      vertex 5 58.70000000298023 259.87739461660385
      vertex 0 58.70000000298023 259.87739461660385
      vertex 5 48.70000000298023 265.6508973091841
    endloop
  endfacet
  facet normal 0 1 0
    outer loop
      vertex 0 70.5 277.1979026943445
      vertex 5 70.5 277.1979026943445
      vertex 0 70.5 265.6508973091841
    endloop
  endfacet
  facet normal 0 1 0
    outer loop
      vertex 5 70.5 265.6508973091841
      vertex 0 70.5 265.6508973091841
      vertex 5 70.5 277.1979026943445
    endloop
  endfacet
  facet normal 0 0.5000000000444249 -0.86602540375879
    outer loop
      vertex 0 80.5 282.97140538692474
      vertex 5 80.5 282.97140538692474
      vertex 0 70.5 277.1979026943445
    endloop
  endfacet
  facet normal 0 0.5000000000444249 -0.86602540375879
    outer loop
      vertex 5 70.5 277.1979026943445
      vertex 0 70.5 277.1979026943445
      vertex 5 80.5 282.97140538692474
    endloop
  endfacet
  facet normal 0 -0.5000000000444249 -0.86602540375879
    outer loop
      vertex 0 90.5 277.1979026943445
      vertex 5 90.5 277.1979026943445
      vertex 0 80.5 282.97140538692474
    endloop
  endfacet
  facet normal 0 -0.5000000000444249 -0.86602540375879
    outer loop
      vertex 5 80.5 282.97140538692474
      vertex 0 80.5 282.97140538692474
      vertex 5 90.5 277.1979026943445
    endloop
  endfacet
  facet normal 0 -1 0
    outer loop
      vertex 0 90.5 265.6508973091841
      vertex 5 90.5 265.6508973091841
      vertex 0 90.5 277.1979026943445
    endloop
  endfacet
  facet normal 0 -1 0
    outer loop
      vertex 5 90.5 277.1979026943445
      vertex 0 90.5 277.1979026943445
      vertex 5 90.5 265.6508973091841
    endloop
  endfacet
  facet normal 0 -0.5000000000444249 0.86602540375879
    outer loop
      vertex 0 80.5 259.87739461660385
      vertex 5 80.5 259.87739461660385
      vertex 0 90.5 265.6508973091841
    endloop
  endfacet
  facet normal 0 -0.5000000000444249 0.86602540375879
    outer loop
      vertex 5 90.5 265.6508973091841
      vertex 0 90.5 265.6508973091841
      vertex 5 80.5 259.87739461660385
    endloop
  endfacet
  facet normal 0 0.5000000000444249 0.86602540375879
    outer loop
      vertex 0 70.5 265.6508973091841
      vertex 5 70.5 265.6508973091841
      vertex 0 80.5 259.87739461660385
    endloop
  endfacet
  facet normal 0 0.5000000000444249 0.86602540375879
    outer loop
      vertex 5 80.5 259.87739461660385
      vertex 0 80.5 259.87739461660385
      vertex 5 70.5 265.6508973091841
    endloop
  endfacet
  facet normal 0 1 0
    outer loop
      vertex 0 92.29999999701977 277.1979026943445
      vertex 5 92.29999999701977 277.1979026943445
      vertex 0 92.29999999701977 265.6508973091841
    endloop
  endfacet
  facet normal 0 1 0
    outer loop
      vertex 5 92.29999999701977 265.6508973091841
      vertex 0 92.29999999701977 265.6508973091841
      vertex 5 92.29999999701977 277.1979026943445
    endloop
  endfacet
  facet normal 0 0.5000000000444249 -0.86602540375879
    outer loop
      vertex 0 102.29999999701977 282.97140538692474
      vertex 5 102.29999999701977 282.97140538692474
      vertex 0 92.29999999701977 277.1979026943445
    endloop
  endfacet
  facet normal 0 0.5000000000444249 -0.86602540375879
    outer loop
      vertex 5 92.29999999701977 277.1979026943445
      vertex 0 92.29999999701977 277.1979026943445
      vertex 5 102.29999999701977 282.97140538692474
    endloop
  endfacet
  facet normal 0 -0.5000000000444249 -0.86602540375879
    outer loop
      vertex 0 112.29999999701977 277.1979026943445
      vertex 5 112.29999999701977 277.1979026943445
      vertex 0 102.29999999701977 282.97140538692474
    endloop
  endfacet
  facet normal 0 -0.5000000000444249 -0.86602540375879
    outer loop
      vertex 5 102.29999999701977 282.97140538692474
      vertex 0 102.29999999701977 282.97140538692474
      vertex 5 112.29999999701977 277.1979026943445
    endloop
  endfacet
  facet normal 0 -1 0
    outer loop
      vertex 0 112.29999999701977 265.6508973091841
      vertex 5 112.29999999701977 265.6508973091841
      vertex 0 112.29999999701977 277.1979026943445
    endloop
  endfacet
  facet normal 0 -1 0
    outer loop
      vertex 5 112.29999999701977 277.1979026943445
      vertex 0 112.29999999701977 277.1979026943445
      vertex 5 112.29999999701977 265.6508973091841
    endloop
  endfacet
  facet normal 0 -0.5000000000444249 0.86602540375879
    outer loop
      vertex 0 102.29999999701977 259.87739461660385
      vertex 5 102.29999999701977 259.87739461660385
      vertex 0 112.29999999701977 265.6508973091841
    endloop
  endfacet
  facet normal 0 -0.5000000000444249 0.86602540375879
    outer loop
      vertex 5 112.29999999701977 265.6508973091841
      vertex 0 112.29999999701977 265.6508973091841
      vertex 5 102.29999999701977 259.87739461660385
    endloop
  endfacet
  facet normal 0 0.5000000000444249 0.86602540375879
    outer loop
      vertex 0 92.29999999701977 265.6508973091841
      vertex 5 92.29999999701977 265.6508973091841
      vertex 0 102.29999999701977 259.87739461660385
    endloop
  endfacet
  facet normal 0 0.5000000000444249 0.86602540375879
    outer loop
      vertex 5 102.29999999701977 259.87739461660385
      vertex 0 102.29999999701977 259.87739461660385
      vertex 5 92.29999999701977 265.6508973091841
    endloop
  endfacet
  facet normal 0 1 0
    outer loop
      vertex 0 114.10000000149012 277.1979026943445
      vertex 5 114.10000000149012 277.1979026943445
      vertex 0 114.10000000149012 265.6508973091841
    endloop
  endfacet
  facet normal 0 1 0
    outer loop
      vertex 5 114.10000000149012 265.6508973091841
      vertex 0 114.10000000149012 265.6508973091841
      vertex 5 114.10000000149012 277.1979026943445
    endloop
  endfacet
  facet normal 0 0.5000000000444249 -0.86602540375879
    outer loop
      vertex 0 124.10000000149012 282.97140538692474
      vertex 5 124.10000000149012 282.97140538692474
      vertex 0 114.10000000149012 277.1979026943445
    endloop
  endfacet
  facet normal 0 0.5000000000444249 -0.86602540375879
    outer loop
      vertex 5 114.10000000149012 277.1979026943445
      vertex 0 114.10000000149012 277.1979026943445
      vertex 5 124.10000000149012 282.97140538692474
    endloop
  endfacet
  facet normal 0 -0.5000000000444249 -0.86602540375879
    outer loop
      vertex 0 134.10000000149012 277.1979026943445
      vertex 5 134.10000000149012 277.1979026943445
      vertex 0 124.10000000149012 282.97140538692474
    endloop
  endfacet
  facet normal 0 -0.5000000000444249 -0.86602540375879
    outer loop
      vertex 5 124.10000000149012 282.97140538692474
      vertex 0 124.10000000149012 282.97140538692474
      vertex 5 134.10000000149012 277.1979026943445
    endloop
  endfacet
  facet normal 0 -1 0
    outer loop
      vertex 0 134.10000000149012 265.6508973091841
      vertex 5 134.10000000149012 265.6508973091841
      vertex 0 134.10000000149012 277.1979026943445
    endloop
  endfacet
  facet normal 0 -1 0
    outer loop
      vertex 5 134.10000000149012 277.1979026943445
      vertex 0 134.10000000149012 277.1979026943445
      vertex 5 134.10000000149012 265.6508973091841
    endloop
  endfacet
  facet normal 0 -0.5000000000444249 0.86602540375879
    outer loop
      vertex 0 124.10000000149012 259.87739461660385
      vertex 5 124.10000000149012 259.87739461660385
      vertex 0 134.10000000149012 265.6508973091841
    endloop
  endfacet
  facet normal 0 -0.5000000000444249 0.86602540375879
    outer loop
      vertex 5 134.10000000149012 265.6508973091841
      vertex 0 134.10000000149012 265.6508973091841
      vertex 5 124.10000000149012 259.87739461660385
    endloop
  endfacet
  facet normal 0 0.5000000000444249 0.86602540375879
    outer loop
      vertex 0 114.10000000149012 265.6508973091841
      vertex 5 114.10000000149012 265.6508973091841
      vertex 0 124.10000000149012 259.87739461660385
    endloop
  endfacet
  facet normal 0 0.5000000000444249 0.86602540375879
    outer loop
      vertex 5 124.10000000149012 259.87739461660385
      vertex 0 124.10000000149012 259.87739461660385
      vertex 5 114.10000000149012 265.6508973091841
    endloop
  endfacet
  facet normal 0 1 0
    outer loop
      vertex 0 135.89999999850988 277.1979026943445
      vertex 5 135.89999999850988 277.1979026943445
      vertex 0 135.89999999850988 265.6508973091841
    endloop
  endfacet
  facet normal 0 1 0
    outer loop
      vertex 5 135.89999999850988 265.6508973091841
      vertex 0 135.89999999850988 265.6508973091841
      vertex 5 135.89999999850988 277.1979026943445
    endloop
  endfacet
  facet normal 0 0.5000000000444249 -0.86602540375879
    outer loop
      vertex 0 145.89999999850988 282.97140538692474
      vertex 5 145.89999999850988 282.97140538692474
      vertex 0 135.89999999850988 277.1979026943445
    endloop
  endfacet
  facet normal 0 0.5000000000444249 -0.86602540375879
    outer loop
      vertex 5 135.89999999850988 277.1979026943445
      vertex 0 135.89999999850988 277.1979026943445
      vertex 5 145.89999999850988 282.97140538692474
    endloop
  endfacet
  facet normal 0 -0.5000000000444249 -0.86602540375879
    outer loop
      vertex 0 155.89999999850988 277.1979026943445
      vertex 5 155.89999999850988 277.1979026943445
      vertex 0 145.89999999850988 282.97140538692474
    endloop
  endfacet
  facet normal 0 -0.5000000000444249 -0.86602540375879
    outer loop
      vertex 5 145.89999999850988 282.97140538692474
      vertex 0 145.89999999850988 282.97140538692474
      vertex 5 155.89999999850988 277.1979026943445
    endloop
  endfacet
  facet normal 0 -1 0
    outer loop
      vertex 0 155.89999999850988 265.6508973091841
      vertex 5 155.89999999850988 265.6508973091841
      vertex 0 155.89999999850988 277.1979026943445
    endloop
  endfacet
  facet normal 0 -1 0
    outer loop
      vertex 5 155.89999999850988 277.1979026943445
      vertex 0 155.89999999850988 277.1979026943445
      vertex 5 155.89999999850988 265.6508973091841
    endloop
  endfacet
  facet normal 0 -0.5000000000444249 0.86602540375879
    outer loop
      vertex 0 145.89999999850988 259.87739461660385
      vertex 5 145.89999999850988 259.87739461660385
      vertex 0 155.89999999850988 265.6508973091841
    endloop
  endfacet
  facet normal 0 -0.5000000000444249 0.86602540375879
    outer loop
      vertex 5 155.89999999850988 265.6508973091841
      vertex 0 155.89999999850988 265.6508973091841
      vertex 5 145.89999999850988 259.87739461660385
    endloop
  endfacet
  facet normal 0 0.5000000000444249 0.86602540375879
    outer loop
      vertex 0 135.89999999850988 265.6508973091841
      vertex 5 135.89999999850988 265.6508973091841
      vertex 0 145.89999999850988 259.87739461660385
    endloop
  endfacet
  facet normal 0 0.5000000000444249 0.86602540375879
    outer loop
      vertex 5 145.89999999850988 259.87739461660385
      vertex 0 145.89999999850988 259.87739461660385
      vertex 5 135.89999999850988 265.6508973091841
    endloop
  endfacet
  facet normal 0 1 0
    outer loop
      vertex 0 157.70000000298023 277.1979026943445
      vertex 5 157.70000000298023 277.1979026943445
      vertex 0 157.70000000298023 265.6508973091841
    endloop
  endfacet
  facet normal 0 1 0
    outer loop
      vertex 5 157.70000000298023 265.6508973091841
      vertex 0 157.70000000298023 265.6508973091841
      vertex 5 157.70000000298023 277.1979026943445
    endloop
  endfacet
  facet normal 0 0.5000000000444249 -0.86602540375879
    outer loop
      vertex 0 167.70000000298023 282.97140538692474
      vertex 5 167.70000000298023 282.97140538692474
      vertex 0 157.70000000298023 277.1979026943445
    endloop
  endfacet
  facet normal 0 0.5000000000444249 -0.86602540375879
    outer loop
      vertex 5 157.70000000298023 277.1979026943445
      vertex 0 157.70000000298023 277.1979026943445
      vertex 5 167.70000000298023 282.97140538692474
    endloop
  endfacet
  facet normal 0 -0.5000000000444249 -0.86602540375879
    outer loop
      vertex 0 177.70000000298023 277.1979026943445
      vertex 5 177.70000000298023 277.1979026943445
      vertex 0 167.70000000298023 282.97140538692474
    endloop
  endfacet
  facet normal 0 -0.5000000000444249 -0.86602540375879
    outer loop
      vertex 5 167.70000000298023 282.97140538692474
      vertex 0 167.70000000298023 282.97140538692474
      vertex 5 177.70000000298023 277.1979026943445
    endloop
  endfacet
  facet normal 0 -1 0
    outer loop
      vertex 0 177.70000000298023 265.6508973091841
      vertex 5 177.70000000298023 265.6508973091841
      vertex 0 177.70000000298023 277.1979026943445
    endloop
  endfacet
  facet normal 0 -1 0
    outer loop
      vertex 5 177.70000000298023 277.1979026943445
      vertex 0 177.70000000298023 277.1979026943445
      vertex 5 177.70000000298023 265.6508973091841
    endloop
  endfacet
  facet normal 0 -0.5000000000444249 0.86602540375879
    outer loop
      vertex 0 167.70000000298023 259.87739461660385
      vertex 5 167.70000000298023 259.87739461660385
      vertex 0 177.70000000298023 265.6508973091841
    endloop
  endfacet
  facet normal 0 -0.5000000000444249 0.86602540375879
    outer loop
      vertex 5 177.70000000298023 265.6508973091841
      vertex 0 177.70000000298023 265.6508973091841
      vertex 5 167.70000000298023 259.87739461660385
    endloop
  endfacet
  facet normal 0 0.5000000000444249 0.86602540375879
    outer loop
      vertex 0 157.70000000298023 265.6508973091841
      vertex 5 157.70000000298023 265.6508973091841
      vertex 0 167.70000000298023 259.87739461660385
    endloop
  endfacet
  facet normal 0 0.5000000000444249 0.86602540375879
    outer loop
      vertex 5 167.70000000298023 259.87739461660385
      vertex 0 167.70000000298023 259.87739461660385
      vertex 5 157.70000000298023 265.6508973091841
    endloop
  endfacet
  facet normal 0 1 0
    outer loop
      vertex 0 179.5 277.1979026943445
      vertex 5 179.5 277.1979026943445
      vertex 0 179.5 265.6508973091841
    endloop
  endfacet
  facet normal 0 1 0
    outer loop
      vertex 5 179.5 265.6508973091841
      vertex 0 179.5 265.6508973091841
      vertex 5 179.5 277.1979026943445
    endloop
  endfacet
  facet normal 0 0.5000000000444249 -0.86602540375879
    outer loop
      vertex 0 189.5 282.97140538692474
      vertex 5 189.5 282.97140538692474
      vertex 0 179.5 277.1979026943445
    endloop
  endfacet
  facet normal 0 0.5000000000444249 -0.86602540375879
    outer loop
      vertex 5 179.5 277.1979026943445
      vertex 0 179.5 277.1979026943445
      vertex 5 189.5 282.97140538692474
    endloop
  endfacet
  facet normal 0 -0.5000000000444249 -0.86602540375879
    outer loop
      vertex 0 199.5 277.1979026943445
      vertex 5 199.5 277.1979026943445
      vertex 0 189.5 282.97140538692474
    endloop
  endfacet
  facet normal 0 -0.5000000000444249 -0.86602540375879
    outer loop
      vertex 5 189.5 282.97140538692474
      vertex 0 189.5 282.97140538692474
      vertex 5 199.5 277.1979026943445
    endloop
  endfacet
  facet normal 0 -1 0
    outer loop
      vertex 0 199.5 265.6508973091841
      vertex 5 199.5 265.6508973091841
      vertex 0 199.5 277.1979026943445
    endloop
  endfacet
  facet normal 0 -1 0
    outer loop
      vertex 5 199.5 277.1979026943445
      vertex 0 199.5 277.1979026943445
      vertex 5 199.5 265.6508973091841
    endloop
  endfacet
  facet normal 0 -0.5000000000444249 0.86602540375879
    outer loop
      vertex 0 189.5 259.87739461660385
      vertex 5 189.5 259.87739461660385
      vertex 0 199.5 265.6508973091841
    endloop
  endfacet
  facet normal 0 -0.5000000000444249 0.86602540375879
    outer loop
      vertex 5 199.5 265.6508973091841
      vertex 0 199.5 265.6508973091841
      vertex 5 189.5 259.87739461660385
    endloop
  endfacet
  facet normal 0 0.5000000000444249 0.86602540375879
    outer loop
      vertex 0 179.5 265.6508973091841
      vertex 5 179.5 265.6508973091841
      vertex 0 189.5 259.87739461660385
    endloop
  endfacet
  facet normal 0 0.5000000000444249 0.86602540375879
    outer loop
      vertex 5 189.5 259.87739461660385
      vertex 0 189.5 259.87739461660385
      vertex 5 179.5 265.6508973091841
    endloop
  endfacet
  facet normal 0 1 0
    outer loop
      vertex 0 201.29999999701977 277.1979026943445
      vertex 5 201.29999999701977 277.1979026943445
      vertex 0 201.29999999701977 265.6508973091841
    endloop
  endfacet
  facet normal 0 1 0
    outer loop
      vertex 5 201.29999999701977 265.6508973091841
      vertex 0 201.29999999701977 265.6508973091841
      vertex 5 201.29999999701977 277.1979026943445
    endloop
  endfacet
  facet normal 0 0.5000000000444249 -0.86602540375879
    outer loop
      vertex 0 211.29999999701977 282.97140538692474
      vertex 5 211.29999999701977 282.97140538692474
      vertex 0 201.29999999701977 277.1979026943445
    endloop
  endfacet
  facet normal 0 0.5000000000444249 -0.86602540375879
    outer loop
      vertex 5 201.29999999701977 277.1979026943445
      vertex 0 201.29999999701977 277.1979026943445
      vertex 5 211.29999999701977 282.97140538692474
    endloop
  endfacet
  facet normal 0 -0.5000000000444249 -0.86602540375879
    outer loop
      vertex 0 221.29999999701977 277.1979026943445
      vertex 5 221.29999999701977 277.1979026943445
      vertex 0 211.29999999701977 282.97140538692474
    endloop
  endfacet
  facet normal 0 -0.5000000000444249 -0.86602540375879
    outer loop
      vertex 5 211.29999999701977 282.97140538692474
      vertex 0 211.29999999701977 282.97140538692474
      vertex 5 221.29999999701977 277.1979026943445
    endloop
  endfacet
  facet normal 0 -1 0
    outer loop
      vertex 0 221.29999999701977 265.6508973091841
      vertex 5 221.29999999701977 265.6508973091841
      vertex 0 221.29999999701977 277.1979026943445
    endloop
  endfacet
  facet normal 0 -1 0
    outer loop
      vertex 5 221.29999999701977 277.1979026943445
      vertex 0 221.29999999701977 277.1979026943445
      vertex 5 221.29999999701977 265.6508973091841
    endloop
  endfacet
  facet normal 0 -0.5000000000444249 0.86602540375879
    outer loop
      vertex 0 211.29999999701977 259.87739461660385
      vertex 5 211.29999999701977 259.87739461660385
      vertex 0 221.29999999701977 265.6508973091841
    endloop
  endfacet
  facet normal 0 -0.5000000000444249 0.86602540375879
    outer loop
      vertex 5 221.29999999701977 265.6508973091841
      vertex 0 221.29999999701977 265.6508973091841
      vertex 5 211.29999999701977 259.87739461660385
    endloop
  endfacet
  facet normal 0 0.5000000000444249 0.86602540375879
    outer loop
      vertex 0 201.29999999701977 265.6508973091841
      vertex 5 201.29999999701977 265.6508973091841
      vertex 0 211.29999999701977 259.87739461660385
    endloop
  endfacet
  facet normal 0 0.5000000000444249 0.86602540375879
    outer loop
      vertex 5 211.29999999701977 259.87739461660385
      vertex 0 211.29999999701977 259.87739461660385
      vertex 5 201.29999999701977 265.6508973091841
    endloop
  endfacet
  facet normal 0 1 0
    outer loop
      vertex 0 16 258.31910268962383
      vertex 5 16 258.31910268962383
      vertex 0 16 246.7720973044634
    endloop
  endfacet
  facet normal 0 1 0
    outer loop
      vertex 5 16 246.7720973044634
      vertex 0 16 246.7720973044634
      vertex 5 16 258.31910268962383
    endloop
  endfacet
  facet normal 0 0.5000000000444249 -0.86602540375879
    outer loop
      vertex 0 26 264.09260538220406
      vertex 5 26 264.09260538220406
      vertex 0 16 258.31910268962383
    endloop
  endfacet
  facet normal 0 0.5000000000444249 -0.86602540375879
    outer loop
      vertex 5 16 258.31910268962383
      vertex 0 16 258.31910268962383
      vertex 5 26 264.09260538220406
    endloop
  endfacet
  facet normal 0 -0.5000000000444249 -0.86602540375879
    outer loop
      vertex 0 36 258.31910268962383
      vertex 5 36 258.31910268962383
      vertex 0 26 264.09260538220406
    endloop
  endfacet
  facet normal 0 -0.5000000000444249 -0.86602540375879
    outer loop
      vertex 5 26 264.09260538220406
      vertex 0 26 264.09260538220406
      vertex 5 36 258.31910268962383
    endloop
  endfacet
  facet normal 0 -1 0
    outer loop
      vertex 0 36 246.7720973044634
      vertex 5 36 246.7720973044634
      vertex 0 36 258.31910268962383
    endloop
  endfacet
  facet normal 0 -1 0
    outer loop
      vertex 5 36 258.31910268962383
      vertex 0 36 258.31910268962383
      vertex 5 36 246.7720973044634
    endloop
  endfacet
  facet normal 0 -0.49999999956049546 0.8660254040381867
    outer loop
      vertex 0 26 240.99859461933374
      vertex 5 26 240.99859461933374
      vertex 0 36 246.7720973044634
    endloop
  endfacet
  facet normal 0 -0.49999999956049546 0.8660254040381867
    outer loop
      vertex 5 36 246.7720973044634
      vertex 0 36 246.7720973044634
      vertex 5 26 240.99859461933374
    endloop
  endfacet
  facet normal 0 0.49999999956049546 0.8660254040381867
    outer loop
      vertex 0 16 246.7720973044634
      vertex 5 16 246.7720973044634
      vertex 0 26 240.99859461933374
    endloop
  endfacet
  facet normal 0 0.49999999956049546 0.8660254040381867
    outer loop
      vertex 5 26 240.99859461933374
      vertex 0 26 240.99859461933374
      vertex 5 16 246.7720973044634
    endloop
  endfacet
  facet normal 0 1 0
    outer loop
      vertex 0 37.79999999701977 258.31910268962383
      vertex 5 37.79999999701977 258.31910268962383
      vertex 0 37.79999999701977 246.7720973044634
    endloop
  endfacet
  facet normal 0 1 0
    outer loop
      vertex 5 37.79999999701977 246.7720973044634
      vertex 0 37.79999999701977 246.7720973044634
      vertex 5 37.79999999701977 258.31910268962383
    endloop
  endfacet
  facet normal 0 0.5000000000444249 -0.86602540375879
    outer loop
      vertex 0 47.79999999701977 264.09260538220406
      vertex 5 47.79999999701977 264.09260538220406
      vertex 0 37.79999999701977 258.31910268962383
    endloop
  endfacet
  facet normal 0 0.5000000000444249 -0.86602540375879
    outer loop
      vertex 5 37.79999999701977 258.31910268962383
      vertex 0 37.79999999701977 258.31910268962383
      vertex 5 47.79999999701977 264.09260538220406
    endloop
  endfacet
  facet normal 0 -0.5000000000444249 -0.86602540375879
    outer loop
      vertex 0 57.79999999701977 258.31910268962383
      vertex 5 57.79999999701977 258.31910268962383
      vertex 0 47.79999999701977 264.09260538220406
    endloop
  endfacet
  facet normal 0 -0.5000000000444249 -0.86602540375879
    outer loop
      vertex 5 47.79999999701977 264.09260538220406
      vertex 0 47.79999999701977 264.09260538220406
      vertex 5 57.79999999701977 258.31910268962383
    endloop
  endfacet
  facet normal 0 -1 0
    outer loop
      vertex 0 57.79999999701977 246.7720973044634
      vertex 5 57.79999999701977 246.7720973044634
      vertex 0 57.79999999701977 258.31910268962383
    endloop
  endfacet
  facet normal 0 -1 0
    outer loop
      vertex 5 57.79999999701977 258.31910268962383
      vertex 0 57.79999999701977 258.31910268962383
      vertex 5 57.79999999701977 246.7720973044634
    endloop
  endfacet
  facet normal 0 -0.49999999956049546 0.8660254040381867
    outer loop
      vertex 0 47.79999999701977 240.99859461933374
      vertex 5 47.79999999701977 240.99859461933374
      vertex 0 57.79999999701977 246.7720973044634
    endloop
  endfacet
  facet normal 0 -0.49999999956049546 0.8660254040381867
    outer loop
      vertex 5 57.79999999701977 246.7720973044634
      vertex 0 57.79999999701977 246.7720973044634
      vertex 5 47.79999999701977 240.99859461933374
    endloop
  endfacet
  facet normal 0 0.49999999956049546 0.8660254040381867
    outer loop
      vertex 0 37.79999999701977 246.7720973044634
      vertex 5 37.79999999701977 246.7720973044634
      vertex 0 47.79999999701977 240.99859461933374
    endloop
  endfacet
  facet normal 0 0.49999999956049546 0.8660254040381867
    outer loop
      vertex 5 47.79999999701977 240.99859461933374
      vertex 0 47.79999999701977 240.99859461933374
      vertex 5 37.79999999701977 246.7720973044634
    endloop
  endfacet
  facet normal 0 1 0
    outer loop
      vertex 0 59.600000001490116 258.31910268962383
      vertex 5 59.600000001490116 258.31910268962383
      vertex 0 59.600000001490116 246.7720973044634
    endloop
  endfacet
  facet normal 0 1 0
    outer loop
      vertex 5 59.600000001490116 246.7720973044634
      vertex 0 59.600000001490116 246.7720973044634
      vertex 5 59.600000001490116 258.31910268962383
    endloop
  endfacet
  facet normal 0 0.5000000000444249 -0.86602540375879
    outer loop
      vertex 0 69.60000000149012 264.09260538220406
      vertex 5 69.60000000149012 264.09260538220406
      vertex 0 59.600000001490116 258.31910268962383
    endloop
  endfacet
  facet normal 0 0.5000000000444249 -0.86602540375879
    outer loop
      vertex 5 59.600000001490116 258.31910268962383
      vertex 0 59.600000001490116 258.31910268962383
      vertex 5 69.60000000149012 264.09260538220406
    endloop
  endfacet
  facet normal 0 -0.5000000000444249 -0.86602540375879
    outer loop
      vertex 0 79.60000000149012 258.31910268962383
      vertex 5 79.60000000149012 258.31910268962383
      vertex 0 69.60000000149012 264.09260538220406
    endloop
  endfacet
  facet normal 0 -0.5000000000444249 -0.86602540375879
    outer loop
      vertex 5 69.60000000149012 264.09260538220406
      vertex 0 69.60000000149012 264.09260538220406
      vertex 5 79.60000000149012 258.31910268962383
    endloop
  endfacet
  facet normal 0 -1 0
    outer loop
      vertex 0 79.60000000149012 246.7720973044634
      vertex 5 79.60000000149012 246.7720973044634
      vertex 0 79.60000000149012 258.31910268962383
    endloop
  endfacet
  facet normal 0 -1 0
    outer loop
      vertex 5 79.60000000149012 258.31910268962383
      vertex 0 79.60000000149012 258.31910268962383
      vertex 5 79.60000000149012 246.7720973044634
    endloop
  endfacet
  facet normal 0 -0.49999999956049546 0.8660254040381867
    outer loop
      vertex 0 69.60000000149012 240.99859461933374
      vertex 5 69.60000000149012 240.99859461933374
      vertex 0 79.60000000149012 246.7720973044634
    endloop
  endfacet
  facet normal 0 -0.49999999956049546 0.8660254040381867
    outer loop
      vertex 5 79.60000000149012 246.7720973044634
      vertex 0 79.60000000149012 246.7720973044634
      vertex 5 69.60000000149012 240.99859461933374
    endloop
  endfacet
  facet normal 0 0.49999999956049546 0.8660254040381867
    outer loop
      vertex 0 59.600000001490116 246.7720973044634
      vertex 5 59.600000001490116 246.7720973044634
      vertex 0 69.60000000149012 240.99859461933374
    endloop
  endfacet
  facet normal 0 0.49999999956049546 0.8660254040381867
    outer loop
      vertex 5 69.60000000149012 240.99859461933374
      vertex 0 69.60000000149012 240.99859461933374
      vertex 5 59.600000001490116 246.7720973044634
    endloop
  endfacet
  facet normal 0 1 0
    outer loop
      vertex 0 81.39999999850988 258.31910268962383
      vertex 5 81.39999999850988 258.31910268962383
      vertex 0 81.39999999850988 246.7720973044634
    endloop
  endfacet
  facet normal 0 1 0
    outer loop
      vertex 5 81.39999999850988 246.7720973044634
      vertex 0 81.39999999850988 246.7720973044634
      vertex 5 81.39999999850988 258.31910268962383
    endloop
  endfacet
  facet normal 0 0.5000000000444249 -0.86602540375879
    outer loop
      vertex 0 91.39999999850988 264.09260538220406
      vertex 5 91.39999999850988 264.09260538220406
      vertex 0 81.39999999850988 258.31910268962383
    endloop
  endfacet
  facet normal 0 0.5000000000444249 -0.86602540375879
    outer loop
      vertex 5 81.39999999850988 258.31910268962383
      vertex 0 81.39999999850988 258.31910268962383
      vertex 5 91.39999999850988 264.09260538220406
    endloop
  endfacet
  facet normal 0 -0.5000000000444249 -0.86602540375879
    outer loop
      vertex 0 101.39999999850988 258.31910268962383
      vertex 5 101.39999999850988 258.31910268962383
      vertex 0 91.39999999850988 264.09260538220406
    endloop
  endfacet
  facet normal 0 -0.5000000000444249 -0.86602540375879
    outer loop
      vertex 5 91.39999999850988 264.09260538220406
      vertex 0 91.39999999850988 264.09260538220406
      vertex 5 101.39999999850988 258.31910268962383
    endloop
  endfacet
  facet normal 0 -1 0
    outer loop
      vertex 0 101.39999999850988 246.7720973044634
      vertex 5 101.39999999850988 246.7720973044634
      vertex 0 101.39999999850988 258.31910268962383
    endloop
  endfacet
  facet normal 0 -1 0
    outer loop
      vertex 5 101.39999999850988 258.31910268962383
      vertex 0 101.39999999850988 258.31910268962383
      vertex 5 101.39999999850988 246.7720973044634
    endloop
  endfacet
  facet normal 0 -0.49999999956049546 0.8660254040381867
    outer loop
      vertex 0 91.39999999850988 240.99859461933374
      vertex 5 91.39999999850988 240.99859461933374
      vertex 0 101.39999999850988 246.7720973044634
    endloop
  endfacet
  facet normal 0 -0.49999999956049546 0.8660254040381867
    outer loop
      vertex 5 101.39999999850988 246.7720973044634
      vertex 0 101.39999999850988 246.7720973044634
      vertex 5 91.39999999850988 240.99859461933374
    endloop
  endfacet
  facet normal 0 0.49999999956049546 0.8660254040381867
    outer loop
      vertex 0 81.39999999850988 246.7720973044634
      vertex 5 81.39999999850988 246.7720973044634
      vertex 0 91.39999999850988 240.99859461933374
    endloop
  endfacet
  facet normal 0 0.49999999956049546 0.8660254040381867
    outer loop
      vertex 5 91.39999999850988 240.99859461933374
      vertex 0 91.39999999850988 240.99859461933374
      vertex 5 81.39999999850988 246.7720973044634
    endloop
  endfacet
  facet normal 0 1 0
    outer loop
      vertex 0 103.20000000298023 258.31910268962383
      vertex 5 103.20000000298023 258.31910268962383
      vertex 0 103.20000000298023 246.7720973044634
    endloop
  endfacet
  facet normal 0 1 0
    outer loop
      vertex 5 103.20000000298023 246.7720973044634
      vertex 0 103.20000000298023 246.7720973044634
      vertex 5 103.20000000298023 258.31910268962383
    endloop
  endfacet
  facet normal 0 0.5000000000444249 -0.86602540375879
    outer loop
      vertex 0 113.20000000298023 264.09260538220406
      vertex 5 113.20000000298023 264.09260538220406
      vertex 0 103.20000000298023 258.31910268962383
    endloop
  endfacet
  facet normal 0 0.5000000000444249 -0.86602540375879
    outer loop
      vertex 5 103.20000000298023 258.31910268962383
      vertex 0 103.20000000298023 258.31910268962383
      vertex 5 113.20000000298023 264.09260538220406
    endloop
  endfacet
  facet normal 0 -0.5000000000444249 -0.86602540375879
    outer loop
      vertex 0 123.20000000298023 258.31910268962383
      vertex 5 123.20000000298023 258.31910268962383
      vertex 0 113.20000000298023 264.09260538220406
    endloop
  endfacet
  facet normal 0 -0.5000000000444249 -0.86602540375879
    outer loop
      vertex 5 113.20000000298023 264.09260538220406
      vertex 0 113.20000000298023 264.09260538220406
      vertex 5 123.20000000298023 258.31910268962383
    endloop
  endfacet
  facet normal 0 -1 0
    outer loop
      vertex 0 123.20000000298023 246.7720973044634
      vertex 5 123.20000000298023 246.7720973044634
      vertex 0 123.20000000298023 258.31910268962383
    endloop
  endfacet
  facet normal 0 -1 0
    outer loop
      vertex 5 123.20000000298023 258.31910268962383
      vertex 0 123.20000000298023 258.31910268962383
      vertex 5 123.20000000298023 246.7720973044634
    endloop
  endfacet
  facet normal 0 -0.49999999956049546 0.8660254040381867
    outer loop
      vertex 0 113.20000000298023 240.99859461933374
      vertex 5 113.20000000298023 240.99859461933374
      vertex 0 123.20000000298023 246.7720973044634
    endloop
  endfacet
  facet normal 0 -0.49999999956049546 0.8660254040381867
    outer loop
      vertex 5 123.20000000298023 246.7720973044634
      vertex 0 123.20000000298023 246.7720973044634
      vertex 5 113.20000000298023 240.99859461933374
    endloop
  endfacet
  facet normal 0 0.49999999956049546 0.8660254040381867
    outer loop
      vertex 0 103.20000000298023 246.7720973044634
      vertex 5 103.20000000298023 246.7720973044634
      vertex 0 113.20000000298023 240.99859461933374
    endloop
  endfacet
  facet normal 0 0.49999999956049546 0.8660254040381867
    outer loop
      vertex 5 113.20000000298023 240.99859461933374
      vertex 0 113.20000000298023 240.99859461933374
      vertex 5 103.20000000298023 246.7720973044634
    endloop
  endfacet
  facet normal 0 1 0
    outer loop
      vertex 0 125 258.31910268962383
      vertex 5 125 258.31910268962383
      vertex 0 125 246.7720973044634
    endloop
  endfacet
  facet normal 0 1 0
    outer loop
      vertex 5 125 246.7720973044634
      vertex 0 125 246.7720973044634
      vertex 5 125 258.31910268962383
    endloop
  endfacet
  facet normal 0 0.5000000000444249 -0.86602540375879
    outer loop
      vertex 0 135 264.09260538220406
      vertex 5 135 264.09260538220406
      vertex 0 125 258.31910268962383
    endloop
  endfacet
  facet normal 0 0.5000000000444249 -0.86602540375879
    outer loop
      vertex 5 125 258.31910268962383
      vertex 0 125 258.31910268962383
      vertex 5 135 264.09260538220406
    endloop
  endfacet
  facet normal 0 -0.5000000000444249 -0.86602540375879
    outer loop
      vertex 0 145 258.31910268962383
      vertex 5 145 258.31910268962383
      vertex 0 135 264.09260538220406
    endloop
  endfacet
  facet normal 0 -0.5000000000444249 -0.86602540375879
    outer loop
      vertex 5 135 264.09260538220406
      vertex 0 135 264.09260538220406
      vertex 5 145 258.31910268962383
    endloop
  endfacet
  facet normal 0 -1 0
    outer loop
      vertex 0 145 246.7720973044634
      vertex 5 145 246.7720973044634
      vertex 0 145 258.31910268962383
    endloop
  endfacet
  facet normal 0 -1 0
    outer loop
      vertex 5 145 258.31910268962383
      vertex 0 145 258.31910268962383
      vertex 5 145 246.7720973044634
    endloop
  endfacet
  facet normal 0 -0.49999999956049546 0.8660254040381867
    outer loop
      vertex 0 135 240.99859461933374
      vertex 5 135 240.99859461933374
      vertex 0 145 246.7720973044634
    endloop
  endfacet
  facet normal 0 -0.49999999956049546 0.8660254040381867
    outer loop
      vertex 5 145 246.7720973044634
      vertex 0 145 246.7720973044634
      vertex 5 135 240.99859461933374
    endloop
  endfacet
  facet normal 0 0.49999999956049546 0.8660254040381867
    outer loop
      vertex 0 125 246.7720973044634
      vertex 5 125 246.7720973044634
      vertex 0 135 240.99859461933374
    endloop
  endfacet
  facet normal 0 0.49999999956049546 0.8660254040381867
    outer loop
      vertex 5 135 240.99859461933374
      vertex 0 135 240.99859461933374
      vertex 5 125 246.7720973044634
    endloop
  endfacet
  facet normal 0 1 0
    outer loop
      vertex 0 146.79999999701977 258.31910268962383
      vertex 5 146.79999999701977 258.31910268962383
      vertex 0 146.79999999701977 246.7720973044634
    endloop
  endfacet
  facet normal 0 1 0
    outer loop
      vertex 5 146.79999999701977 246.7720973044634
      vertex 0 146.79999999701977 246.7720973044634
      vertex 5 146.79999999701977 258.31910268962383
    endloop
  endfacet
  facet normal 0 0.5000000000444249 -0.86602540375879
    outer loop
      vertex 0 156.79999999701977 264.09260538220406
      vertex 5 156.79999999701977 264.09260538220406
      vertex 0 146.79999999701977 258.31910268962383
    endloop
  endfacet
  facet normal 0 0.5000000000444249 -0.86602540375879
    outer loop
      vertex 5 146.79999999701977 258.31910268962383
      vertex 0 146.79999999701977 258.31910268962383
      vertex 5 156.79999999701977 264.09260538220406
    endloop
  endfacet
  facet normal 0 -0.5000000000444249 -0.86602540375879
    outer loop
      vertex 0 166.79999999701977 258.31910268962383
      vertex 5 166.79999999701977 258.31910268962383
      vertex 0 156.79999999701977 264.09260538220406
    endloop
  endfacet
  facet normal 0 -0.5000000000444249 -0.86602540375879
    outer loop
      vertex 5 156.79999999701977 264.09260538220406
      vertex 0 156.79999999701977 264.09260538220406
      vertex 5 166.79999999701977 258.31910268962383
    endloop
  endfacet
  facet normal 0 -1 0
    outer loop
      vertex 0 166.79999999701977 246.7720973044634
      vertex 5 166.79999999701977 246.7720973044634
      vertex 0 166.79999999701977 258.31910268962383
    endloop
  endfacet
  facet normal 0 -1 0
    outer loop
      vertex 5 166.79999999701977 258.31910268962383
      vertex 0 166.79999999701977 258.31910268962383
      vertex 5 166.79999999701977 246.7720973044634
    endloop
  endfacet
  facet normal 0 -0.49999999956049546 0.8660254040381867
    outer loop
      vertex 0 156.79999999701977 240.99859461933374
      vertex 5 156.79999999701977 240.99859461933374
      vertex 0 166.79999999701977 246.7720973044634
    endloop
  endfacet
  facet normal 0 -0.49999999956049546 0.8660254040381867
    outer loop
      vertex 5 166.79999999701977 246.7720973044634
      vertex 0 166.79999999701977 246.7720973044634
      vertex 5 156.79999999701977 240.99859461933374
    endloop
  endfacet
  facet normal 0 0.49999999956049546 0.8660254040381867
    outer loop
      vertex 0 146.79999999701977 246.7720973044634
      vertex 5 146.79999999701977 246.7720973044634
      vertex 0 156.79999999701977 240.99859461933374
    endloop
  endfacet
  facet normal 0 0.49999999956049546 0.8660254040381867
    outer loop
      vertex 5 156.79999999701977 240.99859461933374
      vertex 0 156.79999999701977 240.99859461933374
      vertex 5 146.79999999701977 246.7720973044634
    endloop
  endfacet
  facet normal 0 1 0
    outer loop
      vertex 0 168.60000000149012 258.31910268962383
      vertex 5 168.60000000149012 258.31910268962383
      vertex 0 168.60000000149012 246.7720973044634
    endloop
  endfacet
  facet normal 0 1 0
    outer loop
      vertex 5 168.60000000149012 246.7720973044634
      vertex 0 168.60000000149012 246.7720973044634
      vertex 5 168.60000000149012 258.31910268962383
    endloop
  endfacet
  facet normal 0 0.5000000000444249 -0.86602540375879
    outer loop
      vertex 0 178.60000000149012 264.09260538220406
      vertex 5 178.60000000149012 264.09260538220406
      vertex 0 168.60000000149012 258.31910268962383
    endloop
  endfacet
  facet normal 0 0.5000000000444249 -0.86602540375879
    outer loop
      vertex 5 168.60000000149012 258.31910268962383
      vertex 0 168.60000000149012 258.31910268962383
      vertex 5 178.60000000149012 264.09260538220406
    endloop
  endfacet
  facet normal 0 -0.5000000000444249 -0.86602540375879
    outer loop
      vertex 0 188.60000000149012 258.31910268962383
      vertex 5 188.60000000149012 258.31910268962383
      vertex 0 178.60000000149012 264.09260538220406
    endloop
  endfacet
  facet normal 0 -0.5000000000444249 -0.86602540375879
    outer loop
      vertex 5 178.60000000149012 264.09260538220406
      vertex 0 178.60000000149012 264.09260538220406
      vertex 5 188.60000000149012 258.31910268962383
    endloop
  endfacet
  facet normal 0 -1 0
    outer loop
      vertex 0 188.60000000149012 246.7720973044634
      vertex 5 188.60000000149012 246.7720973044634
      vertex 0 188.60000000149012 258.31910268962383
    endloop
  endfacet
  facet normal 0 -1 0
    outer loop
      vertex 5 188.60000000149012 258.31910268962383
      vertex 0 188.60000000149012 258.31910268962383
      vertex 5 188.60000000149012 246.7720973044634
    endloop
  endfacet
  facet normal 0 -0.49999999956049546 0.8660254040381867
    outer loop
      vertex 0 178.60000000149012 240.99859461933374
      vertex 5 178.60000000149012 240.99859461933374
      vertex 0 188.60000000149012 246.7720973044634
    endloop
  endfacet
  facet normal 0 -0.49999999956049546 0.8660254040381867
    outer loop
      vertex 5 188.60000000149012 246.7720973044634
      vertex 0 188.60000000149012 246.7720973044634
      vertex 5 178.60000000149012 240.99859461933374
    endloop
  endfacet
  facet normal 0 0.49999999956049546 0.8660254040381867
    outer loop
      vertex 0 168.60000000149012 246.7720973044634
      vertex 5 168.60000000149012 246.7720973044634
      vertex 0 178.60000000149012 240.99859461933374
    endloop
  endfacet
  facet normal 0 0.49999999956049546 0.8660254040381867
    outer loop
      vertex 5 178.60000000149012 240.99859461933374
      vertex 0 178.60000000149012 240.99859461933374
      vertex 5 168.60000000149012 246.7720973044634
    endloop
  endfacet
  facet normal 0 1 0
    outer loop
      vertex 0 190.39999999850988 258.31910268962383
      vertex 5 190.39999999850988 258.31910268962383
      vertex 0 190.39999999850988 246.7720973044634
    endloop
  endfacet
  facet normal 0 1 0
    outer loop
      vertex 5 190.39999999850988 246.7720973044634
      vertex 0 190.39999999850988 246.7720973044634
      vertex 5 190.39999999850988 258.31910268962383
    endloop
  endfacet
  facet normal 0 0.5000000000444249 -0.86602540375879
    outer loop
      vertex 0 200.39999999850988 264.09260538220406
      vertex 5 200.39999999850988 264.09260538220406
      vertex 0 190.39999999850988 258.31910268962383
    endloop
  endfacet
  facet normal 0 0.5000000000444249 -0.86602540375879
    outer loop
      vertex 5 190.39999999850988 258.31910268962383
      vertex 0 190.39999999850988 258.31910268962383
      vertex 5 200.39999999850988 264.09260538220406
    endloop
  endfacet
  facet normal 0 -0.5000000000444249 -0.86602540375879
    outer loop
      vertex 0 210.39999999850988 258.31910268962383
      vertex 5 210.39999999850988 258.31910268962383
      vertex 0 200.39999999850988 264.09260538220406
    endloop
  endfacet
  facet normal 0 -0.5000000000444249 -0.86602540375879
    outer loop
      vertex 5 200.39999999850988 264.09260538220406
      vertex 0 200.39999999850988 264.09260538220406
      vertex 5 210.39999999850988 258.31910268962383
    endloop
  endfacet
  facet normal 0 -1 0
    outer loop
      vertex 0 210.39999999850988 246.7720973044634
      vertex 5 210.39999999850988 246.7720973044634
      vertex 0 210.39999999850988 258.31910268962383
    endloop
  endfacet
  facet normal 0 -1 0
    outer loop
      vertex 5 210.39999999850988 258.31910268962383
      vertex 0 210.39999999850988 258.31910268962383
      vertex 5 210.39999999850988 246.7720973044634
    endloop
  endfacet
  facet normal 0 -0.49999999956049546 0.8660254040381867
    outer loop
      vertex 0 200.39999999850988 240.99859461933374
      vertex 5 200.39999999850988 240.99859461933374
      vertex 0 210.39999999850988 246.7720973044634
    endloop
  endfacet
  facet normal 0 -0.49999999956049546 0.8660254040381867
    outer loop
      vertex 5 210.39999999850988 246.7720973044634
      vertex 0 210.39999999850988 246.7720973044634
      vertex 5 200.39999999850988 240.99859461933374
    endloop
  endfacet
  facet normal 0 0.49999999956049546 0.8660254040381867
    outer loop
      vertex 0 190.39999999850988 246.7720973044634
      vertex 5 190.39999999850988 246.7720973044634
      vertex 0 200.39999999850988 240.99859461933374
    endloop
  endfacet
  facet normal 0 0.49999999956049546 0.8660254040381867
    outer loop
      vertex 5 200.39999999850988 240.99859461933374
      vertex 0 200.39999999850988 240.99859461933374
      vertex 5 190.39999999850988 246.7720973044634
    endloop
  endfacet
  facet normal 0 1 0
    outer loop
      vertex 0 212.20000000298023 258.31910268962383
      vertex 5 212.20000000298023 258.31910268962383
      vertex 0 212.20000000298023 246.7720973044634
    endloop
  endfacet
  facet normal 0 1 0
    outer loop
      vertex 5 212.20000000298023 246.7720973044634
      vertex 0 212.20000000298023 246.7720973044634
      vertex 5 212.20000000298023 258.31910268962383
    endloop
  endfacet
  facet normal 0 0.5000000000444249 -0.86602540375879
    outer loop
      vertex 0 222.20000000298023 264.09260538220406
      vertex 5 222.20000000298023 264.09260538220406
      vertex 0 212.20000000298023 258.31910268962383
    endloop
  endfacet
  facet normal 0 0.5000000000444249 -0.86602540375879
    outer loop
      vertex 5 212.20000000298023 258.31910268962383
      vertex 0 212.20000000298023 258.31910268962383
      vertex 5 222.20000000298023 264.09260538220406
    endloop
  endfacet
  facet normal 0 -0.5000000000444249 -0.86602540375879
    outer loop
      vertex 0 232.20000000298023 258.31910268962383
      vertex 5 232.20000000298023 258.31910268962383
      vertex 0 222.20000000298023 264.09260538220406
    endloop
  endfacet
  facet normal 0 -0.5000000000444249 -0.86602540375879
    outer loop
      vertex 5 222.20000000298023 264.09260538220406
      vertex 0 222.20000000298023 264.09260538220406
      vertex 5 232.20000000298023 258.31910268962383
    endloop
  endfacet
  facet normal 0 -1 0
    outer loop
      vertex 0 232.20000000298023 246.7720973044634
      vertex 5 232.20000000298023 246.7720973044634
      vertex 0 232.20000000298023 258.31910268962383
    endloop
  endfacet
  facet normal 0 -1 0
    outer loop
      vertex 5 232.20000000298023 258.31910268962383
      vertex 0 232.20000000298023 258.31910268962383
      vertex 5 232.20000000298023 246.7720973044634
    endloop
  endfacet
  facet normal 0 -0.49999999956049546 0.8660254040381867
    outer loop
      vertex 0 222.20000000298023 240.99859461933374
      vertex 5 222.20000000298023 240.99859461933374
      vertex 0 232.20000000298023 246.7720973044634
    endloop
  endfacet
  facet normal 0 -0.49999999956049546 0.8660254040381867
    outer loop
      vertex 5 232.20000000298023 246.7720973044634
      vertex 0 232.20000000298023 246.7720973044634
      vertex 5 222.20000000298023 240.99859461933374
    endloop
  endfacet
  facet normal 0 0.49999999956049546 0.8660254040381867
    outer loop
      vertex 0 212.20000000298023 246.7720973044634
      vertex 5 212.20000000298023 246.7720973044634
      vertex 0 222.20000000298023 240.99859461933374
    endloop
  endfacet
  facet normal 0 0.49999999956049546 0.8660254040381867
    outer loop
      vertex 5 222.20000000298023 240.99859461933374
      vertex 0 222.20000000298023 240.99859461933374
      vertex 5 212.20000000298023 246.7720973044634
    endloop
  endfacet
  facet normal 0 1 0
    outer loop
      vertex 0 26.899999998509884 239.44030269235373
      vertex 5 26.899999998509884 239.44030269235373
      vertex 0 26.899999998509884 227.89329730719328
    endloop
  endfacet
  facet normal 0 1 0
    outer loop
      vertex 5 26.899999998509884 227.89329730719328
      vertex 0 26.899999998509884 227.89329730719328
      vertex 5 26.899999998509884 239.44030269235373
    endloop
  endfacet
  facet normal 0 0.5000000000444249 -0.86602540375879
    outer loop
      vertex 0 36.899999998509884 245.21380538493395
      vertex 5 36.899999998509884 245.21380538493395
      vertex 0 26.899999998509884 239.44030269235373
    endloop
  endfacet
  facet normal 0 0.5000000000444249 -0.86602540375879
    outer loop
      vertex 5 26.899999998509884 239.44030269235373
      vertex 0 26.899999998509884 239.44030269235373
      vertex 5 36.899999998509884 245.21380538493395
    endloop
  endfacet
  facet normal 0 -0.5000000000444249 -0.86602540375879
    outer loop
      vertex 0 46.899999998509884 239.44030269235373
      vertex 5 46.899999998509884 239.44030269235373
      vertex 0 36.899999998509884 245.21380538493395
    endloop
  endfacet
  facet normal 0 -0.5000000000444249 -0.86602540375879
    outer loop
      vertex 5 36.899999998509884 245.21380538493395
      vertex 0 36.899999998509884 245.21380538493395
      vertex 5 46.899999998509884 239.44030269235373
    endloop
  endfacet
  facet normal 0 -1 0
    outer loop
      vertex 0 46.899999998509884 227.89329730719328
      vertex 5 46.899999998509884 227.89329730719328
      vertex 0 46.899999998509884 239.44030269235373
    endloop
  endfacet
  facet normal 0 -1 0
    outer loop
      vertex 5 46.899999998509884 239.44030269235373
      vertex 0 46.899999998509884 239.44030269235373
      vertex 5 46.899999998509884 227.89329730719328
    endloop
  endfacet
  facet normal 0 -0.5000000000444249 0.86602540375879
    outer loop
      vertex 0 36.899999998509884 222.11979461461306
      vertex 5 36.899999998509884 222.11979461461306
      vertex 0 46.899999998509884 227.89329730719328
    endloop
  endfacet
  facet normal 0 -0.5000000000444249 0.86602540375879
    outer loop
      vertex 5 46.899999998509884 227.89329730719328
      vertex 0 46.899999998509884 227.89329730719328
      vertex 5 36.899999998509884 222.11979461461306
    endloop
  endfacet
  facet normal 0 0.5000000000444249 0.86602540375879
    outer loop
      vertex 0 26.899999998509884 227.89329730719328
      vertex 5 26.899999998509884 227.89329730719328
      vertex 0 36.899999998509884 222.11979461461306
    endloop
  endfacet
  facet normal 0 0.5000000000444249 0.86602540375879
    outer loop
      vertex 5 36.899999998509884 222.11979461461306
      vertex 0 36.899999998509884 222.11979461461306
      vertex 5 26.899999998509884 227.89329730719328
    endloop
  endfacet
  facet normal 0 1 0
    outer loop
      vertex 0 48.70000000298023 239.44030269235373
      vertex 5 48.70000000298023 239.44030269235373
      vertex 0 48.70000000298023 227.89329730719328
    endloop
  endfacet
  facet normal 0 1 0
    outer loop
      vertex 5 48.70000000298023 227.89329730719328
      vertex 0 48.70000000298023 227.89329730719328
      vertex 5 48.70000000298023 239.44030269235373
    endloop
  endfacet
  facet normal 0 0.5000000000444249 -0.86602540375879
    outer loop
      vertex 0 58.70000000298023 245.21380538493395
      vertex 5 58.70000000298023 245.21380538493395
      vertex 0 48.70000000298023 239.44030269235373
    endloop
  endfacet
  facet normal 0 0.5000000000444249 -0.86602540375879
    outer loop
      vertex 5 48.70000000298023 239.44030269235373
      vertex 0 48.70000000298023 239.44030269235373
      vertex 5 58.70000000298023 245.21380538493395
    endloop
  endfacet
  facet normal 0 -0.5000000000444249 -0.86602540375879
    outer loop
      vertex 0 68.70000000298023 239.44030269235373
      vertex 5 68.70000000298023 239.44030269235373
      vertex 0 58.70000000298023 245.21380538493395
    endloop
  endfacet
  facet normal 0 -0.5000000000444249 -0.86602540375879
    outer loop
      vertex 5 58.70000000298023 245.21380538493395
      vertex 0 58.70000000298023 245.21380538493395
      vertex 5 68.70000000298023 239.44030269235373
    endloop
  endfacet
  facet normal 0 -1 0
    outer loop
      vertex 0 68.70000000298023 227.89329730719328
      vertex 5 68.70000000298023 227.89329730719328
      vertex 0 68.70000000298023 239.44030269235373
    endloop
  endfacet
  facet normal 0 -1 0
    outer loop
      vertex 5 68.70000000298023 239.44030269235373
      vertex 0 68.70000000298023 239.44030269235373
      vertex 5 68.70000000298023 227.89329730719328
    endloop
  endfacet
  facet normal 0 -0.5000000000444249 0.86602540375879
    outer loop
      vertex 0 58.70000000298023 222.11979461461306
      vertex 5 58.70000000298023 222.11979461461306
      vertex 0 68.70000000298023 227.89329730719328
    endloop
  endfacet
  facet normal 0 -0.5000000000444249 0.86602540375879
    outer loop
      vertex 5 68.70000000298023 227.89329730719328
      vertex 0 68.70000000298023 227.89329730719328
      vertex 5 58.70000000298023 222.11979461461306
    endloop
  endfacet
  facet normal 0 0.5000000000444249 0.86602540375879
    outer loop
      vertex 0 48.70000000298023 227.89329730719328
      vertex 5 48.70000000298023 227.89329730719328
      vertex 0 58.70000000298023 222.11979461461306
    endloop
  endfacet
  facet normal 0 0.5000000000444249 0.86602540375879
    outer loop
      vertex 5 58.70000000298023 222.11979461461306
      vertex 0 58.70000000298023 222.11979461461306
      vertex 5 48.70000000298023 227.89329730719328
    endloop
  endfacet
  facet normal 0 1 0
    outer loop
      vertex 0 70.5 239.44030269235373
      vertex 5 70.5 239.44030269235373
      vertex 0 70.5 227.89329730719328
    endloop
  endfacet
  facet normal 0 1 0
    outer loop
      vertex 5 70.5 227.89329730719328
      vertex 0 70.5 227.89329730719328
      vertex 5 70.5 239.44030269235373
    endloop
  endfacet
  facet normal 0 0.5000000000444249 -0.86602540375879
    outer loop
      vertex 0 80.5 245.21380538493395
      vertex 5 80.5 245.21380538493395
      vertex 0 70.5 239.44030269235373
    endloop
  endfacet
  facet normal 0 0.5000000000444249 -0.86602540375879
    outer loop
      vertex 5 70.5 239.44030269235373
      vertex 0 70.5 239.44030269235373
      vertex 5 80.5 245.21380538493395
    endloop
  endfacet
  facet normal 0 -0.5000000000444249 -0.86602540375879
    outer loop
      vertex 0 90.5 239.44030269235373
      vertex 5 90.5 239.44030269235373
      vertex 0 80.5 245.21380538493395
    endloop
  endfacet
  facet normal 0 -0.5000000000444249 -0.86602540375879
    outer loop
      vertex 5 80.5 245.21380538493395
      vertex 0 80.5 245.21380538493395
      vertex 5 90.5 239.44030269235373
    endloop
  endfacet
  facet normal 0 -1 0
    outer loop
      vertex 0 90.5 227.89329730719328
      vertex 5 90.5 227.89329730719328
      vertex 0 90.5 239.44030269235373
    endloop
  endfacet
  facet normal 0 -1 0
    outer loop
      vertex 5 90.5 239.44030269235373
      vertex 0 90.5 239.44030269235373
      vertex 5 90.5 227.89329730719328
    endloop
  endfacet
  facet normal 0 -0.5000000000444249 0.86602540375879
    outer loop
      vertex 0 80.5 222.11979461461306
      vertex 5 80.5 222.11979461461306
      vertex 0 90.5 227.89329730719328
    endloop
  endfacet
  facet normal 0 -0.5000000000444249 0.86602540375879
    outer loop
      vertex 5 90.5 227.89329730719328
      vertex 0 90.5 227.89329730719328
      vertex 5 80.5 222.11979461461306
    endloop
  endfacet
  facet normal 0 0.5000000000444249 0.86602540375879
    outer loop
      vertex 0 70.5 227.89329730719328
      vertex 5 70.5 227.89329730719328
      vertex 0 80.5 222.11979461461306
    endloop
  endfacet
  facet normal 0 0.5000000000444249 0.86602540375879
    outer loop
      vertex 5 80.5 222.11979461461306
      vertex 0 80.5 222.11979461461306
      vertex 5 70.5 227.89329730719328
    endloop
  endfacet
  facet normal 0 1 0
    outer loop
      vertex 0 92.29999999701977 239.44030269235373
      vertex 5 92.29999999701977 239.44030269235373
      vertex 0 92.29999999701977 227.89329730719328
    endloop
  endfacet
  facet normal 0 1 0
    outer loop
      vertex 5 92.29999999701977 227.89329730719328
      vertex 0 92.29999999701977 227.89329730719328
      vertex 5 92.29999999701977 239.44030269235373
    endloop
  endfacet
  facet normal 0 0.5000000000444249 -0.86602540375879
    outer loop
      vertex 0 102.29999999701977 245.21380538493395
      vertex 5 102.29999999701977 245.21380538493395
      vertex 0 92.29999999701977 239.44030269235373
    endloop
  endfacet
  facet normal 0 0.5000000000444249 -0.86602540375879
    outer loop
      vertex 5 92.29999999701977 239.44030269235373
      vertex 0 92.29999999701977 239.44030269235373
      vertex 5 102.29999999701977 245.21380538493395
    endloop
  endfacet
  facet normal 0 -0.5000000000444249 -0.86602540375879
    outer loop
      vertex 0 112.29999999701977 239.44030269235373
      vertex 5 112.29999999701977 239.44030269235373
      vertex 0 102.29999999701977 245.21380538493395
    endloop
  endfacet
  facet normal 0 -0.5000000000444249 -0.86602540375879
    outer loop
      vertex 5 102.29999999701977 245.21380538493395
      vertex 0 102.29999999701977 245.21380538493395
      vertex 5 112.29999999701977 239.44030269235373
    endloop
  endfacet
  facet normal 0 -1 0
    outer loop
      vertex 0 112.29999999701977 227.89329730719328
      vertex 5 112.29999999701977 227.89329730719328
      vertex 0 112.29999999701977 239.44030269235373
    endloop
  endfacet
  facet normal 0 -1 0
    outer loop
      vertex 5 112.29999999701977 239.44030269235373
      vertex 0 112.29999999701977 239.44030269235373
      vertex 5 112.29999999701977 227.89329730719328
    endloop
  endfacet
  facet normal 0 -0.5000000000444249 0.86602540375879
    outer loop
      vertex 0 102.29999999701977 222.11979461461306
      vertex 5 102.29999999701977 222.11979461461306
      vertex 0 112.29999999701977 227.89329730719328
    endloop
  endfacet
  facet normal 0 -0.5000000000444249 0.86602540375879
    outer loop
      vertex 5 112.29999999701977 227.89329730719328
      vertex 0 112.29999999701977 227.89329730719328
      vertex 5 102.29999999701977 222.11979461461306
    endloop
  endfacet
  facet normal 0 0.5000000000444249 0.86602540375879
    outer loop
      vertex 0 92.29999999701977 227.89329730719328
      vertex 5 92.29999999701977 227.89329730719328
      vertex 0 102.29999999701977 222.11979461461306
    endloop
  endfacet
  facet normal 0 0.5000000000444249 0.86602540375879
    outer loop
      vertex 5 102.29999999701977 222.11979461461306
      vertex 0 102.29999999701977 222.11979461461306
      vertex 5 92.29999999701977 227.89329730719328
    endloop
  endfacet
  facet normal 0 1 0
    outer loop
      vertex 0 114.10000000149012 239.44030269235373
      vertex 5 114.10000000149012 239.44030269235373
      vertex 0 114.10000000149012 227.89329730719328
    endloop
  endfacet
  facet normal 0 1 0
    outer loop
      vertex 5 114.10000000149012 227.89329730719328
      vertex 0 114.10000000149012 227.89329730719328
      vertex 5 114.10000000149012 239.44030269235373
    endloop
  endfacet
  facet normal 0 0.5000000000444249 -0.86602540375879
    outer loop
      vertex 0 124.10000000149012 245.21380538493395
      vertex 5 124.10000000149012 245.21380538493395
      vertex 0 114.10000000149012 239.44030269235373
    endloop
  endfacet
  facet normal 0 0.5000000000444249 -0.86602540375879
    outer loop
      vertex 5 114.10000000149012 239.44030269235373
      vertex 0 114.10000000149012 239.44030269235373
      vertex 5 124.10000000149012 245.21380538493395
    endloop
  endfacet
  facet normal 0 -0.5000000000444249 -0.86602540375879
    outer loop
      vertex 0 134.10000000149012 239.44030269235373
      vertex 5 134.10000000149012 239.44030269235373
      vertex 0 124.10000000149012 245.21380538493395
    endloop
  endfacet
  facet normal 0 -0.5000000000444249 -0.86602540375879
    outer loop
      vertex 5 124.10000000149012 245.21380538493395
      vertex 0 124.10000000149012 245.21380538493395
      vertex 5 134.10000000149012 239.44030269235373
    endloop
  endfacet
  facet normal 0 -1 0
    outer loop
      vertex 0 134.10000000149012 227.89329730719328
      vertex 5 134.10000000149012 227.89329730719328
      vertex 0 134.10000000149012 239.44030269235373
    endloop
  endfacet
  facet normal 0 -1 0
    outer loop
      vertex 5 134.10000000149012 239.44030269235373
      vertex 0 134.10000000149012 239.44030269235373
      vertex 5 134.10000000149012 227.89329730719328
    endloop
  endfacet
  facet normal 0 -0.5000000000444249 0.86602540375879
    outer loop
      vertex 0 124.10000000149012 222.11979461461306
      vertex 5 124.10000000149012 222.11979461461306
      vertex 0 134.10000000149012 227.89329730719328
    endloop
  endfacet
  facet normal 0 -0.5000000000444249 0.86602540375879
    outer loop
      vertex 5 134.10000000149012 227.89329730719328
      vertex 0 134.10000000149012 227.89329730719328
      vertex 5 124.10000000149012 222.11979461461306
    endloop
  endfacet
  facet normal 0 0.5000000000444249 0.86602540375879
    outer loop
      vertex 0 114.10000000149012 227.89329730719328
      vertex 5 114.10000000149012 227.89329730719328
      vertex 0 124.10000000149012 222.11979461461306
    endloop
  endfacet
  facet normal 0 0.5000000000444249 0.86602540375879
    outer loop
      vertex 5 124.10000000149012 222.11979461461306
      vertex 0 124.10000000149012 222.11979461461306
      vertex 5 114.10000000149012 227.89329730719328
    endloop
  endfacet
  facet normal 0 1 0
    outer loop
      vertex 0 135.89999999850988 239.44030269235373
      vertex 5 135.89999999850988 239.44030269235373
      vertex 0 135.89999999850988 227.89329730719328
    endloop
  endfacet
  facet normal 0 1 0
    outer loop
      vertex 5 135.89999999850988 227.89329730719328
      vertex 0 135.89999999850988 227.89329730719328
      vertex 5 135.89999999850988 239.44030269235373
    endloop
  endfacet
  facet normal 0 0.5000000000444249 -0.86602540375879
    outer loop
      vertex 0 145.89999999850988 245.21380538493395
      vertex 5 145.89999999850988 245.21380538493395
      vertex 0 135.89999999850988 239.44030269235373
    endloop
  endfacet
  facet normal 0 0.5000000000444249 -0.86602540375879
    outer loop
      vertex 5 135.89999999850988 239.44030269235373
      vertex 0 135.89999999850988 239.44030269235373
      vertex 5 145.89999999850988 245.21380538493395
    endloop
  endfacet
  facet normal 0 -0.5000000000444249 -0.86602540375879
    outer loop
      vertex 0 155.89999999850988 239.44030269235373
      vertex 5 155.89999999850988 239.44030269235373
      vertex 0 145.89999999850988 245.21380538493395
    endloop
  endfacet
  facet normal 0 -0.5000000000444249 -0.86602540375879
    outer loop
      vertex 5 145.89999999850988 245.21380538493395
      vertex 0 145.89999999850988 245.21380538493395
      vertex 5 155.89999999850988 239.44030269235373
    endloop
  endfacet
  facet normal 0 -1 0
    outer loop
      vertex 0 155.89999999850988 227.89329730719328
      vertex 5 155.89999999850988 227.89329730719328
      vertex 0 155.89999999850988 239.44030269235373
    endloop
  endfacet
  facet normal 0 -1 0
    outer loop
      vertex 5 155.89999999850988 239.44030269235373
      vertex 0 155.89999999850988 239.44030269235373
      vertex 5 155.89999999850988 227.89329730719328
    endloop
  endfacet
  facet normal 0 -0.5000000000444249 0.86602540375879
    outer loop
      vertex 0 145.89999999850988 222.11979461461306
      vertex 5 145.89999999850988 222.11979461461306
      vertex 0 155.89999999850988 227.89329730719328
    endloop
  endfacet
  facet normal 0 -0.5000000000444249 0.86602540375879
    outer loop
      vertex 5 155.89999999850988 227.89329730719328
      vertex 0 155.89999999850988 227.89329730719328
      vertex 5 145.89999999850988 222.11979461461306
    endloop
  endfacet
  facet normal 0 0.5000000000444249 0.86602540375879
    outer loop
      vertex 0 135.89999999850988 227.89329730719328
      vertex 5 135.89999999850988 227.89329730719328
      vertex 0 145.89999999850988 222.11979461461306
    endloop
  endfacet
  facet normal 0 0.5000000000444249 0.86602540375879
    outer loop
      vertex 5 145.89999999850988 222.11979461461306
      vertex 0 145.89999999850988 222.11979461461306
      vertex 5 135.89999999850988 227.89329730719328
    endloop
  endfacet
  facet normal 0 1 0
    outer loop
      vertex 0 157.70000000298023 239.44030269235373
      vertex 5 157.70000000298023 239.44030269235373
      vertex 0 157.70000000298023 227.89329730719328
    endloop
  endfacet
  facet normal 0 1 0
    outer loop
      vertex 5 157.70000000298023 227.89329730719328
      vertex 0 157.70000000298023 227.89329730719328
      vertex 5 157.70000000298023 239.44030269235373
    endloop
  endfacet
  facet normal 0 0.5000000000444249 -0.86602540375879
    outer loop
      vertex 0 167.70000000298023 245.21380538493395
      vertex 5 167.70000000298023 245.21380538493395
      vertex 0 157.70000000298023 239.44030269235373
    endloop
  endfacet
  facet normal 0 0.5000000000444249 -0.86602540375879
    outer loop
      vertex 5 157.70000000298023 239.44030269235373
      vertex 0 157.70000000298023 239.44030269235373
      vertex 5 167.70000000298023 245.21380538493395
    endloop
  endfacet
  facet normal 0 -0.5000000000444249 -0.86602540375879
    outer loop
      vertex 0 177.70000000298023 239.44030269235373
      vertex 5 177.70000000298023 239.44030269235373
      vertex 0 167.70000000298023 245.21380538493395
    endloop
  endfacet
  facet normal 0 -0.5000000000444249 -0.86602540375879
    outer loop
      vertex 5 167.70000000298023 245.21380538493395
      vertex 0 167.70000000298023 245.21380538493395
      vertex 5 177.70000000298023 239.44030269235373
    endloop
  endfacet
  facet normal 0 -1 0
    outer loop
      vertex 0 177.70000000298023 227.89329730719328
      vertex 5 177.70000000298023 227.89329730719328
      vertex 0 177.70000000298023 239.44030269235373
    endloop
  endfacet
  facet normal 0 -1 0
    outer loop
      vertex 5 177.70000000298023 239.44030269235373
      vertex 0 177.70000000298023 239.44030269235373
      vertex 5 177.70000000298023 227.89329730719328
    endloop
  endfacet
  facet normal 0 -0.5000000000444249 0.86602540375879
    outer loop
      vertex 0 167.70000000298023 222.11979461461306
      vertex 5 167.70000000298023 222.11979461461306
      vertex 0 177.70000000298023 227.89329730719328
    endloop
  endfacet
  facet normal 0 -0.5000000000444249 0.86602540375879
    outer loop
      vertex 5 177.70000000298023 227.89329730719328
      vertex 0 177.70000000298023 227.89329730719328
      vertex 5 167.70000000298023 222.11979461461306
    endloop
  endfacet
  facet normal 0 0.5000000000444249 0.86602540375879
    outer loop
      vertex 0 157.70000000298023 227.89329730719328
      vertex 5 157.70000000298023 227.89329730719328
      vertex 0 167.70000000298023 222.11979461461306
    endloop
  endfacet
  facet normal 0 0.5000000000444249 0.86602540375879
    outer loop
      vertex 5 167.70000000298023 222.11979461461306
      vertex 0 167.70000000298023 222.11979461461306
      vertex 5 157.70000000298023 227.89329730719328
    endloop
  endfacet
  facet normal 0 1 0
    outer loop
      vertex 0 179.5 239.44030269235373
      vertex 5 179.5 239.44030269235373
      vertex 0 179.5 227.89329730719328
    endloop
  endfacet
  facet normal 0 1 0
    outer loop
      vertex 5 179.5 227.89329730719328
      vertex 0 179.5 227.89329730719328
      vertex 5 179.5 239.44030269235373
    endloop
  endfacet
  facet normal 0 0.5000000000444249 -0.86602540375879
    outer loop
      vertex 0 189.5 245.21380538493395
      vertex 5 189.5 245.21380538493395
      vertex 0 179.5 239.44030269235373
    endloop
  endfacet
  facet normal 0 0.5000000000444249 -0.86602540375879
    outer loop
      vertex 5 179.5 239.44030269235373
      vertex 0 179.5 239.44030269235373
      vertex 5 189.5 245.21380538493395
    endloop
  endfacet
  facet normal 0 -0.5000000000444249 -0.86602540375879
    outer loop
      vertex 0 199.5 239.44030269235373
      vertex 5 199.5 239.44030269235373
      vertex 0 189.5 245.21380538493395
    endloop
  endfacet
  facet normal 0 -0.5000000000444249 -0.86602540375879
    outer loop
      vertex 5 189.5 245.21380538493395
      vertex 0 189.5 245.21380538493395
      vertex 5 199.5 239.44030269235373
    endloop
  endfacet
  facet normal 0 -1 0
    outer loop
      vertex 0 199.5 227.89329730719328
      vertex 5 199.5 227.89329730719328
      vertex 0 199.5 239.44030269235373
    endloop
  endfacet
  facet normal 0 -1 0
    outer loop
      vertex 5 199.5 239.44030269235373
      vertex 0 199.5 239.44030269235373
      vertex 5 199.5 227.89329730719328
    endloop
  endfacet
  facet normal 0 -0.5000000000444249 0.86602540375879
    outer loop
      vertex 0 189.5 222.11979461461306
      vertex 5 189.5 222.11979461461306
      vertex 0 199.5 227.89329730719328
    endloop
  endfacet
  facet normal 0 -0.5000000000444249 0.86602540375879
    outer loop
      vertex 5 199.5 227.89329730719328
      vertex 0 199.5 227.89329730719328
      vertex 5 189.5 222.11979461461306
    endloop
  endfacet
  facet normal 0 0.5000000000444249 0.86602540375879
    outer loop
      vertex 0 179.5 227.89329730719328
      vertex 5 179.5 227.89329730719328
      vertex 0 189.5 222.11979461461306
    endloop
  endfacet
  facet normal 0 0.5000000000444249 0.86602540375879
    outer loop
      vertex 5 189.5 222.11979461461306
      vertex 0 189.5 222.11979461461306
      vertex 5 179.5 227.89329730719328
    endloop
  endfacet
  facet normal 0 1 0
    outer loop
      vertex 0 201.29999999701977 239.44030269235373
      vertex 5 201.29999999701977 239.44030269235373
      vertex 0 201.29999999701977 227.89329730719328
    endloop
  endfacet
  facet normal 0 1 0
    outer loop
      vertex 5 201.29999999701977 227.89329730719328
      vertex 0 201.29999999701977 227.89329730719328
      vertex 5 201.29999999701977 239.44030269235373
    endloop
  endfacet
  facet normal 0 0.5000000000444249 -0.86602540375879
    outer loop
      vertex 0 211.29999999701977 245.21380538493395
      vertex 5 211.29999999701977 245.21380538493395
      vertex 0 201.29999999701977 239.44030269235373
    endloop
  endfacet
  facet normal 0 0.5000000000444249 -0.86602540375879
    outer loop
      vertex 5 201.29999999701977 239.44030269235373
      vertex 0 201.29999999701977 239.44030269235373
      vertex 5 211.29999999701977 245.21380538493395
    endloop
  endfacet
  facet normal 0 -0.5000000000444249 -0.86602540375879
    outer loop
      vertex 0 221.29999999701977 239.44030269235373
      vertex 5 221.29999999701977 239.44030269235373
      vertex 0 211.29999999701977 245.21380538493395
    endloop
  endfacet
  facet normal 0 -0.5000000000444249 -0.86602540375879
    outer loop
      vertex 5 211.29999999701977 245.21380538493395
      vertex 0 211.29999999701977 245.21380538493395
      vertex 5 221.29999999701977 239.44030269235373
    endloop
  endfacet
  facet normal 0 -1 0
    outer loop
      vertex 0 221.29999999701977 227.89329730719328
      vertex 5 221.29999999701977 227.89329730719328
      vertex 0 221.29999999701977 239.44030269235373
    endloop
  endfacet
  facet normal 0 -1 0
    outer loop
      vertex 5 221.29999999701977 239.44030269235373
      vertex 0 221.29999999701977 239.44030269235373
      vertex 5 221.29999999701977 227.89329730719328
    endloop
  endfacet
  facet normal 0 -0.5000000000444249 0.86602540375879
    outer loop
      vertex 0 211.29999999701977 222.11979461461306
      vertex 5 211.29999999701977 222.11979461461306
      vertex 0 221.29999999701977 227.89329730719328
    endloop
  endfacet
  facet normal 0 -0.5000000000444249 0.86602540375879
    outer loop
      vertex 5 221.29999999701977 227.89329730719328
      vertex 0 221.29999999701977 227.89329730719328
      vertex 5 211.29999999701977 222.11979461461306
    endloop
  endfacet
  facet normal 0 0.5000000000444249 0.86602540375879
    outer loop
      vertex 0 201.29999999701977 227.89329730719328
      vertex 5 201.29999999701977 227.89329730719328
      vertex 0 211.29999999701977 222.11979461461306
    endloop
  endfacet
  facet normal 0 0.5000000000444249 0.86602540375879
    outer loop
      vertex 5 211.29999999701977 222.11979461461306
      vertex 0 211.29999999701977 222.11979461461306
      vertex 5 201.29999999701977 227.89329730719328
    endloop
  endfacet
  facet normal 0 1 0
    outer loop
      vertex 0 16 220.56150269508362
      vertex 5 16 220.56150269508362
      vertex 0 16 209.01449730992317
    endloop
  endfacet
  facet normal 0 1 0
    outer loop
      vertex 5 16 209.01449730992317
      vertex 0 16 209.01449730992317
      vertex 5 16 220.56150269508362
    endloop
  endfacet
  facet normal 0 0.49999999956049546 -0.8660254040381867
    outer loop
      vertex 0 26 226.33500538021326
      vertex 5 26 226.33500538021326
      vertex 0 16 220.56150269508362
    endloop
  endfacet
  facet normal 0 0.49999999956049546 -0.8660254040381867
    outer loop
      vertex 5 16 220.56150269508362
      vertex 0 16 220.56150269508362
      vertex 5 26 226.33500538021326
    endloop
  endfacet
  facet normal 0 -0.49999999956049546 -0.8660254040381867
    outer loop
      vertex 0 36 220.56150269508362
      vertex 5 36 220.56150269508362
      vertex 0 26 226.33500538021326
    endloop
  endfacet
  facet normal 0 -0.49999999956049546 -0.8660254040381867
    outer loop
      vertex 5 26 226.33500538021326
      vertex 0 26 226.33500538021326
      vertex 5 36 220.56150269508362
    endloop
  endfacet
  facet normal 0 -1 0
    outer loop
      vertex 0 36 209.01449730992317
      vertex 5 36 209.01449730992317
      vertex 0 36 220.56150269508362
    endloop
  endfacet
  facet normal 0 -1 0
    outer loop
      vertex 5 36 220.56150269508362
      vertex 0 36 220.56150269508362
      vertex 5 36 209.01449730992317
    endloop
  endfacet
  facet normal 0 -0.5000000000444249 0.86602540375879
    outer loop
      vertex 0 26 203.24099461734295
      vertex 5 26 203.24099461734295
      vertex 0 36 209.01449730992317
    endloop
  endfacet
  facet normal 0 -0.5000000000444249 0.86602540375879
    outer loop
      vertex 5 36 209.01449730992317
      vertex 0 36 209.01449730992317
      vertex 5 26 203.24099461734295
    endloop
  endfacet
  facet normal 0 0.5000000000444249 0.86602540375879
    outer loop
      vertex 0 16 209.01449730992317
      vertex 5 16 209.01449730992317
      vertex 0 26 203.24099461734295
    endloop
  endfacet
  facet normal 0 0.5000000000444249 0.86602540375879
    outer loop
      vertex 5 26 203.24099461734295
      vertex 0 26 203.24099461734295
      vertex 5 16 209.01449730992317
    endloop
  endfacet
  facet normal 0 1 0
    outer loop
      vertex 0 37.79999999701977 220.56150269508362
      vertex 5 37.79999999701977 220.56150269508362
      vertex 0 37.79999999701977 209.01449730992317
    endloop
  endfacet
  facet normal 0 1 0
    outer loop
      vertex 5 37.79999999701977 209.01449730992317
      vertex 0 37.79999999701977 209.01449730992317
      vertex 5 37.79999999701977 220.56150269508362
    endloop
  endfacet
  facet normal 0 0.49999999956049546 -0.8660254040381867
    outer loop
      vertex 0 47.79999999701977 226.33500538021326
      vertex 5 47.79999999701977 226.33500538021326
      vertex 0 37.79999999701977 220.56150269508362
    endloop
  endfacet
  facet normal 0 0.49999999956049546 -0.8660254040381867
    outer loop
      vertex 5 37.79999999701977 220.56150269508362
      vertex 0 37.79999999701977 220.56150269508362
      vertex 5 47.79999999701977 226.33500538021326
    endloop
  endfacet
  facet normal 0 -0.49999999956049546 -0.8660254040381867
    outer loop
      vertex 0 57.79999999701977 220.56150269508362
      vertex 5 57.79999999701977 220.56150269508362
      vertex 0 47.79999999701977 226.33500538021326
    endloop
  endfacet
  facet normal 0 -0.49999999956049546 -0.8660254040381867
    outer loop
      vertex 5 47.79999999701977 226.33500538021326
      vertex 0 47.79999999701977 226.33500538021326
      vertex 5 57.79999999701977 220.56150269508362
    endloop
  endfacet
  facet normal 0 -1 0
    outer loop
      vertex 0 57.79999999701977 209.01449730992317
      vertex 5 57.79999999701977 209.01449730992317
      vertex 0 57.79999999701977 220.56150269508362
    endloop
  endfacet
  facet normal 0 -1 0
    outer loop
      vertex 5 57.79999999701977 220.56150269508362
      vertex 0 57.79999999701977 220.56150269508362
      vertex 5 57.79999999701977 209.01449730992317
    endloop
  endfacet
  facet normal 0 -0.5000000000444249 0.86602540375879
    outer loop
      vertex 0 47.79999999701977 203.24099461734295
      vertex 5 47.79999999701977 203.24099461734295
      vertex 0 57.79999999701977 209.01449730992317
    endloop
  endfacet
  facet normal 0 -0.5000000000444249 0.86602540375879
    outer loop
      vertex 5 57.79999999701977 209.01449730992317
      vertex 0 57.79999999701977 209.01449730992317
      vertex 5 47.79999999701977 203.24099461734295
    endloop
  endfacet
  facet normal 0 0.5000000000444249 0.86602540375879
    outer loop
      vertex 0 37.79999999701977 209.01449730992317
      vertex 5 37.79999999701977 209.01449730992317
      vertex 0 47.79999999701977 203.24099461734295
    endloop
  endfacet
  facet normal 0 0.5000000000444249 0.86602540375879
    outer loop
      vertex 5 47.79999999701977 203.24099461734295
      vertex 0 47.79999999701977 203.24099461734295
      vertex 5 37.79999999701977 209.01449730992317
    endloop
  endfacet
  facet normal 0 1 0
    outer loop
      vertex 0 59.600000001490116 220.56150269508362
      vertex 5 59.600000001490116 220.56150269508362
      vertex 0 59.600000001490116 209.01449730992317
    endloop
  endfacet
  facet normal 0 1 0
    outer loop
      vertex 5 59.600000001490116 209.01449730992317
      vertex 0 59.600000001490116 209.01449730992317
      vertex 5 59.600000001490116 220.56150269508362
    endloop
  endfacet
  facet normal 0 0.49999999956049546 -0.8660254040381867
    outer loop
      vertex 0 69.60000000149012 226.33500538021326
      vertex 5 69.60000000149012 226.33500538021326
      vertex 0 59.600000001490116 220.56150269508362
    endloop
  endfacet
  facet normal 0 0.49999999956049546 -0.8660254040381867
    outer loop
      vertex 5 59.600000001490116 220.56150269508362
      vertex 0 59.600000001490116 220.56150269508362
      vertex 5 69.60000000149012 226.33500538021326
    endloop
  endfacet
  facet normal 0 -0.49999999956049546 -0.8660254040381867
    outer loop
      vertex 0 79.60000000149012 220.56150269508362
      vertex 5 79.60000000149012 220.56150269508362
      vertex 0 69.60000000149012 226.33500538021326
    endloop
  endfacet
  facet normal 0 -0.49999999956049546 -0.8660254040381867
    outer loop
      vertex 5 69.60000000149012 226.33500538021326
      vertex 0 69.60000000149012 226.33500538021326
      vertex 5 79.60000000149012 220.56150269508362
    endloop
  endfacet
  facet normal 0 -1 0
    outer loop
      vertex 0 79.60000000149012 209.01449730992317
      vertex 5 79.60000000149012 209.01449730992317
      vertex 0 79.60000000149012 220.56150269508362
    endloop
  endfacet
  facet normal 0 -1 0
    outer loop
      vertex 5 79.60000000149012 220.56150269508362
      vertex 0 79.60000000149012 220.56150269508362
      vertex 5 79.60000000149012 209.01449730992317
    endloop
  endfacet
  facet normal 0 -0.5000000000444249 0.86602540375879
    outer loop
      vertex 0 69.60000000149012 203.24099461734295
      vertex 5 69.60000000149012 203.24099461734295
      vertex 0 79.60000000149012 209.01449730992317
    endloop
  endfacet
  facet normal 0 -0.5000000000444249 0.86602540375879
    outer loop
      vertex 5 79.60000000149012 209.01449730992317
      vertex 0 79.60000000149012 209.01449730992317
      vertex 5 69.60000000149012 203.24099461734295
    endloop
  endfacet
  facet normal 0 0.5000000000444249 0.86602540375879
    outer loop
      vertex 0 59.600000001490116 209.01449730992317
      vertex 5 59.600000001490116 209.01449730992317
      vertex 0 69.60000000149012 203.24099461734295
    endloop
  endfacet
  facet normal 0 0.5000000000444249 0.86602540375879
    outer loop
      vertex 5 69.60000000149012 203.24099461734295
      vertex 0 69.60000000149012 203.24099461734295
      vertex 5 59.600000001490116 209.01449730992317
    endloop
  endfacet
  facet normal 0 1 0
    outer loop
      vertex 0 81.39999999850988 220.56150269508362
      vertex 5 81.39999999850988 220.56150269508362
      vertex 0 81.39999999850988 209.01449730992317
    endloop
  endfacet
  facet normal 0 1 0
    outer loop
      vertex 5 81.39999999850988 209.01449730992317
      vertex 0 81.39999999850988 209.01449730992317
      vertex 5 81.39999999850988 220.56150269508362
    endloop
  endfacet
  facet normal 0 0.49999999956049546 -0.8660254040381867
    outer loop
      vertex 0 91.39999999850988 226.33500538021326
      vertex 5 91.39999999850988 226.33500538021326
      vertex 0 81.39999999850988 220.56150269508362
    endloop
  endfacet
  facet normal 0 0.49999999956049546 -0.8660254040381867
    outer loop
      vertex 5 81.39999999850988 220.56150269508362
      vertex 0 81.39999999850988 220.56150269508362
      vertex 5 91.39999999850988 226.33500538021326
    endloop
  endfacet
  facet normal 0 -0.49999999956049546 -0.8660254040381867
    outer loop
      vertex 0 101.39999999850988 220.56150269508362
      vertex 5 101.39999999850988 220.56150269508362
      vertex 0 91.39999999850988 226.33500538021326
    endloop
  endfacet
  facet normal 0 -0.49999999956049546 -0.8660254040381867
    outer loop
      vertex 5 91.39999999850988 226.33500538021326
      vertex 0 91.39999999850988 226.33500538021326
      vertex 5 101.39999999850988 220.56150269508362
    endloop
  endfacet
  facet normal 0 -1 0
    outer loop
      vertex 0 101.39999999850988 209.01449730992317
      vertex 5 101.39999999850988 209.01449730992317
      vertex 0 101.39999999850988 220.56150269508362
    endloop
  endfacet
  facet normal 0 -1 0
    outer loop
      vertex 5 101.39999999850988 220.56150269508362
      vertex 0 101.39999999850988 220.56150269508362
      vertex 5 101.39999999850988 209.01449730992317
    endloop
  endfacet
  facet normal 0 -0.5000000000444249 0.86602540375879
    outer loop
      vertex 0 91.39999999850988 203.24099461734295
      vertex 5 91.39999999850988 203.24099461734295
      vertex 0 101.39999999850988 209.01449730992317
    endloop
  endfacet
  facet normal 0 -0.5000000000444249 0.86602540375879
    outer loop
      vertex 5 101.39999999850988 209.01449730992317
      vertex 0 101.39999999850988 209.01449730992317
      vertex 5 91.39999999850988 203.24099461734295
    endloop
  endfacet
  facet normal 0 0.5000000000444249 0.86602540375879
    outer loop
      vertex 0 81.39999999850988 209.01449730992317
      vertex 5 81.39999999850988 209.01449730992317
      vertex 0 91.39999999850988 203.24099461734295
    endloop
  endfacet
  facet normal 0 0.5000000000444249 0.86602540375879
    outer loop
      vertex 5 91.39999999850988 203.24099461734295
      vertex 0 91.39999999850988 203.24099461734295
      vertex 5 81.39999999850988 209.01449730992317
    endloop
  endfacet
  facet normal 0 1 0
    outer loop
      vertex 0 103.20000000298023 220.56150269508362
      vertex 5 103.20000000298023 220.56150269508362
      vertex 0 103.20000000298023 209.01449730992317
    endloop
  endfacet
  facet normal 0 1 0
    outer loop
      vertex 5 103.20000000298023 209.01449730992317
      vertex 0 103.20000000298023 209.01449730992317
      vertex 5 103.20000000298023 220.56150269508362
    endloop
  endfacet
  facet normal 0 0.49999999956049546 -0.8660254040381867
    outer loop
      vertex 0 113.20000000298023 226.33500538021326
      vertex 5 113.20000000298023 226.33500538021326
      vertex 0 103.20000000298023 220.56150269508362
    endloop
  endfacet
  facet normal 0 0.49999999956049546 -0.8660254040381867
    outer loop
      vertex 5 103.20000000298023 220.56150269508362
      vertex 0 103.20000000298023 220.56150269508362
      vertex 5 113.20000000298023 226.33500538021326
    endloop
  endfacet
  facet normal 0 -0.49999999956049546 -0.8660254040381867
    outer loop
      vertex 0 123.20000000298023 220.56150269508362
      vertex 5 123.20000000298023 220.56150269508362
      vertex 0 113.20000000298023 226.33500538021326
    endloop
  endfacet
  facet normal 0 -0.49999999956049546 -0.8660254040381867
    outer loop
      vertex 5 113.20000000298023 226.33500538021326
      vertex 0 113.20000000298023 226.33500538021326
      vertex 5 123.20000000298023 220.56150269508362
    endloop
  endfacet
  facet normal 0 -1 0
    outer loop
      vertex 0 123.20000000298023 209.01449730992317
      vertex 5 123.20000000298023 209.01449730992317
      vertex 0 123.20000000298023 220.56150269508362
    endloop
  endfacet
  facet normal 0 -1 0
    outer loop
      vertex 5 123.20000000298023 220.56150269508362
      vertex 0 123.20000000298023 220.56150269508362
      vertex 5 123.20000000298023 209.01449730992317
    endloop
  endfacet
  facet normal 0 -0.5000000000444249 0.86602540375879
    outer loop
      vertex 0 113.20000000298023 203.24099461734295
      vertex 5 113.20000000298023 203.24099461734295
      vertex 0 123.20000000298023 209.01449730992317
    endloop
  endfacet
  facet normal 0 -0.5000000000444249 0.86602540375879
    outer loop
      vertex 5 123.20000000298023 209.01449730992317
      vertex 0 123.20000000298023 209.01449730992317
      vertex 5 113.20000000298023 203.24099461734295
    endloop
  endfacet
  facet normal 0 0.5000000000444249 0.86602540375879
    outer loop
      vertex 0 103.20000000298023 209.01449730992317
      vertex 5 103.20000000298023 209.01449730992317
      vertex 0 113.20000000298023 203.24099461734295
    endloop
  endfacet
  facet normal 0 0.5000000000444249 0.86602540375879
    outer loop
      vertex 5 113.20000000298023 203.24099461734295
      vertex 0 113.20000000298023 203.24099461734295
      vertex 5 103.20000000298023 209.01449730992317
    endloop
  endfacet
  facet normal 0 1 0
    outer loop
      vertex 0 125 220.56150269508362
      vertex 5 125 220.56150269508362
      vertex 0 125 209.01449730992317
    endloop
  endfacet
  facet normal 0 1 0
    outer loop
      vertex 5 125 209.01449730992317
      vertex 0 125 209.01449730992317
      vertex 5 125 220.56150269508362
    endloop
  endfacet
  facet normal 0 0.49999999956049546 -0.8660254040381867
    outer loop
      vertex 0 135 226.33500538021326
      vertex 5 135 226.33500538021326
      vertex 0 125 220.56150269508362
    endloop
  endfacet
  facet normal 0 0.49999999956049546 -0.8660254040381867
    outer loop
      vertex 5 125 220.56150269508362
      vertex 0 125 220.56150269508362
      vertex 5 135 226.33500538021326
    endloop
  endfacet
  facet normal 0 -0.49999999956049546 -0.8660254040381867
    outer loop
      vertex 0 145 220.56150269508362
      vertex 5 145 220.56150269508362
      vertex 0 135 226.33500538021326
    endloop
  endfacet
  facet normal 0 -0.49999999956049546 -0.8660254040381867
    outer loop
      vertex 5 135 226.33500538021326
      vertex 0 135 226.33500538021326
      vertex 5 145 220.56150269508362
    endloop
  endfacet
  facet normal 0 -1 0
    outer loop
      vertex 0 145 209.01449730992317
      vertex 5 145 209.01449730992317
      vertex 0 145 220.56150269508362
    endloop
  endfacet
  facet normal 0 -1 0
    outer loop
      vertex 5 145 220.56150269508362
      vertex 0 145 220.56150269508362
      vertex 5 145 209.01449730992317
    endloop
  endfacet
  facet normal 0 -0.5000000000444249 0.86602540375879
    outer loop
      vertex 0 135 203.24099461734295
      vertex 5 135 203.24099461734295
      vertex 0 145 209.01449730992317
    endloop
  endfacet
  facet normal 0 -0.5000000000444249 0.86602540375879
    outer loop
      vertex 5 145 209.01449730992317
      vertex 0 145 209.01449730992317
      vertex 5 135 203.24099461734295
    endloop
  endfacet
  facet normal 0 0.5000000000444249 0.86602540375879
    outer loop
      vertex 0 125 209.01449730992317
      vertex 5 125 209.01449730992317
      vertex 0 135 203.24099461734295
    endloop
  endfacet
  facet normal 0 0.5000000000444249 0.86602540375879
    outer loop
      vertex 5 135 203.24099461734295
      vertex 0 135 203.24099461734295
      vertex 5 125 209.01449730992317
    endloop
  endfacet
  facet normal 0 1 0
    outer loop
      vertex 0 146.79999999701977 220.56150269508362
      vertex 5 146.79999999701977 220.56150269508362
      vertex 0 146.79999999701977 209.01449730992317
    endloop
  endfacet
  facet normal 0 1 0
    outer loop
      vertex 5 146.79999999701977 209.01449730992317
      vertex 0 146.79999999701977 209.01449730992317
      vertex 5 146.79999999701977 220.56150269508362
    endloop
  endfacet
  facet normal 0 0.49999999956049546 -0.8660254040381867
    outer loop
      vertex 0 156.79999999701977 226.33500538021326
      vertex 5 156.79999999701977 226.33500538021326
      vertex 0 146.79999999701977 220.56150269508362
    endloop
  endfacet
  facet normal 0 0.49999999956049546 -0.8660254040381867
    outer loop
      vertex 5 146.79999999701977 220.56150269508362
      vertex 0 146.79999999701977 220.56150269508362
      vertex 5 156.79999999701977 226.33500538021326
    endloop
  endfacet
  facet normal 0 -0.49999999956049546 -0.8660254040381867
    outer loop
      vertex 0 166.79999999701977 220.56150269508362
      vertex 5 166.79999999701977 220.56150269508362
      vertex 0 156.79999999701977 226.33500538021326
    endloop
  endfacet
  facet normal 0 -0.49999999956049546 -0.8660254040381867
    outer loop
      vertex 5 156.79999999701977 226.33500538021326
      vertex 0 156.79999999701977 226.33500538021326
      vertex 5 166.79999999701977 220.56150269508362
    endloop
  endfacet
  facet normal 0 -1 0
    outer loop
      vertex 0 166.79999999701977 209.01449730992317
      vertex 5 166.79999999701977 209.01449730992317
      vertex 0 166.79999999701977 220.56150269508362
    endloop
  endfacet
  facet normal 0 -1 0
    outer loop
      vertex 5 166.79999999701977 220.56150269508362
      vertex 0 166.79999999701977 220.56150269508362
      vertex 5 166.79999999701977 209.01449730992317
    endloop
  endfacet
  facet normal 0 -0.5000000000444249 0.86602540375879
    outer loop
      vertex 0 156.79999999701977 203.24099461734295
      vertex 5 156.79999999701977 203.24099461734295
      vertex 0 166.79999999701977 209.01449730992317
    endloop
  endfacet
  facet normal 0 -0.5000000000444249 0.86602540375879
    outer loop
      vertex 5 166.79999999701977 209.01449730992317
      vertex 0 166.79999999701977 209.01449730992317
      vertex 5 156.79999999701977 203.24099461734295
    endloop
  endfacet
  facet normal 0 0.5000000000444249 0.86602540375879
    outer loop
      vertex 0 146.79999999701977 209.01449730992317
      vertex 5 146.79999999701977 209.01449730992317
      vertex 0 156.79999999701977 203.24099461734295
    endloop
  endfacet
  facet normal 0 0.5000000000444249 0.86602540375879
    outer loop
      vertex 5 156.79999999701977 203.24099461734295
      vertex 0 156.79999999701977 203.24099461734295
      vertex 5 146.79999999701977 209.01449730992317
    endloop
  endfacet
  facet normal 0 1 0
    outer loop
      vertex 0 168.60000000149012 220.56150269508362
      vertex 5 168.60000000149012 220.56150269508362
      vertex 0 168.60000000149012 209.01449730992317
    endloop
  endfacet
  facet normal 0 1 0
    outer loop
      vertex 5 168.60000000149012 209.01449730992317
      vertex 0 168.60000000149012 209.01449730992317
      vertex 5 168.60000000149012 220.56150269508362
    endloop
  endfacet
  facet normal 0 0.49999999956049546 -0.8660254040381867
    outer loop
      vertex 0 178.60000000149012 226.33500538021326
      vertex 5 178.60000000149012 226.33500538021326
      vertex 0 168.60000000149012 220.56150269508362
    endloop
  endfacet
  facet normal 0 0.49999999956049546 -0.8660254040381867
    outer loop
      vertex 5 168.60000000149012 220.56150269508362
      vertex 0 168.60000000149012 220.56150269508362
      vertex 5 178.60000000149012 226.33500538021326
    endloop
  endfacet
  facet normal 0 -0.49999999956049546 -0.8660254040381867
    outer loop
      vertex 0 188.60000000149012 220.56150269508362
      vertex 5 188.60000000149012 220.56150269508362
      vertex 0 178.60000000149012 226.33500538021326
    endloop
  endfacet
  facet normal 0 -0.49999999956049546 -0.8660254040381867
    outer loop
      vertex 5 178.60000000149012 226.33500538021326
      vertex 0 178.60000000149012 226.33500538021326
      vertex 5 188.60000000149012 220.56150269508362
    endloop
  endfacet
  facet normal 0 -1 0
    outer loop
      vertex 0 188.60000000149012 209.01449730992317
      vertex 5 188.60000000149012 209.01449730992317
      vertex 0 188.60000000149012 220.56150269508362
    endloop
  endfacet
  facet normal 0 -1 0
    outer loop
      vertex 5 188.60000000149012 220.56150269508362
      vertex 0 188.60000000149012 220.56150269508362
      vertex 5 188.60000000149012 209.01449730992317
    endloop
  endfacet
  facet normal 0 -0.5000000000444249 0.86602540375879
    outer loop
      vertex 0 178.60000000149012 203.24099461734295
      vertex 5 178.60000000149012 203.24099461734295
      vertex 0 188.60000000149012 209.01449730992317
    endloop
  endfacet
  facet normal 0 -0.5000000000444249 0.86602540375879
    outer loop
      vertex 5 188.60000000149012 209.01449730992317
      vertex 0 188.60000000149012 209.01449730992317
      vertex 5 178.60000000149012 203.24099461734295
    endloop
  endfacet
  facet normal 0 0.5000000000444249 0.86602540375879
    outer loop
      vertex 0 168.60000000149012 209.01449730992317
      vertex 5 168.60000000149012 209.01449730992317
      vertex 0 178.60000000149012 203.24099461734295
    endloop
  endfacet
  facet normal 0 0.5000000000444249 0.86602540375879
    outer loop
      vertex 5 178.60000000149012 203.24099461734295
      vertex 0 178.60000000149012 203.24099461734295
      vertex 5 168.60000000149012 209.01449730992317
    endloop
  endfacet
  facet normal 0 1 0
    outer loop
      vertex 0 190.39999999850988 220.56150269508362
      vertex 5 190.39999999850988 220.56150269508362
      vertex 0 190.39999999850988 209.01449730992317
    endloop
  endfacet
  facet normal 0 1 0
    outer loop
      vertex 5 190.39999999850988 209.01449730992317
      vertex 0 190.39999999850988 209.01449730992317
      vertex 5 190.39999999850988 220.56150269508362
    endloop
  endfacet
  facet normal 0 0.49999999956049546 -0.8660254040381867
    outer loop
      vertex 0 200.39999999850988 226.33500538021326
      vertex 5 200.39999999850988 226.33500538021326
      vertex 0 190.39999999850988 220.56150269508362
    endloop
  endfacet
  facet normal 0 0.49999999956049546 -0.8660254040381867
    outer loop
      vertex 5 190.39999999850988 220.56150269508362
      vertex 0 190.39999999850988 220.56150269508362
      vertex 5 200.39999999850988 226.33500538021326
    endloop
  endfacet
  facet normal 0 -0.49999999956049546 -0.8660254040381867
    outer loop
      vertex 0 210.39999999850988 220.56150269508362
      vertex 5 210.39999999850988 220.56150269508362
      vertex 0 200.39999999850988 226.33500538021326
    endloop
  endfacet
  facet normal 0 -0.49999999956049546 -0.8660254040381867
    outer loop
      vertex 5 200.39999999850988 226.33500538021326
      vertex 0 200.39999999850988 226.33500538021326
      vertex 5 210.39999999850988 220.56150269508362
    endloop
  endfacet
  facet normal 0 -1 0
    outer loop
      vertex 0 210.39999999850988 209.01449730992317
      vertex 5 210.39999999850988 209.01449730992317
      vertex 0 210.39999999850988 220.56150269508362
    endloop
  endfacet
  facet normal 0 -1 0
    outer loop
      vertex 5 210.39999999850988 220.56150269508362
      vertex 0 210.39999999850988 220.56150269508362
      vertex 5 210.39999999850988 209.01449730992317
    endloop
  endfacet
  facet normal 0 -0.5000000000444249 0.86602540375879
    outer loop
      vertex 0 200.39999999850988 203.24099461734295
      vertex 5 200.39999999850988 203.24099461734295
      vertex 0 210.39999999850988 209.01449730992317
    endloop
  endfacet
  facet normal 0 -0.5000000000444249 0.86602540375879
    outer loop
      vertex 5 210.39999999850988 209.01449730992317
      vertex 0 210.39999999850988 209.01449730992317
      vertex 5 200.39999999850988 203.24099461734295
    endloop
  endfacet
  facet normal 0 0.5000000000444249 0.86602540375879
    outer loop
      vertex 0 190.39999999850988 209.01449730992317
      vertex 5 190.39999999850988 209.01449730992317
      vertex 0 200.39999999850988 203.24099461734295
    endloop
  endfacet
  facet normal 0 0.5000000000444249 0.86602540375879
    outer loop
      vertex 5 200.39999999850988 203.24099461734295
      vertex 0 200.39999999850988 203.24099461734295
      vertex 5 190.39999999850988 209.01449730992317
    endloop
  endfacet
  facet normal 0 1 0
    outer loop
      vertex 0 212.20000000298023 220.56150269508362
      vertex 5 212.20000000298023 220.56150269508362
      vertex 0 212.20000000298023 209.01449730992317
    endloop
  endfacet
  facet normal 0 1 0
    outer loop
      vertex 5 212.20000000298023 209.01449730992317
      vertex 0 212.20000000298023 209.01449730992317
      vertex 5 212.20000000298023 220.56150269508362
    endloop
  endfacet
  facet normal 0 0.49999999956049546 -0.8660254040381867
    outer loop
      vertex 0 222.20000000298023 226.33500538021326
      vertex 5 222.20000000298023 226.33500538021326
      vertex 0 212.20000000298023 220.56150269508362
    endloop
  endfacet
  facet normal 0 0.49999999956049546 -0.8660254040381867
    outer loop
      vertex 5 212.20000000298023 220.56150269508362
      vertex 0 212.20000000298023 220.56150269508362
      vertex 5 222.20000000298023 226.33500538021326
    endloop
  endfacet
  facet normal 0 -0.49999999956049546 -0.8660254040381867
    outer loop
      vertex 0 232.20000000298023 220.56150269508362
      vertex 5 232.20000000298023 220.56150269508362
      vertex 0 222.20000000298023 226.33500538021326
    endloop
  endfacet
  facet normal 0 -0.49999999956049546 -0.8660254040381867
    outer loop
      vertex 5 222.20000000298023 226.33500538021326
      vertex 0 222.20000000298023 226.33500538021326
      vertex 5 232.20000000298023 220.56150269508362
    endloop
  endfacet
  facet normal 0 -1 0
    outer loop
      vertex 0 232.20000000298023 209.01449730992317
      vertex 5 232.20000000298023 209.01449730992317
      vertex 0 232.20000000298023 220.56150269508362
    endloop
  endfacet
  facet normal 0 -1 0
    outer loop
      vertex 5 232.20000000298023 220.56150269508362
      vertex 0 232.20000000298023 220.56150269508362
      vertex 5 232.20000000298023 209.01449730992317
    endloop
  endfacet
  facet normal 0 -0.5000000000444249 0.86602540375879
    outer loop
      vertex 0 222.20000000298023 203.24099461734295
      vertex 5 222.20000000298023 203.24099461734295
      vertex 0 232.20000000298023 209.01449730992317
    endloop
  endfacet
  facet normal 0 -0.5000000000444249 0.86602540375879
    outer loop
      vertex 5 232.20000000298023 209.01449730992317
      vertex 0 232.20000000298023 209.01449730992317
      vertex 5 222.20000000298023 203.24099461734295
    endloop
  endfacet
  facet normal 0 0.5000000000444249 0.86602540375879
    outer loop
      vertex 0 212.20000000298023 209.01449730992317
      vertex 5 212.20000000298023 209.01449730992317
      vertex 0 222.20000000298023 203.24099461734295
    endloop
  endfacet
  facet normal 0 0.5000000000444249 0.86602540375879
    outer loop
      vertex 5 222.20000000298023 203.24099461734295
      vertex 0 222.20000000298023 203.24099461734295
      vertex 5 212.20000000298023 209.01449730992317
    endloop
  endfacet
  facet normal 0 1 0
    outer loop
      vertex 0 26.899999998509884 201.68270269036293
      vertex 5 26.899999998509884 201.68270269036293
      vertex 0 26.899999998509884 190.13569730520248
    endloop
  endfacet
  facet normal 0 1 0
    outer loop
      vertex 5 26.899999998509884 190.13569730520248
      vertex 0 26.899999998509884 190.13569730520248
      vertex 5 26.899999998509884 201.68270269036293
    endloop
  endfacet
  facet normal 0 0.5000000000444249 -0.86602540375879
    outer loop
      vertex 0 36.899999998509884 207.45620538294315
      vertex 5 36.899999998509884 207.45620538294315
      vertex 0 26.899999998509884 201.68270269036293
    endloop
  endfacet
  facet normal 0 0.5000000000444249 -0.86602540375879
    outer loop
      vertex 5 26.899999998509884 201.68270269036293
      vertex 0 26.899999998509884 201.68270269036293
      vertex 5 36.899999998509884 207.45620538294315
    endloop
  endfacet
  facet normal 0 -0.5000000000444249 -0.86602540375879
    outer loop
      vertex 0 46.899999998509884 201.68270269036293
      vertex 5 46.899999998509884 201.68270269036293
      vertex 0 36.899999998509884 207.45620538294315
    endloop
  endfacet
  facet normal 0 -0.5000000000444249 -0.86602540375879
    outer loop
      vertex 5 36.899999998509884 207.45620538294315
      vertex 0 36.899999998509884 207.45620538294315
      vertex 5 46.899999998509884 201.68270269036293
    endloop
  endfacet
  facet normal 0 -1 0
    outer loop
      vertex 0 46.899999998509884 190.13569730520248
      vertex 5 46.899999998509884 190.13569730520248
      vertex 0 46.899999998509884 201.68270269036293
    endloop
  endfacet
  facet normal 0 -1 0
    outer loop
      vertex 5 46.899999998509884 201.68270269036293
      vertex 0 46.899999998509884 201.68270269036293
      vertex 5 46.899999998509884 190.13569730520248
    endloop
  endfacet
  facet normal 0 -0.5000000000444249 0.86602540375879
    outer loop
      vertex 0 36.899999998509884 184.36219461262226
      vertex 5 36.899999998509884 184.36219461262226
      vertex 0 46.899999998509884 190.13569730520248
    endloop
  endfacet
  facet normal 0 -0.5000000000444249 0.86602540375879
    outer loop
      vertex 5 46.899999998509884 190.13569730520248
      vertex 0 46.899999998509884 190.13569730520248
      vertex 5 36.899999998509884 184.36219461262226
    endloop
  endfacet
  facet normal 0 0.5000000000444249 0.86602540375879
    outer loop
      vertex 0 26.899999998509884 190.13569730520248
      vertex 5 26.899999998509884 190.13569730520248
      vertex 0 36.899999998509884 184.36219461262226
    endloop
  endfacet
  facet normal 0 0.5000000000444249 0.86602540375879
    outer loop
      vertex 5 36.899999998509884 184.36219461262226
      vertex 0 36.899999998509884 184.36219461262226
      vertex 5 26.899999998509884 190.13569730520248
    endloop
  endfacet
  facet normal 0 1 0
    outer loop
      vertex 0 48.70000000298023 201.68270269036293
      vertex 5 48.70000000298023 201.68270269036293
      vertex 0 48.70000000298023 190.13569730520248
    endloop
  endfacet
  facet normal 0 1 0
    outer loop
      vertex 5 48.70000000298023 190.13569730520248
      vertex 0 48.70000000298023 190.13569730520248
      vertex 5 48.70000000298023 201.68270269036293
    endloop
  endfacet
  facet normal 0 0.5000000000444249 -0.86602540375879
    outer loop
      vertex 0 58.70000000298023 207.45620538294315
      vertex 5 58.70000000298023 207.45620538294315
      vertex 0 48.70000000298023 201.68270269036293
    endloop
  endfacet
  facet normal 0 0.5000000000444249 -0.86602540375879
    outer loop
      vertex 5 48.70000000298023 201.68270269036293
      vertex 0 48.70000000298023 201.68270269036293
      vertex 5 58.70000000298023 207.45620538294315
    endloop
  endfacet
  facet normal 0 -0.5000000000444249 -0.86602540375879
    outer loop
      vertex 0 68.70000000298023 201.68270269036293
      vertex 5 68.70000000298023 201.68270269036293
      vertex 0 58.70000000298023 207.45620538294315
    endloop
  endfacet
  facet normal 0 -0.5000000000444249 -0.86602540375879
    outer loop
      vertex 5 58.70000000298023 207.45620538294315
      vertex 0 58.70000000298023 207.45620538294315
      vertex 5 68.70000000298023 201.68270269036293
    endloop
  endfacet
  facet normal 0 -1 0
    outer loop
      vertex 0 68.70000000298023 190.13569730520248
      vertex 5 68.70000000298023 190.13569730520248
      vertex 0 68.70000000298023 201.68270269036293
    endloop
  endfacet
  facet normal 0 -1 0
    outer loop
      vertex 5 68.70000000298023 201.68270269036293
      vertex 0 68.70000000298023 201.68270269036293
      vertex 5 68.70000000298023 190.13569730520248
    endloop
  endfacet
  facet normal 0 -0.5000000000444249 0.86602540375879
    outer loop
      vertex 0 58.70000000298023 184.36219461262226
      vertex 5 58.70000000298023 184.36219461262226
      vertex 0 68.70000000298023 190.13569730520248
    endloop
  endfacet
  facet normal 0 -0.5000000000444249 0.86602540375879
    outer loop
      vertex 5 68.70000000298023 190.13569730520248
      vertex 0 68.70000000298023 190.13569730520248
      vertex 5 58.70000000298023 184.36219461262226
    endloop
  endfacet
  facet normal 0 0.5000000000444249 0.86602540375879
    outer loop
      vertex 0 48.70000000298023 190.13569730520248
      vertex 5 48.70000000298023 190.13569730520248
      vertex 0 58.70000000298023 184.36219461262226
    endloop
  endfacet
  facet normal 0 0.5000000000444249 0.86602540375879
    outer loop
      vertex 5 58.70000000298023 184.36219461262226
      vertex 0 58.70000000298023 184.36219461262226
      vertex 5 48.70000000298023 190.13569730520248
    endloop
  endfacet
  facet normal 0 1 0
    outer loop
      vertex 0 70.5 201.68270269036293
      vertex 5 70.5 201.68270269036293
      vertex 0 70.5 190.13569730520248
    endloop
  endfacet
  facet normal 0 1 0
    outer loop
      vertex 5 70.5 190.13569730520248
      vertex 0 70.5 190.13569730520248
      vertex 5 70.5 201.68270269036293
    endloop
  endfacet
  facet normal 0 0.5000000000444249 -0.86602540375879
    outer loop
      vertex 0 80.5 207.45620538294315
      vertex 5 80.5 207.45620538294315
      vertex 0 70.5 201.68270269036293
    endloop
  endfacet
  facet normal 0 0.5000000000444249 -0.86602540375879
    outer loop
      vertex 5 70.5 201.68270269036293
      vertex 0 70.5 201.68270269036293
      vertex 5 80.5 207.45620538294315
    endloop
  endfacet
  facet normal 0 -0.5000000000444249 -0.86602540375879
    outer loop
      vertex 0 90.5 201.68270269036293
      vertex 5 90.5 201.68270269036293
      vertex 0 80.5 207.45620538294315
    endloop
  endfacet
  facet normal 0 -0.5000000000444249 -0.86602540375879
    outer loop
      vertex 5 80.5 207.45620538294315
      vertex 0 80.5 207.45620538294315
      vertex 5 90.5 201.68270269036293
    endloop
  endfacet
  facet normal 0 -1 0
    outer loop
      vertex 0 90.5 190.13569730520248
      vertex 5 90.5 190.13569730520248
      vertex 0 90.5 201.68270269036293
    endloop
  endfacet
  facet normal 0 -1 0
    outer loop
      vertex 5 90.5 201.68270269036293
      vertex 0 90.5 201.68270269036293
      vertex 5 90.5 190.13569730520248
    endloop
  endfacet
  facet normal 0 -0.5000000000444249 0.86602540375879
    outer loop
      vertex 0 80.5 184.36219461262226
      vertex 5 80.5 184.36219461262226
      vertex 0 90.5 190.13569730520248
    endloop
  endfacet
  facet normal 0 -0.5000000000444249 0.86602540375879
    outer loop
      vertex 5 90.5 190.13569730520248
      vertex 0 90.5 190.13569730520248
      vertex 5 80.5 184.36219461262226
    endloop
  endfacet
  facet normal 0 0.5000000000444249 0.86602540375879
    outer loop
      vertex 0 70.5 190.13569730520248
      vertex 5 70.5 190.13569730520248
      vertex 0 80.5 184.36219461262226
    endloop
  endfacet
  facet normal 0 0.5000000000444249 0.86602540375879
    outer loop
      vertex 5 80.5 184.36219461262226
      vertex 0 80.5 184.36219461262226
      vertex 5 70.5 190.13569730520248
    endloop
  endfacet
  facet normal 0 1 0
    outer loop
      vertex 0 92.29999999701977 201.68270269036293
      vertex 5 92.29999999701977 201.68270269036293
      vertex 0 92.29999999701977 190.13569730520248
    endloop
  endfacet
  facet normal 0 1 0
    outer loop
      vertex 5 92.29999999701977 190.13569730520248
      vertex 0 92.29999999701977 190.13569730520248
      vertex 5 92.29999999701977 201.68270269036293
    endloop
  endfacet
  facet normal 0 0.5000000000444249 -0.86602540375879
    outer loop
      vertex 0 102.29999999701977 207.45620538294315
      vertex 5 102.29999999701977 207.45620538294315
      vertex 0 92.29999999701977 201.68270269036293
    endloop
  endfacet
  facet normal 0 0.5000000000444249 -0.86602540375879
    outer loop
      vertex 5 92.29999999701977 201.68270269036293
      vertex 0 92.29999999701977 201.68270269036293
      vertex 5 102.29999999701977 207.45620538294315
    endloop
  endfacet
  facet normal 0 -0.5000000000444249 -0.86602540375879
    outer loop
      vertex 0 112.29999999701977 201.68270269036293
      vertex 5 112.29999999701977 201.68270269036293
      vertex 0 102.29999999701977 207.45620538294315
    endloop
  endfacet
  facet normal 0 -0.5000000000444249 -0.86602540375879
    outer loop
      vertex 5 102.29999999701977 207.45620538294315
      vertex 0 102.29999999701977 207.45620538294315
      vertex 5 112.29999999701977 201.68270269036293
    endloop
  endfacet
  facet normal 0 -1 0
    outer loop
      vertex 0 112.29999999701977 190.13569730520248
      vertex 5 112.29999999701977 190.13569730520248
      vertex 0 112.29999999701977 201.68270269036293
    endloop
  endfacet
  facet normal 0 -1 0
    outer loop
      vertex 5 112.29999999701977 201.68270269036293
      vertex 0 112.29999999701977 201.68270269036293
      vertex 5 112.29999999701977 190.13569730520248
    endloop
  endfacet
  facet normal 0 -0.5000000000444249 0.86602540375879
    outer loop
      vertex 0 102.29999999701977 184.36219461262226
      vertex 5 102.29999999701977 184.36219461262226
      vertex 0 112.29999999701977 190.13569730520248
    endloop
  endfacet
  facet normal 0 -0.5000000000444249 0.86602540375879
    outer loop
      vertex 5 112.29999999701977 190.13569730520248
      vertex 0 112.29999999701977 190.13569730520248
      vertex 5 102.29999999701977 184.36219461262226
    endloop
  endfacet
  facet normal 0 0.5000000000444249 0.86602540375879
    outer loop
      vertex 0 92.29999999701977 190.13569730520248
      vertex 5 92.29999999701977 190.13569730520248
      vertex 0 102.29999999701977 184.36219461262226
    endloop
  endfacet
  facet normal 0 0.5000000000444249 0.86602540375879
    outer loop
      vertex 5 102.29999999701977 184.36219461262226
      vertex 0 102.29999999701977 184.36219461262226
      vertex 5 92.29999999701977 190.13569730520248
    endloop
  endfacet
  facet normal 0 1 0
    outer loop
      vertex 0 114.10000000149012 201.68270269036293
      vertex 5 114.10000000149012 201.68270269036293
      vertex 0 114.10000000149012 190.13569730520248
    endloop
  endfacet
  facet normal 0 1 0
    outer loop
      vertex 5 114.10000000149012 190.13569730520248
      vertex 0 114.10000000149012 190.13569730520248
      vertex 5 114.10000000149012 201.68270269036293
    endloop
  endfacet
  facet normal 0 0.5000000000444249 -0.86602540375879
    outer loop
      vertex 0 124.10000000149012 207.45620538294315
      vertex 5 124.10000000149012 207.45620538294315
      vertex 0 114.10000000149012 201.68270269036293
    endloop
  endfacet
  facet normal 0 0.5000000000444249 -0.86602540375879
    outer loop
      vertex 5 114.10000000149012 201.68270269036293
      vertex 0 114.10000000149012 201.68270269036293
      vertex 5 124.10000000149012 207.45620538294315
    endloop
  endfacet
  facet normal 0 -0.5000000000444249 -0.86602540375879
    outer loop
      vertex 0 134.10000000149012 201.68270269036293
      vertex 5 134.10000000149012 201.68270269036293
      vertex 0 124.10000000149012 207.45620538294315
    endloop
  endfacet
  facet normal 0 -0.5000000000444249 -0.86602540375879
    outer loop
      vertex 5 124.10000000149012 207.45620538294315
      vertex 0 124.10000000149012 207.45620538294315
      vertex 5 134.10000000149012 201.68270269036293
    endloop
  endfacet
  facet normal 0 -1 0
    outer loop
      vertex 0 134.10000000149012 190.13569730520248
      vertex 5 134.10000000149012 190.13569730520248
      vertex 0 134.10000000149012 201.68270269036293
    endloop
  endfacet
  facet normal 0 -1 0
    outer loop
      vertex 5 134.10000000149012 201.68270269036293
      vertex 0 134.10000000149012 201.68270269036293
      vertex 5 134.10000000149012 190.13569730520248
    endloop
  endfacet
  facet normal 0 -0.5000000000444249 0.86602540375879
    outer loop
      vertex 0 124.10000000149012 184.36219461262226
      vertex 5 124.10000000149012 184.36219461262226
      vertex 0 134.10000000149012 190.13569730520248
    endloop
  endfacet
  facet normal 0 -0.5000000000444249 0.86602540375879
    outer loop
      vertex 5 134.10000000149012 190.13569730520248
      vertex 0 134.10000000149012 190.13569730520248
      vertex 5 124.10000000149012 184.36219461262226
    endloop
  endfacet
  facet normal 0 0.5000000000444249 0.86602540375879
    outer loop
      vertex 0 114.10000000149012 190.13569730520248
      vertex 5 114.10000000149012 190.13569730520248
      vertex 0 124.10000000149012 184.36219461262226
    endloop
  endfacet
  facet normal 0 0.5000000000444249 0.86602540375879
    outer loop
      vertex 5 124.10000000149012 184.36219461262226
      vertex 0 124.10000000149012 184.36219461262226
      vertex 5 114.10000000149012 190.13569730520248
    endloop
  endfacet
  facet normal 0 1 0
    outer loop
      vertex 0 135.89999999850988 201.68270269036293
      vertex 5 135.89999999850988 201.68270269036293
      vertex 0 135.89999999850988 190.13569730520248
    endloop
  endfacet
  facet normal 0 1 0
    outer loop
      vertex 5 135.89999999850988 190.13569730520248
      vertex 0 135.89999999850988 190.13569730520248
      vertex 5 135.89999999850988 201.68270269036293
    endloop
  endfacet
  facet normal 0 0.5000000000444249 -0.86602540375879
    outer loop
      vertex 0 145.89999999850988 207.45620538294315
      vertex 5 145.89999999850988 207.45620538294315
      vertex 0 135.89999999850988 201.68270269036293
    endloop
  endfacet
  facet normal 0 0.5000000000444249 -0.86602540375879
    outer loop
      vertex 5 135.89999999850988 201.68270269036293
      vertex 0 135.89999999850988 201.68270269036293
      vertex 5 145.89999999850988 207.45620538294315
    endloop
  endfacet
  facet normal 0 -0.5000000000444249 -0.86602540375879
    outer loop
      vertex 0 155.89999999850988 201.68270269036293
      vertex 5 155.89999999850988 201.68270269036293
      vertex 0 145.89999999850988 207.45620538294315
    endloop
  endfacet
  facet normal 0 -0.5000000000444249 -0.86602540375879
    outer loop
      vertex 5 145.89999999850988 207.45620538294315
      vertex 0 145.89999999850988 207.45620538294315
      vertex 5 155.89999999850988 201.68270269036293
    endloop
  endfacet
  facet normal 0 -1 0
    outer loop
      vertex 0 155.89999999850988 190.13569730520248
      vertex 5 155.89999999850988 190.13569730520248
      vertex 0 155.89999999850988 201.68270269036293
    endloop
  endfacet
  facet normal 0 -1 0
    outer loop
      vertex 5 155.89999999850988 201.68270269036293
      vertex 0 155.89999999850988 201.68270269036293
      vertex 5 155.89999999850988 190.13569730520248
    endloop
  endfacet
  facet normal 0 -0.5000000000444249 0.86602540375879
    outer loop
      vertex 0 145.89999999850988 184.36219461262226
      vertex 5 145.89999999850988 184.36219461262226
      vertex 0 155.89999999850988 190.13569730520248
    endloop
  endfacet
  facet normal 0 -0.5000000000444249 0.86602540375879
    outer loop
      vertex 5 155.89999999850988 190.13569730520248
      vertex 0 155.89999999850988 190.13569730520248
      vertex 5 145.89999999850988 184.36219461262226
    endloop
  endfacet
  facet normal 0 0.5000000000444249 0.86602540375879
    outer loop
      vertex 0 135.89999999850988 190.13569730520248
      vertex 5 135.89999999850988 190.13569730520248
      vertex 0 145.89999999850988 184.36219461262226
    endloop
  endfacet
  facet normal 0 0.5000000000444249 0.86602540375879
    outer loop
      vertex 5 145.89999999850988 184.36219461262226
      vertex 0 145.89999999850988 184.36219461262226
      vertex 5 135.89999999850988 190.13569730520248
    endloop
  endfacet
  facet normal 0 1 0
    outer loop
      vertex 0 157.70000000298023 201.68270269036293
      vertex 5 157.70000000298023 201.68270269036293
      vertex 0 157.70000000298023 190.13569730520248
    endloop
  endfacet
  facet normal 0 1 0
    outer loop
      vertex 5 157.70000000298023 190.13569730520248
      vertex 0 157.70000000298023 190.13569730520248
      vertex 5 157.70000000298023 201.68270269036293
    endloop
  endfacet
  facet normal 0 0.5000000000444249 -0.86602540375879
    outer loop
      vertex 0 167.70000000298023 207.45620538294315
      vertex 5 167.70000000298023 207.45620538294315
      vertex 0 157.70000000298023 201.68270269036293
    endloop
  endfacet
  facet normal 0 0.5000000000444249 -0.86602540375879
    outer loop
      vertex 5 157.70000000298023 201.68270269036293
      vertex 0 157.70000000298023 201.68270269036293
      vertex 5 167.70000000298023 207.45620538294315
    endloop
  endfacet
  facet normal 0 -0.5000000000444249 -0.86602540375879
    outer loop
      vertex 0 177.70000000298023 201.68270269036293
      vertex 5 177.70000000298023 201.68270269036293
      vertex 0 167.70000000298023 207.45620538294315
    endloop
  endfacet
  facet normal 0 -0.5000000000444249 -0.86602540375879
    outer loop
      vertex 5 167.70000000298023 207.45620538294315
      vertex 0 167.70000000298023 207.45620538294315
      vertex 5 177.70000000298023 201.68270269036293
    endloop
  endfacet
  facet normal 0 -1 0
    outer loop
      vertex 0 177.70000000298023 190.13569730520248
      vertex 5 177.70000000298023 190.13569730520248
      vertex 0 177.70000000298023 201.68270269036293
    endloop
  endfacet
  facet normal 0 -1 0
    outer loop
      vertex 5 177.70000000298023 201.68270269036293
      vertex 0 177.70000000298023 201.68270269036293
      vertex 5 177.70000000298023 190.13569730520248
    endloop
  endfacet
  facet normal 0 -0.5000000000444249 0.86602540375879
    outer loop
      vertex 0 167.70000000298023 184.36219461262226
      vertex 5 167.70000000298023 184.36219461262226
      vertex 0 177.70000000298023 190.13569730520248
    endloop
  endfacet
  facet normal 0 -0.5000000000444249 0.86602540375879
    outer loop
      vertex 5 177.70000000298023 190.13569730520248
      vertex 0 177.70000000298023 190.13569730520248
      vertex 5 167.70000000298023 184.36219461262226
    endloop
  endfacet
  facet normal 0 0.5000000000444249 0.86602540375879
    outer loop
      vertex 0 157.70000000298023 190.13569730520248
      vertex 5 157.70000000298023 190.13569730520248
      vertex 0 167.70000000298023 184.36219461262226
    endloop
  endfacet
  facet normal 0 0.5000000000444249 0.86602540375879
    outer loop
      vertex 5 167.70000000298023 184.36219461262226
      vertex 0 167.70000000298023 184.36219461262226
      vertex 5 157.70000000298023 190.13569730520248
    endloop
  endfacet
  facet normal 0 1 0
    outer loop
      vertex 0 179.5 201.68270269036293
      vertex 5 179.5 201.68270269036293
      vertex 0 179.5 190.13569730520248
    endloop
  endfacet
  facet normal 0 1 0
    outer loop
      vertex 5 179.5 190.13569730520248
      vertex 0 179.5 190.13569730520248
      vertex 5 179.5 201.68270269036293
    endloop
  endfacet
  facet normal 0 0.5000000000444249 -0.86602540375879
    outer loop
      vertex 0 189.5 207.45620538294315
      vertex 5 189.5 207.45620538294315
      vertex 0 179.5 201.68270269036293
    endloop
  endfacet
  facet normal 0 0.5000000000444249 -0.86602540375879
    outer loop
      vertex 5 179.5 201.68270269036293
      vertex 0 179.5 201.68270269036293
      vertex 5 189.5 207.45620538294315
    endloop
  endfacet
  facet normal 0 -0.5000000000444249 -0.86602540375879
    outer loop
      vertex 0 199.5 201.68270269036293
      vertex 5 199.5 201.68270269036293
      vertex 0 189.5 207.45620538294315
    endloop
  endfacet
  facet normal 0 -0.5000000000444249 -0.86602540375879
    outer loop
      vertex 5 189.5 207.45620538294315
      vertex 0 189.5 207.45620538294315
      vertex 5 199.5 201.68270269036293
    endloop
  endfacet
  facet normal 0 -1 0
    outer loop
      vertex 0 199.5 190.13569730520248
      vertex 5 199.5 190.13569730520248
      vertex 0 199.5 201.68270269036293
    endloop
  endfacet
  facet normal 0 -1 0
    outer loop
      vertex 5 199.5 201.68270269036293
      vertex 0 199.5 201.68270269036293
      vertex 5 199.5 190.13569730520248
    endloop
  endfacet
  facet normal 0 -0.5000000000444249 0.86602540375879
    outer loop
      vertex 0 189.5 184.36219461262226
      vertex 5 189.5 184.36219461262226
      vertex 0 199.5 190.13569730520248
    endloop
  endfacet
  facet normal 0 -0.5000000000444249 0.86602540375879
    outer loop
      vertex 5 199.5 190.13569730520248
      vertex 0 199.5 190.13569730520248
      vertex 5 189.5 184.36219461262226
    endloop
  endfacet
  facet normal 0 0.5000000000444249 0.86602540375879
    outer loop
      vertex 0 179.5 190.13569730520248
      vertex 5 179.5 190.13569730520248
      vertex 0 189.5 184.36219461262226
    endloop
  endfacet
  facet normal 0 0.5000000000444249 0.86602540375879
    outer loop
      vertex 5 189.5 184.36219461262226
      vertex 0 189.5 184.36219461262226
      vertex 5 179.5 190.13569730520248
    endloop
  endfacet
  facet normal 0 1 0
    outer loop
      vertex 0 201.29999999701977 201.68270269036293
      vertex 5 201.29999999701977 201.68270269036293
      vertex 0 201.29999999701977 190.13569730520248
    endloop
  endfacet
  facet normal 0 1 0
    outer loop
      vertex 5 201.29999999701977 190.13569730520248
      vertex 0 201.29999999701977 190.13569730520248
      vertex 5 201.29999999701977 201.68270269036293
    endloop
  endfacet
  facet normal 0 0.5000000000444249 -0.86602540375879
    outer loop
      vertex 0 211.29999999701977 207.45620538294315
      vertex 5 211.29999999701977 207.45620538294315
      vertex 0 201.29999999701977 201.68270269036293
    endloop
  endfacet
  facet normal 0 0.5000000000444249 -0.86602540375879
    outer loop
      vertex 5 201.29999999701977 201.68270269036293
      vertex 0 201.29999999701977 201.68270269036293
      vertex 5 211.29999999701977 207.45620538294315
    endloop
  endfacet
  facet normal 0 -0.5000000000444249 -0.86602540375879
    outer loop
      vertex 0 221.29999999701977 201.68270269036293
      vertex 5 221.29999999701977 201.68270269036293
      vertex 0 211.29999999701977 207.45620538294315
    endloop
  endfacet
  facet normal 0 -0.5000000000444249 -0.86602540375879
    outer loop
      vertex 5 211.29999999701977 207.45620538294315
      vertex 0 211.29999999701977 207.45620538294315
      vertex 5 221.29999999701977 201.68270269036293
    endloop
  endfacet
  facet normal 0 -1 0
    outer loop
      vertex 0 221.29999999701977 190.13569730520248
      vertex 5 221.29999999701977 190.13569730520248
      vertex 0 221.29999999701977 201.68270269036293
    endloop
  endfacet
  facet normal 0 -1 0
    outer loop
      vertex 5 221.29999999701977 201.68270269036293
      vertex 0 221.29999999701977 201.68270269036293
      vertex 5 221.29999999701977 190.13569730520248
    endloop
  endfacet
  facet normal 0 -0.5000000000444249 0.86602540375879
    outer loop
      vertex 0 211.29999999701977 184.36219461262226
      vertex 5 211.29999999701977 184.36219461262226
      vertex 0 221.29999999701977 190.13569730520248
    endloop
  endfacet
  facet normal 0 -0.5000000000444249 0.86602540375879
    outer loop
      vertex 5 221.29999999701977 190.13569730520248
      vertex 0 221.29999999701977 190.13569730520248
      vertex 5 211.29999999701977 184.36219461262226
    endloop
  endfacet
  facet normal 0 0.5000000000444249 0.86602540375879
    outer loop
      vertex 0 201.29999999701977 190.13569730520248
      vertex 5 201.29999999701977 190.13569730520248
      vertex 0 211.29999999701977 184.36219461262226
    endloop
  endfacet
  facet normal 0 0.5000000000444249 0.86602540375879
    outer loop
      vertex 5 211.29999999701977 184.36219461262226
      vertex 0 211.29999999701977 184.36219461262226
      vertex 5 201.29999999701977 190.13569730520248
    endloop
  endfacet
  facet normal 0 1 0
    outer loop
      vertex 0 16 182.80390269309282
      vertex 5 16 182.80390269309282
      vertex 0 16 171.25689730793238
    endloop
  endfacet
  facet normal 0 1 0
    outer loop
      vertex 5 16 171.25689730793238
      vertex 0 16 171.25689730793238
      vertex 5 16 182.80390269309282
    endloop
  endfacet
  facet normal 0 0.5000000000444249 -0.86602540375879
    outer loop
      vertex 0 26 188.57740538567305
      vertex 5 26 188.57740538567305
      vertex 0 16 182.80390269309282
    endloop
  endfacet
  facet normal 0 0.5000000000444249 -0.86602540375879
    outer loop
      vertex 5 16 182.80390269309282
      vertex 0 16 182.80390269309282
      vertex 5 26 188.57740538567305
    endloop
  endfacet
  facet normal 0 -0.5000000000444249 -0.86602540375879
    outer loop
      vertex 0 36 182.80390269309282
      vertex 5 36 182.80390269309282
      vertex 0 26 188.57740538567305
    endloop
  endfacet
  facet normal 0 -0.5000000000444249 -0.86602540375879
    outer loop
      vertex 5 26 188.57740538567305
      vertex 0 26 188.57740538567305
      vertex 5 36 182.80390269309282
    endloop
  endfacet
  facet normal 0 -1 0
    outer loop
      vertex 0 36 171.25689730793238
      vertex 5 36 171.25689730793238
      vertex 0 36 182.80390269309282
    endloop
  endfacet
  facet normal 0 -1 0
    outer loop
      vertex 5 36 182.80390269309282
      vertex 0 36 182.80390269309282
      vertex 5 36 171.25689730793238
    endloop
  endfacet
  facet normal 0 -0.5000000000444249 0.86602540375879
    outer loop
      vertex 0 26 165.48339461535215
      vertex 5 26 165.48339461535215
      vertex 0 36 171.25689730793238
    endloop
  endfacet
  facet normal 0 -0.5000000000444249 0.86602540375879
    outer loop
      vertex 5 36 171.25689730793238
      vertex 0 36 171.25689730793238
      vertex 5 26 165.48339461535215
    endloop
  endfacet
  facet normal 0 0.5000000000444249 0.86602540375879
    outer loop
      vertex 0 16 171.25689730793238
      vertex 5 16 171.25689730793238
      vertex 0 26 165.48339461535215
    endloop
  endfacet
  facet normal 0 0.5000000000444249 0.86602540375879
    outer loop
      vertex 5 26 165.48339461535215
      vertex 0 26 165.48339461535215
      vertex 5 16 171.25689730793238
    endloop
  endfacet
  facet normal 0 1 0
    outer loop
      vertex 0 37.79999999701977 182.80390269309282
      vertex 5 37.79999999701977 182.80390269309282
      vertex 0 37.79999999701977 171.25689730793238
    endloop
  endfacet
  facet normal 0 1 0
    outer loop
      vertex 5 37.79999999701977 171.25689730793238
      vertex 0 37.79999999701977 171.25689730793238
      vertex 5 37.79999999701977 182.80390269309282
    endloop
  endfacet
  facet normal 0 0.5000000000444249 -0.86602540375879
    outer loop
      vertex 0 47.79999999701977 188.57740538567305
      vertex 5 47.79999999701977 188.57740538567305
      vertex 0 37.79999999701977 182.80390269309282
    endloop
  endfacet
  facet normal 0 0.5000000000444249 -0.86602540375879
    outer loop
      vertex 5 37.79999999701977 182.80390269309282
      vertex 0 37.79999999701977 182.80390269309282
      vertex 5 47.79999999701977 188.57740538567305
    endloop
  endfacet
  facet normal 0 -0.5000000000444249 -0.86602540375879
    outer loop
      vertex 0 57.79999999701977 182.80390269309282
      vertex 5 57.79999999701977 182.80390269309282
      vertex 0 47.79999999701977 188.57740538567305
    endloop
  endfacet
  facet normal 0 -0.5000000000444249 -0.86602540375879
    outer loop
      vertex 5 47.79999999701977 188.57740538567305
      vertex 0 47.79999999701977 188.57740538567305
      vertex 5 57.79999999701977 182.80390269309282
    endloop
  endfacet
  facet normal 0 -1 0
    outer loop
      vertex 0 57.79999999701977 171.25689730793238
      vertex 5 57.79999999701977 171.25689730793238
      vertex 0 57.79999999701977 182.80390269309282
    endloop
  endfacet
  facet normal 0 -1 0
    outer loop
      vertex 5 57.79999999701977 182.80390269309282
      vertex 0 57.79999999701977 182.80390269309282
      vertex 5 57.79999999701977 171.25689730793238
    endloop
  endfacet
  facet normal 0 -0.5000000000444249 0.86602540375879
    outer loop
      vertex 0 47.79999999701977 165.48339461535215
      vertex 5 47.79999999701977 165.48339461535215
      vertex 0 57.79999999701977 171.25689730793238
    endloop
  endfacet
  facet normal 0 -0.5000000000444249 0.86602540375879
    outer loop
      vertex 5 57.79999999701977 171.25689730793238
      vertex 0 57.79999999701977 171.25689730793238
      vertex 5 47.79999999701977 165.48339461535215
    endloop
  endfacet
  facet normal 0 0.5000000000444249 0.86602540375879
    outer loop
      vertex 0 37.79999999701977 171.25689730793238
      vertex 5 37.79999999701977 171.25689730793238
      vertex 0 47.79999999701977 165.48339461535215
    endloop
  endfacet
  facet normal 0 0.5000000000444249 0.86602540375879
    outer loop
      vertex 5 47.79999999701977 165.48339461535215
      vertex 0 47.79999999701977 165.48339461535215
      vertex 5 37.79999999701977 171.25689730793238
    endloop
  endfacet
  facet normal 0 1 0
    outer loop
      vertex 0 59.600000001490116 182.80390269309282
      vertex 5 59.600000001490116 182.80390269309282
      vertex 0 59.600000001490116 171.25689730793238
    endloop
  endfacet
  facet normal 0 1 0
    outer loop
      vertex 5 59.600000001490116 171.25689730793238
      vertex 0 59.600000001490116 171.25689730793238
      vertex 5 59.600000001490116 182.80390269309282
    endloop
  endfacet
  facet normal 0 0.5000000000444249 -0.86602540375879
    outer loop
      vertex 0 69.60000000149012 188.57740538567305
      vertex 5 69.60000000149012 188.57740538567305
      vertex 0 59.600000001490116 182.80390269309282
    endloop
  endfacet
  facet normal 0 0.5000000000444249 -0.86602540375879
    outer loop
      vertex 5 59.600000001490116 182.80390269309282
      vertex 0 59.600000001490116 182.80390269309282
      vertex 5 69.60000000149012 188.57740538567305
    endloop
  endfacet
  facet normal 0 -0.5000000000444249 -0.86602540375879
    outer loop
      vertex 0 79.60000000149012 182.80390269309282
      vertex 5 79.60000000149012 182.80390269309282
      vertex 0 69.60000000149012 188.57740538567305
    endloop
  endfacet
  facet normal 0 -0.5000000000444249 -0.86602540375879
    outer loop
      vertex 5 69.60000000149012 188.57740538567305
      vertex 0 69.60000000149012 188.57740538567305
      vertex 5 79.60000000149012 182.80390269309282
    endloop
  endfacet
  facet normal 0 -1 0
    outer loop
      vertex 0 79.60000000149012 171.25689730793238
      vertex 5 79.60000000149012 171.25689730793238
      vertex 0 79.60000000149012 182.80390269309282
    endloop
  endfacet
  facet normal 0 -1 0
    outer loop
      vertex 5 79.60000000149012 182.80390269309282
      vertex 0 79.60000000149012 182.80390269309282
      vertex 5 79.60000000149012 171.25689730793238
    endloop
  endfacet
  facet normal 0 -0.5000000000444249 0.86602540375879
    outer loop
      vertex 0 69.60000000149012 165.48339461535215
      vertex 5 69.60000000149012 165.48339461535215
      vertex 0 79.60000000149012 171.25689730793238
    endloop
  endfacet
  facet normal 0 -0.5000000000444249 0.86602540375879
    outer loop
      vertex 5 79.60000000149012 171.25689730793238
      vertex 0 79.60000000149012 171.25689730793238
      vertex 5 69.60000000149012 165.48339461535215
    endloop
  endfacet
  facet normal 0 0.5000000000444249 0.86602540375879
    outer loop
      vertex 0 59.600000001490116 171.25689730793238
      vertex 5 59.600000001490116 171.25689730793238
      vertex 0 69.60000000149012 165.48339461535215
    endloop
  endfacet
  facet normal 0 0.5000000000444249 0.86602540375879
    outer loop
      vertex 5 69.60000000149012 165.48339461535215
      vertex 0 69.60000000149012 165.48339461535215
      vertex 5 59.600000001490116 171.25689730793238
    endloop
  endfacet
  facet normal 0 1 0
    outer loop
      vertex 0 81.39999999850988 182.80390269309282
      vertex 5 81.39999999850988 182.80390269309282
      vertex 0 81.39999999850988 171.25689730793238
    endloop
  endfacet
  facet normal 0 1 0
    outer loop
      vertex 5 81.39999999850988 171.25689730793238
      vertex 0 81.39999999850988 171.25689730793238
      vertex 5 81.39999999850988 182.80390269309282
    endloop
  endfacet
  facet normal 0 0.5000000000444249 -0.86602540375879
    outer loop
      vertex 0 91.39999999850988 188.57740538567305
      vertex 5 91.39999999850988 188.57740538567305
      vertex 0 81.39999999850988 182.80390269309282
    endloop
  endfacet
  facet normal 0 0.5000000000444249 -0.86602540375879
    outer loop
      vertex 5 81.39999999850988 182.80390269309282
      vertex 0 81.39999999850988 182.80390269309282
      vertex 5 91.39999999850988 188.57740538567305
    endloop
  endfacet
  facet normal 0 -0.5000000000444249 -0.86602540375879
    outer loop
      vertex 0 101.39999999850988 182.80390269309282
      vertex 5 101.39999999850988 182.80390269309282
      vertex 0 91.39999999850988 188.57740538567305
    endloop
  endfacet
  facet normal 0 -0.5000000000444249 -0.86602540375879
    outer loop
      vertex 5 91.39999999850988 188.57740538567305
      vertex 0 91.39999999850988 188.57740538567305
      vertex 5 101.39999999850988 182.80390269309282
    endloop
  endfacet
  facet normal 0 -1 0
    outer loop
      vertex 0 101.39999999850988 171.25689730793238
      vertex 5 101.39999999850988 171.25689730793238
      vertex 0 101.39999999850988 182.80390269309282
    endloop
  endfacet
  facet normal 0 -1 0
    outer loop
      vertex 5 101.39999999850988 182.80390269309282
      vertex 0 101.39999999850988 182.80390269309282
      vertex 5 101.39999999850988 171.25689730793238
    endloop
  endfacet
  facet normal 0 -0.5000000000444249 0.86602540375879
    outer loop
      vertex 0 91.39999999850988 165.48339461535215
      vertex 5 91.39999999850988 165.48339461535215
      vertex 0 101.39999999850988 171.25689730793238
    endloop
  endfacet
  facet normal 0 -0.5000000000444249 0.86602540375879
    outer loop
      vertex 5 101.39999999850988 171.25689730793238
      vertex 0 101.39999999850988 171.25689730793238
      vertex 5 91.39999999850988 165.48339461535215
    endloop
  endfacet
  facet normal 0 0.5000000000444249 0.86602540375879
    outer loop
      vertex 0 81.39999999850988 171.25689730793238
      vertex 5 81.39999999850988 171.25689730793238
      vertex 0 91.39999999850988 165.48339461535215
    endloop
  endfacet
  facet normal 0 0.5000000000444249 0.86602540375879
    outer loop
      vertex 5 91.39999999850988 165.48339461535215
      vertex 0 91.39999999850988 165.48339461535215
      vertex 5 81.39999999850988 171.25689730793238
    endloop
  endfacet
  facet normal 0 1 0
    outer loop
      vertex 0 103.20000000298023 182.80390269309282
      vertex 5 103.20000000298023 182.80390269309282
      vertex 0 103.20000000298023 171.25689730793238
    endloop
  endfacet
  facet normal 0 1 0
    outer loop
      vertex 5 103.20000000298023 171.25689730793238
      vertex 0 103.20000000298023 171.25689730793238
      vertex 5 103.20000000298023 182.80390269309282
    endloop
  endfacet
  facet normal 0 0.5000000000444249 -0.86602540375879
    outer loop
      vertex 0 113.20000000298023 188.57740538567305
      vertex 5 113.20000000298023 188.57740538567305
      vertex 0 103.20000000298023 182.80390269309282
    endloop
  endfacet
  facet normal 0 0.5000000000444249 -0.86602540375879
    outer loop
      vertex 5 103.20000000298023 182.80390269309282
      vertex 0 103.20000000298023 182.80390269309282
      vertex 5 113.20000000298023 188.57740538567305
    endloop
  endfacet
  facet normal 0 -0.5000000000444249 -0.86602540375879
    outer loop
      vertex 0 123.20000000298023 182.80390269309282
      vertex 5 123.20000000298023 182.80390269309282
      vertex 0 113.20000000298023 188.57740538567305
    endloop
  endfacet
  facet normal 0 -0.5000000000444249 -0.86602540375879
    outer loop
      vertex 5 113.20000000298023 188.57740538567305
      vertex 0 113.20000000298023 188.57740538567305
      vertex 5 123.20000000298023 182.80390269309282
    endloop
  endfacet
  facet normal 0 -1 0
    outer loop
      vertex 0 123.20000000298023 171.25689730793238
      vertex 5 123.20000000298023 171.25689730793238
      vertex 0 123.20000000298023 182.80390269309282
    endloop
  endfacet
  facet normal 0 -1 0
    outer loop
      vertex 5 123.20000000298023 182.80390269309282
      vertex 0 123.20000000298023 182.80390269309282
      vertex 5 123.20000000298023 171.25689730793238
    endloop
  endfacet
  facet normal 0 -0.5000000000444249 0.86602540375879
    outer loop
      vertex 0 113.20000000298023 165.48339461535215
      vertex 5 113.20000000298023 165.48339461535215
      vertex 0 123.20000000298023 171.25689730793238
    endloop
  endfacet
  facet normal 0 -0.5000000000444249 0.86602540375879
    outer loop
      vertex 5 123.20000000298023 171.25689730793238
      vertex 0 123.20000000298023 171.25689730793238
      vertex 5 113.20000000298023 165.48339461535215
    endloop
  endfacet
  facet normal 0 0.5000000000444249 0.86602540375879
    outer loop
      vertex 0 103.20000000298023 171.25689730793238
      vertex 5 103.20000000298023 171.25689730793238
      vertex 0 113.20000000298023 165.48339461535215
    endloop
  endfacet
  facet normal 0 0.5000000000444249 0.86602540375879
    outer loop
      vertex 5 113.20000000298023 165.48339461535215
      vertex 0 113.20000000298023 165.48339461535215
      vertex 5 103.20000000298023 171.25689730793238
    endloop
  endfacet
  facet normal 0 1 0
    outer loop
      vertex 0 125 182.80390269309282
      vertex 5 125 182.80390269309282
      vertex 0 125 171.25689730793238
    endloop
  endfacet
  facet normal 0 1 0
    outer loop
      vertex 5 125 171.25689730793238
      vertex 0 125 171.25689730793238
      vertex 5 125 182.80390269309282
    endloop
  endfacet
  facet normal 0 0.5000000000444249 -0.86602540375879
    outer loop
      vertex 0 135 188.57740538567305
      vertex 5 135 188.57740538567305
      vertex 0 125 182.80390269309282
    endloop
  endfacet
  facet normal 0 0.5000000000444249 -0.86602540375879
    outer loop
      vertex 5 125 182.80390269309282
      vertex 0 125 182.80390269309282
      vertex 5 135 188.57740538567305
    endloop
  endfacet
  facet normal 0 -0.5000000000444249 -0.86602540375879
    outer loop
      vertex 0 145 182.80390269309282
      vertex 5 145 182.80390269309282
      vertex 0 135 188.57740538567305
    endloop
  endfacet
  facet normal 0 -0.5000000000444249 -0.86602540375879
    outer loop
      vertex 5 135 188.57740538567305
      vertex 0 135 188.57740538567305
      vertex 5 145 182.80390269309282
    endloop
  endfacet
  facet normal 0 -1 0
    outer loop
      vertex 0 145 171.25689730793238
      vertex 5 145 171.25689730793238
      vertex 0 145 182.80390269309282
    endloop
  endfacet
  facet normal 0 -1 0
    outer loop
      vertex 5 145 182.80390269309282
      vertex 0 145 182.80390269309282
      vertex 5 145 171.25689730793238
    endloop
  endfacet
  facet normal 0 -0.5000000000444249 0.86602540375879
    outer loop
      vertex 0 135 165.48339461535215
      vertex 5 135 165.48339461535215
      vertex 0 145 171.25689730793238
    endloop
  endfacet
  facet normal 0 -0.5000000000444249 0.86602540375879
    outer loop
      vertex 5 145 171.25689730793238
      vertex 0 145 171.25689730793238
      vertex 5 135 165.48339461535215
    endloop
  endfacet
  facet normal 0 0.5000000000444249 0.86602540375879
    outer loop
      vertex 0 125 171.25689730793238
      vertex 5 125 171.25689730793238
      vertex 0 135 165.48339461535215
    endloop
  endfacet
  facet normal 0 0.5000000000444249 0.86602540375879
    outer loop
      vertex 5 135 165.48339461535215
      vertex 0 135 165.48339461535215
      vertex 5 125 171.25689730793238
    endloop
  endfacet
  facet normal 0 1 0
    outer loop
      vertex 0 146.79999999701977 182.80390269309282
      vertex 5 146.79999999701977 182.80390269309282
      vertex 0 146.79999999701977 171.25689730793238
    endloop
  endfacet
  facet normal 0 1 0
    outer loop
      vertex 5 146.79999999701977 171.25689730793238
      vertex 0 146.79999999701977 171.25689730793238
      vertex 5 146.79999999701977 182.80390269309282
    endloop
  endfacet
  facet normal 0 0.5000000000444249 -0.86602540375879
    outer loop
      vertex 0 156.79999999701977 188.57740538567305
      vertex 5 156.79999999701977 188.57740538567305
      vertex 0 146.79999999701977 182.80390269309282
    endloop
  endfacet
  facet normal 0 0.5000000000444249 -0.86602540375879
    outer loop
      vertex 5 146.79999999701977 182.80390269309282
      vertex 0 146.79999999701977 182.80390269309282
      vertex 5 156.79999999701977 188.57740538567305
    endloop
  endfacet
  facet normal 0 -0.5000000000444249 -0.86602540375879
    outer loop
      vertex 0 166.79999999701977 182.80390269309282
      vertex 5 166.79999999701977 182.80390269309282
      vertex 0 156.79999999701977 188.57740538567305
    endloop
  endfacet
  facet normal 0 -0.5000000000444249 -0.86602540375879
    outer loop
      vertex 5 156.79999999701977 188.57740538567305
      vertex 0 156.79999999701977 188.57740538567305
      vertex 5 166.79999999701977 182.80390269309282
    endloop
  endfacet
  facet normal 0 -1 0
    outer loop
      vertex 0 166.79999999701977 171.25689730793238
      vertex 5 166.79999999701977 171.25689730793238
      vertex 0 166.79999999701977 182.80390269309282
    endloop
  endfacet
  facet normal 0 -1 0
    outer loop
      vertex 5 166.79999999701977 182.80390269309282
      vertex 0 166.79999999701977 182.80390269309282
      vertex 5 166.79999999701977 171.25689730793238
    endloop
  endfacet
  facet normal 0 -0.5000000000444249 0.86602540375879
    outer loop
      vertex 0 156.79999999701977 165.48339461535215
      vertex 5 156.79999999701977 165.48339461535215
      vertex 0 166.79999999701977 171.25689730793238
    endloop
  endfacet
  facet normal 0 -0.5000000000444249 0.86602540375879
    outer loop
      vertex 5 166.79999999701977 171.25689730793238
      vertex 0 166.79999999701977 171.25689730793238
      vertex 5 156.79999999701977 165.48339461535215
    endloop
  endfacet
  facet normal 0 0.5000000000444249 0.86602540375879
    outer loop
      vertex 0 146.79999999701977 171.25689730793238
      vertex 5 146.79999999701977 171.25689730793238
      vertex 0 156.79999999701977 165.48339461535215
    endloop
  endfacet
  facet normal 0 0.5000000000444249 0.86602540375879
    outer loop
      vertex 5 156.79999999701977 165.48339461535215
      vertex 0 156.79999999701977 165.48339461535215
      vertex 5 146.79999999701977 171.25689730793238
    endloop
  endfacet
  facet normal 0 1 0
    outer loop
      vertex 0 168.60000000149012 182.80390269309282
      vertex 5 168.60000000149012 182.80390269309282
      vertex 0 168.60000000149012 171.25689730793238
    endloop
  endfacet
  facet normal 0 1 0
    outer loop
      vertex 5 168.60000000149012 171.25689730793238
      vertex 0 168.60000000149012 171.25689730793238
      vertex 5 168.60000000149012 182.80390269309282
    endloop
  endfacet
  facet normal 0 0.5000000000444249 -0.86602540375879
    outer loop
      vertex 0 178.60000000149012 188.57740538567305
      vertex 5 178.60000000149012 188.57740538567305
      vertex 0 168.60000000149012 182.80390269309282
    endloop
  endfacet
  facet normal 0 0.5000000000444249 -0.86602540375879
    outer loop
      vertex 5 168.60000000149012 182.80390269309282
      vertex 0 168.60000000149012 182.80390269309282
      vertex 5 178.60000000149012 188.57740538567305
    endloop
  endfacet
  facet normal 0 -0.5000000000444249 -0.86602540375879
    outer loop
      vertex 0 188.60000000149012 182.80390269309282
      vertex 5 188.60000000149012 182.80390269309282
      vertex 0 178.60000000149012 188.57740538567305
    endloop
  endfacet
  facet normal 0 -0.5000000000444249 -0.86602540375879
    outer loop
      vertex 5 178.60000000149012 188.57740538567305
      vertex 0 178.60000000149012 188.57740538567305
      vertex 5 188.60000000149012 182.80390269309282
    endloop
  endfacet
  facet normal 0 -1 0
    outer loop
      vertex 0 188.60000000149012 171.25689730793238
      vertex 5 188.60000000149012 171.25689730793238
      vertex 0 188.60000000149012 182.80390269309282
    endloop
  endfacet
  facet normal 0 -1 0
    outer loop
      vertex 5 188.60000000149012 182.80390269309282
      vertex 0 188.60000000149012 182.80390269309282
      vertex 5 188.60000000149012 171.25689730793238
    endloop
  endfacet
  facet normal 0 -0.5000000000444249 0.86602540375879
    outer loop
      vertex 0 178.60000000149012 165.48339461535215
      vertex 5 178.60000000149012 165.48339461535215
      vertex 0 188.60000000149012 171.25689730793238
    endloop
  endfacet
  facet normal 0 -0.5000000000444249 0.86602540375879
    outer loop
      vertex 5 188.60000000149012 171.25689730793238
      vertex 0 188.60000000149012 171.25689730793238
      vertex 5 178.60000000149012 165.48339461535215
    endloop
  endfacet
  facet normal 0 0.5000000000444249 0.86602540375879
    outer loop
      vertex 0 168.60000000149012 171.25689730793238
      vertex 5 168.60000000149012 171.25689730793238
      vertex 0 178.60000000149012 165.48339461535215
    endloop
  endfacet
  facet normal 0 0.5000000000444249 0.86602540375879
    outer loop
      vertex 5 178.60000000149012 165.48339461535215
      vertex 0 178.60000000149012 165.48339461535215
      vertex 5 168.60000000149012 171.25689730793238
    endloop
  endfacet
  facet normal 0 1 0
    outer loop
      vertex 0 190.39999999850988 182.80390269309282
      vertex 5 190.39999999850988 182.80390269309282
      vertex 0 190.39999999850988 171.25689730793238
    endloop
  endfacet
  facet normal 0 1 0
    outer loop
      vertex 5 190.39999999850988 171.25689730793238
      vertex 0 190.39999999850988 171.25689730793238
      vertex 5 190.39999999850988 182.80390269309282
    endloop
  endfacet
  facet normal 0 0.5000000000444249 -0.86602540375879
    outer loop
      vertex 0 200.39999999850988 188.57740538567305
      vertex 5 200.39999999850988 188.57740538567305
      vertex 0 190.39999999850988 182.80390269309282
    endloop
  endfacet
  facet normal 0 0.5000000000444249 -0.86602540375879
    outer loop
      vertex 5 190.39999999850988 182.80390269309282
      vertex 0 190.39999999850988 182.80390269309282
      vertex 5 200.39999999850988 188.57740538567305
    endloop
  endfacet
  facet normal 0 -0.5000000000444249 -0.86602540375879
    outer loop
      vertex 0 210.39999999850988 182.80390269309282
      vertex 5 210.39999999850988 182.80390269309282
      vertex 0 200.39999999850988 188.57740538567305
    endloop
  endfacet
  facet normal 0 -0.5000000000444249 -0.86602540375879
    outer loop
      vertex 5 200.39999999850988 188.57740538567305
      vertex 0 200.39999999850988 188.57740538567305
      vertex 5 210.39999999850988 182.80390269309282
    endloop
  endfacet
  facet normal 0 -1 0
    outer loop
      vertex 0 210.39999999850988 171.25689730793238
      vertex 5 210.39999999850988 171.25689730793238
      vertex 0 210.39999999850988 182.80390269309282
    endloop
  endfacet
  facet normal 0 -1 0
    outer loop
      vertex 5 210.39999999850988 182.80390269309282
      vertex 0 210.39999999850988 182.80390269309282
      vertex 5 210.39999999850988 171.25689730793238
    endloop
  endfacet
  facet normal 0 -0.5000000000444249 0.86602540375879
    outer loop
      vertex 0 200.39999999850988 165.48339461535215
      vertex 5 200.39999999850988 165.48339461535215
      vertex 0 210.39999999850988 171.25689730793238
    endloop
  endfacet
  facet normal 0 -0.5000000000444249 0.86602540375879
    outer loop
      vertex 5 210.39999999850988 171.25689730793238
      vertex 0 210.39999999850988 171.25689730793238
      vertex 5 200.39999999850988 165.48339461535215
    endloop
  endfacet
  facet normal 0 0.5000000000444249 0.86602540375879
    outer loop
      vertex 0 190.39999999850988 171.25689730793238
      vertex 5 190.39999999850988 171.25689730793238
      vertex 0 200.39999999850988 165.48339461535215
    endloop
  endfacet
  facet normal 0 0.5000000000444249 0.86602540375879
    outer loop
      vertex 5 200.39999999850988 165.48339461535215
      vertex 0 200.39999999850988 165.48339461535215
      vertex 5 190.39999999850988 171.25689730793238
    endloop
  endfacet
  facet normal 0 1 0
    outer loop
      vertex 0 212.20000000298023 182.80390269309282
      vertex 5 212.20000000298023 182.80390269309282
      vertex 0 212.20000000298023 171.25689730793238
    endloop
  endfacet
  facet normal 0 1 0
    outer loop
      vertex 5 212.20000000298023 171.25689730793238
      vertex 0 212.20000000298023 171.25689730793238
      vertex 5 212.20000000298023 182.80390269309282
    endloop
  endfacet
  facet normal 0 0.5000000000444249 -0.86602540375879
    outer loop
      vertex 0 222.20000000298023 188.57740538567305
      vertex 5 222.20000000298023 188.57740538567305
      vertex 0 212.20000000298023 182.80390269309282
    endloop
  endfacet
  facet normal 0 0.5000000000444249 -0.86602540375879
    outer loop
      vertex 5 212.20000000298023 182.80390269309282
      vertex 0 212.20000000298023 182.80390269309282
      vertex 5 222.20000000298023 188.57740538567305
    endloop
  endfacet
  facet normal 0 -0.5000000000444249 -0.86602540375879
    outer loop
      vertex 0 232.20000000298023 182.80390269309282
      vertex 5 232.20000000298023 182.80390269309282
      vertex 0 222.20000000298023 188.57740538567305
    endloop
  endfacet
  facet normal 0 -0.5000000000444249 -0.86602540375879
    outer loop
      vertex 5 222.20000000298023 188.57740538567305
      vertex 0 222.20000000298023 188.57740538567305
      vertex 5 232.20000000298023 182.80390269309282
    endloop
  endfacet
  facet normal 0 -1 0
    outer loop
      vertex 0 232.20000000298023 171.25689730793238
      vertex 5 232.20000000298023 171.25689730793238
      vertex 0 232.20000000298023 182.80390269309282
    endloop
  endfacet
  facet normal 0 -1 0
    outer loop
      vertex 5 232.20000000298023 182.80390269309282
      vertex 0 232.20000000298023 182.80390269309282
      vertex 5 232.20000000298023 171.25689730793238
    endloop
  endfacet
  facet normal 0 -0.5000000000444249 0.86602540375879
    outer loop
      vertex 0 222.20000000298023 165.48339461535215
      vertex 5 222.20000000298023 165.48339461535215
      vertex 0 232.20000000298023 171.25689730793238
    endloop
  endfacet
  facet normal 0 -0.5000000000444249 0.86602540375879
    outer loop
      vertex 5 232.20000000298023 171.25689730793238
      vertex 0 232.20000000298023 171.25689730793238
      vertex 5 222.20000000298023 165.48339461535215
    endloop
  endfacet
  facet normal 0 0.5000000000444249 0.86602540375879
    outer loop
      vertex 0 212.20000000298023 171.25689730793238
      vertex 5 212.20000000298023 171.25689730793238
      vertex 0 222.20000000298023 165.48339461535215
    endloop
  endfacet
  facet normal 0 0.5000000000444249 0.86602540375879
    outer loop
      vertex 5 222.20000000298023 165.48339461535215
      vertex 0 222.20000000298023 165.48339461535215
      vertex 5 212.20000000298023 171.25689730793238
    endloop
  endfacet
  facet normal 0 1 0
    outer loop
      vertex 0 26.899999998509884 163.92510268837214
      vertex 5 26.899999998509884 163.92510268837214
      vertex 0 26.899999998509884 152.37809731066227
    endloop
  endfacet
  facet normal 0 1 0
    outer loop
      vertex 5 26.899999998509884 152.37809731066227
      vertex 0 26.899999998509884 152.37809731066227
      vertex 5 26.899999998509884 163.92510268837214
    endloop
  endfacet
  facet normal 0 0.5000000000444249 -0.86602540375879
    outer loop
      vertex 0 36.899999998509884 169.69860538095236
      vertex 5 36.899999998509884 169.69860538095236
      vertex 0 26.899999998509884 163.92510268837214
    endloop
  endfacet
  facet normal 0 0.5000000000444249 -0.86602540375879
    outer loop
      vertex 5 26.899999998509884 163.92510268837214
      vertex 0 26.899999998509884 163.92510268837214
      vertex 5 36.899999998509884 169.69860538095236
    endloop
  endfacet
  facet normal 0 -0.5000000000444249 -0.86602540375879
    outer loop
      vertex 0 46.899999998509884 163.92510268837214
      vertex 5 46.899999998509884 163.92510268837214
      vertex 0 36.899999998509884 169.69860538095236
    endloop
  endfacet
  facet normal 0 -0.5000000000444249 -0.86602540375879
    outer loop
      vertex 5 36.899999998509884 169.69860538095236
      vertex 0 36.899999998509884 169.69860538095236
      vertex 5 46.899999998509884 163.92510268837214
    endloop
  endfacet
  facet normal 0 -1 0
    outer loop
      vertex 0 46.899999998509884 152.37809731066227
      vertex 5 46.899999998509884 152.37809731066227
      vertex 0 46.899999998509884 163.92510268837214
    endloop
  endfacet
  facet normal 0 -1 0
    outer loop
      vertex 5 46.899999998509884 163.92510268837214
      vertex 0 46.899999998509884 163.92510268837214
      vertex 5 46.899999998509884 152.37809731066227
    endloop
  endfacet
  facet normal 0 -0.5000000000444249 0.86602540375879
    outer loop
      vertex 0 36.899999998509884 146.60459461808205
      vertex 5 36.899999998509884 146.60459461808205
      vertex 0 46.899999998509884 152.37809731066227
    endloop
  endfacet
  facet normal 0 -0.5000000000444249 0.86602540375879
    outer loop
      vertex 5 46.899999998509884 152.37809731066227
      vertex 0 46.899999998509884 152.37809731066227
      vertex 5 36.899999998509884 146.60459461808205
    endloop
  endfacet
  facet normal 0 0.5000000000444249 0.86602540375879
    outer loop
      vertex 0 26.899999998509884 152.37809731066227
      vertex 5 26.899999998509884 152.37809731066227
      vertex 0 36.899999998509884 146.60459461808205
    endloop
  endfacet
  facet normal 0 0.5000000000444249 0.86602540375879
    outer loop
      vertex 5 36.899999998509884 146.60459461808205
      vertex 0 36.899999998509884 146.60459461808205
      vertex 5 26.899999998509884 152.37809731066227
    endloop
  endfacet
  facet normal 0 1 0
    outer loop
      vertex 0 48.70000000298023 163.92510268837214
      vertex 5 48.70000000298023 163.92510268837214
      vertex 0 48.70000000298023 152.37809731066227
    endloop
  endfacet
  facet normal 0 1 0
    outer loop
      vertex 5 48.70000000298023 152.37809731066227
      vertex 0 48.70000000298023 152.37809731066227
      vertex 5 48.70000000298023 163.92510268837214
    endloop
  endfacet
  facet normal 0 0.5000000000444249 -0.86602540375879
    outer loop
      vertex 0 58.70000000298023 169.69860538095236
      vertex 5 58.70000000298023 169.69860538095236
      vertex 0 48.70000000298023 163.92510268837214
    endloop
  endfacet
  facet normal 0 0.5000000000444249 -0.86602540375879
    outer loop
      vertex 5 48.70000000298023 163.92510268837214
      vertex 0 48.70000000298023 163.92510268837214
      vertex 5 58.70000000298023 169.69860538095236
    endloop
  endfacet
  facet normal 0 -0.5000000000444249 -0.86602540375879
    outer loop
      vertex 0 68.70000000298023 163.92510268837214
      vertex 5 68.70000000298023 163.92510268837214
      vertex 0 58.70000000298023 169.69860538095236
    endloop
  endfacet
  facet normal 0 -0.5000000000444249 -0.86602540375879
    outer loop
      vertex 5 58.70000000298023 169.69860538095236
      vertex 0 58.70000000298023 169.69860538095236
      vertex 5 68.70000000298023 163.92510268837214
    endloop
  endfacet
  facet normal 0 -1 0
    outer loop
      vertex 0 68.70000000298023 152.37809731066227
      vertex 5 68.70000000298023 152.37809731066227
      vertex 0 68.70000000298023 163.92510268837214
    endloop
  endfacet
  facet normal 0 -1 0
    outer loop
      vertex 5 68.70000000298023 163.92510268837214
      vertex 0 68.70000000298023 163.92510268837214
      vertex 5 68.70000000298023 152.37809731066227
    endloop
  endfacet
  facet normal 0 -0.5000000000444249 0.86602540375879
    outer loop
      vertex 0 58.70000000298023 146.60459461808205
      vertex 5 58.70000000298023 146.60459461808205
      vertex 0 68.70000000298023 152.37809731066227
    endloop
  endfacet
  facet normal 0 -0.5000000000444249 0.86602540375879
    outer loop
      vertex 5 68.70000000298023 152.37809731066227
      vertex 0 68.70000000298023 152.37809731066227
      vertex 5 58.70000000298023 146.60459461808205
    endloop
  endfacet
  facet normal 0 0.5000000000444249 0.86602540375879
    outer loop
      vertex 0 48.70000000298023 152.37809731066227
      vertex 5 48.70000000298023 152.37809731066227
      vertex 0 58.70000000298023 146.60459461808205
    endloop
  endfacet
  facet normal 0 0.5000000000444249 0.86602540375879
    outer loop
      vertex 5 58.70000000298023 146.60459461808205
      vertex 0 58.70000000298023 146.60459461808205
      vertex 5 48.70000000298023 152.37809731066227
    endloop
  endfacet
  facet normal 0 1 0
    outer loop
      vertex 0 70.5 163.92510268837214
      vertex 5 70.5 163.92510268837214
      vertex 0 70.5 152.37809731066227
    endloop
  endfacet
  facet normal 0 1 0
    outer loop
      vertex 5 70.5 152.37809731066227
      vertex 0 70.5 152.37809731066227
      vertex 5 70.5 163.92510268837214
    endloop
  endfacet
  facet normal 0 0.5000000000444249 -0.86602540375879
    outer loop
      vertex 0 80.5 169.69860538095236
      vertex 5 80.5 169.69860538095236
      vertex 0 70.5 163.92510268837214
    endloop
  endfacet
  facet normal 0 0.5000000000444249 -0.86602540375879
    outer loop
      vertex 5 70.5 163.92510268837214
      vertex 0 70.5 163.92510268837214
      vertex 5 80.5 169.69860538095236
    endloop
  endfacet
  facet normal 0 -0.5000000000444249 -0.86602540375879
    outer loop
      vertex 0 90.5 163.92510268837214
      vertex 5 90.5 163.92510268837214
      vertex 0 80.5 169.69860538095236
    endloop
  endfacet
  facet normal 0 -0.5000000000444249 -0.86602540375879
    outer loop
      vertex 5 80.5 169.69860538095236
      vertex 0 80.5 169.69860538095236
      vertex 5 90.5 163.92510268837214
    endloop
  endfacet
  facet normal 0 -1 0
    outer loop
      vertex 0 90.5 152.37809731066227
      vertex 5 90.5 152.37809731066227
      vertex 0 90.5 163.92510268837214
    endloop
  endfacet
  facet normal 0 -1 0
    outer loop
      vertex 5 90.5 163.92510268837214
      vertex 0 90.5 163.92510268837214
      vertex 5 90.5 152.37809731066227
    endloop
  endfacet
  facet normal 0 -0.5000000000444249 0.86602540375879
    outer loop
      vertex 0 80.5 146.60459461808205
      vertex 5 80.5 146.60459461808205
      vertex 0 90.5 152.37809731066227
    endloop
  endfacet
  facet normal 0 -0.5000000000444249 0.86602540375879
    outer loop
      vertex 5 90.5 152.37809731066227
      vertex 0 90.5 152.37809731066227
      vertex 5 80.5 146.60459461808205
    endloop
  endfacet
  facet normal 0 0.5000000000444249 0.86602540375879
    outer loop
      vertex 0 70.5 152.37809731066227
      vertex 5 70.5 152.37809731066227
      vertex 0 80.5 146.60459461808205
    endloop
  endfacet
  facet normal 0 0.5000000000444249 0.86602540375879
    outer loop
      vertex 5 80.5 146.60459461808205
      vertex 0 80.5 146.60459461808205
      vertex 5 70.5 152.37809731066227
    endloop
  endfacet
  facet normal 0 1 0
    outer loop
      vertex 0 92.29999999701977 163.92510268837214
      vertex 5 92.29999999701977 163.92510268837214
      vertex 0 92.29999999701977 152.37809731066227
    endloop
  endfacet
  facet normal 0 1 0
    outer loop
      vertex 5 92.29999999701977 152.37809731066227
      vertex 0 92.29999999701977 152.37809731066227
      vertex 5 92.29999999701977 163.92510268837214
    endloop
  endfacet
  facet normal 0 0.5000000000444249 -0.86602540375879
    outer loop
      vertex 0 102.29999999701977 169.69860538095236
      vertex 5 102.29999999701977 169.69860538095236
      vertex 0 92.29999999701977 163.92510268837214
    endloop
  endfacet
  facet normal 0 0.5000000000444249 -0.86602540375879
    outer loop
      vertex 5 92.29999999701977 163.92510268837214
      vertex 0 92.29999999701977 163.92510268837214
      vertex 5 102.29999999701977 169.69860538095236
    endloop
  endfacet
  facet normal 0 -0.5000000000444249 -0.86602540375879
    outer loop
      vertex 0 112.29999999701977 163.92510268837214
      vertex 5 112.29999999701977 163.92510268837214
      vertex 0 102.29999999701977 169.69860538095236
    endloop
  endfacet
  facet normal 0 -0.5000000000444249 -0.86602540375879
    outer loop
      vertex 5 102.29999999701977 169.69860538095236
      vertex 0 102.29999999701977 169.69860538095236
      vertex 5 112.29999999701977 163.92510268837214
    endloop
  endfacet
  facet normal 0 -1 0
    outer loop
      vertex 0 112.29999999701977 152.37809731066227
      vertex 5 112.29999999701977 152.37809731066227
      vertex 0 112.29999999701977 163.92510268837214
    endloop
  endfacet
  facet normal 0 -1 0
    outer loop
      vertex 5 112.29999999701977 163.92510268837214
      vertex 0 112.29999999701977 163.92510268837214
      vertex 5 112.29999999701977 152.37809731066227
    endloop
  endfacet
  facet normal 0 -0.5000000000444249 0.86602540375879
    outer loop
      vertex 0 102.29999999701977 146.60459461808205
      vertex 5 102.29999999701977 146.60459461808205
      vertex 0 112.29999999701977 152.37809731066227
    endloop
  endfacet
  facet normal 0 -0.5000000000444249 0.86602540375879
    outer loop
      vertex 5 112.29999999701977 152.37809731066227
      vertex 0 112.29999999701977 152.37809731066227
      vertex 5 102.29999999701977 146.60459461808205
    endloop
  endfacet
  facet normal 0 0.5000000000444249 0.86602540375879
    outer loop
      vertex 0 92.29999999701977 152.37809731066227
      vertex 5 92.29999999701977 152.37809731066227
      vertex 0 102.29999999701977 146.60459461808205
    endloop
  endfacet
  facet normal 0 0.5000000000444249 0.86602540375879
    outer loop
      vertex 5 102.29999999701977 146.60459461808205
      vertex 0 102.29999999701977 146.60459461808205
      vertex 5 92.29999999701977 152.37809731066227
    endloop
  endfacet
  facet normal 0 1 0
    outer loop
      vertex 0 114.10000000149012 163.92510268837214
      vertex 5 114.10000000149012 163.92510268837214
      vertex 0 114.10000000149012 152.37809731066227
    endloop
  endfacet
  facet normal 0 1 0
    outer loop
      vertex 5 114.10000000149012 152.37809731066227
      vertex 0 114.10000000149012 152.37809731066227
      vertex 5 114.10000000149012 163.92510268837214
    endloop
  endfacet
  facet normal 0 0.5000000000444249 -0.86602540375879
    outer loop
      vertex 0 124.10000000149012 169.69860538095236
      vertex 5 124.10000000149012 169.69860538095236
      vertex 0 114.10000000149012 163.92510268837214
    endloop
  endfacet
  facet normal 0 0.5000000000444249 -0.86602540375879
    outer loop
      vertex 5 114.10000000149012 163.92510268837214
      vertex 0 114.10000000149012 163.92510268837214
      vertex 5 124.10000000149012 169.69860538095236
    endloop
  endfacet
  facet normal 0 -0.5000000000444249 -0.86602540375879
    outer loop
      vertex 0 134.10000000149012 163.92510268837214
      vertex 5 134.10000000149012 163.92510268837214
      vertex 0 124.10000000149012 169.69860538095236
    endloop
  endfacet
  facet normal 0 -0.5000000000444249 -0.86602540375879
    outer loop
      vertex 5 124.10000000149012 169.69860538095236
      vertex 0 124.10000000149012 169.69860538095236
      vertex 5 134.10000000149012 163.92510268837214
    endloop
  endfacet
  facet normal 0 -1 0
    outer loop
      vertex 0 134.10000000149012 152.37809731066227
      vertex 5 134.10000000149012 152.37809731066227
      vertex 0 134.10000000149012 163.92510268837214
    endloop
  endfacet
  facet normal 0 -1 0
    outer loop
      vertex 5 134.10000000149012 163.92510268837214
      vertex 0 134.10000000149012 163.92510268837214
      vertex 5 134.10000000149012 152.37809731066227
    endloop
  endfacet
  facet normal 0 -0.5000000000444249 0.86602540375879
    outer loop
      vertex 0 124.10000000149012 146.60459461808205
      vertex 5 124.10000000149012 146.60459461808205
      vertex 0 134.10000000149012 152.37809731066227
    endloop
  endfacet
  facet normal 0 -0.5000000000444249 0.86602540375879
    outer loop
      vertex 5 134.10000000149012 152.37809731066227
      vertex 0 134.10000000149012 152.37809731066227
      vertex 5 124.10000000149012 146.60459461808205
    endloop
  endfacet
  facet normal 0 0.5000000000444249 0.86602540375879
    outer loop
      vertex 0 114.10000000149012 152.37809731066227
      vertex 5 114.10000000149012 152.37809731066227
      vertex 0 124.10000000149012 146.60459461808205
    endloop
  endfacet
  facet normal 0 0.5000000000444249 0.86602540375879
    outer loop
      vertex 5 124.10000000149012 146.60459461808205
      vertex 0 124.10000000149012 146.60459461808205
      vertex 5 114.10000000149012 152.37809731066227
    endloop
  endfacet
  facet normal 0 1 0
    outer loop
      vertex 0 135.89999999850988 163.92510268837214
      vertex 5 135.89999999850988 163.92510268837214
      vertex 0 135.89999999850988 152.37809731066227
    endloop
  endfacet
  facet normal 0 1 0
    outer loop
      vertex 5 135.89999999850988 152.37809731066227
      vertex 0 135.89999999850988 152.37809731066227
      vertex 5 135.89999999850988 163.92510268837214
    endloop
  endfacet
  facet normal 0 0.5000000000444249 -0.86602540375879
    outer loop
      vertex 0 145.89999999850988 169.69860538095236
      vertex 5 145.89999999850988 169.69860538095236
      vertex 0 135.89999999850988 163.92510268837214
    endloop
  endfacet
  facet normal 0 0.5000000000444249 -0.86602540375879
    outer loop
      vertex 5 135.89999999850988 163.92510268837214
      vertex 0 135.89999999850988 163.92510268837214
      vertex 5 145.89999999850988 169.69860538095236
    endloop
  endfacet
  facet normal 0 -0.5000000000444249 -0.86602540375879
    outer loop
      vertex 0 155.89999999850988 163.92510268837214
      vertex 5 155.89999999850988 163.92510268837214
      vertex 0 145.89999999850988 169.69860538095236
    endloop
  endfacet
  facet normal 0 -0.5000000000444249 -0.86602540375879
    outer loop
      vertex 5 145.89999999850988 169.69860538095236
      vertex 0 145.89999999850988 169.69860538095236
      vertex 5 155.89999999850988 163.92510268837214
    endloop
  endfacet
  facet normal 0 -1 0
    outer loop
      vertex 0 155.89999999850988 152.37809731066227
      vertex 5 155.89999999850988 152.37809731066227
      vertex 0 155.89999999850988 163.92510268837214
    endloop
  endfacet
  facet normal 0 -1 0
    outer loop
      vertex 5 155.89999999850988 163.92510268837214
      vertex 0 155.89999999850988 163.92510268837214
      vertex 5 155.89999999850988 152.37809731066227
    endloop
  endfacet
  facet normal 0 -0.5000000000444249 0.86602540375879
    outer loop
      vertex 0 145.89999999850988 146.60459461808205
      vertex 5 145.89999999850988 146.60459461808205
      vertex 0 155.89999999850988 152.37809731066227
    endloop
  endfacet
  facet normal 0 -0.5000000000444249 0.86602540375879
    outer loop
      vertex 5 155.89999999850988 152.37809731066227
      vertex 0 155.89999999850988 152.37809731066227
      vertex 5 145.89999999850988 146.60459461808205
    endloop
  endfacet
  facet normal 0 0.5000000000444249 0.86602540375879
    outer loop
      vertex 0 135.89999999850988 152.37809731066227
      vertex 5 135.89999999850988 152.37809731066227
      vertex 0 145.89999999850988 146.60459461808205
    endloop
  endfacet
  facet normal 0 0.5000000000444249 0.86602540375879
    outer loop
      vertex 5 145.89999999850988 146.60459461808205
      vertex 0 145.89999999850988 146.60459461808205
      vertex 5 135.89999999850988 152.37809731066227
    endloop
  endfacet
  facet normal 0 1 0
    outer loop
      vertex 0 157.70000000298023 163.92510268837214
      vertex 5 157.70000000298023 163.92510268837214
      vertex 0 157.70000000298023 152.37809731066227
    endloop
  endfacet
  facet normal 0 1 0
    outer loop
      vertex 5 157.70000000298023 152.37809731066227
      vertex 0 157.70000000298023 152.37809731066227
      vertex 5 157.70000000298023 163.92510268837214
    endloop
  endfacet
  facet normal 0 0.5000000000444249 -0.86602540375879
    outer loop
      vertex 0 167.70000000298023 169.69860538095236
      vertex 5 167.70000000298023 169.69860538095236
      vertex 0 157.70000000298023 163.92510268837214
    endloop
  endfacet
  facet normal 0 0.5000000000444249 -0.86602540375879
    outer loop
      vertex 5 157.70000000298023 163.92510268837214
      vertex 0 157.70000000298023 163.92510268837214
      vertex 5 167.70000000298023 169.69860538095236
    endloop
  endfacet
  facet normal 0 -0.5000000000444249 -0.86602540375879
    outer loop
      vertex 0 177.70000000298023 163.92510268837214
      vertex 5 177.70000000298023 163.92510268837214
      vertex 0 167.70000000298023 169.69860538095236
    endloop
  endfacet
  facet normal 0 -0.5000000000444249 -0.86602540375879
    outer loop
      vertex 5 167.70000000298023 169.69860538095236
      vertex 0 167.70000000298023 169.69860538095236
      vertex 5 177.70000000298023 163.92510268837214
    endloop
  endfacet
  facet normal 0 -1 0
    outer loop
      vertex 0 177.70000000298023 152.37809731066227
      vertex 5 177.70000000298023 152.37809731066227
      vertex 0 177.70000000298023 163.92510268837214
    endloop
  endfacet
  facet normal 0 -1 0
    outer loop
      vertex 5 177.70000000298023 163.92510268837214
      vertex 0 177.70000000298023 163.92510268837214
      vertex 5 177.70000000298023 152.37809731066227
    endloop
  endfacet
  facet normal 0 -0.5000000000444249 0.86602540375879
    outer loop
      vertex 0 167.70000000298023 146.60459461808205
      vertex 5 167.70000000298023 146.60459461808205
      vertex 0 177.70000000298023 152.37809731066227
    endloop
  endfacet
  facet normal 0 -0.5000000000444249 0.86602540375879
    outer loop
      vertex 5 177.70000000298023 152.37809731066227
      vertex 0 177.70000000298023 152.37809731066227
      vertex 5 167.70000000298023 146.60459461808205
    endloop
  endfacet
  facet normal 0 0.5000000000444249 0.86602540375879
    outer loop
      vertex 0 157.70000000298023 152.37809731066227
      vertex 5 157.70000000298023 152.37809731066227
      vertex 0 167.70000000298023 146.60459461808205
    endloop
  endfacet
  facet normal 0 0.5000000000444249 0.86602540375879
    outer loop
      vertex 5 167.70000000298023 146.60459461808205
      vertex 0 167.70000000298023 146.60459461808205
      vertex 5 157.70000000298023 152.37809731066227
    endloop
  endfacet
  facet normal 0 1 0
    outer loop
      vertex 0 179.5 163.92510268837214
      vertex 5 179.5 163.92510268837214
      vertex 0 179.5 152.37809731066227
    endloop
  endfacet
  facet normal 0 1 0
    outer loop
      vertex 5 179.5 152.37809731066227
      vertex 0 179.5 152.37809731066227
      vertex 5 179.5 163.92510268837214
    endloop
  endfacet
  facet normal 0 0.5000000000444249 -0.86602540375879
    outer loop
      vertex 0 189.5 169.69860538095236
      vertex 5 189.5 169.69860538095236
      vertex 0 179.5 163.92510268837214
    endloop
  endfacet
  facet normal 0 0.5000000000444249 -0.86602540375879
    outer loop
      vertex 5 179.5 163.92510268837214
      vertex 0 179.5 163.92510268837214
      vertex 5 189.5 169.69860538095236
    endloop
  endfacet
  facet normal 0 -0.5000000000444249 -0.86602540375879
    outer loop
      vertex 0 199.5 163.92510268837214
      vertex 5 199.5 163.92510268837214
      vertex 0 189.5 169.69860538095236
    endloop
  endfacet
  facet normal 0 -0.5000000000444249 -0.86602540375879
    outer loop
      vertex 5 189.5 169.69860538095236
      vertex 0 189.5 169.69860538095236
      vertex 5 199.5 163.92510268837214
    endloop
  endfacet
  facet normal 0 -1 0
    outer loop
      vertex 0 199.5 152.37809731066227
      vertex 5 199.5 152.37809731066227
      vertex 0 199.5 163.92510268837214
    endloop
  endfacet
  facet normal 0 -1 0
    outer loop
      vertex 5 199.5 163.92510268837214
      vertex 0 199.5 163.92510268837214
      vertex 5 199.5 152.37809731066227
    endloop
  endfacet
  facet normal 0 -0.5000000000444249 0.86602540375879
    outer loop
      vertex 0 189.5 146.60459461808205
      vertex 5 189.5 146.60459461808205
      vertex 0 199.5 152.37809731066227
    endloop
  endfacet
  facet normal 0 -0.5000000000444249 0.86602540375879
    outer loop
      vertex 5 199.5 152.37809731066227
      vertex 0 199.5 152.37809731066227
      vertex 5 189.5 146.60459461808205
    endloop
  endfacet
  facet normal 0 0.5000000000444249 0.86602540375879
    outer loop
      vertex 0 179.5 152.37809731066227
      vertex 5 179.5 152.37809731066227
      vertex 0 189.5 146.60459461808205
    endloop
  endfacet
  facet normal 0 0.5000000000444249 0.86602540375879
    outer loop
      vertex 5 189.5 146.60459461808205
      vertex 0 189.5 146.60459461808205
      vertex 5 179.5 152.37809731066227
    endloop
  endfacet
  facet normal 0 1 0
    outer loop
      vertex 0 201.29999999701977 163.92510268837214
      vertex 5 201.29999999701977 163.92510268837214
      vertex 0 201.29999999701977 152.37809731066227
    endloop
  endfacet
  facet normal 0 1 0
    outer loop
      vertex 5 201.29999999701977 152.37809731066227
      vertex 0 201.29999999701977 152.37809731066227
      vertex 5 201.29999999701977 163.92510268837214
    endloop
  endfacet
  facet normal 0 0.5000000000444249 -0.86602540375879
    outer loop
      vertex 0 211.29999999701977 169.69860538095236
      vertex 5 211.29999999701977 169.69860538095236
      vertex 0 201.29999999701977 163.92510268837214
    endloop
  endfacet
  facet normal 0 0.5000000000444249 -0.86602540375879
    outer loop
      vertex 5 201.29999999701977 163.92510268837214
      vertex 0 201.29999999701977 163.92510268837214
      vertex 5 211.29999999701977 169.69860538095236
    endloop
  endfacet
  facet normal 0 -0.5000000000444249 -0.86602540375879
    outer loop
      vertex 0 221.29999999701977 163.92510268837214
      vertex 5 221.29999999701977 163.92510268837214
      vertex 0 211.29999999701977 169.69860538095236
    endloop
  endfacet
  facet normal 0 -0.5000000000444249 -0.86602540375879
    outer loop
      vertex 5 211.29999999701977 169.69860538095236
      vertex 0 211.29999999701977 169.69860538095236
      vertex 5 221.29999999701977 163.92510268837214
    endloop
  endfacet
  facet normal 0 -1 0
    outer loop
      vertex 0 221.29999999701977 152.37809731066227
      vertex 5 221.29999999701977 152.37809731066227
      vertex 0 221.29999999701977 163.92510268837214
    endloop
  endfacet
  facet normal 0 -1 0
    outer loop
      vertex 5 221.29999999701977 163.92510268837214
      vertex 0 221.29999999701977 163.92510268837214
      vertex 5 221.29999999701977 152.37809731066227
    endloop
  endfacet
  facet normal 0 -0.5000000000444249 0.86602540375879
    outer loop
      vertex 0 211.29999999701977 146.60459461808205
      vertex 5 211.29999999701977 146.60459461808205
      vertex 0 221.29999999701977 152.37809731066227
    endloop
  endfacet
  facet normal 0 -0.5000000000444249 0.86602540375879
    outer loop
      vertex 5 221.29999999701977 152.37809731066227
      vertex 0 221.29999999701977 152.37809731066227
      vertex 5 211.29999999701977 146.60459461808205
    endloop
  endfacet
  facet normal 0 0.5000000000444249 0.86602540375879
    outer loop
      vertex 0 201.29999999701977 152.37809731066227
      vertex 5 201.29999999701977 152.37809731066227
      vertex 0 211.29999999701977 146.60459461808205
    endloop
  endfacet
  facet normal 0 0.5000000000444249 0.86602540375879
    outer loop
      vertex 5 211.29999999701977 146.60459461808205
      vertex 0 211.29999999701977 146.60459461808205
      vertex 5 201.29999999701977 152.37809731066227
    endloop
  endfacet
  facet normal 0 1 0
    outer loop
      vertex 0 16 145.04630269110203
      vertex 5 16 145.04630269110203
      vertex 0 16 133.49929730594158
    endloop
  endfacet
  facet normal 0 1 0
    outer loop
      vertex 5 16 133.49929730594158
      vertex 0 16 133.49929730594158
      vertex 5 16 145.04630269110203
    endloop
  endfacet
  facet normal 0 0.5000000000444249 -0.86602540375879
    outer loop
      vertex 0 26 150.81980538368225
      vertex 5 26 150.81980538368225
      vertex 0 16 145.04630269110203
    endloop
  endfacet
  facet normal 0 0.5000000000444249 -0.86602540375879
    outer loop
      vertex 5 16 145.04630269110203
      vertex 0 16 145.04630269110203
      vertex 5 26 150.81980538368225
    endloop
  endfacet
  facet normal 0 -0.5000000000444249 -0.86602540375879
    outer loop
      vertex 0 36 145.04630269110203
      vertex 5 36 145.04630269110203
      vertex 0 26 150.81980538368225
    endloop
  endfacet
  facet normal 0 -0.5000000000444249 -0.86602540375879
    outer loop
      vertex 5 26 150.81980538368225
      vertex 0 26 150.81980538368225
      vertex 5 36 145.04630269110203
    endloop
  endfacet
  facet normal 0 -1 0
    outer loop
      vertex 0 36 133.49929730594158
      vertex 5 36 133.49929730594158
      vertex 0 36 145.04630269110203
    endloop
  endfacet
  facet normal 0 -1 0
    outer loop
      vertex 5 36 145.04630269110203
      vertex 0 36 145.04630269110203
      vertex 5 36 133.49929730594158
    endloop
  endfacet
  facet normal 0 -0.5000000000444249 0.86602540375879
    outer loop
      vertex 0 26 127.72579461336136
      vertex 5 26 127.72579461336136
      vertex 0 36 133.49929730594158
    endloop
  endfacet
  facet normal 0 -0.5000000000444249 0.86602540375879
    outer loop
      vertex 5 36 133.49929730594158
      vertex 0 36 133.49929730594158
      vertex 5 26 127.72579461336136
    endloop
  endfacet
  facet normal 0 0.5000000000444249 0.86602540375879
    outer loop
      vertex 0 16 133.49929730594158
      vertex 5 16 133.49929730594158
      vertex 0 26 127.72579461336136
    endloop
  endfacet
  facet normal 0 0.5000000000444249 0.86602540375879
    outer loop
      vertex 5 26 127.72579461336136
      vertex 0 26 127.72579461336136
      vertex 5 16 133.49929730594158
    endloop
  endfacet
  facet normal 0 1 0
    outer loop
      vertex 0 37.79999999701977 145.04630269110203
      vertex 5 37.79999999701977 145.04630269110203
      vertex 0 37.79999999701977 133.49929730594158
    endloop
  endfacet
  facet normal 0 1 0
    outer loop
      vertex 5 37.79999999701977 133.49929730594158
      vertex 0 37.79999999701977 133.49929730594158
      vertex 5 37.79999999701977 145.04630269110203
    endloop
  endfacet
  facet normal 0 0.5000000000444249 -0.86602540375879
    outer loop
      vertex 0 47.79999999701977 150.81980538368225
      vertex 5 47.79999999701977 150.81980538368225
      vertex 0 37.79999999701977 145.04630269110203
    endloop
  endfacet
  facet normal 0 0.5000000000444249 -0.86602540375879
    outer loop
      vertex 5 37.79999999701977 145.04630269110203
      vertex 0 37.79999999701977 145.04630269110203
      vertex 5 47.79999999701977 150.81980538368225
    endloop
  endfacet
  facet normal 0 -0.5000000000444249 -0.86602540375879
    outer loop
      vertex 0 57.79999999701977 145.04630269110203
      vertex 5 57.79999999701977 145.04630269110203
      vertex 0 47.79999999701977 150.81980538368225
    endloop
  endfacet
  facet normal 0 -0.5000000000444249 -0.86602540375879
    outer loop
      vertex 5 47.79999999701977 150.81980538368225
      vertex 0 47.79999999701977 150.81980538368225
      vertex 5 57.79999999701977 145.04630269110203
    endloop
  endfacet
  facet normal 0 -1 0
    outer loop
      vertex 0 57.79999999701977 133.49929730594158
      vertex 5 57.79999999701977 133.49929730594158
      vertex 0 57.79999999701977 145.04630269110203
    endloop
  endfacet
  facet normal 0 -1 0
    outer loop
      vertex 5 57.79999999701977 145.04630269110203
      vertex 0 57.79999999701977 145.04630269110203
      vertex 5 57.79999999701977 133.49929730594158
    endloop
  endfacet
  facet normal 0 -0.5000000000444249 0.86602540375879
    outer loop
      vertex 0 47.79999999701977 127.72579461336136
      vertex 5 47.79999999701977 127.72579461336136
      vertex 0 57.79999999701977 133.49929730594158
    endloop
  endfacet
  facet normal 0 -0.5000000000444249 0.86602540375879
    outer loop
      vertex 5 57.79999999701977 133.49929730594158
      vertex 0 57.79999999701977 133.49929730594158
      vertex 5 47.79999999701977 127.72579461336136
    endloop
  endfacet
  facet normal 0 0.5000000000444249 0.86602540375879
    outer loop
      vertex 0 37.79999999701977 133.49929730594158
      vertex 5 37.79999999701977 133.49929730594158
      vertex 0 47.79999999701977 127.72579461336136
    endloop
  endfacet
  facet normal 0 0.5000000000444249 0.86602540375879
    outer loop
      vertex 5 47.79999999701977 127.72579461336136
      vertex 0 47.79999999701977 127.72579461336136
      vertex 5 37.79999999701977 133.49929730594158
    endloop
  endfacet
  facet normal 0 1 0
    outer loop
      vertex 0 59.600000001490116 145.04630269110203
      vertex 5 59.600000001490116 145.04630269110203
      vertex 0 59.600000001490116 133.49929730594158
    endloop
  endfacet
  facet normal 0 1 0
    outer loop
      vertex 5 59.600000001490116 133.49929730594158
      vertex 0 59.600000001490116 133.49929730594158
      vertex 5 59.600000001490116 145.04630269110203
    endloop
  endfacet
  facet normal 0 0.5000000000444249 -0.86602540375879
    outer loop
      vertex 0 69.60000000149012 150.81980538368225
      vertex 5 69.60000000149012 150.81980538368225
      vertex 0 59.600000001490116 145.04630269110203
    endloop
  endfacet
  facet normal 0 0.5000000000444249 -0.86602540375879
    outer loop
      vertex 5 59.600000001490116 145.04630269110203
      vertex 0 59.600000001490116 145.04630269110203
      vertex 5 69.60000000149012 150.81980538368225
    endloop
  endfacet
  facet normal 0 -0.5000000000444249 -0.86602540375879
    outer loop
      vertex 0 79.60000000149012 145.04630269110203
      vertex 5 79.60000000149012 145.04630269110203
      vertex 0 69.60000000149012 150.81980538368225
    endloop
  endfacet
  facet normal 0 -0.5000000000444249 -0.86602540375879
    outer loop
      vertex 5 69.60000000149012 150.81980538368225
      vertex 0 69.60000000149012 150.81980538368225
      vertex 5 79.60000000149012 145.04630269110203
    endloop
  endfacet
  facet normal 0 -1 0
    outer loop
      vertex 0 79.60000000149012 133.49929730594158
      vertex 5 79.60000000149012 133.49929730594158
      vertex 0 79.60000000149012 145.04630269110203
    endloop
  endfacet
  facet normal 0 -1 0
    outer loop
      vertex 5 79.60000000149012 145.04630269110203
      vertex 0 79.60000000149012 145.04630269110203
      vertex 5 79.60000000149012 133.49929730594158
    endloop
  endfacet
  facet normal 0 -0.5000000000444249 0.86602540375879
    outer loop
      vertex 0 69.60000000149012 127.72579461336136
      vertex 5 69.60000000149012 127.72579461336136
      vertex 0 79.60000000149012 133.49929730594158
    endloop
  endfacet
  facet normal 0 -0.5000000000444249 0.86602540375879
    outer loop
      vertex 5 79.60000000149012 133.49929730594158
      vertex 0 79.60000000149012 133.49929730594158
      vertex 5 69.60000000149012 127.72579461336136
    endloop
  endfacet
  facet normal 0 0.5000000000444249 0.86602540375879
    outer loop
      vertex 0 59.600000001490116 133.49929730594158
      vertex 5 59.600000001490116 133.49929730594158
      vertex 0 69.60000000149012 127.72579461336136
    endloop
  endfacet
  facet normal 0 0.5000000000444249 0.86602540375879
    outer loop
      vertex 5 69.60000000149012 127.72579461336136
      vertex 0 69.60000000149012 127.72579461336136
      vertex 5 59.600000001490116 133.49929730594158
    endloop
  endfacet
  facet normal 0 1 0
    outer loop
      vertex 0 81.39999999850988 145.04630269110203
      vertex 5 81.39999999850988 145.04630269110203
      vertex 0 81.39999999850988 133.49929730594158
    endloop
  endfacet
  facet normal 0 1 0
    outer loop
      vertex 5 81.39999999850988 133.49929730594158
      vertex 0 81.39999999850988 133.49929730594158
      vertex 5 81.39999999850988 145.04630269110203
    endloop
  endfacet
  facet normal 0 0.5000000000444249 -0.86602540375879
    outer loop
      vertex 0 91.39999999850988 150.81980538368225
      vertex 5 91.39999999850988 150.81980538368225
      vertex 0 81.39999999850988 145.04630269110203
    endloop
  endfacet
  facet normal 0 0.5000000000444249 -0.86602540375879
    outer loop
      vertex 5 81.39999999850988 145.04630269110203
      vertex 0 81.39999999850988 145.04630269110203
      vertex 5 91.39999999850988 150.81980538368225
    endloop
  endfacet
  facet normal 0 -0.5000000000444249 -0.86602540375879
    outer loop
      vertex 0 101.39999999850988 145.04630269110203
      vertex 5 101.39999999850988 145.04630269110203
      vertex 0 91.39999999850988 150.81980538368225
    endloop
  endfacet
  facet normal 0 -0.5000000000444249 -0.86602540375879
    outer loop
      vertex 5 91.39999999850988 150.81980538368225
      vertex 0 91.39999999850988 150.81980538368225
      vertex 5 101.39999999850988 145.04630269110203
    endloop
  endfacet
  facet normal 0 -1 0
    outer loop
      vertex 0 101.39999999850988 133.49929730594158
      vertex 5 101.39999999850988 133.49929730594158
      vertex 0 101.39999999850988 145.04630269110203
    endloop
  endfacet
  facet normal 0 -1 0
    outer loop
      vertex 5 101.39999999850988 145.04630269110203
      vertex 0 101.39999999850988 145.04630269110203
      vertex 5 101.39999999850988 133.49929730594158
    endloop
  endfacet
  facet normal 0 -0.5000000000444249 0.86602540375879
    outer loop
      vertex 0 91.39999999850988 127.72579461336136
      vertex 5 91.39999999850988 127.72579461336136
      vertex 0 101.39999999850988 133.49929730594158
    endloop
  endfacet
  facet normal 0 -0.5000000000444249 0.86602540375879
    outer loop
      vertex 5 101.39999999850988 133.49929730594158
      vertex 0 101.39999999850988 133.49929730594158
      vertex 5 91.39999999850988 127.72579461336136
    endloop
  endfacet
  facet normal 0 0.5000000000444249 0.86602540375879
    outer loop
      vertex 0 81.39999999850988 133.49929730594158
      vertex 5 81.39999999850988 133.49929730594158
      vertex 0 91.39999999850988 127.72579461336136
    endloop
  endfacet
  facet normal 0 0.5000000000444249 0.86602540375879
    outer loop
      vertex 5 91.39999999850988 127.72579461336136
      vertex 0 91.39999999850988 127.72579461336136
      vertex 5 81.39999999850988 133.49929730594158
    endloop
  endfacet
  facet normal 0 1 0
    outer loop
      vertex 0 103.20000000298023 145.04630269110203
      vertex 5 103.20000000298023 145.04630269110203
      vertex 0 103.20000000298023 133.49929730594158
    endloop
  endfacet
  facet normal 0 1 0
    outer loop
      vertex 5 103.20000000298023 133.49929730594158
      vertex 0 103.20000000298023 133.49929730594158
      vertex 5 103.20000000298023 145.04630269110203
    endloop
  endfacet
  facet normal 0 0.5000000000444249 -0.86602540375879
    outer loop
      vertex 0 113.20000000298023 150.81980538368225
      vertex 5 113.20000000298023 150.81980538368225
      vertex 0 103.20000000298023 145.04630269110203
    endloop
  endfacet
  facet normal 0 0.5000000000444249 -0.86602540375879
    outer loop
      vertex 5 103.20000000298023 145.04630269110203
      vertex 0 103.20000000298023 145.04630269110203
      vertex 5 113.20000000298023 150.81980538368225
    endloop
  endfacet
  facet normal 0 -0.5000000000444249 -0.86602540375879
    outer loop
      vertex 0 123.20000000298023 145.04630269110203
      vertex 5 123.20000000298023 145.04630269110203
      vertex 0 113.20000000298023 150.81980538368225
    endloop
  endfacet
  facet normal 0 -0.5000000000444249 -0.86602540375879
    outer loop
      vertex 5 113.20000000298023 150.81980538368225
      vertex 0 113.20000000298023 150.81980538368225
      vertex 5 123.20000000298023 145.04630269110203
    endloop
  endfacet
  facet normal 0 -1 0
    outer loop
      vertex 0 123.20000000298023 133.49929730594158
      vertex 5 123.20000000298023 133.49929730594158
      vertex 0 123.20000000298023 145.04630269110203
    endloop
  endfacet
  facet normal 0 -1 0
    outer loop
      vertex 5 123.20000000298023 145.04630269110203
      vertex 0 123.20000000298023 145.04630269110203
      vertex 5 123.20000000298023 133.49929730594158
    endloop
  endfacet
  facet normal 0 -0.5000000000444249 0.86602540375879
    outer loop
      vertex 0 113.20000000298023 127.72579461336136
      vertex 5 113.20000000298023 127.72579461336136
      vertex 0 123.20000000298023 133.49929730594158
    endloop
  endfacet
  facet normal 0 -0.5000000000444249 0.86602540375879
    outer loop
      vertex 5 123.20000000298023 133.49929730594158
      vertex 0 123.20000000298023 133.49929730594158
      vertex 5 113.20000000298023 127.72579461336136
    endloop
  endfacet
  facet normal 0 0.5000000000444249 0.86602540375879
    outer loop
      vertex 0 103.20000000298023 133.49929730594158
      vertex 5 103.20000000298023 133.49929730594158
      vertex 0 113.20000000298023 127.72579461336136
    endloop
  endfacet
  facet normal 0 0.5000000000444249 0.86602540375879
    outer loop
      vertex 5 113.20000000298023 127.72579461336136
      vertex 0 113.20000000298023 127.72579461336136
      vertex 5 103.20000000298023 133.49929730594158
    endloop
  endfacet
  facet normal 0 1 0
    outer loop
      vertex 0 125 145.04630269110203
      vertex 5 125 145.04630269110203
      vertex 0 125 133.49929730594158
    endloop
  endfacet
  facet normal 0 1 0
    outer loop
      vertex 5 125 133.49929730594158
      vertex 0 125 133.49929730594158
      vertex 5 125 145.04630269110203
    endloop
  endfacet
  facet normal 0 0.5000000000444249 -0.86602540375879
    outer loop
      vertex 0 135 150.81980538368225
      vertex 5 135 150.81980538368225
      vertex 0 125 145.04630269110203
    endloop
  endfacet
  facet normal 0 0.5000000000444249 -0.86602540375879
    outer loop
      vertex 5 125 145.04630269110203
      vertex 0 125 145.04630269110203
      vertex 5 135 150.81980538368225
    endloop
  endfacet
  facet normal 0 -0.5000000000444249 -0.86602540375879
    outer loop
      vertex 0 145 145.04630269110203
      vertex 5 145 145.04630269110203
      vertex 0 135 150.81980538368225
    endloop
  endfacet
  facet normal 0 -0.5000000000444249 -0.86602540375879
    outer loop
      vertex 5 135 150.81980538368225
      vertex 0 135 150.81980538368225
      vertex 5 145 145.04630269110203
    endloop
  endfacet
  facet normal 0 -1 0
    outer loop
      vertex 0 145 133.49929730594158
      vertex 5 145 133.49929730594158
      vertex 0 145 145.04630269110203
    endloop
  endfacet
  facet normal 0 -1 0
    outer loop
      vertex 5 145 145.04630269110203
      vertex 0 145 145.04630269110203
      vertex 5 145 133.49929730594158
    endloop
  endfacet
  facet normal 0 -0.5000000000444249 0.86602540375879
    outer loop
      vertex 0 135 127.72579461336136
      vertex 5 135 127.72579461336136
      vertex 0 145 133.49929730594158
    endloop
  endfacet
  facet normal 0 -0.5000000000444249 0.86602540375879
    outer loop
      vertex 5 145 133.49929730594158
      vertex 0 145 133.49929730594158
      vertex 5 135 127.72579461336136
    endloop
  endfacet
  facet normal 0 0.5000000000444249 0.86602540375879
    outer loop
      vertex 0 125 133.49929730594158
      vertex 5 125 133.49929730594158
      vertex 0 135 127.72579461336136
    endloop
  endfacet
  facet normal 0 0.5000000000444249 0.86602540375879
    outer loop
      vertex 5 135 127.72579461336136
      vertex 0 135 127.72579461336136
      vertex 5 125 133.49929730594158
    endloop
  endfacet
  facet normal 0 1 0
    outer loop
      vertex 0 146.79999999701977 145.04630269110203
      vertex 5 146.79999999701977 145.04630269110203
      vertex 0 146.79999999701977 133.49929730594158
    endloop
  endfacet
  facet normal 0 1 0
    outer loop
      vertex 5 146.79999999701977 133.49929730594158
      vertex 0 146.79999999701977 133.49929730594158
      vertex 5 146.79999999701977 145.04630269110203
    endloop
  endfacet
  facet normal 0 0.5000000000444249 -0.86602540375879
    outer loop
      vertex 0 156.79999999701977 150.81980538368225
      vertex 5 156.79999999701977 150.81980538368225
      vertex 0 146.79999999701977 145.04630269110203
    endloop
  endfacet
  facet normal 0 0.5000000000444249 -0.86602540375879
    outer loop
      vertex 5 146.79999999701977 145.04630269110203
      vertex 0 146.79999999701977 145.04630269110203
      vertex 5 156.79999999701977 150.81980538368225
    endloop
  endfacet
  facet normal 0 -0.5000000000444249 -0.86602540375879
    outer loop
      vertex 0 166.79999999701977 145.04630269110203
      vertex 5 166.79999999701977 145.04630269110203
      vertex 0 156.79999999701977 150.81980538368225
    endloop
  endfacet
  facet normal 0 -0.5000000000444249 -0.86602540375879
    outer loop
      vertex 5 156.79999999701977 150.81980538368225
      vertex 0 156.79999999701977 150.81980538368225
      vertex 5 166.79999999701977 145.04630269110203
    endloop
  endfacet
  facet normal 0 -1 0
    outer loop
      vertex 0 166.79999999701977 133.49929730594158
      vertex 5 166.79999999701977 133.49929730594158
      vertex 0 166.79999999701977 145.04630269110203
    endloop
  endfacet
  facet normal 0 -1 0
    outer loop
      vertex 5 166.79999999701977 145.04630269110203
      vertex 0 166.79999999701977 145.04630269110203
      vertex 5 166.79999999701977 133.49929730594158
    endloop
  endfacet
  facet normal 0 -0.5000000000444249 0.86602540375879
    outer loop
      vertex 0 156.79999999701977 127.72579461336136
      vertex 5 156.79999999701977 127.72579461336136
      vertex 0 166.79999999701977 133.49929730594158
    endloop
  endfacet
  facet normal 0 -0.5000000000444249 0.86602540375879
    outer loop
      vertex 5 166.79999999701977 133.49929730594158
      vertex 0 166.79999999701977 133.49929730594158
      vertex 5 156.79999999701977 127.72579461336136
    endloop
  endfacet
  facet normal 0 0.5000000000444249 0.86602540375879
    outer loop
      vertex 0 146.79999999701977 133.49929730594158
      vertex 5 146.79999999701977 133.49929730594158
      vertex 0 156.79999999701977 127.72579461336136
    endloop
  endfacet
  facet normal 0 0.5000000000444249 0.86602540375879
    outer loop
      vertex 5 156.79999999701977 127.72579461336136
      vertex 0 156.79999999701977 127.72579461336136
      vertex 5 146.79999999701977 133.49929730594158
    endloop
  endfacet
  facet normal 0 1 0
    outer loop
      vertex 0 168.60000000149012 145.04630269110203
      vertex 5 168.60000000149012 145.04630269110203
      vertex 0 168.60000000149012 133.49929730594158
    endloop
  endfacet
  facet normal 0 1 0
    outer loop
      vertex 5 168.60000000149012 133.49929730594158
      vertex 0 168.60000000149012 133.49929730594158
      vertex 5 168.60000000149012 145.04630269110203
    endloop
  endfacet
  facet normal 0 0.5000000000444249 -0.86602540375879
    outer loop
      vertex 0 178.60000000149012 150.81980538368225
      vertex 5 178.60000000149012 150.81980538368225
      vertex 0 168.60000000149012 145.04630269110203
    endloop
  endfacet
  facet normal 0 0.5000000000444249 -0.86602540375879
    outer loop
      vertex 5 168.60000000149012 145.04630269110203
      vertex 0 168.60000000149012 145.04630269110203
      vertex 5 178.60000000149012 150.81980538368225
    endloop
  endfacet
  facet normal 0 -0.5000000000444249 -0.86602540375879
    outer loop
      vertex 0 188.60000000149012 145.04630269110203
      vertex 5 188.60000000149012 145.04630269110203
      vertex 0 178.60000000149012 150.81980538368225
    endloop
  endfacet
  facet normal 0 -0.5000000000444249 -0.86602540375879
    outer loop
      vertex 5 178.60000000149012 150.81980538368225
      vertex 0 178.60000000149012 150.81980538368225
      vertex 5 188.60000000149012 145.04630269110203
    endloop
  endfacet
  facet normal 0 -1 0
    outer loop
      vertex 0 188.60000000149012 133.49929730594158
      vertex 5 188.60000000149012 133.49929730594158
      vertex 0 188.60000000149012 145.04630269110203
    endloop
  endfacet
  facet normal 0 -1 0
    outer loop
      vertex 5 188.60000000149012 145.04630269110203
      vertex 0 188.60000000149012 145.04630269110203
      vertex 5 188.60000000149012 133.49929730594158
    endloop
  endfacet
  facet normal 0 -0.5000000000444249 0.86602540375879
    outer loop
      vertex 0 178.60000000149012 127.72579461336136
      vertex 5 178.60000000149012 127.72579461336136
      vertex 0 188.60000000149012 133.49929730594158
    endloop
  endfacet
  facet normal 0 -0.5000000000444249 0.86602540375879
    outer loop
      vertex 5 188.60000000149012 133.49929730594158
      vertex 0 188.60000000149012 133.49929730594158
      vertex 5 178.60000000149012 127.72579461336136
    endloop
  endfacet
  facet normal 0 0.5000000000444249 0.86602540375879
    outer loop
      vertex 0 168.60000000149012 133.49929730594158
      vertex 5 168.60000000149012 133.49929730594158
      vertex 0 178.60000000149012 127.72579461336136
    endloop
  endfacet
  facet normal 0 0.5000000000444249 0.86602540375879
    outer loop
      vertex 5 178.60000000149012 127.72579461336136
      vertex 0 178.60000000149012 127.72579461336136
      vertex 5 168.60000000149012 133.49929730594158
    endloop
  endfacet
  facet normal 0 1 0
    outer loop
      vertex 0 190.39999999850988 145.04630269110203
      vertex 5 190.39999999850988 145.04630269110203
      vertex 0 190.39999999850988 133.49929730594158
    endloop
  endfacet
  facet normal 0 1 0
    outer loop
      vertex 5 190.39999999850988 133.49929730594158
      vertex 0 190.39999999850988 133.49929730594158
      vertex 5 190.39999999850988 145.04630269110203
    endloop
  endfacet
  facet normal 0 0.5000000000444249 -0.86602540375879
    outer loop
      vertex 0 200.39999999850988 150.81980538368225
      vertex 5 200.39999999850988 150.81980538368225
      vertex 0 190.39999999850988 145.04630269110203
    endloop
  endfacet
  facet normal 0 0.5000000000444249 -0.86602540375879
    outer loop
      vertex 5 190.39999999850988 145.04630269110203
      vertex 0 190.39999999850988 145.04630269110203
      vertex 5 200.39999999850988 150.81980538368225
    endloop
  endfacet
  facet normal 0 -0.5000000000444249 -0.86602540375879
    outer loop
      vertex 0 210.39999999850988 145.04630269110203
      vertex 5 210.39999999850988 145.04630269110203
      vertex 0 200.39999999850988 150.81980538368225
    endloop
  endfacet
  facet normal 0 -0.5000000000444249 -0.86602540375879
    outer loop
      vertex 5 200.39999999850988 150.81980538368225
      vertex 0 200.39999999850988 150.81980538368225
      vertex 5 210.39999999850988 145.04630269110203
    endloop
  endfacet
  facet normal 0 -1 0
    outer loop
      vertex 0 210.39999999850988 133.49929730594158
      vertex 5 210.39999999850988 133.49929730594158
      vertex 0 210.39999999850988 145.04630269110203
    endloop
  endfacet
  facet normal 0 -1 0
    outer loop
      vertex 5 210.39999999850988 145.04630269110203
      vertex 0 210.39999999850988 145.04630269110203
      vertex 5 210.39999999850988 133.49929730594158
    endloop
  endfacet
  facet normal 0 -0.5000000000444249 0.86602540375879
    outer loop
      vertex 0 200.39999999850988 127.72579461336136
      vertex 5 200.39999999850988 127.72579461336136
      vertex 0 210.39999999850988 133.49929730594158
    endloop
  endfacet
  facet normal 0 -0.5000000000444249 0.86602540375879
    outer loop
      vertex 5 210.39999999850988 133.49929730594158
      vertex 0 210.39999999850988 133.49929730594158
      vertex 5 200.39999999850988 127.72579461336136
    endloop
  endfacet
  facet normal 0 0.5000000000444249 0.86602540375879
    outer loop
      vertex 0 190.39999999850988 133.49929730594158
      vertex 5 190.39999999850988 133.49929730594158
      vertex 0 200.39999999850988 127.72579461336136
    endloop
  endfacet
  facet normal 0 0.5000000000444249 0.86602540375879
    outer loop
      vertex 5 200.39999999850988 127.72579461336136
      vertex 0 200.39999999850988 127.72579461336136
      vertex 5 190.39999999850988 133.49929730594158
    endloop
  endfacet
  facet normal 0 1 0
    outer loop
      vertex 0 212.20000000298023 145.04630269110203
      vertex 5 212.20000000298023 145.04630269110203
      vertex 0 212.20000000298023 133.49929730594158
    endloop
  endfacet
  facet normal 0 1 0
    outer loop
      vertex 5 212.20000000298023 133.49929730594158
      vertex 0 212.20000000298023 133.49929730594158
      vertex 5 212.20000000298023 145.04630269110203
    endloop
  endfacet
  facet normal 0 0.5000000000444249 -0.86602540375879
    outer loop
      vertex 0 222.20000000298023 150.81980538368225
      vertex 5 222.20000000298023 150.81980538368225
      vertex 0 212.20000000298023 145.04630269110203
    endloop
  endfacet
  facet normal 0 0.5000000000444249 -0.86602540375879
    outer loop
      vertex 5 212.20000000298023 145.04630269110203
      vertex 0 212.20000000298023 145.04630269110203
      vertex 5 222.20000000298023 150.81980538368225
    endloop
  endfacet
  facet normal 0 -0.5000000000444249 -0.86602540375879
    outer loop
      vertex 0 232.20000000298023 145.04630269110203
      vertex 5 232.20000000298023 145.04630269110203
      vertex 0 222.20000000298023 150.81980538368225
    endloop
  endfacet
  facet normal 0 -0.5000000000444249 -0.86602540375879
    outer loop
      vertex 5 222.20000000298023 150.81980538368225
      vertex 0 222.20000000298023 150.81980538368225
      vertex 5 232.20000000298023 145.04630269110203
    endloop
  endfacet
  facet normal 0 -1 0
    outer loop
      vertex 0 232.20000000298023 133.49929730594158
      vertex 5 232.20000000298023 133.49929730594158
      vertex 0 232.20000000298023 145.04630269110203
    endloop
  endfacet
  facet normal 0 -1 0
    outer loop
      vertex 5 232.20000000298023 145.04630269110203
      vertex 0 232.20000000298023 145.04630269110203
      vertex 5 232.20000000298023 133.49929730594158
    endloop
  endfacet
  facet normal 0 -0.5000000000444249 0.86602540375879
    outer loop
      vertex 0 222.20000000298023 127.72579461336136
      vertex 5 222.20000000298023 127.72579461336136
      vertex 0 232.20000000298023 133.49929730594158
    endloop
  endfacet
  facet normal 0 -0.5000000000444249 0.86602540375879
    outer loop
      vertex 5 232.20000000298023 133.49929730594158
      vertex 0 232.20000000298023 133.49929730594158
      vertex 5 222.20000000298023 127.72579461336136
    endloop
  endfacet
  facet normal 0 0.5000000000444249 0.86602540375879
    outer loop
      vertex 0 212.20000000298023 133.49929730594158
      vertex 5 212.20000000298023 133.49929730594158
      vertex 0 222.20000000298023 127.72579461336136
    endloop
  endfacet
  facet normal 0 0.5000000000444249 0.86602540375879
    outer loop
      vertex 5 222.20000000298023 127.72579461336136
      vertex 0 222.20000000298023 127.72579461336136
      vertex 5 212.20000000298023 133.49929730594158
    endloop
  endfacet
  facet normal 0 1 0
    outer loop
      vertex 0 26.899999998509884 126.16750269383192
      vertex 5 26.899999998509884 126.16750269383192
      vertex 0 26.899999998509884 114.62049730867147
    endloop
  endfacet
  facet normal 0 1 0
    outer loop
      vertex 5 26.899999998509884 114.62049730867147
      vertex 0 26.899999998509884 114.62049730867147
      vertex 5 26.899999998509884 126.16750269383192
    endloop
  endfacet
  facet normal 0 0.5000000000444249 -0.86602540375879
    outer loop
      vertex 0 36.899999998509884 131.94100538641214
      vertex 5 36.899999998509884 131.94100538641214
      vertex 0 26.899999998509884 126.16750269383192
    endloop
  endfacet
  facet normal 0 0.5000000000444249 -0.86602540375879
    outer loop
      vertex 5 26.899999998509884 126.16750269383192
      vertex 0 26.899999998509884 126.16750269383192
      vertex 5 36.899999998509884 131.94100538641214
    endloop
  endfacet
  facet normal 0 -0.5000000000444249 -0.86602540375879
    outer loop
      vertex 0 46.899999998509884 126.16750269383192
      vertex 5 46.899999998509884 126.16750269383192
      vertex 0 36.899999998509884 131.94100538641214
    endloop
  endfacet
  facet normal 0 -0.5000000000444249 -0.86602540375879
    outer loop
      vertex 5 36.899999998509884 131.94100538641214
      vertex 0 36.899999998509884 131.94100538641214
      vertex 5 46.899999998509884 126.16750269383192
    endloop
  endfacet
  facet normal 0 -1 0
    outer loop
      vertex 0 46.899999998509884 114.62049730867147
      vertex 5 46.899999998509884 114.62049730867147
      vertex 0 46.899999998509884 126.16750269383192
    endloop
  endfacet
  facet normal 0 -1 0
    outer loop
      vertex 5 46.899999998509884 126.16750269383192
      vertex 0 46.899999998509884 126.16750269383192
      vertex 5 46.899999998509884 114.62049730867147
    endloop
  endfacet
  facet normal 0 -0.5000000000444249 0.86602540375879
    outer loop
      vertex 0 36.899999998509884 108.84699461609125
      vertex 5 36.899999998509884 108.84699461609125
      vertex 0 46.899999998509884 114.62049730867147
    endloop
  endfacet
  facet normal 0 -0.5000000000444249 0.86602540375879
    outer loop
      vertex 5 46.899999998509884 114.62049730867147
      vertex 0 46.899999998509884 114.62049730867147
      vertex 5 36.899999998509884 108.84699461609125
    endloop
  endfacet
  facet normal 0 0.5000000000444249 0.86602540375879
    outer loop
      vertex 0 26.899999998509884 114.62049730867147
      vertex 5 26.899999998509884 114.62049730867147
      vertex 0 36.899999998509884 108.84699461609125
    endloop
  endfacet
  facet normal 0 0.5000000000444249 0.86602540375879
    outer loop
      vertex 5 36.899999998509884 108.84699461609125
      vertex 0 36.899999998509884 108.84699461609125
      vertex 5 26.899999998509884 114.62049730867147
    endloop
  endfacet
  facet normal 0 1 0
    outer loop
      vertex 0 48.70000000298023 126.16750269383192
      vertex 5 48.70000000298023 126.16750269383192
      vertex 0 48.70000000298023 114.62049730867147
    endloop
  endfacet
  facet normal 0 1 0
    outer loop
      vertex 5 48.70000000298023 114.62049730867147
      vertex 0 48.70000000298023 114.62049730867147
      vertex 5 48.70000000298023 126.16750269383192
    endloop
  endfacet
  facet normal 0 0.5000000000444249 -0.86602540375879
    outer loop
      vertex 0 58.70000000298023 131.94100538641214
      vertex 5 58.70000000298023 131.94100538641214
      vertex 0 48.70000000298023 126.16750269383192
    endloop
  endfacet
  facet normal 0 0.5000000000444249 -0.86602540375879
    outer loop
      vertex 5 48.70000000298023 126.16750269383192
      vertex 0 48.70000000298023 126.16750269383192
      vertex 5 58.70000000298023 131.94100538641214
    endloop
  endfacet
  facet normal 0 -0.5000000000444249 -0.86602540375879
    outer loop
      vertex 0 68.70000000298023 126.16750269383192
      vertex 5 68.70000000298023 126.16750269383192
      vertex 0 58.70000000298023 131.94100538641214
    endloop
  endfacet
  facet normal 0 -0.5000000000444249 -0.86602540375879
    outer loop
      vertex 5 58.70000000298023 131.94100538641214
      vertex 0 58.70000000298023 131.94100538641214
      vertex 5 68.70000000298023 126.16750269383192
    endloop
  endfacet
  facet normal 0 -1 0
    outer loop
      vertex 0 68.70000000298023 114.62049730867147
      vertex 5 68.70000000298023 114.62049730867147
      vertex 0 68.70000000298023 126.16750269383192
    endloop
  endfacet
  facet normal 0 -1 0
    outer loop
      vertex 5 68.70000000298023 126.16750269383192
      vertex 0 68.70000000298023 126.16750269383192
      vertex 5 68.70000000298023 114.62049730867147
    endloop
  endfacet
  facet normal 0 -0.5000000000444249 0.86602540375879
    outer loop
      vertex 0 58.70000000298023 108.84699461609125
      vertex 5 58.70000000298023 108.84699461609125
      vertex 0 68.70000000298023 114.62049730867147
    endloop
  endfacet
  facet normal 0 -0.5000000000444249 0.86602540375879
    outer loop
      vertex 5 68.70000000298023 114.62049730867147
      vertex 0 68.70000000298023 114.62049730867147
      vertex 5 58.70000000298023 108.84699461609125
    endloop
  endfacet
  facet normal 0 0.5000000000444249 0.86602540375879
    outer loop
      vertex 0 48.70000000298023 114.62049730867147
      vertex 5 48.70000000298023 114.62049730867147
      vertex 0 58.70000000298023 108.84699461609125
    endloop
  endfacet
  facet normal 0 0.5000000000444249 0.86602540375879
    outer loop
      vertex 5 58.70000000298023 108.84699461609125
      vertex 0 58.70000000298023 108.84699461609125
      vertex 5 48.70000000298023 114.62049730867147
    endloop
  endfacet
  facet normal 0 1 0
    outer loop
      vertex 0 70.5 126.16750269383192
      vertex 5 70.5 126.16750269383192
      vertex 0 70.5 114.62049730867147
    endloop
  endfacet
  facet normal 0 1 0
    outer loop
      vertex 5 70.5 114.62049730867147
      vertex 0 70.5 114.62049730867147
      vertex 5 70.5 126.16750269383192
    endloop
  endfacet
  facet normal 0 0.5000000000444249 -0.86602540375879
    outer loop
      vertex 0 80.5 131.94100538641214
      vertex 5 80.5 131.94100538641214
      vertex 0 70.5 126.16750269383192
    endloop
  endfacet
  facet normal 0 0.5000000000444249 -0.86602540375879
    outer loop
      vertex 5 70.5 126.16750269383192
      vertex 0 70.5 126.16750269383192
      vertex 5 80.5 131.94100538641214
    endloop
  endfacet
  facet normal 0 -0.5000000000444249 -0.86602540375879
    outer loop
      vertex 0 90.5 126.16750269383192
      vertex 5 90.5 126.16750269383192
      vertex 0 80.5 131.94100538641214
    endloop
  endfacet
  facet normal 0 -0.5000000000444249 -0.86602540375879
    outer loop
      vertex 5 80.5 131.94100538641214
      vertex 0 80.5 131.94100538641214
      vertex 5 90.5 126.16750269383192
    endloop
  endfacet
  facet normal 0 -1 0
    outer loop
      vertex 0 90.5 114.62049730867147
      vertex 5 90.5 114.62049730867147
      vertex 0 90.5 126.16750269383192
    endloop
  endfacet
  facet normal 0 -1 0
    outer loop
      vertex 5 90.5 126.16750269383192
      vertex 0 90.5 126.16750269383192
      vertex 5 90.5 114.62049730867147
    endloop
  endfacet
  facet normal 0 -0.5000000000444249 0.86602540375879
    outer loop
      vertex 0 80.5 108.84699461609125
      vertex 5 80.5 108.84699461609125
      vertex 0 90.5 114.62049730867147
    endloop
  endfacet
  facet normal 0 -0.5000000000444249 0.86602540375879
    outer loop
      vertex 5 90.5 114.62049730867147
      vertex 0 90.5 114.62049730867147
      vertex 5 80.5 108.84699461609125
    endloop
  endfacet
  facet normal 0 0.5000000000444249 0.86602540375879
    outer loop
      vertex 0 70.5 114.62049730867147
      vertex 5 70.5 114.62049730867147
      vertex 0 80.5 108.84699461609125
    endloop
  endfacet
  facet normal 0 0.5000000000444249 0.86602540375879
    outer loop
      vertex 5 80.5 108.84699461609125
      vertex 0 80.5 108.84699461609125
      vertex 5 70.5 114.62049730867147
    endloop
  endfacet
  facet normal 0 1 0
    outer loop
      vertex 0 92.29999999701977 126.16750269383192
      vertex 5 92.29999999701977 126.16750269383192
      vertex 0 92.29999999701977 114.62049730867147
    endloop
  endfacet
  facet normal 0 1 0
    outer loop
      vertex 5 92.29999999701977 114.62049730867147
      vertex 0 92.29999999701977 114.62049730867147
      vertex 5 92.29999999701977 126.16750269383192
    endloop
  endfacet
  facet normal 0 0.5000000000444249 -0.86602540375879
    outer loop
      vertex 0 102.29999999701977 131.94100538641214
      vertex 5 102.29999999701977 131.94100538641214
      vertex 0 92.29999999701977 126.16750269383192
    endloop
  endfacet
  facet normal 0 0.5000000000444249 -0.86602540375879
    outer loop
      vertex 5 92.29999999701977 126.16750269383192
      vertex 0 92.29999999701977 126.16750269383192
      vertex 5 102.29999999701977 131.94100538641214
    endloop
  endfacet
  facet normal 0 -0.5000000000444249 -0.86602540375879
    outer loop
      vertex 0 112.29999999701977 126.16750269383192
      vertex 5 112.29999999701977 126.16750269383192
      vertex 0 102.29999999701977 131.94100538641214
    endloop
  endfacet
  facet normal 0 -0.5000000000444249 -0.86602540375879
    outer loop
      vertex 5 102.29999999701977 131.94100538641214
      vertex 0 102.29999999701977 131.94100538641214
      vertex 5 112.29999999701977 126.16750269383192
    endloop
  endfacet
  facet normal 0 -1 0
    outer loop
      vertex 0 112.29999999701977 114.62049730867147
      vertex 5 112.29999999701977 114.62049730867147
      vertex 0 112.29999999701977 126.16750269383192
    endloop
  endfacet
  facet normal 0 -1 0
    outer loop
      vertex 5 112.29999999701977 126.16750269383192
      vertex 0 112.29999999701977 126.16750269383192
      vertex 5 112.29999999701977 114.62049730867147
    endloop
  endfacet
  facet normal 0 -0.5000000000444249 0.86602540375879
    outer loop
      vertex 0 102.29999999701977 108.84699461609125
      vertex 5 102.29999999701977 108.84699461609125
      vertex 0 112.29999999701977 114.62049730867147
    endloop
  endfacet
  facet normal 0 -0.5000000000444249 0.86602540375879
    outer loop
      vertex 5 112.29999999701977 114.62049730867147
      vertex 0 112.29999999701977 114.62049730867147
      vertex 5 102.29999999701977 108.84699461609125
    endloop
  endfacet
  facet normal 0 0.5000000000444249 0.86602540375879
    outer loop
      vertex 0 92.29999999701977 114.62049730867147
      vertex 5 92.29999999701977 114.62049730867147
      vertex 0 102.29999999701977 108.84699461609125
    endloop
  endfacet
  facet normal 0 0.5000000000444249 0.86602540375879
    outer loop
      vertex 5 102.29999999701977 108.84699461609125
      vertex 0 102.29999999701977 108.84699461609125
      vertex 5 92.29999999701977 114.62049730867147
    endloop
  endfacet
  facet normal 0 1 0
    outer loop
      vertex 0 114.10000000149012 126.16750269383192
      vertex 5 114.10000000149012 126.16750269383192
      vertex 0 114.10000000149012 114.62049730867147
    endloop
  endfacet
  facet normal 0 1 0
    outer loop
      vertex 5 114.10000000149012 114.62049730867147
      vertex 0 114.10000000149012 114.62049730867147
      vertex 5 114.10000000149012 126.16750269383192
    endloop
  endfacet
  facet normal 0 0.5000000000444249 -0.86602540375879
    outer loop
      vertex 0 124.10000000149012 131.94100538641214
      vertex 5 124.10000000149012 131.94100538641214
      vertex 0 114.10000000149012 126.16750269383192
    endloop
  endfacet
  facet normal 0 0.5000000000444249 -0.86602540375879
    outer loop
      vertex 5 114.10000000149012 126.16750269383192
      vertex 0 114.10000000149012 126.16750269383192
      vertex 5 124.10000000149012 131.94100538641214
    endloop
  endfacet
  facet normal 0 -0.5000000000444249 -0.86602540375879
    outer loop
      vertex 0 134.10000000149012 126.16750269383192
      vertex 5 134.10000000149012 126.16750269383192
      vertex 0 124.10000000149012 131.94100538641214
    endloop
  endfacet
  facet normal 0 -0.5000000000444249 -0.86602540375879
    outer loop
      vertex 5 124.10000000149012 131.94100538641214
      vertex 0 124.10000000149012 131.94100538641214
      vertex 5 134.10000000149012 126.16750269383192
    endloop
  endfacet
  facet normal 0 -1 0
    outer loop
      vertex 0 134.10000000149012 114.62049730867147
      vertex 5 134.10000000149012 114.62049730867147
      vertex 0 134.10000000149012 126.16750269383192
    endloop
  endfacet
  facet normal 0 -1 0
    outer loop
      vertex 5 134.10000000149012 126.16750269383192
      vertex 0 134.10000000149012 126.16750269383192
      vertex 5 134.10000000149012 114.62049730867147
    endloop
  endfacet
  facet normal 0 -0.5000000000444249 0.86602540375879
    outer loop
      vertex 0 124.10000000149012 108.84699461609125
      vertex 5 124.10000000149012 108.84699461609125
      vertex 0 134.10000000149012 114.62049730867147
    endloop
  endfacet
  facet normal 0 -0.5000000000444249 0.86602540375879
    outer loop
      vertex 5 134.10000000149012 114.62049730867147
      vertex 0 134.10000000149012 114.62049730867147
      vertex 5 124.10000000149012 108.84699461609125
    endloop
  endfacet
  facet normal 0 0.5000000000444249 0.86602540375879
    outer loop
      vertex 0 114.10000000149012 114.62049730867147
      vertex 5 114.10000000149012 114.62049730867147
      vertex 0 124.10000000149012 108.84699461609125
    endloop
  endfacet
  facet normal 0 0.5000000000444249 0.86602540375879
    outer loop
      vertex 5 124.10000000149012 108.84699461609125
      vertex 0 124.10000000149012 108.84699461609125
      vertex 5 114.10000000149012 114.62049730867147
    endloop
  endfacet
  facet normal 0 1 0
    outer loop
      vertex 0 135.89999999850988 126.16750269383192
      vertex 5 135.89999999850988 126.16750269383192
      vertex 0 135.89999999850988 114.62049730867147
    endloop
  endfacet
  facet normal 0 1 0
    outer loop
      vertex 5 135.89999999850988 114.62049730867147
      vertex 0 135.89999999850988 114.62049730867147
      vertex 5 135.89999999850988 126.16750269383192
    endloop
  endfacet
  facet normal 0 0.5000000000444249 -0.86602540375879
    outer loop
      vertex 0 145.89999999850988 131.94100538641214
      vertex 5 145.89999999850988 131.94100538641214
      vertex 0 135.89999999850988 126.16750269383192
    endloop
  endfacet
  facet normal 0 0.5000000000444249 -0.86602540375879
    outer loop
      vertex 5 135.89999999850988 126.16750269383192
      vertex 0 135.89999999850988 126.16750269383192
      vertex 5 145.89999999850988 131.94100538641214
    endloop
  endfacet
  facet normal 0 -0.5000000000444249 -0.86602540375879
    outer loop
      vertex 0 155.89999999850988 126.16750269383192
      vertex 5 155.89999999850988 126.16750269383192
      vertex 0 145.89999999850988 131.94100538641214
    endloop
  endfacet
  facet normal 0 -0.5000000000444249 -0.86602540375879
    outer loop
      vertex 5 145.89999999850988 131.94100538641214
      vertex 0 145.89999999850988 131.94100538641214
      vertex 5 155.89999999850988 126.16750269383192
    endloop
  endfacet
  facet normal 0 -1 0
    outer loop
      vertex 0 155.89999999850988 114.62049730867147
      vertex 5 155.89999999850988 114.62049730867147
      vertex 0 155.89999999850988 126.16750269383192
    endloop
  endfacet
  facet normal 0 -1 0
    outer loop
      vertex 5 155.89999999850988 126.16750269383192
      vertex 0 155.89999999850988 126.16750269383192
      vertex 5 155.89999999850988 114.62049730867147
    endloop
  endfacet
  facet normal 0 -0.5000000000444249 0.86602540375879
    outer loop
      vertex 0 145.89999999850988 108.84699461609125
      vertex 5 145.89999999850988 108.84699461609125
      vertex 0 155.89999999850988 114.62049730867147
    endloop
  endfacet
  facet normal 0 -0.5000000000444249 0.86602540375879
    outer loop
      vertex 5 155.89999999850988 114.62049730867147
      vertex 0 155.89999999850988 114.62049730867147
      vertex 5 145.89999999850988 108.84699461609125
    endloop
  endfacet
  facet normal 0 0.5000000000444249 0.86602540375879
    outer loop
      vertex 0 135.89999999850988 114.62049730867147
      vertex 5 135.89999999850988 114.62049730867147
      vertex 0 145.89999999850988 108.84699461609125
    endloop
  endfacet
  facet normal 0 0.5000000000444249 0.86602540375879
    outer loop
      vertex 5 145.89999999850988 108.84699461609125
      vertex 0 145.89999999850988 108.84699461609125
      vertex 5 135.89999999850988 114.62049730867147
    endloop
  endfacet
  facet normal 0 1 0
    outer loop
      vertex 0 157.70000000298023 126.16750269383192
      vertex 5 157.70000000298023 126.16750269383192
      vertex 0 157.70000000298023 114.62049730867147
    endloop
  endfacet
  facet normal 0 1 0
    outer loop
      vertex 5 157.70000000298023 114.62049730867147
      vertex 0 157.70000000298023 114.62049730867147
      vertex 5 157.70000000298023 126.16750269383192
    endloop
  endfacet
  facet normal 0 0.5000000000444249 -0.86602540375879
    outer loop
      vertex 0 167.70000000298023 131.94100538641214
      vertex 5 167.70000000298023 131.94100538641214
      vertex 0 157.70000000298023 126.16750269383192
    endloop
  endfacet
  facet normal 0 0.5000000000444249 -0.86602540375879
    outer loop
      vertex 5 157.70000000298023 126.16750269383192
      vertex 0 157.70000000298023 126.16750269383192
      vertex 5 167.70000000298023 131.94100538641214
    endloop
  endfacet
  facet normal 0 -0.5000000000444249 -0.86602540375879
    outer loop
      vertex 0 177.70000000298023 126.16750269383192
      vertex 5 177.70000000298023 126.16750269383192
      vertex 0 167.70000000298023 131.94100538641214
    endloop
  endfacet
  facet normal 0 -0.5000000000444249 -0.86602540375879
    outer loop
      vertex 5 167.70000000298023 131.94100538641214
      vertex 0 167.70000000298023 131.94100538641214
      vertex 5 177.70000000298023 126.16750269383192
    endloop
  endfacet
  facet normal 0 -1 0
    outer loop
      vertex 0 177.70000000298023 114.62049730867147
      vertex 5 177.70000000298023 114.62049730867147
      vertex 0 177.70000000298023 126.16750269383192
    endloop
  endfacet
  facet normal 0 -1 0
    outer loop
      vertex 5 177.70000000298023 126.16750269383192
      vertex 0 177.70000000298023 126.16750269383192
      vertex 5 177.70000000298023 114.62049730867147
    endloop
  endfacet
  facet normal 0 -0.5000000000444249 0.86602540375879
    outer loop
      vertex 0 167.70000000298023 108.84699461609125
      vertex 5 167.70000000298023 108.84699461609125
      vertex 0 177.70000000298023 114.62049730867147
    endloop
  endfacet
  facet normal 0 -0.5000000000444249 0.86602540375879
    outer loop
      vertex 5 177.70000000298023 114.62049730867147
      vertex 0 177.70000000298023 114.62049730867147
      vertex 5 167.70000000298023 108.84699461609125
    endloop
  endfacet
  facet normal 0 0.5000000000444249 0.86602540375879
    outer loop
      vertex 0 157.70000000298023 114.62049730867147
      vertex 5 157.70000000298023 114.62049730867147
      vertex 0 167.70000000298023 108.84699461609125
    endloop
  endfacet
  facet normal 0 0.5000000000444249 0.86602540375879
    outer loop
      vertex 5 167.70000000298023 108.84699461609125
      vertex 0 167.70000000298023 108.84699461609125
      vertex 5 157.70000000298023 114.62049730867147
    endloop
  endfacet
  facet normal 0 1 0
    outer loop
      vertex 0 179.5 126.16750269383192
      vertex 5 179.5 126.16750269383192
      vertex 0 179.5 114.62049730867147
    endloop
  endfacet
  facet normal 0 1 0
    outer loop
      vertex 5 179.5 114.62049730867147
      vertex 0 179.5 114.62049730867147
      vertex 5 179.5 126.16750269383192
    endloop
  endfacet
  facet normal 0 0.5000000000444249 -0.86602540375879
    outer loop
      vertex 0 189.5 131.94100538641214
      vertex 5 189.5 131.94100538641214
      vertex 0 179.5 126.16750269383192
    endloop
  endfacet
  facet normal 0 0.5000000000444249 -0.86602540375879
    outer loop
      vertex 5 179.5 126.16750269383192
      vertex 0 179.5 126.16750269383192
      vertex 5 189.5 131.94100538641214
    endloop
  endfacet
  facet normal 0 -0.5000000000444249 -0.86602540375879
    outer loop
      vertex 0 199.5 126.16750269383192
      vertex 5 199.5 126.16750269383192
      vertex 0 189.5 131.94100538641214
    endloop
  endfacet
  facet normal 0 -0.5000000000444249 -0.86602540375879
    outer loop
      vertex 5 189.5 131.94100538641214
      vertex 0 189.5 131.94100538641214
      vertex 5 199.5 126.16750269383192
    endloop
  endfacet
  facet normal 0 -1 0
    outer loop
      vertex 0 199.5 114.62049730867147
      vertex 5 199.5 114.62049730867147
      vertex 0 199.5 126.16750269383192
    endloop
  endfacet
  facet normal 0 -1 0
    outer loop
      vertex 5 199.5 126.16750269383192
      vertex 0 199.5 126.16750269383192
      vertex 5 199.5 114.62049730867147
    endloop
  endfacet
  facet normal 0 -0.5000000000444249 0.86602540375879
    outer loop
      vertex 0 189.5 108.84699461609125
      vertex 5 189.5 108.84699461609125
      vertex 0 199.5 114.62049730867147
    endloop
  endfacet
  facet normal 0 -0.5000000000444249 0.86602540375879
    outer loop
      vertex 5 199.5 114.62049730867147
      vertex 0 199.5 114.62049730867147
      vertex 5 189.5 108.84699461609125
    endloop
  endfacet
  facet normal 0 0.5000000000444249 0.86602540375879
    outer loop
      vertex 0 179.5 114.62049730867147
      vertex 5 179.5 114.62049730867147
      vertex 0 189.5 108.84699461609125
    endloop
  endfacet
  facet normal 0 0.5000000000444249 0.86602540375879
    outer loop
      vertex 5 189.5 108.84699461609125
      vertex 0 189.5 108.84699461609125
      vertex 5 179.5 114.62049730867147
    endloop
  endfacet
  facet normal 0 1 0
    outer loop
      vertex 0 201.29999999701977 126.16750269383192
      vertex 5 201.29999999701977 126.16750269383192
      vertex 0 201.29999999701977 114.62049730867147
    endloop
  endfacet
  facet normal 0 1 0
    outer loop
      vertex 5 201.29999999701977 114.62049730867147
      vertex 0 201.29999999701977 114.62049730867147
      vertex 5 201.29999999701977 126.16750269383192
    endloop
  endfacet
  facet normal 0 0.5000000000444249 -0.86602540375879
    outer loop
      vertex 0 211.29999999701977 131.94100538641214
      vertex 5 211.29999999701977 131.94100538641214
      vertex 0 201.29999999701977 126.16750269383192
    endloop
  endfacet
  facet normal 0 0.5000000000444249 -0.86602540375879
    outer loop
      vertex 5 201.29999999701977 126.16750269383192
      vertex 0 201.29999999701977 126.16750269383192
      vertex 5 211.29999999701977 131.94100538641214
    endloop
  endfacet
  facet normal 0 -0.5000000000444249 -0.86602540375879
    outer loop
      vertex 0 221.29999999701977 126.16750269383192
      vertex 5 221.29999999701977 126.16750269383192
      vertex 0 211.29999999701977 131.94100538641214
    endloop
  endfacet
  facet normal 0 -0.5000000000444249 -0.86602540375879
    outer loop
      vertex 5 211.29999999701977 131.94100538641214
      vertex 0 211.29999999701977 131.94100538641214
      vertex 5 221.29999999701977 126.16750269383192
    endloop
  endfacet
  facet normal 0 -1 0
    outer loop
      vertex 0 221.29999999701977 114.62049730867147
      vertex 5 221.29999999701977 114.62049730867147
      vertex 0 221.29999999701977 126.16750269383192
    endloop
  endfacet
  facet normal 0 -1 0
    outer loop
      vertex 5 221.29999999701977 126.16750269383192
      vertex 0 221.29999999701977 126.16750269383192
      vertex 5 221.29999999701977 114.62049730867147
    endloop
  endfacet
  facet normal 0 -0.5000000000444249 0.86602540375879
    outer loop
      vertex 0 211.29999999701977 108.84699461609125
      vertex 5 211.29999999701977 108.84699461609125
      vertex 0 221.29999999701977 114.62049730867147
    endloop
  endfacet
  facet normal 0 -0.5000000000444249 0.86602540375879
    outer loop
      vertex 5 221.29999999701977 114.62049730867147
      vertex 0 221.29999999701977 114.62049730867147
      vertex 5 211.29999999701977 108.84699461609125
    endloop
  endfacet
  facet normal 0 0.5000000000444249 0.86602540375879
    outer loop
      vertex 0 201.29999999701977 114.62049730867147
      vertex 5 201.29999999701977 114.62049730867147
      vertex 0 211.29999999701977 108.84699461609125
    endloop
  endfacet
  facet normal 0 0.5000000000444249 0.86602540375879
    outer loop
      vertex 5 211.29999999701977 108.84699461609125
      vertex 0 211.29999999701977 108.84699461609125
      vertex 5 201.29999999701977 114.62049730867147
    endloop
  endfacet
  facet normal 0 1 0
    outer loop
      vertex 0 16 107.28870268911123
      vertex 5 16 107.28870268911123
      vertex 0 16 95.74169731140137
    endloop
  endfacet
  facet normal 0 1 0
    outer loop
      vertex 5 16 95.74169731140137
      vertex 0 16 95.74169731140137
      vertex 5 16 107.28870268911123
    endloop
  endfacet
  facet normal 0 0.5000000000444249 -0.86602540375879
    outer loop
      vertex 0 26 113.06220538169146
      vertex 5 26 113.06220538169146
      vertex 0 16 107.28870268911123
    endloop
  endfacet
  facet normal 0 0.5000000000444249 -0.86602540375879
    outer loop
      vertex 5 16 107.28870268911123
      vertex 0 16 107.28870268911123
      vertex 5 26 113.06220538169146
    endloop
  endfacet
  facet normal 0 -0.5000000000444249 -0.86602540375879
    outer loop
      vertex 0 36 107.28870268911123
      vertex 5 36 107.28870268911123
      vertex 0 26 113.06220538169146
    endloop
  endfacet
  facet normal 0 -0.5000000000444249 -0.86602540375879
    outer loop
      vertex 5 26 113.06220538169146
      vertex 0 26 113.06220538169146
      vertex 5 36 107.28870268911123
    endloop
  endfacet
  facet normal 0 -1 0
    outer loop
      vertex 0 36 95.74169731140137
      vertex 5 36 95.74169731140137
      vertex 0 36 107.28870268911123
    endloop
  endfacet
  facet normal 0 -1 0
    outer loop
      vertex 5 36 107.28870268911123
      vertex 0 36 107.28870268911123
      vertex 5 36 95.74169731140137
    endloop
  endfacet
  facet normal 0 -0.5000000000444249 0.86602540375879
    outer loop
      vertex 0 26 89.96819461882114
      vertex 5 26 89.96819461882114
      vertex 0 36 95.74169731140137
    endloop
  endfacet
  facet normal 0 -0.5000000000444249 0.86602540375879
    outer loop
      vertex 5 36 95.74169731140137
      vertex 0 36 95.74169731140137
      vertex 5 26 89.96819461882114
    endloop
  endfacet
  facet normal 0 0.5000000000444249 0.86602540375879
    outer loop
      vertex 0 16 95.74169731140137
      vertex 5 16 95.74169731140137
      vertex 0 26 89.96819461882114
    endloop
  endfacet
  facet normal 0 0.5000000000444249 0.86602540375879
    outer loop
      vertex 5 26 89.96819461882114
      vertex 0 26 89.96819461882114
      vertex 5 16 95.74169731140137
    endloop
  endfacet
  facet normal 0 1 0
    outer loop
      vertex 0 37.79999999701977 107.28870268911123
      vertex 5 37.79999999701977 107.28870268911123
      vertex 0 37.79999999701977 95.74169731140137
    endloop
  endfacet
  facet normal 0 1 0
    outer loop
      vertex 5 37.79999999701977 95.74169731140137
      vertex 0 37.79999999701977 95.74169731140137
      vertex 5 37.79999999701977 107.28870268911123
    endloop
  endfacet
  facet normal 0 0.5000000000444249 -0.86602540375879
    outer loop
      vertex 0 47.79999999701977 113.06220538169146
      vertex 5 47.79999999701977 113.06220538169146
      vertex 0 37.79999999701977 107.28870268911123
    endloop
  endfacet
  facet normal 0 0.5000000000444249 -0.86602540375879
    outer loop
      vertex 5 37.79999999701977 107.28870268911123
      vertex 0 37.79999999701977 107.28870268911123
      vertex 5 47.79999999701977 113.06220538169146
    endloop
  endfacet
  facet normal 0 -0.5000000000444249 -0.86602540375879
    outer loop
      vertex 0 57.79999999701977 107.28870268911123
      vertex 5 57.79999999701977 107.28870268911123
      vertex 0 47.79999999701977 113.06220538169146
    endloop
  endfacet
  facet normal 0 -0.5000000000444249 -0.86602540375879
    outer loop
      vertex 5 47.79999999701977 113.06220538169146
      vertex 0 47.79999999701977 113.06220538169146
      vertex 5 57.79999999701977 107.28870268911123
    endloop
  endfacet
  facet normal 0 -1 0
    outer loop
      vertex 0 57.79999999701977 95.74169731140137
      vertex 5 57.79999999701977 95.74169731140137
      vertex 0 57.79999999701977 107.28870268911123
    endloop
  endfacet
  facet normal 0 -1 0
    outer loop
      vertex 5 57.79999999701977 107.28870268911123
      vertex 0 57.79999999701977 107.28870268911123
      vertex 5 57.79999999701977 95.74169731140137
    endloop
  endfacet
  facet normal 0 -0.5000000000444249 0.86602540375879
    outer loop
      vertex 0 47.79999999701977 89.96819461882114
      vertex 5 47.79999999701977 89.96819461882114
      vertex 0 57.79999999701977 95.74169731140137
    endloop
  endfacet
  facet normal 0 -0.5000000000444249 0.86602540375879
    outer loop
      vertex 5 57.79999999701977 95.74169731140137
      vertex 0 57.79999999701977 95.74169731140137
      vertex 5 47.79999999701977 89.96819461882114
    endloop
  endfacet
  facet normal 0 0.5000000000444249 0.86602540375879
    outer loop
      vertex 0 37.79999999701977 95.74169731140137
      vertex 5 37.79999999701977 95.74169731140137
      vertex 0 47.79999999701977 89.96819461882114
    endloop
  endfacet
  facet normal 0 0.5000000000444249 0.86602540375879
    outer loop
      vertex 5 47.79999999701977 89.96819461882114
      vertex 0 47.79999999701977 89.96819461882114
      vertex 5 37.79999999701977 95.74169731140137
    endloop
  endfacet
  facet normal 0 1 0
    outer loop
      vertex 0 59.600000001490116 107.28870268911123
      vertex 5 59.600000001490116 107.28870268911123
      vertex 0 59.600000001490116 95.74169731140137
    endloop
  endfacet
  facet normal 0 1 0
    outer loop
      vertex 5 59.600000001490116 95.74169731140137
      vertex 0 59.600000001490116 95.74169731140137
      vertex 5 59.600000001490116 107.28870268911123
    endloop
  endfacet
  facet normal 0 0.5000000000444249 -0.86602540375879
    outer loop
      vertex 0 69.60000000149012 113.06220538169146
      vertex 5 69.60000000149012 113.06220538169146
      vertex 0 59.600000001490116 107.28870268911123
    endloop
  endfacet
  facet normal 0 0.5000000000444249 -0.86602540375879
    outer loop
      vertex 5 59.600000001490116 107.28870268911123
      vertex 0 59.600000001490116 107.28870268911123
      vertex 5 69.60000000149012 113.06220538169146
    endloop
  endfacet
  facet normal 0 -0.5000000000444249 -0.86602540375879
    outer loop
      vertex 0 79.60000000149012 107.28870268911123
      vertex 5 79.60000000149012 107.28870268911123
      vertex 0 69.60000000149012 113.06220538169146
    endloop
  endfacet
  facet normal 0 -0.5000000000444249 -0.86602540375879
    outer loop
      vertex 5 69.60000000149012 113.06220538169146
      vertex 0 69.60000000149012 113.06220538169146
      vertex 5 79.60000000149012 107.28870268911123
    endloop
  endfacet
  facet normal 0 -1 0
    outer loop
      vertex 0 79.60000000149012 95.74169731140137
      vertex 5 79.60000000149012 95.74169731140137
      vertex 0 79.60000000149012 107.28870268911123
    endloop
  endfacet
  facet normal 0 -1 0
    outer loop
      vertex 5 79.60000000149012 107.28870268911123
      vertex 0 79.60000000149012 107.28870268911123
      vertex 5 79.60000000149012 95.74169731140137
    endloop
  endfacet
  facet normal 0 -0.5000000000444249 0.86602540375879
    outer loop
      vertex 0 69.60000000149012 89.96819461882114
      vertex 5 69.60000000149012 89.96819461882114
      vertex 0 79.60000000149012 95.74169731140137
    endloop
  endfacet
  facet normal 0 -0.5000000000444249 0.86602540375879
    outer loop
      vertex 5 79.60000000149012 95.74169731140137
      vertex 0 79.60000000149012 95.74169731140137
      vertex 5 69.60000000149012 89.96819461882114
    endloop
  endfacet
  facet normal 0 0.5000000000444249 0.86602540375879
    outer loop
      vertex 0 59.600000001490116 95.74169731140137
      vertex 5 59.600000001490116 95.74169731140137
      vertex 0 69.60000000149012 89.96819461882114
    endloop
  endfacet
  facet normal 0 0.5000000000444249 0.86602540375879
    outer loop
      vertex 5 69.60000000149012 89.96819461882114
      vertex 0 69.60000000149012 89.96819461882114
      vertex 5 59.600000001490116 95.74169731140137
    endloop
  endfacet
  facet normal 0 1 0
    outer loop
      vertex 0 81.39999999850988 107.28870268911123
      vertex 5 81.39999999850988 107.28870268911123
      vertex 0 81.39999999850988 95.74169731140137
    endloop
  endfacet
  facet normal 0 1 0
    outer loop
      vertex 5 81.39999999850988 95.74169731140137
      vertex 0 81.39999999850988 95.74169731140137
      vertex 5 81.39999999850988 107.28870268911123
    endloop
  endfacet
  facet normal 0 0.5000000000444249 -0.86602540375879
    outer loop
      vertex 0 91.39999999850988 113.06220538169146
      vertex 5 91.39999999850988 113.06220538169146
      vertex 0 81.39999999850988 107.28870268911123
    endloop
  endfacet
  facet normal 0 0.5000000000444249 -0.86602540375879
    outer loop
      vertex 5 81.39999999850988 107.28870268911123
      vertex 0 81.39999999850988 107.28870268911123
      vertex 5 91.39999999850988 113.06220538169146
    endloop
  endfacet
  facet normal 0 -0.5000000000444249 -0.86602540375879
    outer loop
      vertex 0 101.39999999850988 107.28870268911123
      vertex 5 101.39999999850988 107.28870268911123
      vertex 0 91.39999999850988 113.06220538169146
    endloop
  endfacet
  facet normal 0 -0.5000000000444249 -0.86602540375879
    outer loop
      vertex 5 91.39999999850988 113.06220538169146
      vertex 0 91.39999999850988 113.06220538169146
      vertex 5 101.39999999850988 107.28870268911123
    endloop
  endfacet
  facet normal 0 -1 0
    outer loop
      vertex 0 101.39999999850988 95.74169731140137
      vertex 5 101.39999999850988 95.74169731140137
      vertex 0 101.39999999850988 107.28870268911123
    endloop
  endfacet
  facet normal 0 -1 0
    outer loop
      vertex 5 101.39999999850988 107.28870268911123
      vertex 0 101.39999999850988 107.28870268911123
      vertex 5 101.39999999850988 95.74169731140137
    endloop
  endfacet
  facet normal 0 -0.5000000000444249 0.86602540375879
    outer loop
      vertex 0 91.39999999850988 89.96819461882114
      vertex 5 91.39999999850988 89.96819461882114
      vertex 0 101.39999999850988 95.74169731140137
    endloop
  endfacet
  facet normal 0 -0.5000000000444249 0.86602540375879
    outer loop
      vertex 5 101.39999999850988 95.74169731140137
      vertex 0 101.39999999850988 95.74169731140137
      vertex 5 91.39999999850988 89.96819461882114
    endloop
  endfacet
  facet normal 0 0.5000000000444249 0.86602540375879
    outer loop
      vertex 0 81.39999999850988 95.74169731140137
      vertex 5 81.39999999850988 95.74169731140137
      vertex 0 91.39999999850988 89.96819461882114
    endloop
  endfacet
  facet normal 0 0.5000000000444249 0.86602540375879
    outer loop
      vertex 5 91.39999999850988 89.96819461882114
      vertex 0 91.39999999850988 89.96819461882114
      vertex 5 81.39999999850988 95.74169731140137
    endloop
  endfacet
  facet normal 0 1 0
    outer loop
      vertex 0 103.20000000298023 107.28870268911123
      vertex 5 103.20000000298023 107.28870268911123
      vertex 0 103.20000000298023 95.74169731140137
    endloop
  endfacet
  facet normal 0 1 0
    outer loop
      vertex 5 103.20000000298023 95.74169731140137
      vertex 0 103.20000000298023 95.74169731140137
      vertex 5 103.20000000298023 107.28870268911123
    endloop
  endfacet
  facet normal 0 0.5000000000444249 -0.86602540375879
    outer loop
      vertex 0 113.20000000298023 113.06220538169146
      vertex 5 113.20000000298023 113.06220538169146
      vertex 0 103.20000000298023 107.28870268911123
    endloop
  endfacet
  facet normal 0 0.5000000000444249 -0.86602540375879
    outer loop
      vertex 5 103.20000000298023 107.28870268911123
      vertex 0 103.20000000298023 107.28870268911123
      vertex 5 113.20000000298023 113.06220538169146
    endloop
  endfacet
  facet normal 0 -0.5000000000444249 -0.86602540375879
    outer loop
      vertex 0 123.20000000298023 107.28870268911123
      vertex 5 123.20000000298023 107.28870268911123
      vertex 0 113.20000000298023 113.06220538169146
    endloop
  endfacet
  facet normal 0 -0.5000000000444249 -0.86602540375879
    outer loop
      vertex 5 113.20000000298023 113.06220538169146
      vertex 0 113.20000000298023 113.06220538169146
      vertex 5 123.20000000298023 107.28870268911123
    endloop
  endfacet
  facet normal 0 -1 0
    outer loop
      vertex 0 123.20000000298023 95.74169731140137
      vertex 5 123.20000000298023 95.74169731140137
      vertex 0 123.20000000298023 107.28870268911123
    endloop
  endfacet
  facet normal 0 -1 0
    outer loop
      vertex 5 123.20000000298023 107.28870268911123
      vertex 0 123.20000000298023 107.28870268911123
      vertex 5 123.20000000298023 95.74169731140137
    endloop
  endfacet
  facet normal 0 -0.5000000000444249 0.86602540375879
    outer loop
      vertex 0 113.20000000298023 89.96819461882114
      vertex 5 113.20000000298023 89.96819461882114
      vertex 0 123.20000000298023 95.74169731140137
    endloop
  endfacet
  facet normal 0 -0.5000000000444249 0.86602540375879
    outer loop
      vertex 5 123.20000000298023 95.74169731140137
      vertex 0 123.20000000298023 95.74169731140137
      vertex 5 113.20000000298023 89.96819461882114
    endloop
  endfacet
  facet normal 0 0.5000000000444249 0.86602540375879
    outer loop
      vertex 0 103.20000000298023 95.74169731140137
      vertex 5 103.20000000298023 95.74169731140137
      vertex 0 113.20000000298023 89.96819461882114
    endloop
  endfacet
  facet normal 0 0.5000000000444249 0.86602540375879
    outer loop
      vertex 5 113.20000000298023 89.96819461882114
      vertex 0 113.20000000298023 89.96819461882114
      vertex 5 103.20000000298023 95.74169731140137
    endloop
  endfacet
  facet normal 0 1 0
    outer loop
      vertex 0 125 107.28870268911123
      vertex 5 125 107.28870268911123
      vertex 0 125 95.74169731140137
    endloop
  endfacet
  facet normal 0 1 0
    outer loop
      vertex 5 125 95.74169731140137
      vertex 0 125 95.74169731140137
      vertex 5 125 107.28870268911123
    endloop
  endfacet
  facet normal 0 0.5000000000444249 -0.86602540375879
    outer loop
      vertex 0 135 113.06220538169146
      vertex 5 135 113.06220538169146
      vertex 0 125 107.28870268911123
    endloop
  endfacet
  facet normal 0 0.5000000000444249 -0.86602540375879
    outer loop
      vertex 5 125 107.28870268911123
      vertex 0 125 107.28870268911123
      vertex 5 135 113.06220538169146
    endloop
  endfacet
  facet normal 0 -0.5000000000444249 -0.86602540375879
    outer loop
      vertex 0 145 107.28870268911123
      vertex 5 145 107.28870268911123
      vertex 0 135 113.06220538169146
    endloop
  endfacet
  facet normal 0 -0.5000000000444249 -0.86602540375879
    outer loop
      vertex 5 135 113.06220538169146
      vertex 0 135 113.06220538169146
      vertex 5 145 107.28870268911123
    endloop
  endfacet
  facet normal 0 -1 0
    outer loop
      vertex 0 145 95.74169731140137
      vertex 5 145 95.74169731140137
      vertex 0 145 107.28870268911123
    endloop
  endfacet
  facet normal 0 -1 0
    outer loop
      vertex 5 145 107.28870268911123
      vertex 0 145 107.28870268911123
      vertex 5 145 95.74169731140137
    endloop
  endfacet
  facet normal 0 -0.5000000000444249 0.86602540375879
    outer loop
      vertex 0 135 89.96819461882114
      vertex 5 135 89.96819461882114
      vertex 0 145 95.74169731140137
    endloop
  endfacet
  facet normal 0 -0.5000000000444249 0.86602540375879
    outer loop
      vertex 5 145 95.74169731140137
      vertex 0 145 95.74169731140137
      vertex 5 135 89.96819461882114
    endloop
  endfacet
  facet normal 0 0.5000000000444249 0.86602540375879
    outer loop
      vertex 0 125 95.74169731140137
      vertex 5 125 95.74169731140137
      vertex 0 135 89.96819461882114
    endloop
  endfacet
  facet normal 0 0.5000000000444249 0.86602540375879
    outer loop
      vertex 5 135 89.96819461882114
      vertex 0 135 89.96819461882114
      vertex 5 125 95.74169731140137
    endloop
  endfacet
  facet normal 0 1 0
    outer loop
      vertex 0 146.79999999701977 107.28870268911123
      vertex 5 146.79999999701977 107.28870268911123
      vertex 0 146.79999999701977 95.74169731140137
    endloop
  endfacet
  facet normal 0 1 0
    outer loop
      vertex 5 146.79999999701977 95.74169731140137
      vertex 0 146.79999999701977 95.74169731140137
      vertex 5 146.79999999701977 107.28870268911123
    endloop
  endfacet
  facet normal 0 0.5000000000444249 -0.86602540375879
    outer loop
      vertex 0 156.79999999701977 113.06220538169146
      vertex 5 156.79999999701977 113.06220538169146
      vertex 0 146.79999999701977 107.28870268911123
    endloop
  endfacet
  facet normal 0 0.5000000000444249 -0.86602540375879
    outer loop
      vertex 5 146.79999999701977 107.28870268911123
      vertex 0 146.79999999701977 107.28870268911123
      vertex 5 156.79999999701977 113.06220538169146
    endloop
  endfacet
  facet normal 0 -0.5000000000444249 -0.86602540375879
    outer loop
      vertex 0 166.79999999701977 107.28870268911123
      vertex 5 166.79999999701977 107.28870268911123
      vertex 0 156.79999999701977 113.06220538169146
    endloop
  endfacet
  facet normal 0 -0.5000000000444249 -0.86602540375879
    outer loop
      vertex 5 156.79999999701977 113.06220538169146
      vertex 0 156.79999999701977 113.06220538169146
      vertex 5 166.79999999701977 107.28870268911123
    endloop
  endfacet
  facet normal 0 -1 0
    outer loop
      vertex 0 166.79999999701977 95.74169731140137
      vertex 5 166.79999999701977 95.74169731140137
      vertex 0 166.79999999701977 107.28870268911123
    endloop
  endfacet
  facet normal 0 -1 0
    outer loop
      vertex 5 166.79999999701977 107.28870268911123
      vertex 0 166.79999999701977 107.28870268911123
      vertex 5 166.79999999701977 95.74169731140137
    endloop
  endfacet
  facet normal 0 -0.5000000000444249 0.86602540375879
    outer loop
      vertex 0 156.79999999701977 89.96819461882114
      vertex 5 156.79999999701977 89.96819461882114
      vertex 0 166.79999999701977 95.74169731140137
    endloop
  endfacet
  facet normal 0 -0.5000000000444249 0.86602540375879
    outer loop
      vertex 5 166.79999999701977 95.74169731140137
      vertex 0 166.79999999701977 95.74169731140137
      vertex 5 156.79999999701977 89.96819461882114
    endloop
  endfacet
  facet normal 0 0.5000000000444249 0.86602540375879
    outer loop
      vertex 0 146.79999999701977 95.74169731140137
      vertex 5 146.79999999701977 95.74169731140137
      vertex 0 156.79999999701977 89.96819461882114
    endloop
  endfacet
  facet normal 0 0.5000000000444249 0.86602540375879
    outer loop
      vertex 5 156.79999999701977 89.96819461882114
      vertex 0 156.79999999701977 89.96819461882114
      vertex 5 146.79999999701977 95.74169731140137
    endloop
  endfacet
  facet normal 0 1 0
    outer loop
      vertex 0 168.60000000149012 107.28870268911123
      vertex 5 168.60000000149012 107.28870268911123
      vertex 0 168.60000000149012 95.74169731140137
    endloop
  endfacet
  facet normal 0 1 0
    outer loop
      vertex 5 168.60000000149012 95.74169731140137
      vertex 0 168.60000000149012 95.74169731140137
      vertex 5 168.60000000149012 107.28870268911123
    endloop
  endfacet
  facet normal 0 0.5000000000444249 -0.86602540375879
    outer loop
      vertex 0 178.60000000149012 113.06220538169146
      vertex 5 178.60000000149012 113.06220538169146
      vertex 0 168.60000000149012 107.28870268911123
    endloop
  endfacet
  facet normal 0 0.5000000000444249 -0.86602540375879
    outer loop
      vertex 5 168.60000000149012 107.28870268911123
      vertex 0 168.60000000149012 107.28870268911123
      vertex 5 178.60000000149012 113.06220538169146
    endloop
  endfacet
  facet normal 0 -0.5000000000444249 -0.86602540375879
    outer loop
      vertex 0 188.60000000149012 107.28870268911123
      vertex 5 188.60000000149012 107.28870268911123
      vertex 0 178.60000000149012 113.06220538169146
    endloop
  endfacet
  facet normal 0 -0.5000000000444249 -0.86602540375879
    outer loop
      vertex 5 178.60000000149012 113.06220538169146
      vertex 0 178.60000000149012 113.06220538169146
      vertex 5 188.60000000149012 107.28870268911123
    endloop
  endfacet
  facet normal 0 -1 0
    outer loop
      vertex 0 188.60000000149012 95.74169731140137
      vertex 5 188.60000000149012 95.74169731140137
      vertex 0 188.60000000149012 107.28870268911123
    endloop
  endfacet
  facet normal 0 -1 0
    outer loop
      vertex 5 188.60000000149012 107.28870268911123
      vertex 0 188.60000000149012 107.28870268911123
      vertex 5 188.60000000149012 95.74169731140137
    endloop
  endfacet
  facet normal 0 -0.5000000000444249 0.86602540375879
    outer loop
      vertex 0 178.60000000149012 89.96819461882114
      vertex 5 178.60000000149012 89.96819461882114
      vertex 0 188.60000000149012 95.74169731140137
    endloop
  endfacet
  facet normal 0 -0.5000000000444249 0.86602540375879
    outer loop
      vertex 5 188.60000000149012 95.74169731140137
      vertex 0 188.60000000149012 95.74169731140137
      vertex 5 178.60000000149012 89.96819461882114
    endloop
  endfacet
  facet normal 0 0.5000000000444249 0.86602540375879
    outer loop
      vertex 0 168.60000000149012 95.74169731140137
      vertex 5 168.60000000149012 95.74169731140137
      vertex 0 178.60000000149012 89.96819461882114
    endloop
  endfacet
  facet normal 0 0.5000000000444249 0.86602540375879
    outer loop
      vertex 5 178.60000000149012 89.96819461882114
      vertex 0 178.60000000149012 89.96819461882114
      vertex 5 168.60000000149012 95.74169731140137
    endloop
  endfacet
  facet normal 0 1 0
    outer loop
      vertex 0 190.39999999850988 107.28870268911123
      vertex 5 190.39999999850988 107.28870268911123
      vertex 0 190.39999999850988 95.74169731140137
    endloop
  endfacet
  facet normal 0 1 0
    outer loop
      vertex 5 190.39999999850988 95.74169731140137
      vertex 0 190.39999999850988 95.74169731140137
      vertex 5 190.39999999850988 107.28870268911123
    endloop
  endfacet
  facet normal 0 0.5000000000444249 -0.86602540375879
    outer loop
      vertex 0 200.39999999850988 113.06220538169146
      vertex 5 200.39999999850988 113.06220538169146
      vertex 0 190.39999999850988 107.28870268911123
    endloop
  endfacet
  facet normal 0 0.5000000000444249 -0.86602540375879
    outer loop
      vertex 5 190.39999999850988 107.28870268911123
      vertex 0 190.39999999850988 107.28870268911123
      vertex 5 200.39999999850988 113.06220538169146
    endloop
  endfacet
  facet normal 0 -0.5000000000444249 -0.86602540375879
    outer loop
      vertex 0 210.39999999850988 107.28870268911123
      vertex 5 210.39999999850988 107.28870268911123
      vertex 0 200.39999999850988 113.06220538169146
    endloop
  endfacet
  facet normal 0 -0.5000000000444249 -0.86602540375879
    outer loop
      vertex 5 200.39999999850988 113.06220538169146
      vertex 0 200.39999999850988 113.06220538169146
      vertex 5 210.39999999850988 107.28870268911123
    endloop
  endfacet
  facet normal 0 -1 0
    outer loop
      vertex 0 210.39999999850988 95.74169731140137
      vertex 5 210.39999999850988 95.74169731140137
      vertex 0 210.39999999850988 107.28870268911123
    endloop
  endfacet
  facet normal 0 -1 0
    outer loop
      vertex 5 210.39999999850988 107.28870268911123
      vertex 0 210.39999999850988 107.28870268911123
      vertex 5 210.39999999850988 95.74169731140137
    endloop
  endfacet
  facet normal 0 -0.5000000000444249 0.86602540375879
    outer loop
      vertex 0 200.39999999850988 89.96819461882114
      vertex 5 200.39999999850988 89.96819461882114
      vertex 0 210.39999999850988 95.74169731140137
    endloop
  endfacet
  facet normal 0 -0.5000000000444249 0.86602540375879
    outer loop
      vertex 5 210.39999999850988 95.74169731140137
      vertex 0 210.39999999850988 95.74169731140137
      vertex 5 200.39999999850988 89.96819461882114
    endloop
  endfacet
  facet normal 0 0.5000000000444249 0.86602540375879
    outer loop
      vertex 0 190.39999999850988 95.74169731140137
      vertex 5 190.39999999850988 95.74169731140137
      vertex 0 200.39999999850988 89.96819461882114
    endloop
  endfacet
  facet normal 0 0.5000000000444249 0.86602540375879
    outer loop
      vertex 5 200.39999999850988 89.96819461882114
      vertex 0 200.39999999850988 89.96819461882114
      vertex 5 190.39999999850988 95.74169731140137
    endloop
  endfacet
  facet normal 0 1 0
    outer loop
      vertex 0 212.20000000298023 107.28870268911123
      vertex 5 212.20000000298023 107.28870268911123
      vertex 0 212.20000000298023 95.74169731140137
    endloop
  endfacet
  facet normal 0 1 0
    outer loop
      vertex 5 212.20000000298023 95.74169731140137
      vertex 0 212.20000000298023 95.74169731140137
      vertex 5 212.20000000298023 107.28870268911123
    endloop
  endfacet
  facet normal 0 0.5000000000444249 -0.86602540375879
    outer loop
      vertex 0 222.20000000298023 113.06220538169146
      vertex 5 222.20000000298023 113.06220538169146
      vertex 0 212.20000000298023 107.28870268911123
    endloop
  endfacet
  facet normal 0 0.5000000000444249 -0.86602540375879
    outer loop
      vertex 5 212.20000000298023 107.28870268911123
      vertex 0 212.20000000298023 107.28870268911123
      vertex 5 222.20000000298023 113.06220538169146
    endloop
  endfacet
  facet normal 0 -0.5000000000444249 -0.86602540375879
    outer loop
      vertex 0 232.20000000298023 107.28870268911123
      vertex 5 232.20000000298023 107.28870268911123
      vertex 0 222.20000000298023 113.06220538169146
    endloop
  endfacet
  facet normal 0 -0.5000000000444249 -0.86602540375879
    outer loop
      vertex 5 222.20000000298023 113.06220538169146
      vertex 0 222.20000000298023 113.06220538169146
      vertex 5 232.20000000298023 107.28870268911123
    endloop
  endfacet
  facet normal 0 -1 0
    outer loop
      vertex 0 232.20000000298023 95.74169731140137
      vertex 5 232.20000000298023 95.74169731140137
      vertex 0 232.20000000298023 107.28870268911123
    endloop
  endfacet
  facet normal 0 -1 0
    outer loop
      vertex 5 232.20000000298023 107.28870268911123
      vertex 0 232.20000000298023 107.28870268911123
      vertex 5 232.20000000298023 95.74169731140137
    endloop
  endfacet
  facet normal 0 -0.5000000000444249 0.86602540375879
    outer loop
      vertex 0 222.20000000298023 89.96819461882114
      vertex 5 222.20000000298023 89.96819461882114
      vertex 0 232.20000000298023 95.74169731140137
    endloop
  endfacet
  facet normal 0 -0.5000000000444249 0.86602540375879
    outer loop
      vertex 5 232.20000000298023 95.74169731140137
      vertex 0 232.20000000298023 95.74169731140137
      vertex 5 222.20000000298023 89.96819461882114
    endloop
  endfacet
  facet normal 0 0.5000000000444249 0.86602540375879
    outer loop
      vertex 0 212.20000000298023 95.74169731140137
      vertex 5 212.20000000298023 95.74169731140137
      vertex 0 222.20000000298023 89.96819461882114
    endloop
  endfacet
  facet normal 0 0.5000000000444249 0.86602540375879
    outer loop
      vertex 5 222.20000000298023 89.96819461882114
      vertex 0 222.20000000298023 89.96819461882114
      vertex 5 212.20000000298023 95.74169731140137
    endloop
  endfacet
  facet normal 0 1 0
    outer loop
      vertex 0 26.899999998509884 88.40990269184113
      vertex 5 26.899999998509884 88.40990269184113
      vertex 0 26.899999998509884 76.86289730668068
    endloop
  endfacet
  facet normal 0 1 0
    outer loop
      vertex 5 26.899999998509884 76.86289730668068
      vertex 0 26.899999998509884 76.86289730668068
      vertex 5 26.899999998509884 88.40990269184113
    endloop
  endfacet
  facet normal 0 0.5000000000444249 -0.86602540375879
    outer loop
      vertex 0 36.899999998509884 94.18340538442135
      vertex 5 36.899999998509884 94.18340538442135
      vertex 0 26.899999998509884 88.40990269184113
    endloop
  endfacet
  facet normal 0 0.5000000000444249 -0.86602540375879
    outer loop
      vertex 5 26.899999998509884 88.40990269184113
      vertex 0 26.899999998509884 88.40990269184113
      vertex 5 36.899999998509884 94.18340538442135
    endloop
  endfacet
  facet normal 0 -0.5000000000444249 -0.86602540375879
    outer loop
      vertex 0 46.899999998509884 88.40990269184113
      vertex 5 46.899999998509884 88.40990269184113
      vertex 0 36.899999998509884 94.18340538442135
    endloop
  endfacet
  facet normal 0 -0.5000000000444249 -0.86602540375879
    outer loop
      vertex 5 36.899999998509884 94.18340538442135
      vertex 0 36.899999998509884 94.18340538442135
      vertex 5 46.899999998509884 88.40990269184113
    endloop
  endfacet
  facet normal 0 -1 0
    outer loop
      vertex 0 46.899999998509884 76.86289730668068
      vertex 5 46.899999998509884 76.86289730668068
      vertex 0 46.899999998509884 88.40990269184113
    endloop
  endfacet
  facet normal 0 -1 0
    outer loop
      vertex 5 46.899999998509884 88.40990269184113
      vertex 0 46.899999998509884 88.40990269184113
      vertex 5 46.899999998509884 76.86289730668068
    endloop
  endfacet
  facet normal 0 -0.5000000000444249 0.86602540375879
    outer loop
      vertex 0 36.899999998509884 71.08939461410046
      vertex 5 36.899999998509884 71.08939461410046
      vertex 0 46.899999998509884 76.86289730668068
    endloop
  endfacet
  facet normal 0 -0.5000000000444249 0.86602540375879
    outer loop
      vertex 5 46.899999998509884 76.86289730668068
      vertex 0 46.899999998509884 76.86289730668068
      vertex 5 36.899999998509884 71.08939461410046
    endloop
  endfacet
  facet normal 0 0.5000000000444249 0.86602540375879
    outer loop
      vertex 0 26.899999998509884 76.86289730668068
      vertex 5 26.899999998509884 76.86289730668068
      vertex 0 36.899999998509884 71.08939461410046
    endloop
  endfacet
  facet normal 0 0.5000000000444249 0.86602540375879
    outer loop
      vertex 5 36.899999998509884 71.08939461410046
      vertex 0 36.899999998509884 71.08939461410046
      vertex 5 26.899999998509884 76.86289730668068
    endloop
  endfacet
  facet normal 0 1 0
    outer loop
      vertex 0 48.70000000298023 88.40990269184113
      vertex 5 48.70000000298023 88.40990269184113
      vertex 0 48.70000000298023 76.86289730668068
    endloop
  endfacet
  facet normal 0 1 0
    outer loop
      vertex 5 48.70000000298023 76.86289730668068
      vertex 0 48.70000000298023 76.86289730668068
      vertex 5 48.70000000298023 88.40990269184113
    endloop
  endfacet
  facet normal 0 0.5000000000444249 -0.86602540375879
    outer loop
      vertex 0 58.70000000298023 94.18340538442135
      vertex 5 58.70000000298023 94.18340538442135
      vertex 0 48.70000000298023 88.40990269184113
    endloop
  endfacet
  facet normal 0 0.5000000000444249 -0.86602540375879
    outer loop
      vertex 5 48.70000000298023 88.40990269184113
      vertex 0 48.70000000298023 88.40990269184113
      vertex 5 58.70000000298023 94.18340538442135
    endloop
  endfacet
  facet normal 0 -0.5000000000444249 -0.86602540375879
    outer loop
      vertex 0 68.70000000298023 88.40990269184113
      vertex 5 68.70000000298023 88.40990269184113
      vertex 0 58.70000000298023 94.18340538442135
    endloop
  endfacet
  facet normal 0 -0.5000000000444249 -0.86602540375879
    outer loop
      vertex 5 58.70000000298023 94.18340538442135
      vertex 0 58.70000000298023 94.18340538442135
      vertex 5 68.70000000298023 88.40990269184113
    endloop
  endfacet
  facet normal 0 -1 0
    outer loop
      vertex 0 68.70000000298023 76.86289730668068
      vertex 5 68.70000000298023 76.86289730668068
      vertex 0 68.70000000298023 88.40990269184113
    endloop
  endfacet
  facet normal 0 -1 0
    outer loop
      vertex 5 68.70000000298023 88.40990269184113
      vertex 0 68.70000000298023 88.40990269184113
      vertex 5 68.70000000298023 76.86289730668068
    endloop
  endfacet
  facet normal 0 -0.5000000000444249 0.86602540375879
    outer loop
      vertex 0 58.70000000298023 71.08939461410046
      vertex 5 58.70000000298023 71.08939461410046
      vertex 0 68.70000000298023 76.86289730668068
    endloop
  endfacet
  facet normal 0 -0.5000000000444249 0.86602540375879
    outer loop
      vertex 5 68.70000000298023 76.86289730668068
      vertex 0 68.70000000298023 76.86289730668068
      vertex 5 58.70000000298023 71.08939461410046
    endloop
  endfacet
  facet normal 0 0.5000000000444249 0.86602540375879
    outer loop
      vertex 0 48.70000000298023 76.86289730668068
      vertex 5 48.70000000298023 76.86289730668068
      vertex 0 58.70000000298023 71.08939461410046
    endloop
  endfacet
  facet normal 0 0.5000000000444249 0.86602540375879
    outer loop
      vertex 5 58.70000000298023 71.08939461410046
      vertex 0 58.70000000298023 71.08939461410046
      vertex 5 48.70000000298023 76.86289730668068
    endloop
  endfacet
  facet normal 0 1 0
    outer loop
      vertex 0 70.5 88.40990269184113
      vertex 5 70.5 88.40990269184113
      vertex 0 70.5 76.86289730668068
    endloop
  endfacet
  facet normal 0 1 0
    outer loop
      vertex 5 70.5 76.86289730668068
      vertex 0 70.5 76.86289730668068
      vertex 5 70.5 88.40990269184113
    endloop
  endfacet
  facet normal 0 0.5000000000444249 -0.86602540375879
    outer loop
      vertex 0 80.5 94.18340538442135
      vertex 5 80.5 94.18340538442135
      vertex 0 70.5 88.40990269184113
    endloop
  endfacet
  facet normal 0 0.5000000000444249 -0.86602540375879
    outer loop
      vertex 5 70.5 88.40990269184113
      vertex 0 70.5 88.40990269184113
      vertex 5 80.5 94.18340538442135
    endloop
  endfacet
  facet normal 0 -0.5000000000444249 -0.86602540375879
    outer loop
      vertex 0 90.5 88.40990269184113
      vertex 5 90.5 88.40990269184113
      vertex 0 80.5 94.18340538442135
    endloop
  endfacet
  facet normal 0 -0.5000000000444249 -0.86602540375879
    outer loop
      vertex 5 80.5 94.18340538442135
      vertex 0 80.5 94.18340538442135
      vertex 5 90.5 88.40990269184113
    endloop
  endfacet
  facet normal 0 -1 0
    outer loop
      vertex 0 90.5 76.86289730668068
      vertex 5 90.5 76.86289730668068
      vertex 0 90.5 88.40990269184113
    endloop
  endfacet
  facet normal 0 -1 0
    outer loop
      vertex 5 90.5 88.40990269184113
      vertex 0 90.5 88.40990269184113
      vertex 5 90.5 76.86289730668068
    endloop
  endfacet
  facet normal 0 -0.5000000000444249 0.86602540375879
    outer loop
      vertex 0 80.5 71.08939461410046
      vertex 5 80.5 71.08939461410046
      vertex 0 90.5 76.86289730668068
    endloop
  endfacet
  facet normal 0 -0.5000000000444249 0.86602540375879
    outer loop
      vertex 5 90.5 76.86289730668068
      vertex 0 90.5 76.86289730668068
      vertex 5 80.5 71.08939461410046
    endloop
  endfacet
  facet normal 0 0.5000000000444249 0.86602540375879
    outer loop
      vertex 0 70.5 76.86289730668068
      vertex 5 70.5 76.86289730668068
      vertex 0 80.5 71.08939461410046
    endloop
  endfacet
  facet normal 0 0.5000000000444249 0.86602540375879
    outer loop
      vertex 5 80.5 71.08939461410046
      vertex 0 80.5 71.08939461410046
      vertex 5 70.5 76.86289730668068
    endloop
  endfacet
  facet normal 0 1 0
    outer loop
      vertex 0 92.29999999701977 88.40990269184113
      vertex 5 92.29999999701977 88.40990269184113
      vertex 0 92.29999999701977 76.86289730668068
    endloop
  endfacet
  facet normal 0 1 0
    outer loop
      vertex 5 92.29999999701977 76.86289730668068
      vertex 0 92.29999999701977 76.86289730668068
      vertex 5 92.29999999701977 88.40990269184113
    endloop
  endfacet
  facet normal 0 0.5000000000444249 -0.86602540375879
    outer loop
      vertex 0 102.29999999701977 94.18340538442135
      vertex 5 102.29999999701977 94.18340538442135
      vertex 0 92.29999999701977 88.40990269184113
    endloop
  endfacet
  facet normal 0 0.5000000000444249 -0.86602540375879
    outer loop
      vertex 5 92.29999999701977 88.40990269184113
      vertex 0 92.29999999701977 88.40990269184113
      vertex 5 102.29999999701977 94.18340538442135
    endloop
  endfacet
  facet normal 0 -0.5000000000444249 -0.86602540375879
    outer loop
      vertex 0 112.29999999701977 88.40990269184113
      vertex 5 112.29999999701977 88.40990269184113
      vertex 0 102.29999999701977 94.18340538442135
    endloop
  endfacet
  facet normal 0 -0.5000000000444249 -0.86602540375879
    outer loop
      vertex 5 102.29999999701977 94.18340538442135
      vertex 0 102.29999999701977 94.18340538442135
      vertex 5 112.29999999701977 88.40990269184113
    endloop
  endfacet
  facet normal 0 -1 0
    outer loop
      vertex 0 112.29999999701977 76.86289730668068
      vertex 5 112.29999999701977 76.86289730668068
      vertex 0 112.29999999701977 88.40990269184113
    endloop
  endfacet
  facet normal 0 -1 0
    outer loop
      vertex 5 112.29999999701977 88.40990269184113
      vertex 0 112.29999999701977 88.40990269184113
      vertex 5 112.29999999701977 76.86289730668068
    endloop
  endfacet
  facet normal 0 -0.5000000000444249 0.86602540375879
    outer loop
      vertex 0 102.29999999701977 71.08939461410046
      vertex 5 102.29999999701977 71.08939461410046
      vertex 0 112.29999999701977 76.86289730668068
    endloop
  endfacet
  facet normal 0 -0.5000000000444249 0.86602540375879
    outer loop
      vertex 5 112.29999999701977 76.86289730668068
      vertex 0 112.29999999701977 76.86289730668068
      vertex 5 102.29999999701977 71.08939461410046
    endloop
  endfacet
  facet normal 0 0.5000000000444249 0.86602540375879
    outer loop
      vertex 0 92.29999999701977 76.86289730668068
      vertex 5 92.29999999701977 76.86289730668068
      vertex 0 102.29999999701977 71.08939461410046
    endloop
  endfacet
  facet normal 0 0.5000000000444249 0.86602540375879
    outer loop
      vertex 5 102.29999999701977 71.08939461410046
      vertex 0 102.29999999701977 71.08939461410046
      vertex 5 92.29999999701977 76.86289730668068
    endloop
  endfacet
  facet normal 0 1 0
    outer loop
      vertex 0 114.10000000149012 88.40990269184113
      vertex 5 114.10000000149012 88.40990269184113
      vertex 0 114.10000000149012 76.86289730668068
    endloop
  endfacet
  facet normal 0 1 0
    outer loop
      vertex 5 114.10000000149012 76.86289730668068
      vertex 0 114.10000000149012 76.86289730668068
      vertex 5 114.10000000149012 88.40990269184113
    endloop
  endfacet
  facet normal 0 0.5000000000444249 -0.86602540375879
    outer loop
      vertex 0 124.10000000149012 94.18340538442135
      vertex 5 124.10000000149012 94.18340538442135
      vertex 0 114.10000000149012 88.40990269184113
    endloop
  endfacet
  facet normal 0 0.5000000000444249 -0.86602540375879
    outer loop
      vertex 5 114.10000000149012 88.40990269184113
      vertex 0 114.10000000149012 88.40990269184113
      vertex 5 124.10000000149012 94.18340538442135
    endloop
  endfacet
  facet normal 0 -0.5000000000444249 -0.86602540375879
    outer loop
      vertex 0 134.10000000149012 88.40990269184113
      vertex 5 134.10000000149012 88.40990269184113
      vertex 0 124.10000000149012 94.18340538442135
    endloop
  endfacet
  facet normal 0 -0.5000000000444249 -0.86602540375879
    outer loop
      vertex 5 124.10000000149012 94.18340538442135
      vertex 0 124.10000000149012 94.18340538442135
      vertex 5 134.10000000149012 88.40990269184113
    endloop
  endfacet
  facet normal 0 -1 0
    outer loop
      vertex 0 134.10000000149012 76.86289730668068
      vertex 5 134.10000000149012 76.86289730668068
      vertex 0 134.10000000149012 88.40990269184113
    endloop
  endfacet
  facet normal 0 -1 0
    outer loop
      vertex 5 134.10000000149012 88.40990269184113
      vertex 0 134.10000000149012 88.40990269184113
      vertex 5 134.10000000149012 76.86289730668068
    endloop
  endfacet
  facet normal 0 -0.5000000000444249 0.86602540375879
    outer loop
      vertex 0 124.10000000149012 71.08939461410046
      vertex 5 124.10000000149012 71.08939461410046
      vertex 0 134.10000000149012 76.86289730668068
    endloop
  endfacet
  facet normal 0 -0.5000000000444249 0.86602540375879
    outer loop
      vertex 5 134.10000000149012 76.86289730668068
      vertex 0 134.10000000149012 76.86289730668068
      vertex 5 124.10000000149012 71.08939461410046
    endloop
  endfacet
  facet normal 0 0.5000000000444249 0.86602540375879
    outer loop
      vertex 0 114.10000000149012 76.86289730668068
      vertex 5 114.10000000149012 76.86289730668068
      vertex 0 124.10000000149012 71.08939461410046
    endloop
  endfacet
  facet normal 0 0.5000000000444249 0.86602540375879
    outer loop
      vertex 5 124.10000000149012 71.08939461410046
      vertex 0 124.10000000149012 71.08939461410046
      vertex 5 114.10000000149012 76.86289730668068
    endloop
  endfacet
  facet normal 0 1 0
    outer loop
      vertex 0 135.89999999850988 88.40990269184113
      vertex 5 135.89999999850988 88.40990269184113
      vertex 0 135.89999999850988 76.86289730668068
    endloop
  endfacet
  facet normal 0 1 0
    outer loop
      vertex 5 135.89999999850988 76.86289730668068
      vertex 0 135.89999999850988 76.86289730668068
      vertex 5 135.89999999850988 88.40990269184113
    endloop
  endfacet
  facet normal 0 0.5000000000444249 -0.86602540375879
    outer loop
      vertex 0 145.89999999850988 94.18340538442135
      vertex 5 145.89999999850988 94.18340538442135
      vertex 0 135.89999999850988 88.40990269184113
    endloop
  endfacet
  facet normal 0 0.5000000000444249 -0.86602540375879
    outer loop
      vertex 5 135.89999999850988 88.40990269184113
      vertex 0 135.89999999850988 88.40990269184113
      vertex 5 145.89999999850988 94.18340538442135
    endloop
  endfacet
  facet normal 0 -0.5000000000444249 -0.86602540375879
    outer loop
      vertex 0 155.89999999850988 88.40990269184113
      vertex 5 155.89999999850988 88.40990269184113
      vertex 0 145.89999999850988 94.18340538442135
    endloop
  endfacet
  facet normal 0 -0.5000000000444249 -0.86602540375879
    outer loop
      vertex 5 145.89999999850988 94.18340538442135
      vertex 0 145.89999999850988 94.18340538442135
      vertex 5 155.89999999850988 88.40990269184113
    endloop
  endfacet
  facet normal 0 -1 0
    outer loop
      vertex 0 155.89999999850988 76.86289730668068
      vertex 5 155.89999999850988 76.86289730668068
      vertex 0 155.89999999850988 88.40990269184113
    endloop
  endfacet
  facet normal 0 -1 0
    outer loop
      vertex 5 155.89999999850988 88.40990269184113
      vertex 0 155.89999999850988 88.40990269184113
      vertex 5 155.89999999850988 76.86289730668068
    endloop
  endfacet
  facet normal 0 -0.5000000000444249 0.86602540375879
    outer loop
      vertex 0 145.89999999850988 71.08939461410046
      vertex 5 145.89999999850988 71.08939461410046
      vertex 0 155.89999999850988 76.86289730668068
    endloop
  endfacet
  facet normal 0 -0.5000000000444249 0.86602540375879
    outer loop
      vertex 5 155.89999999850988 76.86289730668068
      vertex 0 155.89999999850988 76.86289730668068
      vertex 5 145.89999999850988 71.08939461410046
    endloop
  endfacet
  facet normal 0 0.5000000000444249 0.86602540375879
    outer loop
      vertex 0 135.89999999850988 76.86289730668068
      vertex 5 135.89999999850988 76.86289730668068
      vertex 0 145.89999999850988 71.08939461410046
    endloop
  endfacet
  facet normal 0 0.5000000000444249 0.86602540375879
    outer loop
      vertex 5 145.89999999850988 71.08939461410046
      vertex 0 145.89999999850988 71.08939461410046
      vertex 5 135.89999999850988 76.86289730668068
    endloop
  endfacet
  facet normal 0 1 0
    outer loop
      vertex 0 157.70000000298023 88.40990269184113
      vertex 5 157.70000000298023 88.40990269184113
      vertex 0 157.70000000298023 76.86289730668068
    endloop
  endfacet
  facet normal 0 1 0
    outer loop
      vertex 5 157.70000000298023 76.86289730668068
      vertex 0 157.70000000298023 76.86289730668068
      vertex 5 157.70000000298023 88.40990269184113
    endloop
  endfacet
  facet normal 0 0.5000000000444249 -0.86602540375879
    outer loop
      vertex 0 167.70000000298023 94.18340538442135
      vertex 5 167.70000000298023 94.18340538442135
      vertex 0 157.70000000298023 88.40990269184113
    endloop
  endfacet
  facet normal 0 0.5000000000444249 -0.86602540375879
    outer loop
      vertex 5 157.70000000298023 88.40990269184113
      vertex 0 157.70000000298023 88.40990269184113
      vertex 5 167.70000000298023 94.18340538442135
    endloop
  endfacet
  facet normal 0 -0.5000000000444249 -0.86602540375879
    outer loop
      vertex 0 177.70000000298023 88.40990269184113
      vertex 5 177.70000000298023 88.40990269184113
      vertex 0 167.70000000298023 94.18340538442135
    endloop
  endfacet
  facet normal 0 -0.5000000000444249 -0.86602540375879
    outer loop
      vertex 5 167.70000000298023 94.18340538442135
      vertex 0 167.70000000298023 94.18340538442135
      vertex 5 177.70000000298023 88.40990269184113
    endloop
  endfacet
  facet normal 0 -1 0
    outer loop
      vertex 0 177.70000000298023 76.86289730668068
      vertex 5 177.70000000298023 76.86289730668068
      vertex 0 177.70000000298023 88.40990269184113
    endloop
  endfacet
  facet normal 0 -1 0
    outer loop
      vertex 5 177.70000000298023 88.40990269184113
      vertex 0 177.70000000298023 88.40990269184113
      vertex 5 177.70000000298023 76.86289730668068
    endloop
  endfacet
  facet normal 0 -0.5000000000444249 0.86602540375879
    outer loop
      vertex 0 167.70000000298023 71.08939461410046
      vertex 5 167.70000000298023 71.08939461410046
      vertex 0 177.70000000298023 76.86289730668068
    endloop
  endfacet
  facet normal 0 -0.5000000000444249 0.86602540375879
    outer loop
      vertex 5 177.70000000298023 76.86289730668068
      vertex 0 177.70000000298023 76.86289730668068
      vertex 5 167.70000000298023 71.08939461410046
    endloop
  endfacet
  facet normal 0 0.5000000000444249 0.86602540375879
    outer loop
      vertex 0 157.70000000298023 76.86289730668068
      vertex 5 157.70000000298023 76.86289730668068
      vertex 0 167.70000000298023 71.08939461410046
    endloop
  endfacet
  facet normal 0 0.5000000000444249 0.86602540375879
    outer loop
      vertex 5 167.70000000298023 71.08939461410046
      vertex 0 167.70000000298023 71.08939461410046
      vertex 5 157.70000000298023 76.86289730668068
    endloop
  endfacet
  facet normal 0 1 0
    outer loop
      vertex 0 179.5 88.40990269184113
      vertex 5 179.5 88.40990269184113
      vertex 0 179.5 76.86289730668068
    endloop
  endfacet
  facet normal 0 1 0
    outer loop
      vertex 5 179.5 76.86289730668068
      vertex 0 179.5 76.86289730668068
      vertex 5 179.5 88.40990269184113
    endloop
  endfacet
  facet normal 0 0.5000000000444249 -0.86602540375879
    outer loop
      vertex 0 189.5 94.18340538442135
      vertex 5 189.5 94.18340538442135
      vertex 0 179.5 88.40990269184113
    endloop
  endfacet
  facet normal 0 0.5000000000444249 -0.86602540375879
    outer loop
      vertex 5 179.5 88.40990269184113
      vertex 0 179.5 88.40990269184113
      vertex 5 189.5 94.18340538442135
    endloop
  endfacet
  facet normal 0 -0.5000000000444249 -0.86602540375879
    outer loop
      vertex 0 199.5 88.40990269184113
      vertex 5 199.5 88.40990269184113
      vertex 0 189.5 94.18340538442135
    endloop
  endfacet
  facet normal 0 -0.5000000000444249 -0.86602540375879
    outer loop
      vertex 5 189.5 94.18340538442135
      vertex 0 189.5 94.18340538442135
      vertex 5 199.5 88.40990269184113
    endloop
  endfacet
  facet normal 0 -1 0
    outer loop
      vertex 0 199.5 76.86289730668068
      vertex 5 199.5 76.86289730668068
      vertex 0 199.5 88.40990269184113
    endloop
  endfacet
  facet normal 0 -1 0
    outer loop
      vertex 5 199.5 88.40990269184113
      vertex 0 199.5 88.40990269184113
      vertex 5 199.5 76.86289730668068
    endloop
  endfacet
  facet normal 0 -0.5000000000444249 0.86602540375879
    outer loop
      vertex 0 189.5 71.08939461410046
      vertex 5 189.5 71.08939461410046
      vertex 0 199.5 76.86289730668068
    endloop
  endfacet
  facet normal 0 -0.5000000000444249 0.86602540375879
    outer loop
      vertex 5 199.5 76.86289730668068
      vertex 0 199.5 76.86289730668068
      vertex 5 189.5 71.08939461410046
    endloop
  endfacet
  facet normal 0 0.5000000000444249 0.86602540375879
    outer loop
      vertex 0 179.5 76.86289730668068
      vertex 5 179.5 76.86289730668068
      vertex 0 189.5 71.08939461410046
    endloop
  endfacet
  facet normal 0 0.5000000000444249 0.86602540375879
    outer loop
      vertex 5 189.5 71.08939461410046
      vertex 0 189.5 71.08939461410046
      vertex 5 179.5 76.86289730668068
    endloop
  endfacet
  facet normal 0 1 0
    outer loop
      vertex 0 201.29999999701977 88.40990269184113
      vertex 5 201.29999999701977 88.40990269184113
      vertex 0 201.29999999701977 76.86289730668068
    endloop
  endfacet
  facet normal 0 1 0
    outer loop
      vertex 5 201.29999999701977 76.86289730668068
      vertex 0 201.29999999701977 76.86289730668068
      vertex 5 201.29999999701977 88.40990269184113
    endloop
  endfacet
  facet normal 0 0.5000000000444249 -0.86602540375879
    outer loop
      vertex 0 211.29999999701977 94.18340538442135
      vertex 5 211.29999999701977 94.18340538442135
      vertex 0 201.29999999701977 88.40990269184113
    endloop
  endfacet
  facet normal 0 0.5000000000444249 -0.86602540375879
    outer loop
      vertex 5 201.29999999701977 88.40990269184113
      vertex 0 201.29999999701977 88.40990269184113
      vertex 5 211.29999999701977 94.18340538442135
    endloop
  endfacet
  facet normal 0 -0.5000000000444249 -0.86602540375879
    outer loop
      vertex 0 221.29999999701977 88.40990269184113
      vertex 5 221.29999999701977 88.40990269184113
      vertex 0 211.29999999701977 94.18340538442135
    endloop
  endfacet
  facet normal 0 -0.5000000000444249 -0.86602540375879
    outer loop
      vertex 5 211.29999999701977 94.18340538442135
      vertex 0 211.29999999701977 94.18340538442135
      vertex 5 221.29999999701977 88.40990269184113
    endloop
  endfacet
  facet normal 0 -1 0
    outer loop
      vertex 0 221.29999999701977 76.86289730668068
      vertex 5 221.29999999701977 76.86289730668068
      vertex 0 221.29999999701977 88.40990269184113
    endloop
  endfacet
  facet normal 0 -1 0
    outer loop
      vertex 5 221.29999999701977 88.40990269184113
      vertex 0 221.29999999701977 88.40990269184113
      vertex 5 221.29999999701977 76.86289730668068
    endloop
  endfacet
  facet normal 0 -0.5000000000444249 0.86602540375879
    outer loop
      vertex 0 211.29999999701977 71.08939461410046
      vertex 5 211.29999999701977 71.08939461410046
      vertex 0 221.29999999701977 76.86289730668068
    endloop
  endfacet
  facet normal 0 -0.5000000000444249 0.86602540375879
    outer loop
      vertex 5 221.29999999701977 76.86289730668068
      vertex 0 221.29999999701977 76.86289730668068
      vertex 5 211.29999999701977 71.08939461410046
    endloop
  endfacet
  facet normal 0 0.5000000000444249 0.86602540375879
    outer loop
      vertex 0 201.29999999701977 76.86289730668068
      vertex 5 201.29999999701977 76.86289730668068
      vertex 0 211.29999999701977 71.08939461410046
    endloop
  endfacet
  facet normal 0 0.5000000000444249 0.86602540375879
    outer loop
      vertex 5 211.29999999701977 71.08939461410046
      vertex 0 211.29999999701977 71.08939461410046
      vertex 5 201.29999999701977 76.86289730668068
    endloop
  endfacet
  facet normal 0 1 0
    outer loop
      vertex 0 16 69.53110269457102
      vertex 5 16 69.53110269457102
      vertex 0 16 57.98409730941057
    endloop
  endfacet
  facet normal 0 1 0
    outer loop
      vertex 5 16 57.98409730941057
      vertex 0 16 57.98409730941057
      vertex 5 16 69.53110269457102
    endloop
  endfacet
  facet normal 0 0.5000000000444249 -0.86602540375879
    outer loop
      vertex 0 26 75.30460538715124
      vertex 5 26 75.30460538715124
      vertex 0 16 69.53110269457102
    endloop
  endfacet
  facet normal 0 0.5000000000444249 -0.86602540375879
    outer loop
      vertex 5 16 69.53110269457102
      vertex 0 16 69.53110269457102
      vertex 5 26 75.30460538715124
    endloop
  endfacet
  facet normal 0 -0.5000000000444249 -0.86602540375879
    outer loop
      vertex 0 36 69.53110269457102
      vertex 5 36 69.53110269457102
      vertex 0 26 75.30460538715124
    endloop
  endfacet
  facet normal 0 -0.5000000000444249 -0.86602540375879
    outer loop
      vertex 5 26 75.30460538715124
      vertex 0 26 75.30460538715124
      vertex 5 36 69.53110269457102
    endloop
  endfacet
  facet normal 0 -1 0
    outer loop
      vertex 0 36 57.98409730941057
      vertex 5 36 57.98409730941057
      vertex 0 36 69.53110269457102
    endloop
  endfacet
  facet normal 0 -1 0
    outer loop
      vertex 5 36 69.53110269457102
      vertex 0 36 69.53110269457102
      vertex 5 36 57.98409730941057
    endloop
  endfacet
  facet normal 0 -0.5000000000444249 0.86602540375879
    outer loop
      vertex 0 26 52.21059461683035
      vertex 5 26 52.21059461683035
      vertex 0 36 57.98409730941057
    endloop
  endfacet
  facet normal 0 -0.5000000000444249 0.86602540375879
    outer loop
      vertex 5 36 57.98409730941057
      vertex 0 36 57.98409730941057
      vertex 5 26 52.21059461683035
    endloop
  endfacet
  facet normal 0 0.5000000000444249 0.86602540375879
    outer loop
      vertex 0 16 57.98409730941057
      vertex 5 16 57.98409730941057
      vertex 0 26 52.21059461683035
    endloop
  endfacet
  facet normal 0 0.5000000000444249 0.86602540375879
    outer loop
      vertex 5 26 52.21059461683035
      vertex 0 26 52.21059461683035
      vertex 5 16 57.98409730941057
    endloop
  endfacet
  facet normal 0 1 0
    outer loop
      vertex 0 37.79999999701977 69.53110269457102
      vertex 5 37.79999999701977 69.53110269457102
      vertex 0 37.79999999701977 57.98409730941057
    endloop
  endfacet
  facet normal 0 1 0
    outer loop
      vertex 5 37.79999999701977 57.98409730941057
      vertex 0 37.79999999701977 57.98409730941057
      vertex 5 37.79999999701977 69.53110269457102
    endloop
  endfacet
  facet normal 0 0.5000000000444249 -0.86602540375879
    outer loop
      vertex 0 47.79999999701977 75.30460538715124
      vertex 5 47.79999999701977 75.30460538715124
      vertex 0 37.79999999701977 69.53110269457102
    endloop
  endfacet
  facet normal 0 0.5000000000444249 -0.86602540375879
    outer loop
      vertex 5 37.79999999701977 69.53110269457102
      vertex 0 37.79999999701977 69.53110269457102
      vertex 5 47.79999999701977 75.30460538715124
    endloop
  endfacet
  facet normal 0 -0.5000000000444249 -0.86602540375879
    outer loop
      vertex 0 57.79999999701977 69.53110269457102
      vertex 5 57.79999999701977 69.53110269457102
      vertex 0 47.79999999701977 75.30460538715124
    endloop
  endfacet
  facet normal 0 -0.5000000000444249 -0.86602540375879
    outer loop
      vertex 5 47.79999999701977 75.30460538715124
      vertex 0 47.79999999701977 75.30460538715124
      vertex 5 57.79999999701977 69.53110269457102
    endloop
  endfacet
  facet normal 0 -1 0
    outer loop
      vertex 0 57.79999999701977 57.98409730941057
      vertex 5 57.79999999701977 57.98409730941057
      vertex 0 57.79999999701977 69.53110269457102
    endloop
  endfacet
  facet normal 0 -1 0
    outer loop
      vertex 5 57.79999999701977 69.53110269457102
      vertex 0 57.79999999701977 69.53110269457102
      vertex 5 57.79999999701977 57.98409730941057
    endloop
  endfacet
  facet normal 0 -0.5000000000444249 0.86602540375879
    outer loop
      vertex 0 47.79999999701977 52.21059461683035
      vertex 5 47.79999999701977 52.21059461683035
      vertex 0 57.79999999701977 57.98409730941057
    endloop
  endfacet
  facet normal 0 -0.5000000000444249 0.86602540375879
    outer loop
      vertex 5 57.79999999701977 57.98409730941057
      vertex 0 57.79999999701977 57.98409730941057
      vertex 5 47.79999999701977 52.21059461683035
    endloop
  endfacet
  facet normal 0 0.5000000000444249 0.86602540375879
    outer loop
      vertex 0 37.79999999701977 57.98409730941057
      vertex 5 37.79999999701977 57.98409730941057
      vertex 0 47.79999999701977 52.21059461683035
    endloop
  endfacet
  facet normal 0 0.5000000000444249 0.86602540375879
    outer loop
      vertex 5 47.79999999701977 52.21059461683035
      vertex 0 47.79999999701977 52.21059461683035
      vertex 5 37.79999999701977 57.98409730941057
    endloop
  endfacet
  facet normal 0 1 0
    outer loop
      vertex 0 59.600000001490116 69.53110269457102
      vertex 5 59.600000001490116 69.53110269457102
      vertex 0 59.600000001490116 57.98409730941057
    endloop
  endfacet
  facet normal 0 1 0
    outer loop
      vertex 5 59.600000001490116 57.98409730941057
      vertex 0 59.600000001490116 57.98409730941057
      vertex 5 59.600000001490116 69.53110269457102
    endloop
  endfacet
  facet normal 0 0.5000000000444249 -0.86602540375879
    outer loop
      vertex 0 69.60000000149012 75.30460538715124
      vertex 5 69.60000000149012 75.30460538715124
      vertex 0 59.600000001490116 69.53110269457102
    endloop
  endfacet
  facet normal 0 0.5000000000444249 -0.86602540375879
    outer loop
      vertex 5 59.600000001490116 69.53110269457102
      vertex 0 59.600000001490116 69.53110269457102
      vertex 5 69.60000000149012 75.30460538715124
    endloop
  endfacet
  facet normal 0 -0.5000000000444249 -0.86602540375879
    outer loop
      vertex 0 79.60000000149012 69.53110269457102
      vertex 5 79.60000000149012 69.53110269457102
      vertex 0 69.60000000149012 75.30460538715124
    endloop
  endfacet
  facet normal 0 -0.5000000000444249 -0.86602540375879
    outer loop
      vertex 5 69.60000000149012 75.30460538715124
      vertex 0 69.60000000149012 75.30460538715124
      vertex 5 79.60000000149012 69.53110269457102
    endloop
  endfacet
  facet normal 0 -1 0
    outer loop
      vertex 0 79.60000000149012 57.98409730941057
      vertex 5 79.60000000149012 57.98409730941057
      vertex 0 79.60000000149012 69.53110269457102
    endloop
  endfacet
  facet normal 0 -1 0
    outer loop
      vertex 5 79.60000000149012 69.53110269457102
      vertex 0 79.60000000149012 69.53110269457102
      vertex 5 79.60000000149012 57.98409730941057
    endloop
  endfacet
  facet normal 0 -0.5000000000444249 0.86602540375879
    outer loop
      vertex 0 69.60000000149012 52.21059461683035
      vertex 5 69.60000000149012 52.21059461683035
      vertex 0 79.60000000149012 57.98409730941057
    endloop
  endfacet
  facet normal 0 -0.5000000000444249 0.86602540375879
    outer loop
      vertex 5 79.60000000149012 57.98409730941057
      vertex 0 79.60000000149012 57.98409730941057
      vertex 5 69.60000000149012 52.21059461683035
    endloop
  endfacet
  facet normal 0 0.5000000000444249 0.86602540375879
    outer loop
      vertex 0 59.600000001490116 57.98409730941057
      vertex 5 59.600000001490116 57.98409730941057
      vertex 0 69.60000000149012 52.21059461683035
    endloop
  endfacet
  facet normal 0 0.5000000000444249 0.86602540375879
    outer loop
      vertex 5 69.60000000149012 52.21059461683035
      vertex 0 69.60000000149012 52.21059461683035
      vertex 5 59.600000001490116 57.98409730941057
    endloop
  endfacet
  facet normal 0 1 0
    outer loop
      vertex 0 81.39999999850988 69.53110269457102
      vertex 5 81.39999999850988 69.53110269457102
      vertex 0 81.39999999850988 57.98409730941057
    endloop
  endfacet
  facet normal 0 1 0
    outer loop
      vertex 5 81.39999999850988 57.98409730941057
      vertex 0 81.39999999850988 57.98409730941057
      vertex 5 81.39999999850988 69.53110269457102
    endloop
  endfacet
  facet normal 0 0.5000000000444249 -0.86602540375879
    outer loop
      vertex 0 91.39999999850988 75.30460538715124
      vertex 5 91.39999999850988 75.30460538715124
      vertex 0 81.39999999850988 69.53110269457102
    endloop
  endfacet
  facet normal 0 0.5000000000444249 -0.86602540375879
    outer loop
      vertex 5 81.39999999850988 69.53110269457102
      vertex 0 81.39999999850988 69.53110269457102
      vertex 5 91.39999999850988 75.30460538715124
    endloop
  endfacet
  facet normal 0 -0.5000000000444249 -0.86602540375879
    outer loop
      vertex 0 101.39999999850988 69.53110269457102
      vertex 5 101.39999999850988 69.53110269457102
      vertex 0 91.39999999850988 75.30460538715124
    endloop
  endfacet
  facet normal 0 -0.5000000000444249 -0.86602540375879
    outer loop
      vertex 5 91.39999999850988 75.30460538715124
      vertex 0 91.39999999850988 75.30460538715124
      vertex 5 101.39999999850988 69.53110269457102
    endloop
  endfacet
  facet normal 0 -1 0
    outer loop
      vertex 0 101.39999999850988 57.98409730941057
      vertex 5 101.39999999850988 57.98409730941057
      vertex 0 101.39999999850988 69.53110269457102
    endloop
  endfacet
  facet normal 0 -1 0
    outer loop
      vertex 5 101.39999999850988 69.53110269457102
      vertex 0 101.39999999850988 69.53110269457102
      vertex 5 101.39999999850988 57.98409730941057
    endloop
  endfacet
  facet normal 0 -0.5000000000444249 0.86602540375879
    outer loop
      vertex 0 91.39999999850988 52.21059461683035
      vertex 5 91.39999999850988 52.21059461683035
      vertex 0 101.39999999850988 57.98409730941057
    endloop
  endfacet
  facet normal 0 -0.5000000000444249 0.86602540375879
    outer loop
      vertex 5 101.39999999850988 57.98409730941057
      vertex 0 101.39999999850988 57.98409730941057
      vertex 5 91.39999999850988 52.21059461683035
    endloop
  endfacet
  facet normal 0 0.5000000000444249 0.86602540375879
    outer loop
      vertex 0 81.39999999850988 57.98409730941057
      vertex 5 81.39999999850988 57.98409730941057
      vertex 0 91.39999999850988 52.21059461683035
    endloop
  endfacet
  facet normal 0 0.5000000000444249 0.86602540375879
    outer loop
      vertex 5 91.39999999850988 52.21059461683035
      vertex 0 91.39999999850988 52.21059461683035
      vertex 5 81.39999999850988 57.98409730941057
    endloop
  endfacet
  facet normal 0 1 0
    outer loop
      vertex 0 103.20000000298023 69.53110269457102
      vertex 5 103.20000000298023 69.53110269457102
      vertex 0 103.20000000298023 57.98409730941057
    endloop
  endfacet
  facet normal 0 1 0
    outer loop
      vertex 5 103.20000000298023 57.98409730941057
      vertex 0 103.20000000298023 57.98409730941057
      vertex 5 103.20000000298023 69.53110269457102
    endloop
  endfacet
  facet normal 0 0.5000000000444249 -0.86602540375879
    outer loop
      vertex 0 113.20000000298023 75.30460538715124
      vertex 5 113.20000000298023 75.30460538715124
      vertex 0 103.20000000298023 69.53110269457102
    endloop
  endfacet
  facet normal 0 0.5000000000444249 -0.86602540375879
    outer loop
      vertex 5 103.20000000298023 69.53110269457102
      vertex 0 103.20000000298023 69.53110269457102
      vertex 5 113.20000000298023 75.30460538715124
    endloop
  endfacet
  facet normal 0 -0.5000000000444249 -0.86602540375879
    outer loop
      vertex 0 123.20000000298023 69.53110269457102
      vertex 5 123.20000000298023 69.53110269457102
      vertex 0 113.20000000298023 75.30460538715124
    endloop
  endfacet
  facet normal 0 -0.5000000000444249 -0.86602540375879
    outer loop
      vertex 5 113.20000000298023 75.30460538715124
      vertex 0 113.20000000298023 75.30460538715124
      vertex 5 123.20000000298023 69.53110269457102
    endloop
  endfacet
  facet normal 0 -1 0
    outer loop
      vertex 0 123.20000000298023 57.98409730941057
      vertex 5 123.20000000298023 57.98409730941057
      vertex 0 123.20000000298023 69.53110269457102
    endloop
  endfacet
  facet normal 0 -1 0
    outer loop
      vertex 5 123.20000000298023 69.53110269457102
      vertex 0 123.20000000298023 69.53110269457102
      vertex 5 123.20000000298023 57.98409730941057
    endloop
  endfacet
  facet normal 0 -0.5000000000444249 0.86602540375879
    outer loop
      vertex 0 113.20000000298023 52.21059461683035
      vertex 5 113.20000000298023 52.21059461683035
      vertex 0 123.20000000298023 57.98409730941057
    endloop
  endfacet
  facet normal 0 -0.5000000000444249 0.86602540375879
    outer loop
      vertex 5 123.20000000298023 57.98409730941057
      vertex 0 123.20000000298023 57.98409730941057
      vertex 5 113.20000000298023 52.21059461683035
    endloop
  endfacet
  facet normal 0 0.5000000000444249 0.86602540375879
    outer loop
      vertex 0 103.20000000298023 57.98409730941057
      vertex 5 103.20000000298023 57.98409730941057
      vertex 0 113.20000000298023 52.21059461683035
    endloop
  endfacet
  facet normal 0 0.5000000000444249 0.86602540375879
    outer loop
      vertex 5 113.20000000298023 52.21059461683035
      vertex 0 113.20000000298023 52.21059461683035
      vertex 5 103.20000000298023 57.98409730941057
    endloop
  endfacet
  facet normal 0 1 0
    outer loop
      vertex 0 125 69.53110269457102
      vertex 5 125 69.53110269457102
      vertex 0 125 57.98409730941057
    endloop
  endfacet
  facet normal 0 1 0
    outer loop
      vertex 5 125 57.98409730941057
      vertex 0 125 57.98409730941057
      vertex 5 125 69.53110269457102
    endloop
  endfacet
  facet normal 0 0.5000000000444249 -0.86602540375879
    outer loop
      vertex 0 135 75.30460538715124
      vertex 5 135 75.30460538715124
      vertex 0 125 69.53110269457102
    endloop
  endfacet
  facet normal 0 0.5000000000444249 -0.86602540375879
    outer loop
      vertex 5 125 69.53110269457102
      vertex 0 125 69.53110269457102
      vertex 5 135 75.30460538715124
    endloop
  endfacet
  facet normal 0 -0.5000000000444249 -0.86602540375879
    outer loop
      vertex 0 145 69.53110269457102
      vertex 5 145 69.53110269457102
      vertex 0 135 75.30460538715124
    endloop
  endfacet
  facet normal 0 -0.5000000000444249 -0.86602540375879
    outer loop
      vertex 5 135 75.30460538715124
      vertex 0 135 75.30460538715124
      vertex 5 145 69.53110269457102
    endloop
  endfacet
  facet normal 0 -1 0
    outer loop
      vertex 0 145 57.98409730941057
      vertex 5 145 57.98409730941057
      vertex 0 145 69.53110269457102
    endloop
  endfacet
  facet normal 0 -1 0
    outer loop
      vertex 5 145 69.53110269457102
      vertex 0 145 69.53110269457102
      vertex 5 145 57.98409730941057
    endloop
  endfacet
  facet normal 0 -0.5000000000444249 0.86602540375879
    outer loop
      vertex 0 135 52.21059461683035
      vertex 5 135 52.21059461683035
      vertex 0 145 57.98409730941057
    endloop
  endfacet
  facet normal 0 -0.5000000000444249 0.86602540375879
    outer loop
      vertex 5 145 57.98409730941057
      vertex 0 145 57.98409730941057
      vertex 5 135 52.21059461683035
    endloop
  endfacet
  facet normal 0 0.5000000000444249 0.86602540375879
    outer loop
      vertex 0 125 57.98409730941057
      vertex 5 125 57.98409730941057
      vertex 0 135 52.21059461683035
    endloop
  endfacet
  facet normal 0 0.5000000000444249 0.86602540375879
    outer loop
      vertex 5 135 52.21059461683035
      vertex 0 135 52.21059461683035
      vertex 5 125 57.98409730941057
    endloop
  endfacet
  facet normal 0 1 0
    outer loop
      vertex 0 146.79999999701977 69.53110269457102
      vertex 5 146.79999999701977 69.53110269457102
      vertex 0 146.79999999701977 57.98409730941057
    endloop
  endfacet
  facet normal 0 1 0
    outer loop
      vertex 5 146.79999999701977 57.98409730941057
      vertex 0 146.79999999701977 57.98409730941057
      vertex 5 146.79999999701977 69.53110269457102
    endloop
  endfacet
  facet normal 0 0.5000000000444249 -0.86602540375879
    outer loop
      vertex 0 156.79999999701977 75.30460538715124
      vertex 5 156.79999999701977 75.30460538715124
      vertex 0 146.79999999701977 69.53110269457102
    endloop
  endfacet
  facet normal 0 0.5000000000444249 -0.86602540375879
    outer loop
      vertex 5 146.79999999701977 69.53110269457102
      vertex 0 146.79999999701977 69.53110269457102
      vertex 5 156.79999999701977 75.30460538715124
    endloop
  endfacet
  facet normal 0 -0.5000000000444249 -0.86602540375879
    outer loop
      vertex 0 166.79999999701977 69.53110269457102
      vertex 5 166.79999999701977 69.53110269457102
      vertex 0 156.79999999701977 75.30460538715124
    endloop
  endfacet
  facet normal 0 -0.5000000000444249 -0.86602540375879
    outer loop
      vertex 5 156.79999999701977 75.30460538715124
      vertex 0 156.79999999701977 75.30460538715124
      vertex 5 166.79999999701977 69.53110269457102
    endloop
  endfacet
  facet normal 0 -1 0
    outer loop
      vertex 0 166.79999999701977 57.98409730941057
      vertex 5 166.79999999701977 57.98409730941057
      vertex 0 166.79999999701977 69.53110269457102
    endloop
  endfacet
  facet normal 0 -1 0
    outer loop
      vertex 5 166.79999999701977 69.53110269457102
      vertex 0 166.79999999701977 69.53110269457102
      vertex 5 166.79999999701977 57.98409730941057
    endloop
  endfacet
  facet normal 0 -0.5000000000444249 0.86602540375879
    outer loop
      vertex 0 156.79999999701977 52.21059461683035
      vertex 5 156.79999999701977 52.21059461683035
      vertex 0 166.79999999701977 57.98409730941057
    endloop
  endfacet
  facet normal 0 -0.5000000000444249 0.86602540375879
    outer loop
      vertex 5 166.79999999701977 57.98409730941057
      vertex 0 166.79999999701977 57.98409730941057
      vertex 5 156.79999999701977 52.21059461683035
    endloop
  endfacet
  facet normal 0 0.5000000000444249 0.86602540375879
    outer loop
      vertex 0 146.79999999701977 57.98409730941057
      vertex 5 146.79999999701977 57.98409730941057
      vertex 0 156.79999999701977 52.21059461683035
    endloop
  endfacet
  facet normal 0 0.5000000000444249 0.86602540375879
    outer loop
      vertex 5 156.79999999701977 52.21059461683035
      vertex 0 156.79999999701977 52.21059461683035
      vertex 5 146.79999999701977 57.98409730941057
    endloop
  endfacet
  facet normal 0 1 0
    outer loop
      vertex 0 168.60000000149012 69.53110269457102
      vertex 5 168.60000000149012 69.53110269457102
      vertex 0 168.60000000149012 57.98409730941057
    endloop
  endfacet
  facet normal 0 1 0
    outer loop
      vertex 5 168.60000000149012 57.98409730941057
      vertex 0 168.60000000149012 57.98409730941057
      vertex 5 168.60000000149012 69.53110269457102
    endloop
  endfacet
  facet normal 0 0.5000000000444249 -0.86602540375879
    outer loop
      vertex 0 178.60000000149012 75.30460538715124
      vertex 5 178.60000000149012 75.30460538715124
      vertex 0 168.60000000149012 69.53110269457102
    endloop
  endfacet
  facet normal 0 0.5000000000444249 -0.86602540375879
    outer loop
      vertex 5 168.60000000149012 69.53110269457102
      vertex 0 168.60000000149012 69.53110269457102
      vertex 5 178.60000000149012 75.30460538715124
    endloop
  endfacet
  facet normal 0 -0.5000000000444249 -0.86602540375879
    outer loop
      vertex 0 188.60000000149012 69.53110269457102
      vertex 5 188.60000000149012 69.53110269457102
      vertex 0 178.60000000149012 75.30460538715124
    endloop
  endfacet
  facet normal 0 -0.5000000000444249 -0.86602540375879
    outer loop
      vertex 5 178.60000000149012 75.30460538715124
      vertex 0 178.60000000149012 75.30460538715124
      vertex 5 188.60000000149012 69.53110269457102
    endloop
  endfacet
  facet normal 0 -1 0
    outer loop
      vertex 0 188.60000000149012 57.98409730941057
      vertex 5 188.60000000149012 57.98409730941057
      vertex 0 188.60000000149012 69.53110269457102
    endloop
  endfacet
  facet normal 0 -1 0
    outer loop
      vertex 5 188.60000000149012 69.53110269457102
      vertex 0 188.60000000149012 69.53110269457102
      vertex 5 188.60000000149012 57.98409730941057
    endloop
  endfacet
  facet normal 0 -0.5000000000444249 0.86602540375879
    outer loop
      vertex 0 178.60000000149012 52.21059461683035
      vertex 5 178.60000000149012 52.21059461683035
      vertex 0 188.60000000149012 57.98409730941057
    endloop
  endfacet
  facet normal 0 -0.5000000000444249 0.86602540375879
    outer loop
      vertex 5 188.60000000149012 57.98409730941057
      vertex 0 188.60000000149012 57.98409730941057
      vertex 5 178.60000000149012 52.21059461683035
    endloop
  endfacet
  facet normal 0 0.5000000000444249 0.86602540375879
    outer loop
      vertex 0 168.60000000149012 57.98409730941057
      vertex 5 168.60000000149012 57.98409730941057
      vertex 0 178.60000000149012 52.21059461683035
    endloop
  endfacet
  facet normal 0 0.5000000000444249 0.86602540375879
    outer loop
      vertex 5 178.60000000149012 52.21059461683035
      vertex 0 178.60000000149012 52.21059461683035
      vertex 5 168.60000000149012 57.98409730941057
    endloop
  endfacet
  facet normal 0 1 0
    outer loop
      vertex 0 190.39999999850988 69.53110269457102
      vertex 5 190.39999999850988 69.53110269457102
      vertex 0 190.39999999850988 57.98409730941057
    endloop
  endfacet
  facet normal 0 1 0
    outer loop
      vertex 5 190.39999999850988 57.98409730941057
      vertex 0 190.39999999850988 57.98409730941057
      vertex 5 190.39999999850988 69.53110269457102
    endloop
  endfacet
  facet normal 0 0.5000000000444249 -0.86602540375879
    outer loop
      vertex 0 200.39999999850988 75.30460538715124
      vertex 5 200.39999999850988 75.30460538715124
      vertex 0 190.39999999850988 69.53110269457102
    endloop
  endfacet
  facet normal 0 0.5000000000444249 -0.86602540375879
    outer loop
      vertex 5 190.39999999850988 69.53110269457102
      vertex 0 190.39999999850988 69.53110269457102
      vertex 5 200.39999999850988 75.30460538715124
    endloop
  endfacet
  facet normal 0 -0.5000000000444249 -0.86602540375879
    outer loop
      vertex 0 210.39999999850988 69.53110269457102
      vertex 5 210.39999999850988 69.53110269457102
      vertex 0 200.39999999850988 75.30460538715124
    endloop
  endfacet
  facet normal 0 -0.5000000000444249 -0.86602540375879
    outer loop
      vertex 5 200.39999999850988 75.30460538715124
      vertex 0 200.39999999850988 75.30460538715124
      vertex 5 210.39999999850988 69.53110269457102
    endloop
  endfacet
  facet normal 0 -1 0
    outer loop
      vertex 0 210.39999999850988 57.98409730941057
      vertex 5 210.39999999850988 57.98409730941057
      vertex 0 210.39999999850988 69.53110269457102
    endloop
  endfacet
  facet normal 0 -1 0
    outer loop
      vertex 5 210.39999999850988 69.53110269457102
      vertex 0 210.39999999850988 69.53110269457102
      vertex 5 210.39999999850988 57.98409730941057
    endloop
  endfacet
  facet normal 0 -0.5000000000444249 0.86602540375879
    outer loop
      vertex 0 200.39999999850988 52.21059461683035
      vertex 5 200.39999999850988 52.21059461683035
      vertex 0 210.39999999850988 57.98409730941057
    endloop
  endfacet
  facet normal 0 -0.5000000000444249 0.86602540375879
    outer loop
      vertex 5 210.39999999850988 57.98409730941057
      vertex 0 210.39999999850988 57.98409730941057
      vertex 5 200.39999999850988 52.21059461683035
    endloop
  endfacet
  facet normal 0 0.5000000000444249 0.86602540375879
    outer loop
      vertex 0 190.39999999850988 57.98409730941057
      vertex 5 190.39999999850988 57.98409730941057
      vertex 0 200.39999999850988 52.21059461683035
    endloop
  endfacet
  facet normal 0 0.5000000000444249 0.86602540375879
    outer loop
      vertex 5 200.39999999850988 52.21059461683035
      vertex 0 200.39999999850988 52.21059461683035
      vertex 5 190.39999999850988 57.98409730941057
    endloop
  endfacet
  facet normal 0 1 0
    outer loop
      vertex 0 212.20000000298023 69.53110269457102
      vertex 5 212.20000000298023 69.53110269457102
      vertex 0 212.20000000298023 57.98409730941057
    endloop
  endfacet
  facet normal 0 1 0
    outer loop
      vertex 5 212.20000000298023 57.98409730941057
      vertex 0 212.20000000298023 57.98409730941057
      vertex 5 212.20000000298023 69.53110269457102
    endloop
  endfacet
  facet normal 0 0.5000000000444249 -0.86602540375879
    outer loop
      vertex 0 222.20000000298023 75.30460538715124
      vertex 5 222.20000000298023 75.30460538715124
      vertex 0 212.20000000298023 69.53110269457102
    endloop
  endfacet
  facet normal 0 0.5000000000444249 -0.86602540375879
    outer loop
      vertex 5 212.20000000298023 69.53110269457102
      vertex 0 212.20000000298023 69.53110269457102
      vertex 5 222.20000000298023 75.30460538715124
    endloop
  endfacet
  facet normal 0 -0.5000000000444249 -0.86602540375879
    outer loop
      vertex 0 232.20000000298023 69.53110269457102
      vertex 5 232.20000000298023 69.53110269457102
      vertex 0 222.20000000298023 75.30460538715124
    endloop
  endfacet
  facet normal 0 -0.5000000000444249 -0.86602540375879
    outer loop
      vertex 5 222.20000000298023 75.30460538715124
      vertex 0 222.20000000298023 75.30460538715124
      vertex 5 232.20000000298023 69.53110269457102
    endloop
  endfacet
  facet normal 0 -1 0
    outer loop
      vertex 0 232.20000000298023 57.98409730941057
      vertex 5 232.20000000298023 57.98409730941057
      vertex 0 232.20000000298023 69.53110269457102
    endloop
  endfacet
  facet normal 0 -1 0
    outer loop
      vertex 5 232.20000000298023 69.53110269457102
      vertex 0 232.20000000298023 69.53110269457102
      vertex 5 232.20000000298023 57.98409730941057
    endloop
  endfacet
  facet normal 0 -0.5000000000444249 0.86602540375879
    outer loop
      vertex 0 222.20000000298023 52.21059461683035
      vertex 5 222.20000000298023 52.21059461683035
      vertex 0 232.20000000298023 57.98409730941057
    endloop
  endfacet
  facet normal 0 -0.5000000000444249 0.86602540375879
    outer loop
      vertex 5 232.20000000298023 57.98409730941057
      vertex 0 232.20000000298023 57.98409730941057
      vertex 5 222.20000000298023 52.21059461683035
    endloop
  endfacet
  facet normal 0 0.5000000000444249 0.86602540375879
    outer loop
      vertex 0 212.20000000298023 57.98409730941057
      vertex 5 212.20000000298023 57.98409730941057
      vertex 0 222.20000000298023 52.21059461683035
    endloop
  endfacet
  facet normal 0 0.5000000000444249 0.86602540375879
    outer loop
      vertex 5 222.20000000298023 52.21059461683035
      vertex 0 222.20000000298023 52.21059461683035
      vertex 5 212.20000000298023 57.98409730941057
    endloop
  endfacet
  facet normal 0 1 0
    outer loop
      vertex 0 26.899999998509884 50.65230268985033
      vertex 5 26.899999998509884 50.65230268985033
      vertex 0 26.899999998509884 39.105297304689884
    endloop
  endfacet
  facet normal 0 1 0
    outer loop
      vertex 5 26.899999998509884 39.105297304689884
      vertex 0 26.899999998509884 39.105297304689884
      vertex 5 26.899999998509884 50.65230268985033
    endloop
  endfacet
  facet normal 0 0.5000000000444249 -0.86602540375879
    outer loop
      vertex 0 36.899999998509884 56.42580538243055
      vertex 5 36.899999998509884 56.42580538243055
      vertex 0 26.899999998509884 50.65230268985033
    endloop
  endfacet
  facet normal 0 0.5000000000444249 -0.86602540375879
    outer loop
      vertex 5 26.899999998509884 50.65230268985033
      vertex 0 26.899999998509884 50.65230268985033
      vertex 5 36.899999998509884 56.42580538243055
    endloop
  endfacet
  facet normal 0 -0.5000000000444249 -0.86602540375879
    outer loop
      vertex 0 46.899999998509884 50.65230268985033
      vertex 5 46.899999998509884 50.65230268985033
      vertex 0 36.899999998509884 56.42580538243055
    endloop
  endfacet
  facet normal 0 -0.5000000000444249 -0.86602540375879
    outer loop
      vertex 5 36.899999998509884 56.42580538243055
      vertex 0 36.899999998509884 56.42580538243055
      vertex 5 46.899999998509884 50.65230268985033
    endloop
  endfacet
  facet normal 0 -1 0
    outer loop
      vertex 0 46.899999998509884 39.105297304689884
      vertex 5 46.899999998509884 39.105297304689884
      vertex 0 46.899999998509884 50.65230268985033
    endloop
  endfacet
  facet normal 0 -1 0
    outer loop
      vertex 5 46.899999998509884 50.65230268985033
      vertex 0 46.899999998509884 50.65230268985033
      vertex 5 46.899999998509884 39.105297304689884
    endloop
  endfacet
  facet normal 0 -0.49999999956049546 0.8660254040381867
    outer loop
      vertex 0 36.899999998509884 33.33179461956024
      vertex 5 36.899999998509884 33.33179461956024
      vertex 0 46.899999998509884 39.105297304689884
    endloop
  endfacet
  facet normal 0 -0.49999999956049546 0.8660254040381867
    outer loop
      vertex 5 46.899999998509884 39.105297304689884
      vertex 0 46.899999998509884 39.105297304689884
      vertex 5 36.899999998509884 33.33179461956024
    endloop
  endfacet
  facet normal 0 0.49999999956049546 0.8660254040381867
    outer loop
      vertex 0 26.899999998509884 39.105297304689884
      vertex 5 26.899999998509884 39.105297304689884
      vertex 0 36.899999998509884 33.33179461956024
    endloop
  endfacet
  facet normal 0 0.49999999956049546 0.8660254040381867
    outer loop
      vertex 5 36.899999998509884 33.33179461956024
      vertex 0 36.899999998509884 33.33179461956024
      vertex 5 26.899999998509884 39.105297304689884
    endloop
  endfacet
  facet normal 0 1 0
    outer loop
      vertex 0 48.70000000298023 50.65230268985033
      vertex 5 48.70000000298023 50.65230268985033
      vertex 0 48.70000000298023 39.105297304689884
    endloop
  endfacet
  facet normal 0 1 0
    outer loop
      vertex 5 48.70000000298023 39.105297304689884
      vertex 0 48.70000000298023 39.105297304689884
      vertex 5 48.70000000298023 50.65230268985033
    endloop
  endfacet
  facet normal 0 0.5000000000444249 -0.86602540375879
    outer loop
      vertex 0 58.70000000298023 56.42580538243055
      vertex 5 58.70000000298023 56.42580538243055
      vertex 0 48.70000000298023 50.65230268985033
    endloop
  endfacet
  facet normal 0 0.5000000000444249 -0.86602540375879
    outer loop
      vertex 5 48.70000000298023 50.65230268985033
      vertex 0 48.70000000298023 50.65230268985033
      vertex 5 58.70000000298023 56.42580538243055
    endloop
  endfacet
  facet normal 0 -0.5000000000444249 -0.86602540375879
    outer loop
      vertex 0 68.70000000298023 50.65230268985033
      vertex 5 68.70000000298023 50.65230268985033
      vertex 0 58.70000000298023 56.42580538243055
    endloop
  endfacet
  facet normal 0 -0.5000000000444249 -0.86602540375879
    outer loop
      vertex 5 58.70000000298023 56.42580538243055
      vertex 0 58.70000000298023 56.42580538243055
      vertex 5 68.70000000298023 50.65230268985033
    endloop
  endfacet
  facet normal 0 -1 0
    outer loop
      vertex 0 68.70000000298023 39.105297304689884
      vertex 5 68.70000000298023 39.105297304689884
      vertex 0 68.70000000298023 50.65230268985033
    endloop
  endfacet
  facet normal 0 -1 0
    outer loop
      vertex 5 68.70000000298023 50.65230268985033
      vertex 0 68.70000000298023 50.65230268985033
      vertex 5 68.70000000298023 39.105297304689884
    endloop
  endfacet
  facet normal 0 -0.49999999956049546 0.8660254040381867
    outer loop
      vertex 0 58.70000000298023 33.33179461956024
      vertex 5 58.70000000298023 33.33179461956024
      vertex 0 68.70000000298023 39.105297304689884
    endloop
  endfacet
  facet normal 0 -0.49999999956049546 0.8660254040381867
    outer loop
      vertex 5 68.70000000298023 39.105297304689884
      vertex 0 68.70000000298023 39.105297304689884
      vertex 5 58.70000000298023 33.33179461956024
    endloop
  endfacet
  facet normal 0 0.49999999956049546 0.8660254040381867
    outer loop
      vertex 0 48.70000000298023 39.105297304689884
      vertex 5 48.70000000298023 39.105297304689884
      vertex 0 58.70000000298023 33.33179461956024
    endloop
  endfacet
  facet normal 0 0.49999999956049546 0.8660254040381867
    outer loop
      vertex 5 58.70000000298023 33.33179461956024
      vertex 0 58.70000000298023 33.33179461956024
      vertex 5 48.70000000298023 39.105297304689884
    endloop
  endfacet
  facet normal 0 1 0
    outer loop
      vertex 0 70.5 50.65230268985033
      vertex 5 70.5 50.65230268985033
      vertex 0 70.5 39.105297304689884
    endloop
  endfacet
  facet normal 0 1 0
    outer loop
      vertex 5 70.5 39.105297304689884
      vertex 0 70.5 39.105297304689884
      vertex 5 70.5 50.65230268985033
    endloop
  endfacet
  facet normal 0 0.5000000000444249 -0.86602540375879
    outer loop
      vertex 0 80.5 56.42580538243055
      vertex 5 80.5 56.42580538243055
      vertex 0 70.5 50.65230268985033
    endloop
  endfacet
  facet normal 0 0.5000000000444249 -0.86602540375879
    outer loop
      vertex 5 70.5 50.65230268985033
      vertex 0 70.5 50.65230268985033
      vertex 5 80.5 56.42580538243055
    endloop
  endfacet
  facet normal 0 -0.5000000000444249 -0.86602540375879
    outer loop
      vertex 0 90.5 50.65230268985033
      vertex 5 90.5 50.65230268985033
      vertex 0 80.5 56.42580538243055
    endloop
  endfacet
  facet normal 0 -0.5000000000444249 -0.86602540375879
    outer loop
      vertex 5 80.5 56.42580538243055
      vertex 0 80.5 56.42580538243055
      vertex 5 90.5 50.65230268985033
    endloop
  endfacet
  facet normal 0 -1 0
    outer loop
      vertex 0 90.5 39.105297304689884
      vertex 5 90.5 39.105297304689884
      vertex 0 90.5 50.65230268985033
    endloop
  endfacet
  facet normal 0 -1 0
    outer loop
      vertex 5 90.5 50.65230268985033
      vertex 0 90.5 50.65230268985033
      vertex 5 90.5 39.105297304689884
    endloop
  endfacet
  facet normal 0 -0.49999999956049546 0.8660254040381867
    outer loop
      vertex 0 80.5 33.33179461956024
      vertex 5 80.5 33.33179461956024
      vertex 0 90.5 39.105297304689884
    endloop
  endfacet
  facet normal 0 -0.49999999956049546 0.8660254040381867
    outer loop
      vertex 5 90.5 39.105297304689884
      vertex 0 90.5 39.105297304689884
      vertex 5 80.5 33.33179461956024
    endloop
  endfacet
  facet normal 0 0.49999999956049546 0.8660254040381867
    outer loop
      vertex 0 70.5 39.105297304689884
      vertex 5 70.5 39.105297304689884
      vertex 0 80.5 33.33179461956024
    endloop
  endfacet
  facet normal 0 0.49999999956049546 0.8660254040381867
    outer loop
      vertex 5 80.5 33.33179461956024
      vertex 0 80.5 33.33179461956024
      vertex 5 70.5 39.105297304689884
    endloop
  endfacet
  facet normal 0 1 0
    outer loop
      vertex 0 92.29999999701977 50.65230268985033
      vertex 5 92.29999999701977 50.65230268985033
      vertex 0 92.29999999701977 39.105297304689884
    endloop
  endfacet
  facet normal 0 1 0
    outer loop
      vertex 5 92.29999999701977 39.105297304689884
      vertex 0 92.29999999701977 39.105297304689884
      vertex 5 92.29999999701977 50.65230268985033
    endloop
  endfacet
  facet normal 0 0.5000000000444249 -0.86602540375879
    outer loop
      vertex 0 102.29999999701977 56.42580538243055
      vertex 5 102.29999999701977 56.42580538243055
      vertex 0 92.29999999701977 50.65230268985033
    endloop
  endfacet
  facet normal 0 0.5000000000444249 -0.86602540375879
    outer loop
      vertex 5 92.29999999701977 50.65230268985033
      vertex 0 92.29999999701977 50.65230268985033
      vertex 5 102.29999999701977 56.42580538243055
    endloop
  endfacet
  facet normal 0 -0.5000000000444249 -0.86602540375879
    outer loop
      vertex 0 112.29999999701977 50.65230268985033
      vertex 5 112.29999999701977 50.65230268985033
      vertex 0 102.29999999701977 56.42580538243055
    endloop
  endfacet
  facet normal 0 -0.5000000000444249 -0.86602540375879
    outer loop
      vertex 5 102.29999999701977 56.42580538243055
      vertex 0 102.29999999701977 56.42580538243055
      vertex 5 112.29999999701977 50.65230268985033
    endloop
  endfacet
  facet normal 0 -1 0
    outer loop
      vertex 0 112.29999999701977 39.105297304689884
      vertex 5 112.29999999701977 39.105297304689884
      vertex 0 112.29999999701977 50.65230268985033
    endloop
  endfacet
  facet normal 0 -1 0
    outer loop
      vertex 5 112.29999999701977 50.65230268985033
      vertex 0 112.29999999701977 50.65230268985033
      vertex 5 112.29999999701977 39.105297304689884
    endloop
  endfacet
  facet normal 0 -0.49999999956049546 0.8660254040381867
    outer loop
      vertex 0 102.29999999701977 33.33179461956024
      vertex 5 102.29999999701977 33.33179461956024
      vertex 0 112.29999999701977 39.105297304689884
    endloop
  endfacet
  facet normal 0 -0.49999999956049546 0.8660254040381867
    outer loop
      vertex 5 112.29999999701977 39.105297304689884
      vertex 0 112.29999999701977 39.105297304689884
      vertex 5 102.29999999701977 33.33179461956024
    endloop
  endfacet
  facet normal 0 0.49999999956049546 0.8660254040381867
    outer loop
      vertex 0 92.29999999701977 39.105297304689884
      vertex 5 92.29999999701977 39.105297304689884
      vertex 0 102.29999999701977 33.33179461956024
    endloop
  endfacet
  facet normal 0 0.49999999956049546 0.8660254040381867
    outer loop
      vertex 5 102.29999999701977 33.33179461956024
      vertex 0 102.29999999701977 33.33179461956024
      vertex 5 92.29999999701977 39.105297304689884
    endloop
  endfacet
  facet normal 0 1 0
    outer loop
      vertex 0 114.10000000149012 50.65230268985033
      vertex 5 114.10000000149012 50.65230268985033
      vertex 0 114.10000000149012 39.105297304689884
    endloop
  endfacet
  facet normal 0 1 0
    outer loop
      vertex 5 114.10000000149012 39.105297304689884
      vertex 0 114.10000000149012 39.105297304689884
      vertex 5 114.10000000149012 50.65230268985033
    endloop
  endfacet
  facet normal 0 0.5000000000444249 -0.86602540375879
    outer loop
      vertex 0 124.10000000149012 56.42580538243055
      vertex 5 124.10000000149012 56.42580538243055
      vertex 0 114.10000000149012 50.65230268985033
    endloop
  endfacet
  facet normal 0 0.5000000000444249 -0.86602540375879
    outer loop
      vertex 5 114.10000000149012 50.65230268985033
      vertex 0 114.10000000149012 50.65230268985033
      vertex 5 124.10000000149012 56.42580538243055
    endloop
  endfacet
  facet normal 0 -0.5000000000444249 -0.86602540375879
    outer loop
      vertex 0 134.10000000149012 50.65230268985033
      vertex 5 134.10000000149012 50.65230268985033
      vertex 0 124.10000000149012 56.42580538243055
    endloop
  endfacet
  facet normal 0 -0.5000000000444249 -0.86602540375879
    outer loop
      vertex 5 124.10000000149012 56.42580538243055
      vertex 0 124.10000000149012 56.42580538243055
      vertex 5 134.10000000149012 50.65230268985033
    endloop
  endfacet
  facet normal 0 -1 0
    outer loop
      vertex 0 134.10000000149012 39.105297304689884
      vertex 5 134.10000000149012 39.105297304689884
      vertex 0 134.10000000149012 50.65230268985033
    endloop
  endfacet
  facet normal 0 -1 0
    outer loop
      vertex 5 134.10000000149012 50.65230268985033
      vertex 0 134.10000000149012 50.65230268985033
      vertex 5 134.10000000149012 39.105297304689884
    endloop
  endfacet
  facet normal 0 -0.49999999956049546 0.8660254040381867
    outer loop
      vertex 0 124.10000000149012 33.33179461956024
      vertex 5 124.10000000149012 33.33179461956024
      vertex 0 134.10000000149012 39.105297304689884
    endloop
  endfacet
  facet normal 0 -0.49999999956049546 0.8660254040381867
    outer loop
      vertex 5 134.10000000149012 39.105297304689884
      vertex 0 134.10000000149012 39.105297304689884
      vertex 5 124.10000000149012 33.33179461956024
    endloop
  endfacet
  facet normal 0 0.49999999956049546 0.8660254040381867
    outer loop
      vertex 0 114.10000000149012 39.105297304689884
      vertex 5 114.10000000149012 39.105297304689884
      vertex 0 124.10000000149012 33.33179461956024
    endloop
  endfacet
  facet normal 0 0.49999999956049546 0.8660254040381867
    outer loop
      vertex 5 124.10000000149012 33.33179461956024
      vertex 0 124.10000000149012 33.33179461956024
      vertex 5 114.10000000149012 39.105297304689884
    endloop
  endfacet
  facet normal 0 1 0
    outer loop
      vertex 0 135.89999999850988 50.65230268985033
      vertex 5 135.89999999850988 50.65230268985033
      vertex 0 135.89999999850988 39.105297304689884
    endloop
  endfacet
  facet normal 0 1 0
    outer loop
      vertex 5 135.89999999850988 39.105297304689884
      vertex 0 135.89999999850988 39.105297304689884
      vertex 5 135.89999999850988 50.65230268985033
    endloop
  endfacet
  facet normal 0 0.5000000000444249 -0.86602540375879
    outer loop
      vertex 0 145.89999999850988 56.42580538243055
      vertex 5 145.89999999850988 56.42580538243055
      vertex 0 135.89999999850988 50.65230268985033
    endloop
  endfacet
  facet normal 0 0.5000000000444249 -0.86602540375879
    outer loop
      vertex 5 135.89999999850988 50.65230268985033
      vertex 0 135.89999999850988 50.65230268985033
      vertex 5 145.89999999850988 56.42580538243055
    endloop
  endfacet
  facet normal 0 -0.5000000000444249 -0.86602540375879
    outer loop
      vertex 0 155.89999999850988 50.65230268985033
      vertex 5 155.89999999850988 50.65230268985033
      vertex 0 145.89999999850988 56.42580538243055
    endloop
  endfacet
  facet normal 0 -0.5000000000444249 -0.86602540375879
    outer loop
      vertex 5 145.89999999850988 56.42580538243055
      vertex 0 145.89999999850988 56.42580538243055
      vertex 5 155.89999999850988 50.65230268985033
    endloop
  endfacet
  facet normal 0 -1 0
    outer loop
      vertex 0 155.89999999850988 39.105297304689884
      vertex 5 155.89999999850988 39.105297304689884
      vertex 0 155.89999999850988 50.65230268985033
    endloop
  endfacet
  facet normal 0 -1 0
    outer loop
      vertex 5 155.89999999850988 50.65230268985033
      vertex 0 155.89999999850988 50.65230268985033
      vertex 5 155.89999999850988 39.105297304689884
    endloop
  endfacet
  facet normal 0 -0.49999999956049546 0.8660254040381867
    outer loop
      vertex 0 145.89999999850988 33.33179461956024
      vertex 5 145.89999999850988 33.33179461956024
      vertex 0 155.89999999850988 39.105297304689884
    endloop
  endfacet
  facet normal 0 -0.49999999956049546 0.8660254040381867
    outer loop
      vertex 5 155.89999999850988 39.105297304689884
      vertex 0 155.89999999850988 39.105297304689884
      vertex 5 145.89999999850988 33.33179461956024
    endloop
  endfacet
  facet normal 0 0.49999999956049546 0.8660254040381867
    outer loop
      vertex 0 135.89999999850988 39.105297304689884
      vertex 5 135.89999999850988 39.105297304689884
      vertex 0 145.89999999850988 33.33179461956024
    endloop
  endfacet
  facet normal 0 0.49999999956049546 0.8660254040381867
    outer loop
      vertex 5 145.89999999850988 33.33179461956024
      vertex 0 145.89999999850988 33.33179461956024
      vertex 5 135.89999999850988 39.105297304689884
    endloop
  endfacet
  facet normal 0 1 0
    outer loop
      vertex 0 157.70000000298023 50.65230268985033
      vertex 5 157.70000000298023 50.65230268985033
      vertex 0 157.70000000298023 39.105297304689884
    endloop
  endfacet
  facet normal 0 1 0
    outer loop
      vertex 5 157.70000000298023 39.105297304689884
      vertex 0 157.70000000298023 39.105297304689884
      vertex 5 157.70000000298023 50.65230268985033
    endloop
  endfacet
  facet normal 0 0.5000000000444249 -0.86602540375879
    outer loop
      vertex 0 167.70000000298023 56.42580538243055
      vertex 5 167.70000000298023 56.42580538243055
      vertex 0 157.70000000298023 50.65230268985033
    endloop
  endfacet
  facet normal 0 0.5000000000444249 -0.86602540375879
    outer loop
      vertex 5 157.70000000298023 50.65230268985033
      vertex 0 157.70000000298023 50.65230268985033
      vertex 5 167.70000000298023 56.42580538243055
    endloop
  endfacet
  facet normal 0 -0.5000000000444249 -0.86602540375879
    outer loop
      vertex 0 177.70000000298023 50.65230268985033
      vertex 5 177.70000000298023 50.65230268985033
      vertex 0 167.70000000298023 56.42580538243055
    endloop
  endfacet
  facet normal 0 -0.5000000000444249 -0.86602540375879
    outer loop
      vertex 5 167.70000000298023 56.42580538243055
      vertex 0 167.70000000298023 56.42580538243055
      vertex 5 177.70000000298023 50.65230268985033
    endloop
  endfacet
  facet normal 0 -1 0
    outer loop
      vertex 0 177.70000000298023 39.105297304689884
      vertex 5 177.70000000298023 39.105297304689884
      vertex 0 177.70000000298023 50.65230268985033
    endloop
  endfacet
  facet normal 0 -1 0
    outer loop
      vertex 5 177.70000000298023 50.65230268985033
      vertex 0 177.70000000298023 50.65230268985033
      vertex 5 177.70000000298023 39.105297304689884
    endloop
  endfacet
  facet normal 0 -0.49999999956049546 0.8660254040381867
    outer loop
      vertex 0 167.70000000298023 33.33179461956024
      vertex 5 167.70000000298023 33.33179461956024
      vertex 0 177.70000000298023 39.105297304689884
    endloop
  endfacet
  facet normal 0 -0.49999999956049546 0.8660254040381867
    outer loop
      vertex 5 177.70000000298023 39.105297304689884
      vertex 0 177.70000000298023 39.105297304689884
      vertex 5 167.70000000298023 33.33179461956024
    endloop
  endfacet
  facet normal 0 0.49999999956049546 0.8660254040381867
    outer loop
      vertex 0 157.70000000298023 39.105297304689884
      vertex 5 157.70000000298023 39.105297304689884
      vertex 0 167.70000000298023 33.33179461956024
    endloop
  endfacet
  facet normal 0 0.49999999956049546 0.8660254040381867
    outer loop
      vertex 5 167.70000000298023 33.33179461956024
      vertex 0 167.70000000298023 33.33179461956024
      vertex 5 157.70000000298023 39.105297304689884
    endloop
  endfacet
  facet normal 0 1 0
    outer loop
      vertex 0 179.5 50.65230268985033
      vertex 5 179.5 50.65230268985033
      vertex 0 179.5 39.105297304689884
    endloop
  endfacet
  facet normal 0 1 0
    outer loop
      vertex 5 179.5 39.105297304689884
      vertex 0 179.5 39.105297304689884
      vertex 5 179.5 50.65230268985033
    endloop
  endfacet
  facet normal 0 0.5000000000444249 -0.86602540375879
    outer loop
      vertex 0 189.5 56.42580538243055
      vertex 5 189.5 56.42580538243055
      vertex 0 179.5 50.65230268985033
    endloop
  endfacet
  facet normal 0 0.5000000000444249 -0.86602540375879
    outer loop
      vertex 5 179.5 50.65230268985033
      vertex 0 179.5 50.65230268985033
      vertex 5 189.5 56.42580538243055
    endloop
  endfacet
  facet normal 0 -0.5000000000444249 -0.86602540375879
    outer loop
      vertex 0 199.5 50.65230268985033
      vertex 5 199.5 50.65230268985033
      vertex 0 189.5 56.42580538243055
    endloop
  endfacet
  facet normal 0 -0.5000000000444249 -0.86602540375879
    outer loop
      vertex 5 189.5 56.42580538243055
      vertex 0 189.5 56.42580538243055
      vertex 5 199.5 50.65230268985033
    endloop
  endfacet
  facet normal 0 -1 0
    outer loop
      vertex 0 199.5 39.105297304689884
      vertex 5 199.5 39.105297304689884
      vertex 0 199.5 50.65230268985033
    endloop
  endfacet
  facet normal 0 -1 0
    outer loop
      vertex 5 199.5 50.65230268985033
      vertex 0 199.5 50.65230268985033
      vertex 5 199.5 39.105297304689884
    endloop
  endfacet
  facet normal 0 -0.49999999956049546 0.8660254040381867
    outer loop
      vertex 0 189.5 33.33179461956024
      vertex 5 189.5 33.33179461956024
      vertex 0 199.5 39.105297304689884
    endloop
  endfacet
  facet normal 0 -0.49999999956049546 0.8660254040381867
    outer loop
      vertex 5 199.5 39.105297304689884
      vertex 0 199.5 39.105297304689884
      vertex 5 189.5 33.33179461956024
    endloop
  endfacet
  facet normal 0 0.49999999956049546 0.8660254040381867
    outer loop
      vertex 0 179.5 39.105297304689884
      vertex 5 179.5 39.105297304689884
      vertex 0 189.5 33.33179461956024
    endloop
  endfacet
  facet normal 0 0.49999999956049546 0.8660254040381867
    outer loop
      vertex 5 189.5 33.33179461956024
      vertex 0 189.5 33.33179461956024
      vertex 5 179.5 39.105297304689884
    endloop
  endfacet
  facet normal 0 1 0
    outer loop
      vertex 0 201.29999999701977 50.65230268985033
      vertex 5 201.29999999701977 50.65230268985033
      vertex 0 201.29999999701977 39.105297304689884
    endloop
  endfacet
  facet normal 0 1 0
    outer loop
      vertex 5 201.29999999701977 39.105297304689884
      vertex 0 201.29999999701977 39.105297304689884
      vertex 5 201.29999999701977 50.65230268985033
    endloop
  endfacet
  facet normal 0 0.5000000000444249 -0.86602540375879
    outer loop
      vertex 0 211.29999999701977 56.42580538243055
      vertex 5 211.29999999701977 56.42580538243055
      vertex 0 201.29999999701977 50.65230268985033
    endloop
  endfacet
  facet normal 0 0.5000000000444249 -0.86602540375879
    outer loop
      vertex 5 201.29999999701977 50.65230268985033
      vertex 0 201.29999999701977 50.65230268985033
      vertex 5 211.29999999701977 56.42580538243055
    endloop
  endfacet
  facet normal 0 -0.5000000000444249 -0.86602540375879
    outer loop
      vertex 0 221.29999999701977 50.65230268985033
      vertex 5 221.29999999701977 50.65230268985033
      vertex 0 211.29999999701977 56.42580538243055
    endloop
  endfacet
  facet normal 0 -0.5000000000444249 -0.86602540375879
    outer loop
      vertex 5 211.29999999701977 56.42580538243055
      vertex 0 211.29999999701977 56.42580538243055
      vertex 5 221.29999999701977 50.65230268985033
    endloop
  endfacet
  facet normal 0 -1 0
    outer loop
      vertex 0 221.29999999701977 39.105297304689884
      vertex 5 221.29999999701977 39.105297304689884
      vertex 0 221.29999999701977 50.65230268985033
    endloop
  endfacet
  facet normal 0 -1 0
    outer loop
      vertex 5 221.29999999701977 50.65230268985033
      vertex 0 221.29999999701977 50.65230268985033
      vertex 5 221.29999999701977 39.105297304689884
    endloop
  endfacet
  facet normal 0 -0.49999999956049546 0.8660254040381867
    outer loop
      vertex 0 211.29999999701977 33.33179461956024
      vertex 5 211.29999999701977 33.33179461956024
      vertex 0 221.29999999701977 39.105297304689884
    endloop
  endfacet
  facet normal 0 -0.49999999956049546 0.8660254040381867
    outer loop
      vertex 5 221.29999999701977 39.105297304689884
      vertex 0 221.29999999701977 39.105297304689884
      vertex 5 211.29999999701977 33.33179461956024
    endloop
  endfacet
  facet normal 0 0.49999999956049546 0.8660254040381867
    outer loop
      vertex 0 201.29999999701977 39.105297304689884
      vertex 5 201.29999999701977 39.105297304689884
      vertex 0 211.29999999701977 33.33179461956024
    endloop
  endfacet
  facet normal 0 0.49999999956049546 0.8660254040381867
    outer loop
      vertex 5 211.29999999701977 33.33179461956024
      vertex 0 211.29999999701977 33.33179461956024
      vertex 5 201.29999999701977 39.105297304689884
    endloop
  endfacet
  facet normal 0 1 0
    outer loop
      vertex 0 16 31.773502692580223
      vertex 5 16 31.773502692580223
      vertex 0 16 20.226497307419777
    endloop
  endfacet
  facet normal 0 1 0
    outer loop
      vertex 5 16 20.226497307419777
      vertex 0 16 20.226497307419777
      vertex 5 16 31.773502692580223
    endloop
  endfacet
  facet normal 0 0.5000000000444249 -0.86602540375879
    outer loop
      vertex 0 26 37.547005385160446
      vertex 5 26 37.547005385160446
      vertex 0 16 31.773502692580223
    endloop
  endfacet
  facet normal 0 0.5000000000444249 -0.86602540375879
    outer loop
      vertex 5 16 31.773502692580223
      vertex 0 16 31.773502692580223
      vertex 5 26 37.547005385160446
    endloop
  endfacet
  facet normal 0 -0.5000000000444249 -0.86602540375879
    outer loop
      vertex 0 36 31.773502692580223
      vertex 5 36 31.773502692580223
      vertex 0 26 37.547005385160446
    endloop
  endfacet
  facet normal 0 -0.5000000000444249 -0.86602540375879
    outer loop
      vertex 5 26 37.547005385160446
      vertex 0 26 37.547005385160446
      vertex 5 36 31.773502692580223
    endloop
  endfacet
  facet normal 0 -1 0
    outer loop
      vertex 0 36 20.226497307419777
      vertex 5 36 20.226497307419777
      vertex 0 36 31.773502692580223
    endloop
  endfacet
  facet normal 0 -1 0
    outer loop
      vertex 5 36 31.773502692580223
      vertex 0 36 31.773502692580223
      vertex 5 36 20.226497307419777
    endloop
  endfacet
  facet normal 0 -0.5000000000444249 0.86602540375879
    outer loop
      vertex 0 26 14.452994614839554
      vertex 5 26 14.452994614839554
      vertex 0 36 20.226497307419777
    endloop
  endfacet
  facet normal 0 -0.5000000000444249 0.86602540375879
    outer loop
      vertex 5 36 20.226497307419777
      vertex 0 36 20.226497307419777
      vertex 5 26 14.452994614839554
    endloop
  endfacet
  facet normal 0 0.5000000000444249 0.86602540375879
    outer loop
      vertex 0 16 20.226497307419777
      vertex 5 16 20.226497307419777
      vertex 0 26 14.452994614839554
    endloop
  endfacet
  facet normal 0 0.5000000000444249 0.86602540375879
    outer loop
      vertex 5 26 14.452994614839554
      vertex 0 26 14.452994614839554
      vertex 5 16 20.226497307419777
    endloop
  endfacet
  facet normal 0 1 0
    outer loop
      vertex 0 37.79999999701977 31.773502692580223
      vertex 5 37.79999999701977 31.773502692580223
      vertex 0 37.79999999701977 20.226497307419777
    endloop
  endfacet
  facet normal 0 1 0
    outer loop
      vertex 5 37.79999999701977 20.226497307419777
      vertex 0 37.79999999701977 20.226497307419777
      vertex 5 37.79999999701977 31.773502692580223
    endloop
  endfacet
  facet normal 0 0.5000000000444249 -0.86602540375879
    outer loop
      vertex 0 47.79999999701977 37.547005385160446
      vertex 5 47.79999999701977 37.547005385160446
      vertex 0 37.79999999701977 31.773502692580223
    endloop
  endfacet
  facet normal 0 0.5000000000444249 -0.86602540375879
    outer loop
      vertex 5 37.79999999701977 31.773502692580223
      vertex 0 37.79999999701977 31.773502692580223
      vertex 5 47.79999999701977 37.547005385160446
    endloop
  endfacet
  facet normal 0 -0.5000000000444249 -0.86602540375879
    outer loop
      vertex 0 57.79999999701977 31.773502692580223
      vertex 5 57.79999999701977 31.773502692580223
      vertex 0 47.79999999701977 37.547005385160446
    endloop
  endfacet
  facet normal 0 -0.5000000000444249 -0.86602540375879
    outer loop
      vertex 5 47.79999999701977 37.547005385160446
      vertex 0 47.79999999701977 37.547005385160446
      vertex 5 57.79999999701977 31.773502692580223
    endloop
  endfacet
  facet normal 0 -1 0
    outer loop
      vertex 0 57.79999999701977 20.226497307419777
      vertex 5 57.79999999701977 20.226497307419777
      vertex 0 57.79999999701977 31.773502692580223
    endloop
  endfacet
  facet normal 0 -1 0
    outer loop
      vertex 5 57.79999999701977 31.773502692580223
      vertex 0 57.79999999701977 31.773502692580223
      vertex 5 57.79999999701977 20.226497307419777
    endloop
  endfacet
  facet normal 0 -0.5000000000444249 0.86602540375879
    outer loop
      vertex 0 47.79999999701977 14.452994614839554
      vertex 5 47.79999999701977 14.452994614839554
      vertex 0 57.79999999701977 20.226497307419777
    endloop
  endfacet
  facet normal 0 -0.5000000000444249 0.86602540375879
    outer loop
      vertex 5 57.79999999701977 20.226497307419777
      vertex 0 57.79999999701977 20.226497307419777
      vertex 5 47.79999999701977 14.452994614839554
    endloop
  endfacet
  facet normal 0 0.5000000000444249 0.86602540375879
    outer loop
      vertex 0 37.79999999701977 20.226497307419777
      vertex 5 37.79999999701977 20.226497307419777
      vertex 0 47.79999999701977 14.452994614839554
    endloop
  endfacet
  facet normal 0 0.5000000000444249 0.86602540375879
    outer loop
      vertex 5 47.79999999701977 14.452994614839554
      vertex 0 47.79999999701977 14.452994614839554
      vertex 5 37.79999999701977 20.226497307419777
    endloop
  endfacet
  facet normal 0 1 0
    outer loop
      vertex 0 59.600000001490116 31.773502692580223
      vertex 5 59.600000001490116 31.773502692580223
      vertex 0 59.600000001490116 20.226497307419777
    endloop
  endfacet
  facet normal 0 1 0
    outer loop
      vertex 5 59.600000001490116 20.226497307419777
      vertex 0 59.600000001490116 20.226497307419777
      vertex 5 59.600000001490116 31.773502692580223
    endloop
  endfacet
  facet normal 0 0.5000000000444249 -0.86602540375879
    outer loop
      vertex 0 69.60000000149012 37.547005385160446
      vertex 5 69.60000000149012 37.547005385160446
      vertex 0 59.600000001490116 31.773502692580223
    endloop
  endfacet
  facet normal 0 0.5000000000444249 -0.86602540375879
    outer loop
      vertex 5 59.600000001490116 31.773502692580223
      vertex 0 59.600000001490116 31.773502692580223
      vertex 5 69.60000000149012 37.547005385160446
    endloop
  endfacet
  facet normal 0 -0.5000000000444249 -0.86602540375879
    outer loop
      vertex 0 79.60000000149012 31.773502692580223
      vertex 5 79.60000000149012 31.773502692580223
      vertex 0 69.60000000149012 37.547005385160446
    endloop
  endfacet
  facet normal 0 -0.5000000000444249 -0.86602540375879
    outer loop
      vertex 5 69.60000000149012 37.547005385160446
      vertex 0 69.60000000149012 37.547005385160446
      vertex 5 79.60000000149012 31.773502692580223
    endloop
  endfacet
  facet normal 0 -1 0
    outer loop
      vertex 0 79.60000000149012 20.226497307419777
      vertex 5 79.60000000149012 20.226497307419777
      vertex 0 79.60000000149012 31.773502692580223
    endloop
  endfacet
  facet normal 0 -1 0
    outer loop
      vertex 5 79.60000000149012 31.773502692580223
      vertex 0 79.60000000149012 31.773502692580223
      vertex 5 79.60000000149012 20.226497307419777
    endloop
  endfacet
  facet normal 0 -0.5000000000444249 0.86602540375879
    outer loop
      vertex 0 69.60000000149012 14.452994614839554
      vertex 5 69.60000000149012 14.452994614839554
      vertex 0 79.60000000149012 20.226497307419777
    endloop
  endfacet
  facet normal 0 -0.5000000000444249 0.86602540375879
    outer loop
      vertex 5 79.60000000149012 20.226497307419777
      vertex 0 79.60000000149012 20.226497307419777
      vertex 5 69.60000000149012 14.452994614839554
    endloop
  endfacet
  facet normal 0 0.5000000000444249 0.86602540375879
    outer loop
      vertex 0 59.600000001490116 20.226497307419777
      vertex 5 59.600000001490116 20.226497307419777
      vertex 0 69.60000000149012 14.452994614839554
    endloop
  endfacet
  facet normal 0 0.5000000000444249 0.86602540375879
    outer loop
      vertex 5 69.60000000149012 14.452994614839554
      vertex 0 69.60000000149012 14.452994614839554
      vertex 5 59.600000001490116 20.226497307419777
    endloop
  endfacet
  facet normal 0 1 0
    outer loop
      vertex 0 81.39999999850988 31.773502692580223
      vertex 5 81.39999999850988 31.773502692580223
      vertex 0 81.39999999850988 20.226497307419777
    endloop
  endfacet
  facet normal 0 1 0
    outer loop
      vertex 5 81.39999999850988 20.226497307419777
      vertex 0 81.39999999850988 20.226497307419777
      vertex 5 81.39999999850988 31.773502692580223
    endloop
  endfacet
  facet normal 0 0.5000000000444249 -0.86602540375879
    outer loop
      vertex 0 91.39999999850988 37.547005385160446
      vertex 5 91.39999999850988 37.547005385160446
      vertex 0 81.39999999850988 31.773502692580223
    endloop
  endfacet
  facet normal 0 0.5000000000444249 -0.86602540375879
    outer loop
      vertex 5 81.39999999850988 31.773502692580223
      vertex 0 81.39999999850988 31.773502692580223
      vertex 5 91.39999999850988 37.547005385160446
    endloop
  endfacet
  facet normal 0 -0.5000000000444249 -0.86602540375879
    outer loop
      vertex 0 101.39999999850988 31.773502692580223
      vertex 5 101.39999999850988 31.773502692580223
      vertex 0 91.39999999850988 37.547005385160446
    endloop
  endfacet
  facet normal 0 -0.5000000000444249 -0.86602540375879
    outer loop
      vertex 5 91.39999999850988 37.547005385160446
      vertex 0 91.39999999850988 37.547005385160446
      vertex 5 101.39999999850988 31.773502692580223
    endloop
  endfacet
  facet normal 0 -1 0
    outer loop
      vertex 0 101.39999999850988 20.226497307419777
      vertex 5 101.39999999850988 20.226497307419777
      vertex 0 101.39999999850988 31.773502692580223
    endloop
  endfacet
  facet normal 0 -1 0
    outer loop
      vertex 5 101.39999999850988 31.773502692580223
      vertex 0 101.39999999850988 31.773502692580223
      vertex 5 101.39999999850988 20.226497307419777
    endloop
  endfacet
  facet normal 0 -0.5000000000444249 0.86602540375879
    outer loop
      vertex 0 91.39999999850988 14.452994614839554
      vertex 5 91.39999999850988 14.452994614839554
      vertex 0 101.39999999850988 20.226497307419777
    endloop
  endfacet
  facet normal 0 -0.5000000000444249 0.86602540375879
    outer loop
      vertex 5 101.39999999850988 20.226497307419777
      vertex 0 101.39999999850988 20.226497307419777
      vertex 5 91.39999999850988 14.452994614839554
    endloop
  endfacet
  facet normal 0 0.5000000000444249 0.86602540375879
    outer loop
      vertex 0 81.39999999850988 20.226497307419777
      vertex 5 81.39999999850988 20.226497307419777
      vertex 0 91.39999999850988 14.452994614839554
    endloop
  endfacet
  facet normal 0 0.5000000000444249 0.86602540375879
    outer loop
      vertex 5 91.39999999850988 14.452994614839554
      vertex 0 91.39999999850988 14.452994614839554
      vertex 5 81.39999999850988 20.226497307419777
    endloop
  endfacet
  facet normal 0 1 0
    outer loop
      vertex 0 103.20000000298023 31.773502692580223
      vertex 5 103.20000000298023 31.773502692580223
      vertex 0 103.20000000298023 20.226497307419777
    endloop
  endfacet
  facet normal 0 1 0
    outer loop
      vertex 5 103.20000000298023 20.226497307419777
      vertex 0 103.20000000298023 20.226497307419777
      vertex 5 103.20000000298023 31.773502692580223
    endloop
  endfacet
  facet normal 0 0.5000000000444249 -0.86602540375879
    outer loop
      vertex 0 113.20000000298023 37.547005385160446
      vertex 5 113.20000000298023 37.547005385160446
      vertex 0 103.20000000298023 31.773502692580223
    endloop
  endfacet
  facet normal 0 0.5000000000444249 -0.86602540375879
    outer loop
      vertex 5 103.20000000298023 31.773502692580223
      vertex 0 103.20000000298023 31.773502692580223
      vertex 5 113.20000000298023 37.547005385160446
    endloop
  endfacet
  facet normal 0 -0.5000000000444249 -0.86602540375879
    outer loop
      vertex 0 123.20000000298023 31.773502692580223
      vertex 5 123.20000000298023 31.773502692580223
      vertex 0 113.20000000298023 37.547005385160446
    endloop
  endfacet
  facet normal 0 -0.5000000000444249 -0.86602540375879
    outer loop
      vertex 5 113.20000000298023 37.547005385160446
      vertex 0 113.20000000298023 37.547005385160446
      vertex 5 123.20000000298023 31.773502692580223
    endloop
  endfacet
  facet normal 0 -1 0
    outer loop
      vertex 0 123.20000000298023 20.226497307419777
      vertex 5 123.20000000298023 20.226497307419777
      vertex 0 123.20000000298023 31.773502692580223
    endloop
  endfacet
  facet normal 0 -1 0
    outer loop
      vertex 5 123.20000000298023 31.773502692580223
      vertex 0 123.20000000298023 31.773502692580223
      vertex 5 123.20000000298023 20.226497307419777
    endloop
  endfacet
  facet normal 0 -0.5000000000444249 0.86602540375879
    outer loop
      vertex 0 113.20000000298023 14.452994614839554
      vertex 5 113.20000000298023 14.452994614839554
      vertex 0 123.20000000298023 20.226497307419777
    endloop
  endfacet
  facet normal 0 -0.5000000000444249 0.86602540375879
    outer loop
      vertex 5 123.20000000298023 20.226497307419777
      vertex 0 123.20000000298023 20.226497307419777
      vertex 5 113.20000000298023 14.452994614839554
    endloop
  endfacet
  facet normal 0 0.5000000000444249 0.86602540375879
    outer loop
      vertex 0 103.20000000298023 20.226497307419777
      vertex 5 103.20000000298023 20.226497307419777
      vertex 0 113.20000000298023 14.452994614839554
    endloop
  endfacet
  facet normal 0 0.5000000000444249 0.86602540375879
    outer loop
      vertex 5 113.20000000298023 14.452994614839554
      vertex 0 113.20000000298023 14.452994614839554
      vertex 5 103.20000000298023 20.226497307419777
    endloop
  endfacet
  facet normal 0 1 0
    outer loop
      vertex 0 125 31.773502692580223
      vertex 5 125 31.773502692580223
      vertex 0 125 20.226497307419777
    endloop
  endfacet
  facet normal 0 1 0
    outer loop
      vertex 5 125 20.226497307419777
      vertex 0 125 20.226497307419777
      vertex 5 125 31.773502692580223
    endloop
  endfacet
  facet normal 0 0.5000000000444249 -0.86602540375879
    outer loop
      vertex 0 135 37.547005385160446
      vertex 5 135 37.547005385160446
      vertex 0 125 31.773502692580223
    endloop
  endfacet
  facet normal 0 0.5000000000444249 -0.86602540375879
    outer loop
      vertex 5 125 31.773502692580223
      vertex 0 125 31.773502692580223
      vertex 5 135 37.547005385160446
    endloop
  endfacet
  facet normal 0 -0.5000000000444249 -0.86602540375879
    outer loop
      vertex 0 145 31.773502692580223
      vertex 5 145 31.773502692580223
      vertex 0 135 37.547005385160446
    endloop
  endfacet
  facet normal 0 -0.5000000000444249 -0.86602540375879
    outer loop
      vertex 5 135 37.547005385160446
      vertex 0 135 37.547005385160446
      vertex 5 145 31.773502692580223
    endloop
  endfacet
  facet normal 0 -1 0
    outer loop
      vertex 0 145 20.226497307419777
      vertex 5 145 20.226497307419777
      vertex 0 145 31.773502692580223
    endloop
  endfacet
  facet normal 0 -1 0
    outer loop
      vertex 5 145 31.773502692580223
      vertex 0 145 31.773502692580223
      vertex 5 145 20.226497307419777
    endloop
  endfacet
  facet normal 0 -0.5000000000444249 0.86602540375879
    outer loop
      vertex 0 135 14.452994614839554
      vertex 5 135 14.452994614839554
      vertex 0 145 20.226497307419777
    endloop
  endfacet
  facet normal 0 -0.5000000000444249 0.86602540375879
    outer loop
      vertex 5 145 20.226497307419777
      vertex 0 145 20.226497307419777
      vertex 5 135 14.452994614839554
    endloop
  endfacet
  facet normal 0 0.5000000000444249 0.86602540375879
    outer loop
      vertex 0 125 20.226497307419777
      vertex 5 125 20.226497307419777
      vertex 0 135 14.452994614839554
    endloop
  endfacet
  facet normal 0 0.5000000000444249 0.86602540375879
    outer loop
      vertex 5 135 14.452994614839554
      vertex 0 135 14.452994614839554
      vertex 5 125 20.226497307419777
    endloop
  endfacet
  facet normal 0 1 0
    outer loop
      vertex 0 146.79999999701977 31.773502692580223
      vertex 5 146.79999999701977 31.773502692580223
      vertex 0 146.79999999701977 20.226497307419777
    endloop
  endfacet
  facet normal 0 1 0
    outer loop
      vertex 5 146.79999999701977 20.226497307419777
      vertex 0 146.79999999701977 20.226497307419777
      vertex 5 146.79999999701977 31.773502692580223
    endloop
  endfacet
  facet normal 0 0.5000000000444249 -0.86602540375879
    outer loop
      vertex 0 156.79999999701977 37.547005385160446
      vertex 5 156.79999999701977 37.547005385160446
      vertex 0 146.79999999701977 31.773502692580223
    endloop
  endfacet
  facet normal 0 0.5000000000444249 -0.86602540375879
    outer loop
      vertex 5 146.79999999701977 31.773502692580223
      vertex 0 146.79999999701977 31.773502692580223
      vertex 5 156.79999999701977 37.547005385160446
    endloop
  endfacet
  facet normal 0 -0.5000000000444249 -0.86602540375879
    outer loop
      vertex 0 166.79999999701977 31.773502692580223
      vertex 5 166.79999999701977 31.773502692580223
      vertex 0 156.79999999701977 37.547005385160446
    endloop
  endfacet
  facet normal 0 -0.5000000000444249 -0.86602540375879
    outer loop
      vertex 5 156.79999999701977 37.547005385160446
      vertex 0 156.79999999701977 37.547005385160446
      vertex 5 166.79999999701977 31.773502692580223
    endloop
  endfacet
  facet normal 0 -1 0
    outer loop
      vertex 0 166.79999999701977 20.226497307419777
      vertex 5 166.79999999701977 20.226497307419777
      vertex 0 166.79999999701977 31.773502692580223
    endloop
  endfacet
  facet normal 0 -1 0
    outer loop
      vertex 5 166.79999999701977 31.773502692580223
      vertex 0 166.79999999701977 31.773502692580223
      vertex 5 166.79999999701977 20.226497307419777
    endloop
  endfacet
  facet normal 0 -0.5000000000444249 0.86602540375879
    outer loop
      vertex 0 156.79999999701977 14.452994614839554
      vertex 5 156.79999999701977 14.452994614839554
      vertex 0 166.79999999701977 20.226497307419777
    endloop
  endfacet
  facet normal 0 -0.5000000000444249 0.86602540375879
    outer loop
      vertex 5 166.79999999701977 20.226497307419777
      vertex 0 166.79999999701977 20.226497307419777
      vertex 5 156.79999999701977 14.452994614839554
    endloop
  endfacet
  facet normal 0 0.5000000000444249 0.86602540375879
    outer loop
      vertex 0 146.79999999701977 20.226497307419777
      vertex 5 146.79999999701977 20.226497307419777
      vertex 0 156.79999999701977 14.452994614839554
    endloop
  endfacet
  facet normal 0 0.5000000000444249 0.86602540375879
    outer loop
      vertex 5 156.79999999701977 14.452994614839554
      vertex 0 156.79999999701977 14.452994614839554
      vertex 5 146.79999999701977 20.226497307419777
    endloop
  endfacet
  facet normal 0 1 0
    outer loop
      vertex 0 168.60000000149012 31.773502692580223
      vertex 5 168.60000000149012 31.773502692580223
      vertex 0 168.60000000149012 20.226497307419777
    endloop
  endfacet
  facet normal 0 1 0
    outer loop
      vertex 5 168.60000000149012 20.226497307419777
      vertex 0 168.60000000149012 20.226497307419777
      vertex 5 168.60000000149012 31.773502692580223
    endloop
  endfacet
  facet normal 0 0.5000000000444249 -0.86602540375879
    outer loop
      vertex 0 178.60000000149012 37.547005385160446
      vertex 5 178.60000000149012 37.547005385160446
      vertex 0 168.60000000149012 31.773502692580223
    endloop
  endfacet
  facet normal 0 0.5000000000444249 -0.86602540375879
    outer loop
      vertex 5 168.60000000149012 31.773502692580223
      vertex 0 168.60000000149012 31.773502692580223
      vertex 5 178.60000000149012 37.547005385160446
    endloop
  endfacet
  facet normal 0 -0.5000000000444249 -0.86602540375879
    outer loop
      vertex 0 188.60000000149012 31.773502692580223
      vertex 5 188.60000000149012 31.773502692580223
      vertex 0 178.60000000149012 37.547005385160446
    endloop
  endfacet
  facet normal 0 -0.5000000000444249 -0.86602540375879
    outer loop
      vertex 5 178.60000000149012 37.547005385160446
      vertex 0 178.60000000149012 37.547005385160446
      vertex 5 188.60000000149012 31.773502692580223
    endloop
  endfacet
  facet normal 0 -1 0
    outer loop
      vertex 0 188.60000000149012 20.226497307419777
      vertex 5 188.60000000149012 20.226497307419777
      vertex 0 188.60000000149012 31.773502692580223
    endloop
  endfacet
  facet normal 0 -1 0
    outer loop
      vertex 5 188.60000000149012 31.773502692580223
      vertex 0 188.60000000149012 31.773502692580223
      vertex 5 188.60000000149012 20.226497307419777
    endloop
  endfacet
  facet normal 0 -0.5000000000444249 0.86602540375879
    outer loop
      vertex 0 178.60000000149012 14.452994614839554
      vertex 5 178.60000000149012 14.452994614839554
      vertex 0 188.60000000149012 20.226497307419777
    endloop
  endfacet
  facet normal 0 -0.5000000000444249 0.86602540375879
    outer loop
      vertex 5 188.60000000149012 20.226497307419777
      vertex 0 188.60000000149012 20.226497307419777
      vertex 5 178.60000000149012 14.452994614839554
    endloop
  endfacet
  facet normal 0 0.5000000000444249 0.86602540375879
    outer loop
      vertex 0 168.60000000149012 20.226497307419777
      vertex 5 168.60000000149012 20.226497307419777
      vertex 0 178.60000000149012 14.452994614839554
    endloop
  endfacet
  facet normal 0 0.5000000000444249 0.86602540375879
    outer loop
      vertex 5 178.60000000149012 14.452994614839554
      vertex 0 178.60000000149012 14.452994614839554
      vertex 5 168.60000000149012 20.226497307419777
    endloop
  endfacet
  facet normal 0 1 0
    outer loop
      vertex 0 190.39999999850988 31.773502692580223
      vertex 5 190.39999999850988 31.773502692580223
      vertex 0 190.39999999850988 20.226497307419777
    endloop
  endfacet
  facet normal 0 1 0
    outer loop
      vertex 5 190.39999999850988 20.226497307419777
      vertex 0 190.39999999850988 20.226497307419777
      vertex 5 190.39999999850988 31.773502692580223
    endloop
  endfacet
  facet normal 0 0.5000000000444249 -0.86602540375879
    outer loop
      vertex 0 200.39999999850988 37.547005385160446
      vertex 5 200.39999999850988 37.547005385160446
      vertex 0 190.39999999850988 31.773502692580223
    endloop
  endfacet
  facet normal 0 0.5000000000444249 -0.86602540375879
    outer loop
      vertex 5 190.39999999850988 31.773502692580223
      vertex 0 190.39999999850988 31.773502692580223
      vertex 5 200.39999999850988 37.547005385160446
    endloop
  endfacet
  facet normal 0 -0.5000000000444249 -0.86602540375879
    outer loop
      vertex 0 210.39999999850988 31.773502692580223
      vertex 5 210.39999999850988 31.773502692580223
      vertex 0 200.39999999850988 37.547005385160446
    endloop
  endfacet
  facet normal 0 -0.5000000000444249 -0.86602540375879
    outer loop
      vertex 5 200.39999999850988 37.547005385160446
      vertex 0 200.39999999850988 37.547005385160446
      vertex 5 210.39999999850988 31.773502692580223
    endloop
  endfacet
  facet normal 0 -1 0
    outer loop
      vertex 0 210.39999999850988 20.226497307419777
      vertex 5 210.39999999850988 20.226497307419777
      vertex 0 210.39999999850988 31.773502692580223
    endloop
  endfacet
  facet normal 0 -1 0
    outer loop
      vertex 5 210.39999999850988 31.773502692580223
      vertex 0 210.39999999850988 31.773502692580223
      vertex 5 210.39999999850988 20.226497307419777
    endloop
  endfacet
  facet normal 0 -0.5000000000444249 0.86602540375879
    outer loop
      vertex 0 200.39999999850988 14.452994614839554
      vertex 5 200.39999999850988 14.452994614839554
      vertex 0 210.39999999850988 20.226497307419777
    endloop
  endfacet
  facet normal 0 -0.5000000000444249 0.86602540375879
    outer loop
      vertex 5 210.39999999850988 20.226497307419777
      vertex 0 210.39999999850988 20.226497307419777
      vertex 5 200.39999999850988 14.452994614839554
    endloop
  endfacet
  facet normal 0 0.5000000000444249 0.86602540375879
    outer loop
      vertex 0 190.39999999850988 20.226497307419777
      vertex 5 190.39999999850988 20.226497307419777
      vertex 0 200.39999999850988 14.452994614839554
    endloop
  endfacet
  facet normal 0 0.5000000000444249 0.86602540375879
    outer loop
      vertex 5 200.39999999850988 14.452994614839554
      vertex 0 200.39999999850988 14.452994614839554
      vertex 5 190.39999999850988 20.226497307419777
    endloop
  endfacet
  facet normal 0 1 0
    outer loop
      vertex 0 212.20000000298023 31.773502692580223
      vertex 5 212.20000000298023 31.773502692580223
      vertex 0 212.20000000298023 20.226497307419777
    endloop
  endfacet
  facet normal 0 1 0
    outer loop
      vertex 5 212.20000000298023 20.226497307419777
      vertex 0 212.20000000298023 20.226497307419777
      vertex 5 212.20000000298023 31.773502692580223
    endloop
  endfacet
  facet normal 0 0.5000000000444249 -0.86602540375879
    outer loop
      vertex 0 222.20000000298023 37.547005385160446
      vertex 5 222.20000000298023 37.547005385160446
      vertex 0 212.20000000298023 31.773502692580223
    endloop
  endfacet
  facet normal 0 0.5000000000444249 -0.86602540375879
    outer loop
      vertex 5 212.20000000298023 31.773502692580223
      vertex 0 212.20000000298023 31.773502692580223
      vertex 5 222.20000000298023 37.547005385160446
    endloop
  endfacet
  facet normal 0 -0.5000000000444249 -0.86602540375879
    outer loop
      vertex 0 232.20000000298023 31.773502692580223
      vertex 5 232.20000000298023 31.773502692580223
      vertex 0 222.20000000298023 37.547005385160446
    endloop
  endfacet
  facet normal 0 -0.5000000000444249 -0.86602540375879
    outer loop
      vertex 5 222.20000000298023 37.547005385160446
      vertex 0 222.20000000298023 37.547005385160446
      vertex 5 232.20000000298023 31.773502692580223
    endloop
  endfacet
  facet normal 0 -1 0
    outer loop
      vertex 0 232.20000000298023 20.226497307419777
      vertex 5 232.20000000298023 20.226497307419777
      vertex 0 232.20000000298023 31.773502692580223
    endloop
  endfacet
  facet normal 0 -1 0
    outer loop
      vertex 5 232.20000000298023 31.773502692580223
      vertex 0 232.20000000298023 31.773502692580223
      vertex 5 232.20000000298023 20.226497307419777
    endloop
  endfacet
  facet normal 0 -0.5000000000444249 0.86602540375879
    outer loop
      vertex 0 222.20000000298023 14.452994614839554
      vertex 5 222.20000000298023 14.452994614839554
      vertex 0 232.20000000298023 20.226497307419777
    endloop
  endfacet
  facet normal 0 -0.5000000000444249 0.86602540375879
    outer loop
      vertex 5 232.20000000298023 20.226497307419777
      vertex 0 232.20000000298023 20.226497307419777
      vertex 5 222.20000000298023 14.452994614839554
    endloop
  endfacet
  facet normal 0 0.5000000000444249 0.86602540375879
    outer loop
      vertex 0 212.20000000298023 20.226497307419777
      vertex 5 212.20000000298023 20.226497307419777
      vertex 0 222.20000000298023 14.452994614839554
    endloop
  endfacet
  facet normal 0 0.5000000000444249 0.86602540375879
    outer loop
      vertex 5 222.20000000298023 14.452994614839554
      vertex 0 222.20000000298023 14.452994614839554
      vertex 5 212.20000000298023 20.226497307419777
    endloop
  endfacet
  facet normal 0 0 0
    outer loop
      vertex 5 232.20000000298023 107.28870268911123
      vertex 5 232.20000000298023 145.04630269110203
      vertex 5 232.20000000298023 133.49929730594158
    endloop
  endfacet
  facet normal 1 0 0
    outer loop
      vertex 5 221.29999999701977 126.16750269383192
      vertex 5 232.20000000298023 133.49929730594158
      vertex 5 222.20000000298023 127.72579461336136
    endloop
  endfacet
  facet normal 1 0 0
    outer loop
      vertex 5 221.29999999701977 50.65230268985033
      vertex 5 232.20000000298023 57.98409730941057
      vertex 5 222.20000000298023 52.21059461683035
    endloop
  endfacet
  facet normal 1 0 0
    outer loop
      vertex 5 221.29999999701977 88.40990269184113
      vertex 5 232.20000000298023 95.74169731140137
      vertex 5 222.20000000298023 89.96819461882114
    endloop
  endfacet
  facet normal 1 0 0
    outer loop
      vertex 5 250 0
      vertex 5 232.20000000298023 31.773502692580223
      vertex 5 232.20000000298023 20.226497307419777
    endloop
  endfacet
  facet normal 1 0 0
    outer loop
      vertex 5 221.29999999701977 126.16750269383192
      vertex 5 222.20000000298023 127.72579461336136
      vertex 5 212.20000000298023 133.49929730594158
    endloop
  endfacet
  facet normal 1 0 0
    outer loop
      vertex 5 211.29999999701977 131.94100538641214
      vertex 5 221.29999999701977 126.16750269383192
      vertex 5 212.20000000298023 133.49929730594158
    endloop
  endfacet
  facet normal 1 0 0
    outer loop
      vertex 5 221.29999999701977 50.65230268985033
      vertex 5 222.20000000298023 52.21059461683035
      vertex 5 212.20000000298023 57.98409730941057
    endloop
  endfacet
  facet normal 1 0 0
    outer loop
      vertex 5 211.29999999701977 56.42580538243055
      vertex 5 221.29999999701977 50.65230268985033
      vertex 5 212.20000000298023 57.98409730941057
    endloop
  endfacet
  facet normal 1 0 0
    outer loop
      vertex 5 221.29999999701977 88.40990269184113
      vertex 5 222.20000000298023 89.96819461882114
      vertex 5 212.20000000298023 95.74169731140137
    endloop
  endfacet
  facet normal 1 0 0
    outer loop
      vertex 5 211.29999999701977 94.18340538442135
      vertex 5 221.29999999701977 88.40990269184113
      vertex 5 212.20000000298023 95.74169731140137
    endloop
  endfacet
  facet normal 1 0 0
    outer loop
      vertex 5 212.20000000298023 20.226497307419777
      vertex 5 212.20000000298023 31.773502692580223
      vertex 5 210.39999999850988 31.773502692580223
    endloop
  endfacet
  facet normal 1 0 0
    outer loop
      vertex 5 212.20000000298023 20.226497307419777
      vertex 5 210.39999999850988 31.773502692580223
      vertex 5 210.39999999850988 20.226497307419777
    endloop
  endfacet
  facet normal 1 0 0
    outer loop
      vertex 5 190.39999999850988 20.226497307419777
      vertex 5 190.39999999850988 31.773502692580223
      vertex 5 188.60000000149012 31.773502692580223
    endloop
  endfacet
  facet normal 1 0 0
    outer loop
      vertex 5 190.39999999850988 20.226497307419777
      vertex 5 188.60000000149012 31.773502692580223
      vertex 5 188.60000000149012 20.226497307419777
    endloop
  endfacet
  facet normal 1 0 0
    outer loop
      vertex 5 168.60000000149012 20.226497307419777
      vertex 5 168.60000000149012 31.773502692580223
      vertex 5 166.79999999701977 31.773502692580223
    endloop
  endfacet
  facet normal 1 0 0
    outer loop
      vertex 5 168.60000000149012 20.226497307419777
      vertex 5 166.79999999701977 31.773502692580223
      vertex 5 166.79999999701977 20.226497307419777
    endloop
  endfacet
  facet normal 1 0 0
    outer loop
      vertex 5 146.79999999701977 20.226497307419777
      vertex 5 146.79999999701977 31.773502692580223
      vertex 5 145 31.773502692580223
    endloop
  endfacet
  facet normal 1 0 0
    outer loop
      vertex 5 146.79999999701977 20.226497307419777
      vertex 5 145 31.773502692580223
      vertex 5 145 20.226497307419777
    endloop
  endfacet
  facet normal 1 0 0
    outer loop
      vertex 5 125 20.226497307419777
      vertex 5 125 31.773502692580223
      vertex 5 123.20000000298023 31.773502692580223
    endloop
  endfacet
  facet normal 1 0 0
    outer loop
      vertex 5 125 20.226497307419777
      vertex 5 123.20000000298023 31.773502692580223
      vertex 5 123.20000000298023 20.226497307419777
    endloop
  endfacet
  facet normal 1 0 0
    outer loop
      vertex 5 103.20000000298023 20.226497307419777
      vertex 5 103.20000000298023 31.773502692580223
      vertex 5 101.39999999850988 31.773502692580223
    endloop
  endfacet
  facet normal 1 0 0
    outer loop
      vertex 5 103.20000000298023 20.226497307419777
      vertex 5 101.39999999850988 31.773502692580223
      vertex 5 101.39999999850988 20.226497307419777
    endloop
  endfacet
  facet normal 1 0 0
    outer loop
      vertex 5 81.39999999850988 20.226497307419777
      vertex 5 81.39999999850988 31.773502692580223
      vertex 5 79.60000000149012 31.773502692580223
    endloop
  endfacet
  facet normal 1 0 0
    outer loop
      vertex 5 81.39999999850988 20.226497307419777
      vertex 5 79.60000000149012 31.773502692580223
      vertex 5 79.60000000149012 20.226497307419777
    endloop
  endfacet
  facet normal 1 0 0
    outer loop
      vertex 5 59.600000001490116 20.226497307419777
      vertex 5 59.600000001490116 31.773502692580223
      vertex 5 57.79999999701977 31.773502692580223
    endloop
  endfacet
  facet normal 1 0 0
    outer loop
      vertex 5 59.600000001490116 20.226497307419777
      vertex 5 57.79999999701977 31.773502692580223
      vertex 5 57.79999999701977 20.226497307419777
    endloop
  endfacet
  facet normal 1 0 0
    outer loop
      vertex 5 37.79999999701977 20.226497307419777
      vertex 5 37.79999999701977 31.773502692580223
      vertex 5 36 31.773502692580223
    endloop
  endfacet
  facet normal 1 0 0
    outer loop
      vertex 5 37.79999999701977 20.226497307419777
      vertex 5 36 31.773502692580223
      vertex 5 36 20.226497307419777
    endloop
  endfacet
  facet normal 1 0 0
    outer loop
      vertex 5 201.29999999701977 39.105297304689884
      vertex 5 201.29999999701977 50.65230268985033
      vertex 5 199.5 50.65230268985033
    endloop
  endfacet
  facet normal 1 0 0
    outer loop
      vertex 5 201.29999999701977 39.105297304689884
      vertex 5 199.5 50.65230268985033
      vertex 5 199.5 39.105297304689884
    endloop
  endfacet
  facet normal 1 0 0
    outer loop
      vertex 5 179.5 39.105297304689884
      vertex 5 179.5 50.65230268985033
      vertex 5 177.70000000298023 50.65230268985033
    endloop
  endfacet
  facet normal 1 0 0
    outer loop
      vertex 5 179.5 39.105297304689884
      vertex 5 177.70000000298023 50.65230268985033
      vertex 5 177.70000000298023 39.105297304689884
    endloop
  endfacet
  facet normal 1 0 0
    outer loop
      vertex 5 157.70000000298023 39.105297304689884
      vertex 5 157.70000000298023 50.65230268985033
      vertex 5 155.89999999850988 50.65230268985033
    endloop
  endfacet
  facet normal 1 0 0
    outer loop
      vertex 5 157.70000000298023 39.105297304689884
      vertex 5 155.89999999850988 50.65230268985033
      vertex 5 155.89999999850988 39.105297304689884
    endloop
  endfacet
  facet normal 1 0 0
    outer loop
      vertex 5 135.89999999850988 39.105297304689884
      vertex 5 135.89999999850988 50.65230268985033
      vertex 5 134.10000000149012 50.65230268985033
    endloop
  endfacet
  facet normal 1 0 0
    outer loop
      vertex 5 135.89999999850988 39.105297304689884
      vertex 5 134.10000000149012 50.65230268985033
      vertex 5 134.10000000149012 39.105297304689884
    endloop
  endfacet
  facet normal 1 0 0
    outer loop
      vertex 5 114.10000000149012 39.105297304689884
      vertex 5 114.10000000149012 50.65230268985033
      vertex 5 112.29999999701977 50.65230268985033
    endloop
  endfacet
  facet normal 1 0 0
    outer loop
      vertex 5 114.10000000149012 39.105297304689884
      vertex 5 112.29999999701977 50.65230268985033
      vertex 5 112.29999999701977 39.105297304689884
    endloop
  endfacet
  facet normal 1 0 0
    outer loop
      vertex 5 92.29999999701977 39.105297304689884
      vertex 5 92.29999999701977 50.65230268985033
      vertex 5 90.5 50.65230268985033
    endloop
  endfacet
  facet normal 1 0 0
    outer loop
      vertex 5 92.29999999701977 39.105297304689884
      vertex 5 90.5 50.65230268985033
      vertex 5 90.5 39.105297304689884
    endloop
  endfacet
  facet normal 1 0 0
    outer loop
      vertex 5 70.5 39.105297304689884
      vertex 5 70.5 50.65230268985033
      vertex 5 68.70000000298023 50.65230268985033
    endloop
  endfacet
  facet normal 1 0 0
    outer loop
      vertex 5 70.5 39.105297304689884
      vertex 5 68.70000000298023 50.65230268985033
      vertex 5 68.70000000298023 39.105297304689884
    endloop
  endfacet
  facet normal 1 0 0
    outer loop
      vertex 5 48.70000000298023 39.105297304689884
      vertex 5 48.70000000298023 50.65230268985033
      vertex 5 46.899999998509884 50.65230268985033
    endloop
  endfacet
  facet normal 1 0 0
    outer loop
      vertex 5 48.70000000298023 39.105297304689884
      vertex 5 46.899999998509884 50.65230268985033
      vertex 5 46.899999998509884 39.105297304689884
    endloop
  endfacet
  facet normal 1 0 0
    outer loop
      vertex 5 212.20000000298023 57.98409730941057
      vertex 5 212.20000000298023 69.53110269457102
      vertex 5 210.39999999850988 69.53110269457102
    endloop
  endfacet
  facet normal 1 0 0
    outer loop
      vertex 5 212.20000000298023 57.98409730941057
      vertex 5 210.39999999850988 69.53110269457102
      vertex 5 210.39999999850988 57.98409730941057
    endloop
  endfacet
  facet normal 1 0 0
    outer loop
      vertex 5 211.29999999701977 56.42580538243055
      vertex 5 212.20000000298023 57.98409730941057
      vertex 5 210.39999999850988 57.98409730941057
    endloop
  endfacet
  facet normal 1 0 0
    outer loop
      vertex 5 201.29999999701977 50.65230268985033
      vertex 5 211.29999999701977 56.42580538243055
      vertex 5 210.39999999850988 57.98409730941057
    endloop
  endfacet
  facet normal 1 0 0
    outer loop
      vertex 5 201.29999999701977 50.65230268985033
      vertex 5 210.39999999850988 57.98409730941057
      vertex 5 200.39999999850988 52.21059461683035
    endloop
  endfacet
  facet normal 1 0 0
    outer loop
      vertex 5 199.5 50.65230268985033
      vertex 5 201.29999999701977 50.65230268985033
      vertex 5 200.39999999850988 52.21059461683035
    endloop
  endfacet
  facet normal 1 0 0
    outer loop
      vertex 5 199.5 50.65230268985033
      vertex 5 200.39999999850988 52.21059461683035
      vertex 5 190.39999999850988 57.98409730941057
    endloop
  endfacet
  facet normal 1 0 0
    outer loop
      vertex 5 189.5 56.42580538243055
      vertex 5 199.5 50.65230268985033
      vertex 5 190.39999999850988 57.98409730941057
    endloop
  endfacet
  facet normal 1 0 0
    outer loop
      vertex 5 190.39999999850988 57.98409730941057
      vertex 5 190.39999999850988 69.53110269457102
      vertex 5 188.60000000149012 69.53110269457102
    endloop
  endfacet
  facet normal 1 0 0
    outer loop
      vertex 5 190.39999999850988 57.98409730941057
      vertex 5 188.60000000149012 69.53110269457102
      vertex 5 188.60000000149012 57.98409730941057
    endloop
  endfacet
  facet normal 1 0 0
    outer loop
      vertex 5 189.5 56.42580538243055
      vertex 5 190.39999999850988 57.98409730941057
      vertex 5 188.60000000149012 57.98409730941057
    endloop
  endfacet
  facet normal 1 0 0
    outer loop
      vertex 5 179.5 50.65230268985033
      vertex 5 189.5 56.42580538243055
      vertex 5 188.60000000149012 57.98409730941057
    endloop
  endfacet
  facet normal 1 0 0
    outer loop
      vertex 5 179.5 50.65230268985033
      vertex 5 188.60000000149012 57.98409730941057
      vertex 5 178.60000000149012 52.21059461683035
    endloop
  endfacet
  facet normal 1 0 0
    outer loop
      vertex 5 177.70000000298023 50.65230268985033
      vertex 5 179.5 50.65230268985033
      vertex 5 178.60000000149012 52.21059461683035
    endloop
  endfacet
  facet normal 1 0 0
    outer loop
      vertex 5 177.70000000298023 50.65230268985033
      vertex 5 178.60000000149012 52.21059461683035
      vertex 5 168.60000000149012 57.98409730941057
    endloop
  endfacet
  facet normal 1 0 0
    outer loop
      vertex 5 167.70000000298023 56.42580538243055
      vertex 5 177.70000000298023 50.65230268985033
      vertex 5 168.60000000149012 57.98409730941057
    endloop
  endfacet
  facet normal 1 0 0
    outer loop
      vertex 5 168.60000000149012 57.98409730941057
      vertex 5 168.60000000149012 69.53110269457102
      vertex 5 166.79999999701977 69.53110269457102
    endloop
  endfacet
  facet normal 1 0 0
    outer loop
      vertex 5 168.60000000149012 57.98409730941057
      vertex 5 166.79999999701977 69.53110269457102
      vertex 5 166.79999999701977 57.98409730941057
    endloop
  endfacet
  facet normal 1 0 0
    outer loop
      vertex 5 167.70000000298023 56.42580538243055
      vertex 5 168.60000000149012 57.98409730941057
      vertex 5 166.79999999701977 57.98409730941057
    endloop
  endfacet
  facet normal 1 0 0
    outer loop
      vertex 5 157.70000000298023 50.65230268985033
      vertex 5 167.70000000298023 56.42580538243055
      vertex 5 166.79999999701977 57.98409730941057
    endloop
  endfacet
  facet normal 1 0 0
    outer loop
      vertex 5 157.70000000298023 50.65230268985033
      vertex 5 166.79999999701977 57.98409730941057
      vertex 5 156.79999999701977 52.21059461683035
    endloop
  endfacet
  facet normal 1 0 0
    outer loop
      vertex 5 155.89999999850988 50.65230268985033
      vertex 5 157.70000000298023 50.65230268985033
      vertex 5 156.79999999701977 52.21059461683035
    endloop
  endfacet
  facet normal 1 0 0
    outer loop
      vertex 5 155.89999999850988 50.65230268985033
      vertex 5 156.79999999701977 52.21059461683035
      vertex 5 146.79999999701977 57.98409730941057
    endloop
  endfacet
  facet normal 1 0 0
    outer loop
      vertex 5 145.89999999850988 56.42580538243055
      vertex 5 155.89999999850988 50.65230268985033
      vertex 5 146.79999999701977 57.98409730941057
    endloop
  endfacet
  facet normal 1 0 0
    outer loop
      vertex 5 146.79999999701977 57.98409730941057
      vertex 5 146.79999999701977 69.53110269457102
      vertex 5 145 69.53110269457102
    endloop
  endfacet
  facet normal 1 0 0
    outer loop
      vertex 5 146.79999999701977 57.98409730941057
      vertex 5 145 69.53110269457102
      vertex 5 145 57.98409730941057
    endloop
  endfacet
  facet normal 1 0 0
    outer loop
      vertex 5 145.89999999850988 56.42580538243055
      vertex 5 146.79999999701977 57.98409730941057
      vertex 5 145 57.98409730941057
    endloop
  endfacet
  facet normal 1 0 0
    outer loop
      vertex 5 135.89999999850988 50.65230268985033
      vertex 5 145.89999999850988 56.42580538243055
      vertex 5 145 57.98409730941057
    endloop
  endfacet
  facet normal 1 0 0
    outer loop
      vertex 5 135.89999999850988 50.65230268985033
      vertex 5 145 57.98409730941057
      vertex 5 135 52.21059461683035
    endloop
  endfacet
  facet normal 1 0 0
    outer loop
      vertex 5 134.10000000149012 50.65230268985033
      vertex 5 135.89999999850988 50.65230268985033
      vertex 5 135 52.21059461683035
    endloop
  endfacet
  facet normal 1 0 0
    outer loop
      vertex 5 134.10000000149012 50.65230268985033
      vertex 5 135 52.21059461683035
      vertex 5 125 57.98409730941057
    endloop
  endfacet
  facet normal 1 0 0
    outer loop
      vertex 5 124.10000000149012 56.42580538243055
      vertex 5 134.10000000149012 50.65230268985033
      vertex 5 125 57.98409730941057
    endloop
  endfacet
  facet normal 1 0 0
    outer loop
      vertex 5 125 57.98409730941057
      vertex 5 125 69.53110269457102
      vertex 5 123.20000000298023 69.53110269457102
    endloop
  endfacet
  facet normal 1 0 0
    outer loop
      vertex 5 125 57.98409730941057
      vertex 5 123.20000000298023 69.53110269457102
      vertex 5 123.20000000298023 57.98409730941057
    endloop
  endfacet
  facet normal 1 0 0
    outer loop
      vertex 5 124.10000000149012 56.42580538243055
      vertex 5 125 57.98409730941057
      vertex 5 123.20000000298023 57.98409730941057
    endloop
  endfacet
  facet normal 1 0 0
    outer loop
      vertex 5 114.10000000149012 50.65230268985033
      vertex 5 124.10000000149012 56.42580538243055
      vertex 5 123.20000000298023 57.98409730941057
    endloop
  endfacet
  facet normal 1 0 0
    outer loop
      vertex 5 114.10000000149012 50.65230268985033
      vertex 5 123.20000000298023 57.98409730941057
      vertex 5 113.20000000298023 52.21059461683035
    endloop
  endfacet
  facet normal 1 0 0
    outer loop
      vertex 5 112.29999999701977 50.65230268985033
      vertex 5 114.10000000149012 50.65230268985033
      vertex 5 113.20000000298023 52.21059461683035
    endloop
  endfacet
  facet normal 1 0 0
    outer loop
      vertex 5 112.29999999701977 50.65230268985033
      vertex 5 113.20000000298023 52.21059461683035
      vertex 5 103.20000000298023 57.98409730941057
    endloop
  endfacet
  facet normal 1 0 0
    outer loop
      vertex 5 102.29999999701977 56.42580538243055
      vertex 5 112.29999999701977 50.65230268985033
      vertex 5 103.20000000298023 57.98409730941057
    endloop
  endfacet
  facet normal 1 0 0
    outer loop
      vertex 5 103.20000000298023 57.98409730941057
      vertex 5 103.20000000298023 69.53110269457102
      vertex 5 101.39999999850988 69.53110269457102
    endloop
  endfacet
  facet normal 1 0 0
    outer loop
      vertex 5 103.20000000298023 57.98409730941057
      vertex 5 101.39999999850988 69.53110269457102
      vertex 5 101.39999999850988 57.98409730941057
    endloop
  endfacet
  facet normal 1 0 0
    outer loop
      vertex 5 102.29999999701977 56.42580538243055
      vertex 5 103.20000000298023 57.98409730941057
      vertex 5 101.39999999850988 57.98409730941057
    endloop
  endfacet
  facet normal 1 0 0
    outer loop
      vertex 5 92.29999999701977 50.65230268985033
      vertex 5 102.29999999701977 56.42580538243055
      vertex 5 101.39999999850988 57.98409730941057
    endloop
  endfacet
  facet normal 1 0 0
    outer loop
      vertex 5 92.29999999701977 50.65230268985033
      vertex 5 101.39999999850988 57.98409730941057
      vertex 5 91.39999999850988 52.21059461683035
    endloop
  endfacet
  facet normal 1 0 0
    outer loop
      vertex 5 90.5 50.65230268985033
      vertex 5 92.29999999701977 50.65230268985033
      vertex 5 91.39999999850988 52.21059461683035
    endloop
  endfacet
  facet normal 1 0 0
    outer loop
      vertex 5 90.5 50.65230268985033
      vertex 5 91.39999999850988 52.21059461683035
      vertex 5 81.39999999850988 57.98409730941057
    endloop
  endfacet
  facet normal 1 0 0
    outer loop
      vertex 5 80.5 56.42580538243055
      vertex 5 90.5 50.65230268985033
      vertex 5 81.39999999850988 57.98409730941057
    endloop
  endfacet
  facet normal 1 0 0
    outer loop
      vertex 5 81.39999999850988 57.98409730941057
      vertex 5 81.39999999850988 69.53110269457102
      vertex 5 79.60000000149012 69.53110269457102
    endloop
  endfacet
  facet normal 1 0 0
    outer loop
      vertex 5 81.39999999850988 57.98409730941057
      vertex 5 79.60000000149012 69.53110269457102
      vertex 5 79.60000000149012 57.98409730941057
    endloop
  endfacet
  facet normal 1 0 0
    outer loop
      vertex 5 80.5 56.42580538243055
      vertex 5 81.39999999850988 57.98409730941057
      vertex 5 79.60000000149012 57.98409730941057
    endloop
  endfacet
  facet normal 1 0 0
    outer loop
      vertex 5 70.5 50.65230268985033
      vertex 5 80.5 56.42580538243055
      vertex 5 79.60000000149012 57.98409730941057
    endloop
  endfacet
  facet normal 1 0 0
    outer loop
      vertex 5 70.5 50.65230268985033
      vertex 5 79.60000000149012 57.98409730941057
      vertex 5 69.60000000149012 52.21059461683035
    endloop
  endfacet
  facet normal 1 0 0
    outer loop
      vertex 5 68.70000000298023 50.65230268985033
      vertex 5 70.5 50.65230268985033
      vertex 5 69.60000000149012 52.21059461683035
    endloop
  endfacet
  facet normal 1 0 0
    outer loop
      vertex 5 68.70000000298023 50.65230268985033
      vertex 5 69.60000000149012 52.21059461683035
      vertex 5 59.600000001490116 57.98409730941057
    endloop
  endfacet
  facet normal 1 0 0
    outer loop
      vertex 5 58.70000000298023 56.42580538243055
      vertex 5 68.70000000298023 50.65230268985033
      vertex 5 59.600000001490116 57.98409730941057
    endloop
  endfacet
  facet normal 1 0 0
    outer loop
      vertex 5 59.600000001490116 57.98409730941057
      vertex 5 59.600000001490116 69.53110269457102
      vertex 5 57.79999999701977 69.53110269457102
    endloop
  endfacet
  facet normal 1 0 0
    outer loop
      vertex 5 59.600000001490116 57.98409730941057
      vertex 5 57.79999999701977 69.53110269457102
      vertex 5 57.79999999701977 57.98409730941057
    endloop
  endfacet
  facet normal 1 0 0
    outer loop
      vertex 5 58.70000000298023 56.42580538243055
      vertex 5 59.600000001490116 57.98409730941057
      vertex 5 57.79999999701977 57.98409730941057
    endloop
  endfacet
  facet normal 1 0 0
    outer loop
      vertex 5 48.70000000298023 50.65230268985033
      vertex 5 58.70000000298023 56.42580538243055
      vertex 5 57.79999999701977 57.98409730941057
    endloop
  endfacet
  facet normal 1 0 0
    outer loop
      vertex 5 48.70000000298023 50.65230268985033
      vertex 5 57.79999999701977 57.98409730941057
      vertex 5 47.79999999701977 52.21059461683035
    endloop
  endfacet
  facet normal 1 0 0
    outer loop
      vertex 5 46.899999998509884 50.65230268985033
      vertex 5 48.70000000298023 50.65230268985033
      vertex 5 47.79999999701977 52.21059461683035
    endloop
  endfacet
  facet normal 1 0 0
    outer loop
      vertex 5 46.899999998509884 50.65230268985033
      vertex 5 47.79999999701977 52.21059461683035
      vertex 5 37.79999999701977 57.98409730941057
    endloop
  endfacet
  facet normal 1 0 0
    outer loop
      vertex 5 36.899999998509884 56.42580538243055
      vertex 5 46.899999998509884 50.65230268985033
      vertex 5 37.79999999701977 57.98409730941057
    endloop
  endfacet
  facet normal 1 0 0
    outer loop
      vertex 5 37.79999999701977 57.98409730941057
      vertex 5 37.79999999701977 69.53110269457102
      vertex 5 36 69.53110269457102
    endloop
  endfacet
  facet normal 1 0 0
    outer loop
      vertex 5 37.79999999701977 57.98409730941057
      vertex 5 36 69.53110269457102
      vertex 5 36 57.98409730941057
    endloop
  endfacet
  facet normal 1 0 0
    outer loop
      vertex 5 36.899999998509884 56.42580538243055
      vertex 5 37.79999999701977 57.98409730941057
      vertex 5 36 57.98409730941057
    endloop
  endfacet
  facet normal 1 0 0
    outer loop
      vertex 5 26.899999998509884 50.65230268985033
      vertex 5 36.899999998509884 56.42580538243055
      vertex 5 36 57.98409730941057
    endloop
  endfacet
  facet normal 1 0 0
    outer loop
      vertex 5 26.899999998509884 50.65230268985033
      vertex 5 36 57.98409730941057
      vertex 5 26 52.21059461683035
    endloop
  endfacet
  facet normal 1 0 0
    outer loop
      vertex 5 201.29999999701977 76.86289730668068
      vertex 5 201.29999999701977 88.40990269184113
      vertex 5 199.5 88.40990269184113
    endloop
  endfacet
  facet normal 1 0 0
    outer loop
      vertex 5 201.29999999701977 76.86289730668068
      vertex 5 199.5 88.40990269184113
      vertex 5 199.5 76.86289730668068
    endloop
  endfacet
  facet normal 1 0 0
    outer loop
      vertex 5 179.5 76.86289730668068
      vertex 5 179.5 88.40990269184113
      vertex 5 177.70000000298023 88.40990269184113
    endloop
  endfacet
  facet normal 1 0 0
    outer loop
      vertex 5 179.5 76.86289730668068
      vertex 5 177.70000000298023 88.40990269184113
      vertex 5 177.70000000298023 76.86289730668068
    endloop
  endfacet
  facet normal 1 0 0
    outer loop
      vertex 5 157.70000000298023 76.86289730668068
      vertex 5 157.70000000298023 88.40990269184113
      vertex 5 155.89999999850988 88.40990269184113
    endloop
  endfacet
  facet normal 1 0 0
    outer loop
      vertex 5 157.70000000298023 76.86289730668068
      vertex 5 155.89999999850988 88.40990269184113
      vertex 5 155.89999999850988 76.86289730668068
    endloop
  endfacet
  facet normal 1 0 0
    outer loop
      vertex 5 135.89999999850988 76.86289730668068
      vertex 5 135.89999999850988 88.40990269184113
      vertex 5 134.10000000149012 88.40990269184113
    endloop
  endfacet
  facet normal 1 0 0
    outer loop
      vertex 5 135.89999999850988 76.86289730668068
      vertex 5 134.10000000149012 88.40990269184113
      vertex 5 134.10000000149012 76.86289730668068
    endloop
  endfacet
  facet normal 1 0 0
    outer loop
      vertex 5 114.10000000149012 76.86289730668068
      vertex 5 114.10000000149012 88.40990269184113
      vertex 5 112.29999999701977 88.40990269184113
    endloop
  endfacet
  facet normal 1 0 0
    outer loop
      vertex 5 114.10000000149012 76.86289730668068
      vertex 5 112.29999999701977 88.40990269184113
      vertex 5 112.29999999701977 76.86289730668068
    endloop
  endfacet
  facet normal 1 0 0
    outer loop
      vertex 5 92.29999999701977 76.86289730668068
      vertex 5 92.29999999701977 88.40990269184113
      vertex 5 90.5 88.40990269184113
    endloop
  endfacet
  facet normal 1 0 0
    outer loop
      vertex 5 92.29999999701977 76.86289730668068
      vertex 5 90.5 88.40990269184113
      vertex 5 90.5 76.86289730668068
    endloop
  endfacet
  facet normal 1 0 0
    outer loop
      vertex 5 70.5 76.86289730668068
      vertex 5 70.5 88.40990269184113
      vertex 5 68.70000000298023 88.40990269184113
    endloop
  endfacet
  facet normal 1 0 0
    outer loop
      vertex 5 70.5 76.86289730668068
      vertex 5 68.70000000298023 88.40990269184113
      vertex 5 68.70000000298023 76.86289730668068
    endloop
  endfacet
  facet normal 1 0 0
    outer loop
      vertex 5 48.70000000298023 76.86289730668068
      vertex 5 48.70000000298023 88.40990269184113
      vertex 5 46.899999998509884 88.40990269184113
    endloop
  endfacet
  facet normal 1 0 0
    outer loop
      vertex 5 48.70000000298023 76.86289730668068
      vertex 5 46.899999998509884 88.40990269184113
      vertex 5 46.899999998509884 76.86289730668068
    endloop
  endfacet
  facet normal 1 0 0
    outer loop
      vertex 5 212.20000000298023 95.74169731140137
      vertex 5 212.20000000298023 107.28870268911123
      vertex 5 210.39999999850988 107.28870268911123
    endloop
  endfacet
  facet normal 1 0 0
    outer loop
      vertex 5 212.20000000298023 95.74169731140137
      vertex 5 210.39999999850988 107.28870268911123
      vertex 5 210.39999999850988 95.74169731140137
    endloop
  endfacet
  facet normal 1 0 0
    outer loop
      vertex 5 211.29999999701977 94.18340538442135
      vertex 5 212.20000000298023 95.74169731140137
      vertex 5 210.39999999850988 95.74169731140137
    endloop
  endfacet
  facet normal 1 0 0
    outer loop
      vertex 5 201.29999999701977 88.40990269184113
      vertex 5 211.29999999701977 94.18340538442135
      vertex 5 210.39999999850988 95.74169731140137
    endloop
  endfacet
  facet normal 1 0 0
    outer loop
      vertex 5 201.29999999701977 88.40990269184113
      vertex 5 210.39999999850988 95.74169731140137
      vertex 5 200.39999999850988 89.96819461882114
    endloop
  endfacet
  facet normal 1 0 0
    outer loop
      vertex 5 199.5 88.40990269184113
      vertex 5 201.29999999701977 88.40990269184113
      vertex 5 200.39999999850988 89.96819461882114
    endloop
  endfacet
  facet normal 1 0 0
    outer loop
      vertex 5 199.5 88.40990269184113
      vertex 5 200.39999999850988 89.96819461882114
      vertex 5 190.39999999850988 95.74169731140137
    endloop
  endfacet
  facet normal 1 0 0
    outer loop
      vertex 5 189.5 94.18340538442135
      vertex 5 199.5 88.40990269184113
      vertex 5 190.39999999850988 95.74169731140137
    endloop
  endfacet
  facet normal 1 0 0
    outer loop
      vertex 5 190.39999999850988 95.74169731140137
      vertex 5 190.39999999850988 107.28870268911123
      vertex 5 188.60000000149012 107.28870268911123
    endloop
  endfacet
  facet normal 1 0 0
    outer loop
      vertex 5 190.39999999850988 95.74169731140137
      vertex 5 188.60000000149012 107.28870268911123
      vertex 5 188.60000000149012 95.74169731140137
    endloop
  endfacet
  facet normal 1 0 0
    outer loop
      vertex 5 189.5 94.18340538442135
      vertex 5 190.39999999850988 95.74169731140137
      vertex 5 188.60000000149012 95.74169731140137
    endloop
  endfacet
  facet normal 1 0 0
    outer loop
      vertex 5 179.5 88.40990269184113
      vertex 5 189.5 94.18340538442135
      vertex 5 188.60000000149012 95.74169731140137
    endloop
  endfacet
  facet normal 1 0 0
    outer loop
      vertex 5 179.5 88.40990269184113
      vertex 5 188.60000000149012 95.74169731140137
      vertex 5 178.60000000149012 89.96819461882114
    endloop
  endfacet
  facet normal 1 0 0
    outer loop
      vertex 5 177.70000000298023 88.40990269184113
      vertex 5 179.5 88.40990269184113
      vertex 5 178.60000000149012 89.96819461882114
    endloop
  endfacet
  facet normal 1 0 0
    outer loop
      vertex 5 177.70000000298023 88.40990269184113
      vertex 5 178.60000000149012 89.96819461882114
      vertex 5 168.60000000149012 95.74169731140137
    endloop
  endfacet
  facet normal 1 0 0
    outer loop
      vertex 5 167.70000000298023 94.18340538442135
      vertex 5 177.70000000298023 88.40990269184113
      vertex 5 168.60000000149012 95.74169731140137
    endloop
  endfacet
  facet normal 1 0 0
    outer loop
      vertex 5 168.60000000149012 95.74169731140137
      vertex 5 168.60000000149012 107.28870268911123
      vertex 5 166.79999999701977 107.28870268911123
    endloop
  endfacet
  facet normal 1 0 0
    outer loop
      vertex 5 168.60000000149012 95.74169731140137
      vertex 5 166.79999999701977 107.28870268911123
      vertex 5 166.79999999701977 95.74169731140137
    endloop
  endfacet
  facet normal 1 0 0
    outer loop
      vertex 5 167.70000000298023 94.18340538442135
      vertex 5 168.60000000149012 95.74169731140137
      vertex 5 166.79999999701977 95.74169731140137
    endloop
  endfacet
  facet normal 1 0 0
    outer loop
      vertex 5 157.70000000298023 88.40990269184113
      vertex 5 167.70000000298023 94.18340538442135
      vertex 5 166.79999999701977 95.74169731140137
    endloop
  endfacet
  facet normal 1 0 0
    outer loop
      vertex 5 157.70000000298023 88.40990269184113
      vertex 5 166.79999999701977 95.74169731140137
      vertex 5 156.79999999701977 89.96819461882114
    endloop
  endfacet
  facet normal 1 0 0
    outer loop
      vertex 5 155.89999999850988 88.40990269184113
      vertex 5 157.70000000298023 88.40990269184113
      vertex 5 156.79999999701977 89.96819461882114
    endloop
  endfacet
  facet normal 1 0 0
    outer loop
      vertex 5 155.89999999850988 88.40990269184113
      vertex 5 156.79999999701977 89.96819461882114
      vertex 5 146.79999999701977 95.74169731140137
    endloop
  endfacet
  facet normal 1 0 0
    outer loop
      vertex 5 145.89999999850988 94.18340538442135
      vertex 5 155.89999999850988 88.40990269184113
      vertex 5 146.79999999701977 95.74169731140137
    endloop
  endfacet
  facet normal 1 0 0
    outer loop
      vertex 5 146.79999999701977 95.74169731140137
      vertex 5 146.79999999701977 107.28870268911123
      vertex 5 145 107.28870268911123
    endloop
  endfacet
  facet normal 1 0 0
    outer loop
      vertex 5 146.79999999701977 95.74169731140137
      vertex 5 145 107.28870268911123
      vertex 5 145 95.74169731140137
    endloop
  endfacet
  facet normal 1 0 0
    outer loop
      vertex 5 145.89999999850988 94.18340538442135
      vertex 5 146.79999999701977 95.74169731140137
      vertex 5 145 95.74169731140137
    endloop
  endfacet
  facet normal 1 0 0
    outer loop
      vertex 5 135.89999999850988 88.40990269184113
      vertex 5 145.89999999850988 94.18340538442135
      vertex 5 145 95.74169731140137
    endloop
  endfacet
  facet normal 1 0 0
    outer loop
      vertex 5 135.89999999850988 88.40990269184113
      vertex 5 145 95.74169731140137
      vertex 5 135 89.96819461882114
    endloop
  endfacet
  facet normal 1 0 0
    outer loop
      vertex 5 134.10000000149012 88.40990269184113
      vertex 5 135.89999999850988 88.40990269184113
      vertex 5 135 89.96819461882114
    endloop
  endfacet
  facet normal 1 0 0
    outer loop
      vertex 5 134.10000000149012 88.40990269184113
      vertex 5 135 89.96819461882114
      vertex 5 125 95.74169731140137
    endloop
  endfacet
  facet normal 1 0 0
    outer loop
      vertex 5 124.10000000149012 94.18340538442135
      vertex 5 134.10000000149012 88.40990269184113
      vertex 5 125 95.74169731140137
    endloop
  endfacet
  facet normal 1 0 0
    outer loop
      vertex 5 125 95.74169731140137
      vertex 5 125 107.28870268911123
      vertex 5 123.20000000298023 107.28870268911123
    endloop
  endfacet
  facet normal 1 0 0
    outer loop
      vertex 5 125 95.74169731140137
      vertex 5 123.20000000298023 107.28870268911123
      vertex 5 123.20000000298023 95.74169731140137
    endloop
  endfacet
  facet normal 1 0 0
    outer loop
      vertex 5 124.10000000149012 94.18340538442135
      vertex 5 125 95.74169731140137
      vertex 5 123.20000000298023 95.74169731140137
    endloop
  endfacet
  facet normal 1 0 0
    outer loop
      vertex 5 114.10000000149012 88.40990269184113
      vertex 5 124.10000000149012 94.18340538442135
      vertex 5 123.20000000298023 95.74169731140137
    endloop
  endfacet
  facet normal 1 0 0
    outer loop
      vertex 5 114.10000000149012 88.40990269184113
      vertex 5 123.20000000298023 95.74169731140137
      vertex 5 113.20000000298023 89.96819461882114
    endloop
  endfacet
  facet normal 1 0 0
    outer loop
      vertex 5 112.29999999701977 88.40990269184113
      vertex 5 114.10000000149012 88.40990269184113
      vertex 5 113.20000000298023 89.96819461882114
    endloop
  endfacet
  facet normal 1 0 0
    outer loop
      vertex 5 112.29999999701977 88.40990269184113
      vertex 5 113.20000000298023 89.96819461882114
      vertex 5 103.20000000298023 95.74169731140137
    endloop
  endfacet
  facet normal 1 0 0
    outer loop
      vertex 5 102.29999999701977 94.18340538442135
      vertex 5 112.29999999701977 88.40990269184113
      vertex 5 103.20000000298023 95.74169731140137
    endloop
  endfacet
  facet normal 1 0 0
    outer loop
      vertex 5 103.20000000298023 95.74169731140137
      vertex 5 103.20000000298023 107.28870268911123
      vertex 5 101.39999999850988 107.28870268911123
    endloop
  endfacet
  facet normal 1 0 0
    outer loop
      vertex 5 103.20000000298023 95.74169731140137
      vertex 5 101.39999999850988 107.28870268911123
      vertex 5 101.39999999850988 95.74169731140137
    endloop
  endfacet
  facet normal 1 0 0
    outer loop
      vertex 5 102.29999999701977 94.18340538442135
      vertex 5 103.20000000298023 95.74169731140137
      vertex 5 101.39999999850988 95.74169731140137
    endloop
  endfacet
  facet normal 1 0 0
    outer loop
      vertex 5 92.29999999701977 88.40990269184113
      vertex 5 102.29999999701977 94.18340538442135
      vertex 5 101.39999999850988 95.74169731140137
    endloop
  endfacet
  facet normal 1 0 0
    outer loop
      vertex 5 92.29999999701977 88.40990269184113
      vertex 5 101.39999999850988 95.74169731140137
      vertex 5 91.39999999850988 89.96819461882114
    endloop
  endfacet
  facet normal 1 0 0
    outer loop
      vertex 5 90.5 88.40990269184113
      vertex 5 92.29999999701977 88.40990269184113
      vertex 5 91.39999999850988 89.96819461882114
    endloop
  endfacet
  facet normal 1 0 0
    outer loop
      vertex 5 90.5 88.40990269184113
      vertex 5 91.39999999850988 89.96819461882114
      vertex 5 81.39999999850988 95.74169731140137
    endloop
  endfacet
  facet normal 1 0 0
    outer loop
      vertex 5 80.5 94.18340538442135
      vertex 5 90.5 88.40990269184113
      vertex 5 81.39999999850988 95.74169731140137
    endloop
  endfacet
  facet normal 1 0 0
    outer loop
      vertex 5 81.39999999850988 95.74169731140137
      vertex 5 81.39999999850988 107.28870268911123
      vertex 5 79.60000000149012 107.28870268911123
    endloop
  endfacet
  facet normal 1 0 0
    outer loop
      vertex 5 81.39999999850988 95.74169731140137
      vertex 5 79.60000000149012 107.28870268911123
      vertex 5 79.60000000149012 95.74169731140137
    endloop
  endfacet
  facet normal 1 0 0
    outer loop
      vertex 5 80.5 94.18340538442135
      vertex 5 81.39999999850988 95.74169731140137
      vertex 5 79.60000000149012 95.74169731140137
    endloop
  endfacet
  facet normal 1 0 0
    outer loop
      vertex 5 70.5 88.40990269184113
      vertex 5 80.5 94.18340538442135
      vertex 5 79.60000000149012 95.74169731140137
    endloop
  endfacet
  facet normal 1 0 0
    outer loop
      vertex 5 70.5 88.40990269184113
      vertex 5 79.60000000149012 95.74169731140137
      vertex 5 69.60000000149012 89.96819461882114
    endloop
  endfacet
  facet normal 1 0 0
    outer loop
      vertex 5 68.70000000298023 88.40990269184113
      vertex 5 70.5 88.40990269184113
      vertex 5 69.60000000149012 89.96819461882114
    endloop
  endfacet
  facet normal 1 0 0
    outer loop
      vertex 5 68.70000000298023 88.40990269184113
      vertex 5 69.60000000149012 89.96819461882114
      vertex 5 59.600000001490116 95.74169731140137
    endloop
  endfacet
  facet normal 1 0 0
    outer loop
      vertex 5 58.70000000298023 94.18340538442135
      vertex 5 68.70000000298023 88.40990269184113
      vertex 5 59.600000001490116 95.74169731140137
    endloop
  endfacet
  facet normal 1 0 0
    outer loop
      vertex 5 59.600000001490116 95.74169731140137
      vertex 5 59.600000001490116 107.28870268911123
      vertex 5 57.79999999701977 107.28870268911123
    endloop
  endfacet
  facet normal 1 0 0
    outer loop
      vertex 5 59.600000001490116 95.74169731140137
      vertex 5 57.79999999701977 107.28870268911123
      vertex 5 57.79999999701977 95.74169731140137
    endloop
  endfacet
  facet normal 1 0 0
    outer loop
      vertex 5 58.70000000298023 94.18340538442135
      vertex 5 59.600000001490116 95.74169731140137
      vertex 5 57.79999999701977 95.74169731140137
    endloop
  endfacet
  facet normal 1 0 0
    outer loop
      vertex 5 48.70000000298023 88.40990269184113
      vertex 5 58.70000000298023 94.18340538442135
      vertex 5 57.79999999701977 95.74169731140137
    endloop
  endfacet
  facet normal 1 0 0
    outer loop
      vertex 5 48.70000000298023 88.40990269184113
      vertex 5 57.79999999701977 95.74169731140137
      vertex 5 47.79999999701977 89.96819461882114
    endloop
  endfacet
  facet normal 1 0 0
    outer loop
      vertex 5 46.899999998509884 88.40990269184113
      vertex 5 48.70000000298023 88.40990269184113
      vertex 5 47.79999999701977 89.96819461882114
    endloop
  endfacet
  facet normal 1 0 0
    outer loop
      vertex 5 46.899999998509884 88.40990269184113
      vertex 5 47.79999999701977 89.96819461882114
      vertex 5 37.79999999701977 95.74169731140137
    endloop
  endfacet
  facet normal 1 0 0
    outer loop
      vertex 5 36.899999998509884 94.18340538442135
      vertex 5 46.899999998509884 88.40990269184113
      vertex 5 37.79999999701977 95.74169731140137
    endloop
  endfacet
  facet normal 1 0 0
    outer loop
      vertex 5 37.79999999701977 95.74169731140137
      vertex 5 37.79999999701977 107.28870268911123
      vertex 5 36 107.28870268911123
    endloop
  endfacet
  facet normal 1 0 0
    outer loop
      vertex 5 37.79999999701977 95.74169731140137
      vertex 5 36 107.28870268911123
      vertex 5 36 95.74169731140137
    endloop
  endfacet
  facet normal 1 0 0
    outer loop
      vertex 5 36.899999998509884 94.18340538442135
      vertex 5 37.79999999701977 95.74169731140137
      vertex 5 36 95.74169731140137
    endloop
  endfacet
  facet normal 1 0 0
    outer loop
      vertex 5 26.899999998509884 88.40990269184113
      vertex 5 36.899999998509884 94.18340538442135
      vertex 5 36 95.74169731140137
    endloop
  endfacet
  facet normal 1 0 0
    outer loop
      vertex 5 26.899999998509884 88.40990269184113
      vertex 5 36 95.74169731140137
      vertex 5 26 89.96819461882114
    endloop
  endfacet
  facet normal 1 0 0
    outer loop
      vertex 5 201.29999999701977 114.62049730867147
      vertex 5 201.29999999701977 126.16750269383192
      vertex 5 199.5 126.16750269383192
    endloop
  endfacet
  facet normal 1 0 0
    outer loop
      vertex 5 201.29999999701977 114.62049730867147
      vertex 5 199.5 126.16750269383192
      vertex 5 199.5 114.62049730867147
    endloop
  endfacet
  facet normal 1 0 0
    outer loop
      vertex 5 179.5 114.62049730867147
      vertex 5 179.5 126.16750269383192
      vertex 5 177.70000000298023 126.16750269383192
    endloop
  endfacet
  facet normal 1 0 0
    outer loop
      vertex 5 179.5 114.62049730867147
      vertex 5 177.70000000298023 126.16750269383192
      vertex 5 177.70000000298023 114.62049730867147
    endloop
  endfacet
  facet normal 1 0 0
    outer loop
      vertex 5 157.70000000298023 114.62049730867147
      vertex 5 157.70000000298023 126.16750269383192
      vertex 5 155.89999999850988 126.16750269383192
    endloop
  endfacet
  facet normal 1 0 0
    outer loop
      vertex 5 157.70000000298023 114.62049730867147
      vertex 5 155.89999999850988 126.16750269383192
      vertex 5 155.89999999850988 114.62049730867147
    endloop
  endfacet
  facet normal 1 0 0
    outer loop
      vertex 5 135.89999999850988 114.62049730867147
      vertex 5 135.89999999850988 126.16750269383192
      vertex 5 134.10000000149012 126.16750269383192
    endloop
  endfacet
  facet normal 1 0 0
    outer loop
      vertex 5 135.89999999850988 114.62049730867147
      vertex 5 134.10000000149012 126.16750269383192
      vertex 5 134.10000000149012 114.62049730867147
    endloop
  endfacet
  facet normal 1 0 0
    outer loop
      vertex 5 114.10000000149012 114.62049730867147
      vertex 5 114.10000000149012 126.16750269383192
      vertex 5 112.29999999701977 126.16750269383192
    endloop
  endfacet
  facet normal 1 0 0
    outer loop
      vertex 5 114.10000000149012 114.62049730867147
      vertex 5 112.29999999701977 126.16750269383192
      vertex 5 112.29999999701977 114.62049730867147
    endloop
  endfacet
  facet normal 1 0 0
    outer loop
      vertex 5 92.29999999701977 114.62049730867147
      vertex 5 92.29999999701977 126.16750269383192
      vertex 5 90.5 126.16750269383192
    endloop
  endfacet
  facet normal 1 0 0
    outer loop
      vertex 5 92.29999999701977 114.62049730867147
      vertex 5 90.5 126.16750269383192
      vertex 5 90.5 114.62049730867147
    endloop
  endfacet
  facet normal 1 0 0
    outer loop
      vertex 5 70.5 114.62049730867147
      vertex 5 70.5 126.16750269383192
      vertex 5 68.70000000298023 126.16750269383192
    endloop
  endfacet
  facet normal 1 0 0
    outer loop
      vertex 5 70.5 114.62049730867147
      vertex 5 68.70000000298023 126.16750269383192
      vertex 5 68.70000000298023 114.62049730867147
    endloop
  endfacet
  facet normal 1 0 0
    outer loop
      vertex 5 48.70000000298023 114.62049730867147
      vertex 5 48.70000000298023 126.16750269383192
      vertex 5 46.899999998509884 126.16750269383192
    endloop
  endfacet
  facet normal 1 0 0
    outer loop
      vertex 5 48.70000000298023 114.62049730867147
      vertex 5 46.899999998509884 126.16750269383192
      vertex 5 46.899999998509884 114.62049730867147
    endloop
  endfacet
  facet normal 1 0 0
    outer loop
      vertex 5 212.20000000298023 133.49929730594158
      vertex 5 212.20000000298023 145.04630269110203
      vertex 5 210.39999999850988 145.04630269110203
    endloop
  endfacet
  facet normal 1 0 0
    outer loop
      vertex 5 212.20000000298023 133.49929730594158
      vertex 5 210.39999999850988 145.04630269110203
      vertex 5 210.39999999850988 133.49929730594158
    endloop
  endfacet
  facet normal 1 0 0
    outer loop
      vertex 5 211.29999999701977 131.94100538641214
      vertex 5 212.20000000298023 133.49929730594158
      vertex 5 210.39999999850988 133.49929730594158
    endloop
  endfacet
  facet normal 1 0 0
    outer loop
      vertex 5 201.29999999701977 126.16750269383192
      vertex 5 211.29999999701977 131.94100538641214
      vertex 5 210.39999999850988 133.49929730594158
    endloop
  endfacet
  facet normal 1 0 0
    outer loop
      vertex 5 201.29999999701977 126.16750269383192
      vertex 5 210.39999999850988 133.49929730594158
      vertex 5 200.39999999850988 127.72579461336136
    endloop
  endfacet
  facet normal 1 0 0
    outer loop
      vertex 5 199.5 126.16750269383192
      vertex 5 201.29999999701977 126.16750269383192
      vertex 5 200.39999999850988 127.72579461336136
    endloop
  endfacet
  facet normal 1 0 0
    outer loop
      vertex 5 199.5 126.16750269383192
      vertex 5 200.39999999850988 127.72579461336136
      vertex 5 190.39999999850988 133.49929730594158
    endloop
  endfacet
  facet normal 1 0 0
    outer loop
      vertex 5 189.5 131.94100538641214
      vertex 5 199.5 126.16750269383192
      vertex 5 190.39999999850988 133.49929730594158
    endloop
  endfacet
  facet normal 1 0 0
    outer loop
      vertex 5 190.39999999850988 133.49929730594158
      vertex 5 190.39999999850988 145.04630269110203
      vertex 5 188.60000000149012 145.04630269110203
    endloop
  endfacet
  facet normal 1 0 0
    outer loop
      vertex 5 190.39999999850988 133.49929730594158
      vertex 5 188.60000000149012 145.04630269110203
      vertex 5 188.60000000149012 133.49929730594158
    endloop
  endfacet
  facet normal 1 0 0
    outer loop
      vertex 5 189.5 131.94100538641214
      vertex 5 190.39999999850988 133.49929730594158
      vertex 5 188.60000000149012 133.49929730594158
    endloop
  endfacet
  facet normal 1 0 0
    outer loop
      vertex 5 179.5 126.16750269383192
      vertex 5 189.5 131.94100538641214
      vertex 5 188.60000000149012 133.49929730594158
    endloop
  endfacet
  facet normal 1 0 0
    outer loop
      vertex 5 179.5 126.16750269383192
      vertex 5 188.60000000149012 133.49929730594158
      vertex 5 178.60000000149012 127.72579461336136
    endloop
  endfacet
  facet normal 1 0 0
    outer loop
      vertex 5 177.70000000298023 126.16750269383192
      vertex 5 179.5 126.16750269383192
      vertex 5 178.60000000149012 127.72579461336136
    endloop
  endfacet
  facet normal 1 0 0
    outer loop
      vertex 5 177.70000000298023 126.16750269383192
      vertex 5 178.60000000149012 127.72579461336136
      vertex 5 168.60000000149012 133.49929730594158
    endloop
  endfacet
  facet normal 1 0 0
    outer loop
      vertex 5 167.70000000298023 131.94100538641214
      vertex 5 177.70000000298023 126.16750269383192
      vertex 5 168.60000000149012 133.49929730594158
    endloop
  endfacet
  facet normal 1 0 0
    outer loop
      vertex 5 168.60000000149012 133.49929730594158
      vertex 5 168.60000000149012 145.04630269110203
      vertex 5 166.79999999701977 145.04630269110203
    endloop
  endfacet
  facet normal 1 0 0
    outer loop
      vertex 5 168.60000000149012 133.49929730594158
      vertex 5 166.79999999701977 145.04630269110203
      vertex 5 166.79999999701977 133.49929730594158
    endloop
  endfacet
  facet normal 1 0 0
    outer loop
      vertex 5 167.70000000298023 131.94100538641214
      vertex 5 168.60000000149012 133.49929730594158
      vertex 5 166.79999999701977 133.49929730594158
    endloop
  endfacet
  facet normal 1 0 0
    outer loop
      vertex 5 157.70000000298023 126.16750269383192
      vertex 5 167.70000000298023 131.94100538641214
      vertex 5 166.79999999701977 133.49929730594158
    endloop
  endfacet
  facet normal 1 0 0
    outer loop
      vertex 5 157.70000000298023 126.16750269383192
      vertex 5 166.79999999701977 133.49929730594158
      vertex 5 156.79999999701977 127.72579461336136
    endloop
  endfacet
  facet normal 1 0 0
    outer loop
      vertex 5 155.89999999850988 126.16750269383192
      vertex 5 157.70000000298023 126.16750269383192
      vertex 5 156.79999999701977 127.72579461336136
    endloop
  endfacet
  facet normal 1 0 0
    outer loop
      vertex 5 155.89999999850988 126.16750269383192
      vertex 5 156.79999999701977 127.72579461336136
      vertex 5 146.79999999701977 133.49929730594158
    endloop
  endfacet
  facet normal 1 0 0
    outer loop
      vertex 5 145.89999999850988 131.94100538641214
      vertex 5 155.89999999850988 126.16750269383192
      vertex 5 146.79999999701977 133.49929730594158
    endloop
  endfacet
  facet normal 1 0 0
    outer loop
      vertex 5 146.79999999701977 133.49929730594158
      vertex 5 146.79999999701977 145.04630269110203
      vertex 5 145 145.04630269110203
    endloop
  endfacet
  facet normal 1 0 0
    outer loop
      vertex 5 146.79999999701977 133.49929730594158
      vertex 5 145 145.04630269110203
      vertex 5 145 133.49929730594158
    endloop
  endfacet
  facet normal 1 0 0
    outer loop
      vertex 5 145.89999999850988 131.94100538641214
      vertex 5 146.79999999701977 133.49929730594158
      vertex 5 145 133.49929730594158
    endloop
  endfacet
  facet normal 1 0 0
    outer loop
      vertex 5 135.89999999850988 126.16750269383192
      vertex 5 145.89999999850988 131.94100538641214
      vertex 5 145 133.49929730594158
    endloop
  endfacet
  facet normal 1 0 0
    outer loop
      vertex 5 135.89999999850988 126.16750269383192
      vertex 5 145 133.49929730594158
      vertex 5 135 127.72579461336136
    endloop
  endfacet
  facet normal 1 0 0
    outer loop
      vertex 5 134.10000000149012 126.16750269383192
      vertex 5 135.89999999850988 126.16750269383192
      vertex 5 135 127.72579461336136
    endloop
  endfacet
  facet normal 1 0 0
    outer loop
      vertex 5 134.10000000149012 126.16750269383192
      vertex 5 135 127.72579461336136
      vertex 5 125 133.49929730594158
    endloop
  endfacet
  facet normal 1 0 0
    outer loop
      vertex 5 124.10000000149012 131.94100538641214
      vertex 5 134.10000000149012 126.16750269383192
      vertex 5 125 133.49929730594158
    endloop
  endfacet
  facet normal 1 0 0
    outer loop
      vertex 5 125 133.49929730594158
      vertex 5 125 145.04630269110203
      vertex 5 123.20000000298023 145.04630269110203
    endloop
  endfacet
  facet normal 1 0 0
    outer loop
      vertex 5 125 133.49929730594158
      vertex 5 123.20000000298023 145.04630269110203
      vertex 5 123.20000000298023 133.49929730594158
    endloop
  endfacet
  facet normal 1 0 0
    outer loop
      vertex 5 124.10000000149012 131.94100538641214
      vertex 5 125 133.49929730594158
      vertex 5 123.20000000298023 133.49929730594158
    endloop
  endfacet
  facet normal 1 0 0
    outer loop
      vertex 5 114.10000000149012 126.16750269383192
      vertex 5 124.10000000149012 131.94100538641214
      vertex 5 123.20000000298023 133.49929730594158
    endloop
  endfacet
  facet normal 1 0 0
    outer loop
      vertex 5 114.10000000149012 126.16750269383192
      vertex 5 123.20000000298023 133.49929730594158
      vertex 5 113.20000000298023 127.72579461336136
    endloop
  endfacet
  facet normal 1 0 0
    outer loop
      vertex 5 112.29999999701977 126.16750269383192
      vertex 5 114.10000000149012 126.16750269383192
      vertex 5 113.20000000298023 127.72579461336136
    endloop
  endfacet
  facet normal 1 0 0
    outer loop
      vertex 5 112.29999999701977 126.16750269383192
      vertex 5 113.20000000298023 127.72579461336136
      vertex 5 103.20000000298023 133.49929730594158
    endloop
  endfacet
  facet normal 1 0 0
    outer loop
      vertex 5 102.29999999701977 131.94100538641214
      vertex 5 112.29999999701977 126.16750269383192
      vertex 5 103.20000000298023 133.49929730594158
    endloop
  endfacet
  facet normal 1 0 0
    outer loop
      vertex 5 103.20000000298023 133.49929730594158
      vertex 5 103.20000000298023 145.04630269110203
      vertex 5 101.39999999850988 145.04630269110203
    endloop
  endfacet
  facet normal 1 0 0
    outer loop
      vertex 5 103.20000000298023 133.49929730594158
      vertex 5 101.39999999850988 145.04630269110203
      vertex 5 101.39999999850988 133.49929730594158
    endloop
  endfacet
  facet normal 1 0 0
    outer loop
      vertex 5 102.29999999701977 131.94100538641214
      vertex 5 103.20000000298023 133.49929730594158
      vertex 5 101.39999999850988 133.49929730594158
    endloop
  endfacet
  facet normal 1 0 0
    outer loop
      vertex 5 92.29999999701977 126.16750269383192
      vertex 5 102.29999999701977 131.94100538641214
      vertex 5 101.39999999850988 133.49929730594158
    endloop
  endfacet
  facet normal 1 0 0
    outer loop
      vertex 5 92.29999999701977 126.16750269383192
      vertex 5 101.39999999850988 133.49929730594158
      vertex 5 91.39999999850988 127.72579461336136
    endloop
  endfacet
  facet normal 1 0 0
    outer loop
      vertex 5 90.5 126.16750269383192
      vertex 5 92.29999999701977 126.16750269383192
      vertex 5 91.39999999850988 127.72579461336136
    endloop
  endfacet
  facet normal 1 0 0
    outer loop
      vertex 5 90.5 126.16750269383192
      vertex 5 91.39999999850988 127.72579461336136
      vertex 5 81.39999999850988 133.49929730594158
    endloop
  endfacet
  facet normal 1 0 0
    outer loop
      vertex 5 80.5 131.94100538641214
      vertex 5 90.5 126.16750269383192
      vertex 5 81.39999999850988 133.49929730594158
    endloop
  endfacet
  facet normal 1 0 0
    outer loop
      vertex 5 81.39999999850988 133.49929730594158
      vertex 5 81.39999999850988 145.04630269110203
      vertex 5 79.60000000149012 145.04630269110203
    endloop
  endfacet
  facet normal 1 0 0
    outer loop
      vertex 5 81.39999999850988 133.49929730594158
      vertex 5 79.60000000149012 145.04630269110203
      vertex 5 79.60000000149012 133.49929730594158
    endloop
  endfacet
  facet normal 1 0 0
    outer loop
      vertex 5 80.5 131.94100538641214
      vertex 5 81.39999999850988 133.49929730594158
      vertex 5 79.60000000149012 133.49929730594158
    endloop
  endfacet
  facet normal 1 0 0
    outer loop
      vertex 5 70.5 126.16750269383192
      vertex 5 80.5 131.94100538641214
      vertex 5 79.60000000149012 133.49929730594158
    endloop
  endfacet
  facet normal 1 0 0
    outer loop
      vertex 5 70.5 126.16750269383192
      vertex 5 79.60000000149012 133.49929730594158
      vertex 5 69.60000000149012 127.72579461336136
    endloop
  endfacet
  facet normal 1 0 0
    outer loop
      vertex 5 68.70000000298023 126.16750269383192
      vertex 5 70.5 126.16750269383192
      vertex 5 69.60000000149012 127.72579461336136
    endloop
  endfacet
  facet normal 1 0 0
    outer loop
      vertex 5 68.70000000298023 126.16750269383192
      vertex 5 69.60000000149012 127.72579461336136
      vertex 5 59.600000001490116 133.49929730594158
    endloop
  endfacet
  facet normal 1 0 0
    outer loop
      vertex 5 58.70000000298023 131.94100538641214
      vertex 5 68.70000000298023 126.16750269383192
      vertex 5 59.600000001490116 133.49929730594158
    endloop
  endfacet
  facet normal 1 0 0
    outer loop
      vertex 5 59.600000001490116 133.49929730594158
      vertex 5 59.600000001490116 145.04630269110203
      vertex 5 57.79999999701977 145.04630269110203
    endloop
  endfacet
  facet normal 1 0 0
    outer loop
      vertex 5 59.600000001490116 133.49929730594158
      vertex 5 57.79999999701977 145.04630269110203
      vertex 5 57.79999999701977 133.49929730594158
    endloop
  endfacet
  facet normal 1 0 0
    outer loop
      vertex 5 58.70000000298023 131.94100538641214
      vertex 5 59.600000001490116 133.49929730594158
      vertex 5 57.79999999701977 133.49929730594158
    endloop
  endfacet
  facet normal 1 0 0
    outer loop
      vertex 5 48.70000000298023 126.16750269383192
      vertex 5 58.70000000298023 131.94100538641214
      vertex 5 57.79999999701977 133.49929730594158
    endloop
  endfacet
  facet normal 1 0 0
    outer loop
      vertex 5 48.70000000298023 126.16750269383192
      vertex 5 57.79999999701977 133.49929730594158
      vertex 5 47.79999999701977 127.72579461336136
    endloop
  endfacet
  facet normal 1 0 0
    outer loop
      vertex 5 46.899999998509884 126.16750269383192
      vertex 5 48.70000000298023 126.16750269383192
      vertex 5 47.79999999701977 127.72579461336136
    endloop
  endfacet
  facet normal 1 0 0
    outer loop
      vertex 5 46.899999998509884 126.16750269383192
      vertex 5 47.79999999701977 127.72579461336136
      vertex 5 37.79999999701977 133.49929730594158
    endloop
  endfacet
  facet normal 1 0 0
    outer loop
      vertex 5 36.899999998509884 131.94100538641214
      vertex 5 46.899999998509884 126.16750269383192
      vertex 5 37.79999999701977 133.49929730594158
    endloop
  endfacet
  facet normal 1 0 0
    outer loop
      vertex 5 37.79999999701977 133.49929730594158
      vertex 5 37.79999999701977 145.04630269110203
      vertex 5 36 145.04630269110203
    endloop
  endfacet
  facet normal 1 0 0
    outer loop
      vertex 5 37.79999999701977 133.49929730594158
      vertex 5 36 145.04630269110203
      vertex 5 36 133.49929730594158
    endloop
  endfacet
  facet normal 1 0 0
    outer loop
      vertex 5 36.899999998509884 131.94100538641214
      vertex 5 37.79999999701977 133.49929730594158
      vertex 5 36 133.49929730594158
    endloop
  endfacet
  facet normal 1 0 0
    outer loop
      vertex 5 26.899999998509884 126.16750269383192
      vertex 5 36.899999998509884 131.94100538641214
      vertex 5 36 133.49929730594158
    endloop
  endfacet
  facet normal 1 0 0
    outer loop
      vertex 5 26.899999998509884 126.16750269383192
      vertex 5 36 133.49929730594158
      vertex 5 26 127.72579461336136
    endloop
  endfacet
  facet normal 1 0 0
    outer loop
      vertex 5 201.29999999701977 152.37809731066227
      vertex 5 201.29999999701977 163.92510268837214
      vertex 5 199.5 163.92510268837214
    endloop
  endfacet
  facet normal 1 0 0
    outer loop
      vertex 5 201.29999999701977 152.37809731066227
      vertex 5 199.5 163.92510268837214
      vertex 5 199.5 152.37809731066227
    endloop
  endfacet
  facet normal 1 0 0
    outer loop
      vertex 5 179.5 152.37809731066227
      vertex 5 179.5 163.92510268837214
      vertex 5 177.70000000298023 163.92510268837214
    endloop
  endfacet
  facet normal 1 0 0
    outer loop
      vertex 5 179.5 152.37809731066227
      vertex 5 177.70000000298023 163.92510268837214
      vertex 5 177.70000000298023 152.37809731066227
    endloop
  endfacet
  facet normal 1 0 0
    outer loop
      vertex 5 157.70000000298023 152.37809731066227
      vertex 5 157.70000000298023 163.92510268837214
      vertex 5 155.89999999850988 163.92510268837214
    endloop
  endfacet
  facet normal 1 0 0
    outer loop
      vertex 5 157.70000000298023 152.37809731066227
      vertex 5 155.89999999850988 163.92510268837214
      vertex 5 155.89999999850988 152.37809731066227
    endloop
  endfacet
  facet normal 1 0 0
    outer loop
      vertex 5 135.89999999850988 152.37809731066227
      vertex 5 135.89999999850988 163.92510268837214
      vertex 5 134.10000000149012 163.92510268837214
    endloop
  endfacet
  facet normal 1 0 0
    outer loop
      vertex 5 135.89999999850988 152.37809731066227
      vertex 5 134.10000000149012 163.92510268837214
      vertex 5 134.10000000149012 152.37809731066227
    endloop
  endfacet
  facet normal 1 0 0
    outer loop
      vertex 5 114.10000000149012 152.37809731066227
      vertex 5 114.10000000149012 163.92510268837214
      vertex 5 112.29999999701977 163.92510268837214
    endloop
  endfacet
  facet normal 1 0 0
    outer loop
      vertex 5 114.10000000149012 152.37809731066227
      vertex 5 112.29999999701977 163.92510268837214
      vertex 5 112.29999999701977 152.37809731066227
    endloop
  endfacet
  facet normal 1 0 0
    outer loop
      vertex 5 92.29999999701977 152.37809731066227
      vertex 5 92.29999999701977 163.92510268837214
      vertex 5 90.5 163.92510268837214
    endloop
  endfacet
  facet normal 1 0 0
    outer loop
      vertex 5 92.29999999701977 152.37809731066227
      vertex 5 90.5 163.92510268837214
      vertex 5 90.5 152.37809731066227
    endloop
  endfacet
  facet normal 1 0 0
    outer loop
      vertex 5 70.5 152.37809731066227
      vertex 5 70.5 163.92510268837214
      vertex 5 68.70000000298023 163.92510268837214
    endloop
  endfacet
  facet normal 1 0 0
    outer loop
      vertex 5 70.5 152.37809731066227
      vertex 5 68.70000000298023 163.92510268837214
      vertex 5 68.70000000298023 152.37809731066227
    endloop
  endfacet
  facet normal 1 0 0
    outer loop
      vertex 5 48.70000000298023 152.37809731066227
      vertex 5 48.70000000298023 163.92510268837214
      vertex 5 46.899999998509884 163.92510268837214
    endloop
  endfacet
  facet normal 1 0 0
    outer loop
      vertex 5 48.70000000298023 152.37809731066227
      vertex 5 46.899999998509884 163.92510268837214
      vertex 5 46.899999998509884 152.37809731066227
    endloop
  endfacet
  facet normal 1 0 0
    outer loop
      vertex 5 212.20000000298023 171.25689730793238
      vertex 5 212.20000000298023 182.80390269309282
      vertex 5 210.39999999850988 182.80390269309282
    endloop
  endfacet
  facet normal 1 0 0
    outer loop
      vertex 5 212.20000000298023 171.25689730793238
      vertex 5 210.39999999850988 182.80390269309282
      vertex 5 210.39999999850988 171.25689730793238
    endloop
  endfacet
  facet normal 1 0 0
    outer loop
      vertex 5 190.39999999850988 171.25689730793238
      vertex 5 190.39999999850988 182.80390269309282
      vertex 5 188.60000000149012 182.80390269309282
    endloop
  endfacet
  facet normal 1 0 0
    outer loop
      vertex 5 190.39999999850988 171.25689730793238
      vertex 5 188.60000000149012 182.80390269309282
      vertex 5 188.60000000149012 171.25689730793238
    endloop
  endfacet
  facet normal 1 0 0
    outer loop
      vertex 5 168.60000000149012 171.25689730793238
      vertex 5 168.60000000149012 182.80390269309282
      vertex 5 166.79999999701977 182.80390269309282
    endloop
  endfacet
  facet normal 1 0 0
    outer loop
      vertex 5 168.60000000149012 171.25689730793238
      vertex 5 166.79999999701977 182.80390269309282
      vertex 5 166.79999999701977 171.25689730793238
    endloop
  endfacet
  facet normal 1 0 0
    outer loop
      vertex 5 146.79999999701977 171.25689730793238
      vertex 5 146.79999999701977 182.80390269309282
      vertex 5 145 182.80390269309282
    endloop
  endfacet
  facet normal 1 0 0
    outer loop
      vertex 5 146.79999999701977 171.25689730793238
      vertex 5 145 182.80390269309282
      vertex 5 145 171.25689730793238
    endloop
  endfacet
  facet normal 1 0 0
    outer loop
      vertex 5 125 171.25689730793238
      vertex 5 125 182.80390269309282
      vertex 5 123.20000000298023 182.80390269309282
    endloop
  endfacet
  facet normal 1 0 0
    outer loop
      vertex 5 125 171.25689730793238
      vertex 5 123.20000000298023 182.80390269309282
      vertex 5 123.20000000298023 171.25689730793238
    endloop
  endfacet
  facet normal 1 0 0
    outer loop
      vertex 5 103.20000000298023 171.25689730793238
      vertex 5 103.20000000298023 182.80390269309282
      vertex 5 101.39999999850988 182.80390269309282
    endloop
  endfacet
  facet normal 1 0 0
    outer loop
      vertex 5 103.20000000298023 171.25689730793238
      vertex 5 101.39999999850988 182.80390269309282
      vertex 5 101.39999999850988 171.25689730793238
    endloop
  endfacet
  facet normal 1 0 0
    outer loop
      vertex 5 81.39999999850988 171.25689730793238
      vertex 5 81.39999999850988 182.80390269309282
      vertex 5 79.60000000149012 182.80390269309282
    endloop
  endfacet
  facet normal 1 0 0
    outer loop
      vertex 5 81.39999999850988 171.25689730793238
      vertex 5 79.60000000149012 182.80390269309282
      vertex 5 79.60000000149012 171.25689730793238
    endloop
  endfacet
  facet normal 1 0 0
    outer loop
      vertex 5 59.600000001490116 171.25689730793238
      vertex 5 59.600000001490116 182.80390269309282
      vertex 5 57.79999999701977 182.80390269309282
    endloop
  endfacet
  facet normal 1 0 0
    outer loop
      vertex 5 59.600000001490116 171.25689730793238
      vertex 5 57.79999999701977 182.80390269309282
      vertex 5 57.79999999701977 171.25689730793238
    endloop
  endfacet
  facet normal 1 0 0
    outer loop
      vertex 5 37.79999999701977 171.25689730793238
      vertex 5 37.79999999701977 182.80390269309282
      vertex 5 36 182.80390269309282
    endloop
  endfacet
  facet normal 1 0 0
    outer loop
      vertex 5 37.79999999701977 171.25689730793238
      vertex 5 36 182.80390269309282
      vertex 5 36 171.25689730793238
    endloop
  endfacet
  facet normal 1 0 0
    outer loop
      vertex 5 201.29999999701977 190.13569730520248
      vertex 5 201.29999999701977 201.68270269036293
      vertex 5 199.5 201.68270269036293
    endloop
  endfacet
  facet normal 1 0 0
    outer loop
      vertex 5 201.29999999701977 190.13569730520248
      vertex 5 199.5 201.68270269036293
      vertex 5 199.5 190.13569730520248
    endloop
  endfacet
  facet normal 1 0 0
    outer loop
      vertex 5 179.5 190.13569730520248
      vertex 5 179.5 201.68270269036293
      vertex 5 177.70000000298023 201.68270269036293
    endloop
  endfacet
  facet normal 1 0 0
    outer loop
      vertex 5 179.5 190.13569730520248
      vertex 5 177.70000000298023 201.68270269036293
      vertex 5 177.70000000298023 190.13569730520248
    endloop
  endfacet
  facet normal 1 0 0
    outer loop
      vertex 5 157.70000000298023 190.13569730520248
      vertex 5 157.70000000298023 201.68270269036293
      vertex 5 155.89999999850988 201.68270269036293
    endloop
  endfacet
  facet normal 1 0 0
    outer loop
      vertex 5 157.70000000298023 190.13569730520248
      vertex 5 155.89999999850988 201.68270269036293
      vertex 5 155.89999999850988 190.13569730520248
    endloop
  endfacet
  facet normal 1 0 0
    outer loop
      vertex 5 135.89999999850988 190.13569730520248
      vertex 5 135.89999999850988 201.68270269036293
      vertex 5 134.10000000149012 201.68270269036293
    endloop
  endfacet
  facet normal 1 0 0
    outer loop
      vertex 5 135.89999999850988 190.13569730520248
      vertex 5 134.10000000149012 201.68270269036293
      vertex 5 134.10000000149012 190.13569730520248
    endloop
  endfacet
  facet normal 1 0 0
    outer loop
      vertex 5 114.10000000149012 190.13569730520248
      vertex 5 114.10000000149012 201.68270269036293
      vertex 5 112.29999999701977 201.68270269036293
    endloop
  endfacet
  facet normal 1 0 0
    outer loop
      vertex 5 114.10000000149012 190.13569730520248
      vertex 5 112.29999999701977 201.68270269036293
      vertex 5 112.29999999701977 190.13569730520248
    endloop
  endfacet
  facet normal 1 0 0
    outer loop
      vertex 5 92.29999999701977 190.13569730520248
      vertex 5 92.29999999701977 201.68270269036293
      vertex 5 90.5 201.68270269036293
    endloop
  endfacet
  facet normal 1 0 0
    outer loop
      vertex 5 92.29999999701977 190.13569730520248
      vertex 5 90.5 201.68270269036293
      vertex 5 90.5 190.13569730520248
    endloop
  endfacet
  facet normal 1 0 0
    outer loop
      vertex 5 70.5 190.13569730520248
      vertex 5 70.5 201.68270269036293
      vertex 5 68.70000000298023 201.68270269036293
    endloop
  endfacet
  facet normal 1 0 0
    outer loop
      vertex 5 70.5 190.13569730520248
      vertex 5 68.70000000298023 201.68270269036293
      vertex 5 68.70000000298023 190.13569730520248
    endloop
  endfacet
  facet normal 1 0 0
    outer loop
      vertex 5 48.70000000298023 190.13569730520248
      vertex 5 48.70000000298023 201.68270269036293
      vertex 5 46.899999998509884 201.68270269036293
    endloop
  endfacet
  facet normal 1 0 0
    outer loop
      vertex 5 48.70000000298023 190.13569730520248
      vertex 5 46.899999998509884 201.68270269036293
      vertex 5 46.899999998509884 190.13569730520248
    endloop
  endfacet
  facet normal 1 0 0
    outer loop
      vertex 5 212.20000000298023 209.01449730992317
      vertex 5 212.20000000298023 220.56150269508362
      vertex 5 210.39999999850988 220.56150269508362
    endloop
  endfacet
  facet normal 1 0 0
    outer loop
      vertex 5 212.20000000298023 209.01449730992317
      vertex 5 210.39999999850988 220.56150269508362
      vertex 5 210.39999999850988 209.01449730992317
    endloop
  endfacet
  facet normal 1 0 0
    outer loop
      vertex 5 190.39999999850988 209.01449730992317
      vertex 5 190.39999999850988 220.56150269508362
      vertex 5 188.60000000149012 220.56150269508362
    endloop
  endfacet
  facet normal 1 0 0
    outer loop
      vertex 5 190.39999999850988 209.01449730992317
      vertex 5 188.60000000149012 220.56150269508362
      vertex 5 188.60000000149012 209.01449730992317
    endloop
  endfacet
  facet normal 1 0 0
    outer loop
      vertex 5 168.60000000149012 209.01449730992317
      vertex 5 168.60000000149012 220.56150269508362
      vertex 5 166.79999999701977 220.56150269508362
    endloop
  endfacet
  facet normal 1 0 0
    outer loop
      vertex 5 168.60000000149012 209.01449730992317
      vertex 5 166.79999999701977 220.56150269508362
      vertex 5 166.79999999701977 209.01449730992317
    endloop
  endfacet
  facet normal 1 0 0
    outer loop
      vertex 5 146.79999999701977 209.01449730992317
      vertex 5 146.79999999701977 220.56150269508362
      vertex 5 145 220.56150269508362
    endloop
  endfacet
  facet normal 1 0 0
    outer loop
      vertex 5 146.79999999701977 209.01449730992317
      vertex 5 145 220.56150269508362
      vertex 5 145 209.01449730992317
    endloop
  endfacet
  facet normal 1 0 0
    outer loop
      vertex 5 125 209.01449730992317
      vertex 5 125 220.56150269508362
      vertex 5 123.20000000298023 220.56150269508362
    endloop
  endfacet
  facet normal 1 0 0
    outer loop
      vertex 5 125 209.01449730992317
      vertex 5 123.20000000298023 220.56150269508362
      vertex 5 123.20000000298023 209.01449730992317
    endloop
  endfacet
  facet normal 1 0 0
    outer loop
      vertex 5 103.20000000298023 209.01449730992317
      vertex 5 103.20000000298023 220.56150269508362
      vertex 5 101.39999999850988 220.56150269508362
    endloop
  endfacet
  facet normal 1 0 0
    outer loop
      vertex 5 103.20000000298023 209.01449730992317
      vertex 5 101.39999999850988 220.56150269508362
      vertex 5 101.39999999850988 209.01449730992317
    endloop
  endfacet
  facet normal 1 0 0
    outer loop
      vertex 5 81.39999999850988 209.01449730992317
      vertex 5 81.39999999850988 220.56150269508362
      vertex 5 79.60000000149012 220.56150269508362
    endloop
  endfacet
  facet normal 1 0 0
    outer loop
      vertex 5 81.39999999850988 209.01449730992317
      vertex 5 79.60000000149012 220.56150269508362
      vertex 5 79.60000000149012 209.01449730992317
    endloop
  endfacet
  facet normal 1 0 0
    outer loop
      vertex 5 59.600000001490116 209.01449730992317
      vertex 5 59.600000001490116 220.56150269508362
      vertex 5 57.79999999701977 220.56150269508362
    endloop
  endfacet
  facet normal 1 0 0
    outer loop
      vertex 5 59.600000001490116 209.01449730992317
      vertex 5 57.79999999701977 220.56150269508362
      vertex 5 57.79999999701977 209.01449730992317
    endloop
  endfacet
  facet normal 1 0 0
    outer loop
      vertex 5 37.79999999701977 209.01449730992317
      vertex 5 37.79999999701977 220.56150269508362
      vertex 5 36 220.56150269508362
    endloop
  endfacet
  facet normal 1 0 0
    outer loop
      vertex 5 37.79999999701977 209.01449730992317
      vertex 5 36 220.56150269508362
      vertex 5 36 209.01449730992317
    endloop
  endfacet
  facet normal 1 0 0
    outer loop
      vertex 5 201.29999999701977 227.89329730719328
      vertex 5 201.29999999701977 239.44030269235373
      vertex 5 199.5 239.44030269235373
    endloop
  endfacet
  facet normal 1 0 0
    outer loop
      vertex 5 201.29999999701977 227.89329730719328
      vertex 5 199.5 239.44030269235373
      vertex 5 199.5 227.89329730719328
    endloop
  endfacet
  facet normal 1 0 0
    outer loop
      vertex 5 179.5 227.89329730719328
      vertex 5 179.5 239.44030269235373
      vertex 5 177.70000000298023 239.44030269235373
    endloop
  endfacet
  facet normal 1 0 0
    outer loop
      vertex 5 179.5 227.89329730719328
      vertex 5 177.70000000298023 239.44030269235373
      vertex 5 177.70000000298023 227.89329730719328
    endloop
  endfacet
  facet normal 1 0 0
    outer loop
      vertex 5 157.70000000298023 227.89329730719328
      vertex 5 157.70000000298023 239.44030269235373
      vertex 5 155.89999999850988 239.44030269235373
    endloop
  endfacet
  facet normal 1 0 0
    outer loop
      vertex 5 157.70000000298023 227.89329730719328
      vertex 5 155.89999999850988 239.44030269235373
      vertex 5 155.89999999850988 227.89329730719328
    endloop
  endfacet
  facet normal 1 0 0
    outer loop
      vertex 5 135.89999999850988 227.89329730719328
      vertex 5 135.89999999850988 239.44030269235373
      vertex 5 134.10000000149012 239.44030269235373
    endloop
  endfacet
  facet normal 1 0 0
    outer loop
      vertex 5 135.89999999850988 227.89329730719328
      vertex 5 134.10000000149012 239.44030269235373
      vertex 5 134.10000000149012 227.89329730719328
    endloop
  endfacet
  facet normal 1 0 0
    outer loop
      vertex 5 114.10000000149012 227.89329730719328
      vertex 5 114.10000000149012 239.44030269235373
      vertex 5 112.29999999701977 239.44030269235373
    endloop
  endfacet
  facet normal 1 0 0
    outer loop
      vertex 5 114.10000000149012 227.89329730719328
      vertex 5 112.29999999701977 239.44030269235373
      vertex 5 112.29999999701977 227.89329730719328
    endloop
  endfacet
  facet normal 1 0 0
    outer loop
      vertex 5 92.29999999701977 227.89329730719328
      vertex 5 92.29999999701977 239.44030269235373
      vertex 5 90.5 239.44030269235373
    endloop
  endfacet
  facet normal 1 0 0
    outer loop
      vertex 5 92.29999999701977 227.89329730719328
      vertex 5 90.5 239.44030269235373
      vertex 5 90.5 227.89329730719328
    endloop
  endfacet
  facet normal 1 0 0
    outer loop
      vertex 5 70.5 227.89329730719328
      vertex 5 70.5 239.44030269235373
      vertex 5 68.70000000298023 239.44030269235373
    endloop
  endfacet
  facet normal 1 0 0
    outer loop
      vertex 5 70.5 227.89329730719328
      vertex 5 68.70000000298023 239.44030269235373
      vertex 5 68.70000000298023 227.89329730719328
    endloop
  endfacet
  facet normal 1 0 0
    outer loop
      vertex 5 48.70000000298023 227.89329730719328
      vertex 5 48.70000000298023 239.44030269235373
      vertex 5 46.899999998509884 239.44030269235373
    endloop
  endfacet
  facet normal 1 0 0
    outer loop
      vertex 5 48.70000000298023 227.89329730719328
      vertex 5 46.899999998509884 239.44030269235373
      vertex 5 46.899999998509884 227.89329730719328
    endloop
  endfacet
  facet normal 1 0 0
    outer loop
      vertex 5 212.20000000298023 246.7720973044634
      vertex 5 212.20000000298023 258.31910268962383
      vertex 5 210.39999999850988 258.31910268962383
    endloop
  endfacet
  facet normal 1 0 0
    outer loop
      vertex 5 212.20000000298023 246.7720973044634
      vertex 5 210.39999999850988 258.31910268962383
      vertex 5 210.39999999850988 246.7720973044634
    endloop
  endfacet
  facet normal 1 0 0
    outer loop
      vertex 5 190.39999999850988 246.7720973044634
      vertex 5 190.39999999850988 258.31910268962383
      vertex 5 188.60000000149012 258.31910268962383
    endloop
  endfacet
  facet normal 1 0 0
    outer loop
      vertex 5 190.39999999850988 246.7720973044634
      vertex 5 188.60000000149012 258.31910268962383
      vertex 5 188.60000000149012 246.7720973044634
    endloop
  endfacet
  facet normal 1 0 0
    outer loop
      vertex 5 168.60000000149012 246.7720973044634
      vertex 5 168.60000000149012 258.31910268962383
      vertex 5 166.79999999701977 258.31910268962383
    endloop
  endfacet
  facet normal 1 0 0
    outer loop
      vertex 5 168.60000000149012 246.7720973044634
      vertex 5 166.79999999701977 258.31910268962383
      vertex 5 166.79999999701977 246.7720973044634
    endloop
  endfacet
  facet normal 1 0 0
    outer loop
      vertex 5 146.79999999701977 246.7720973044634
      vertex 5 146.79999999701977 258.31910268962383
      vertex 5 145 258.31910268962383
    endloop
  endfacet
  facet normal 1 0 0
    outer loop
      vertex 5 146.79999999701977 246.7720973044634
      vertex 5 145 258.31910268962383
      vertex 5 145 246.7720973044634
    endloop
  endfacet
  facet normal 1 0 0
    outer loop
      vertex 5 125 246.7720973044634
      vertex 5 125 258.31910268962383
      vertex 5 123.20000000298023 258.31910268962383
    endloop
  endfacet
  facet normal 1 0 0
    outer loop
      vertex 5 125 246.7720973044634
      vertex 5 123.20000000298023 258.31910268962383
      vertex 5 123.20000000298023 246.7720973044634
    endloop
  endfacet
  facet normal 1 0 0
    outer loop
      vertex 5 103.20000000298023 246.7720973044634
      vertex 5 103.20000000298023 258.31910268962383
      vertex 5 101.39999999850988 258.31910268962383
    endloop
  endfacet
  facet normal 1 0 0
    outer loop
      vertex 5 103.20000000298023 246.7720973044634
      vertex 5 101.39999999850988 258.31910268962383
      vertex 5 101.39999999850988 246.7720973044634
    endloop
  endfacet
  facet normal 1 0 0
    outer loop
      vertex 5 81.39999999850988 246.7720973044634
      vertex 5 81.39999999850988 258.31910268962383
      vertex 5 79.60000000149012 258.31910268962383
    endloop
  endfacet
  facet normal 1 0 0
    outer loop
      vertex 5 81.39999999850988 246.7720973044634
      vertex 5 79.60000000149012 258.31910268962383
      vertex 5 79.60000000149012 246.7720973044634
    endloop
  endfacet
  facet normal 1 0 0
    outer loop
      vertex 5 59.600000001490116 246.7720973044634
      vertex 5 59.600000001490116 258.31910268962383
      vertex 5 57.79999999701977 258.31910268962383
    endloop
  endfacet
  facet normal 1 0 0
    outer loop
      vertex 5 59.600000001490116 246.7720973044634
      vertex 5 57.79999999701977 258.31910268962383
      vertex 5 57.79999999701977 246.7720973044634
    endloop
  endfacet
  facet normal 1 0 0
    outer loop
      vertex 5 37.79999999701977 246.7720973044634
      vertex 5 37.79999999701977 258.31910268962383
      vertex 5 36 258.31910268962383
    endloop
  endfacet
  facet normal 1 0 0
    outer loop
      vertex 5 37.79999999701977 246.7720973044634
      vertex 5 36 258.31910268962383
      vertex 5 36 246.7720973044634
    endloop
  endfacet
  facet normal 1 0 0
    outer loop
      vertex 5 201.29999999701977 265.6508973091841
      vertex 5 201.29999999701977 277.1979026943445
      vertex 5 199.5 277.1979026943445
    endloop
  endfacet
  facet normal 1 0 0
    outer loop
      vertex 5 201.29999999701977 265.6508973091841
      vertex 5 199.5 277.1979026943445
      vertex 5 199.5 265.6508973091841
    endloop
  endfacet
  facet normal 1 0 0
    outer loop
      vertex 5 179.5 265.6508973091841
      vertex 5 179.5 277.1979026943445
      vertex 5 177.70000000298023 277.1979026943445
    endloop
  endfacet
  facet normal 1 0 0
    outer loop
      vertex 5 179.5 265.6508973091841
      vertex 5 177.70000000298023 277.1979026943445
      vertex 5 177.70000000298023 265.6508973091841
    endloop
  endfacet
  facet normal 1 0 0
    outer loop
      vertex 5 157.70000000298023 265.6508973091841
      vertex 5 157.70000000298023 277.1979026943445
      vertex 5 155.89999999850988 277.1979026943445
    endloop
  endfacet
  facet normal 1 0 0
    outer loop
      vertex 5 157.70000000298023 265.6508973091841
      vertex 5 155.89999999850988 277.1979026943445
      vertex 5 155.89999999850988 265.6508973091841
    endloop
  endfacet
  facet normal 1 0 0
    outer loop
      vertex 5 135.89999999850988 265.6508973091841
      vertex 5 135.89999999850988 277.1979026943445
      vertex 5 134.10000000149012 277.1979026943445
    endloop
  endfacet
  facet normal 1 0 0
    outer loop
      vertex 5 135.89999999850988 265.6508973091841
      vertex 5 134.10000000149012 277.1979026943445
      vertex 5 134.10000000149012 265.6508973091841
    endloop
  endfacet
  facet normal 1 0 0
    outer loop
      vertex 5 114.10000000149012 265.6508973091841
      vertex 5 114.10000000149012 277.1979026943445
      vertex 5 112.29999999701977 277.1979026943445
    endloop
  endfacet
  facet normal 1 0 0
    outer loop
      vertex 5 114.10000000149012 265.6508973091841
      vertex 5 112.29999999701977 277.1979026943445
      vertex 5 112.29999999701977 265.6508973091841
    endloop
  endfacet
  facet normal 1 0 0
    outer loop
      vertex 5 92.29999999701977 265.6508973091841
      vertex 5 92.29999999701977 277.1979026943445
      vertex 5 90.5 277.1979026943445
    endloop
  endfacet
  facet normal 1 0 0
    outer loop
      vertex 5 92.29999999701977 265.6508973091841
      vertex 5 90.5 277.1979026943445
      vertex 5 90.5 265.6508973091841
    endloop
  endfacet
  facet normal 1 0 0
    outer loop
      vertex 5 70.5 265.6508973091841
      vertex 5 70.5 277.1979026943445
      vertex 5 68.70000000298023 277.1979026943445
    endloop
  endfacet
  facet normal 1 0 0
    outer loop
      vertex 5 70.5 265.6508973091841
      vertex 5 68.70000000298023 277.1979026943445
      vertex 5 68.70000000298023 265.6508973091841
    endloop
  endfacet
  facet normal 1 0 0
    outer loop
      vertex 5 48.70000000298023 265.6508973091841
      vertex 5 48.70000000298023 277.1979026943445
      vertex 5 46.899999998509884 277.1979026943445
    endloop
  endfacet
  facet normal 1 0 0
    outer loop
      vertex 5 48.70000000298023 265.6508973091841
      vertex 5 46.899999998509884 277.1979026943445
      vertex 5 46.899999998509884 265.6508973091841
    endloop
  endfacet
  facet normal 1 0 0
    outer loop
      vertex 5 212.20000000298023 284.5296973064542
      vertex 5 212.20000000298023 296.0767026916146
      vertex 5 210.39999999850988 296.0767026916146
    endloop
  endfacet
  facet normal 1 0 0
    outer loop
      vertex 5 212.20000000298023 284.5296973064542
      vertex 5 210.39999999850988 296.0767026916146
      vertex 5 210.39999999850988 284.5296973064542
    endloop
  endfacet
  facet normal 1 0 0
    outer loop
      vertex 5 190.39999999850988 284.5296973064542
      vertex 5 190.39999999850988 296.0767026916146
      vertex 5 188.60000000149012 296.0767026916146
    endloop
  endfacet
  facet normal 1 0 0
    outer loop
      vertex 5 190.39999999850988 284.5296973064542
      vertex 5 188.60000000149012 296.0767026916146
      vertex 5 188.60000000149012 284.5296973064542
    endloop
  endfacet
  facet normal 1 0 0
    outer loop
      vertex 5 168.60000000149012 284.5296973064542
      vertex 5 168.60000000149012 296.0767026916146
      vertex 5 166.79999999701977 296.0767026916146
    endloop
  endfacet
  facet normal 1 0 0
    outer loop
      vertex 5 168.60000000149012 284.5296973064542
      vertex 5 166.79999999701977 296.0767026916146
      vertex 5 166.79999999701977 284.5296973064542
    endloop
  endfacet
  facet normal 1 0 0
    outer loop
      vertex 5 146.79999999701977 284.5296973064542
      vertex 5 146.79999999701977 296.0767026916146
      vertex 5 145 296.0767026916146
    endloop
  endfacet
  facet normal 1 0 0
    outer loop
      vertex 5 146.79999999701977 284.5296973064542
      vertex 5 145 296.0767026916146
      vertex 5 145 284.5296973064542
    endloop
  endfacet
  facet normal 1 0 0
    outer loop
      vertex 5 125 284.5296973064542
      vertex 5 125 296.0767026916146
      vertex 5 123.20000000298023 296.0767026916146
    endloop
  endfacet
  facet normal 1 0 0
    outer loop
      vertex 5 125 284.5296973064542
      vertex 5 123.20000000298023 296.0767026916146
      vertex 5 123.20000000298023 284.5296973064542
    endloop
  endfacet
  facet normal 1 0 0
    outer loop
      vertex 5 103.20000000298023 284.5296973064542
      vertex 5 103.20000000298023 296.0767026916146
      vertex 5 101.39999999850988 296.0767026916146
    endloop
  endfacet
  facet normal 1 0 0
    outer loop
      vertex 5 103.20000000298023 284.5296973064542
      vertex 5 101.39999999850988 296.0767026916146
      vertex 5 101.39999999850988 284.5296973064542
    endloop
  endfacet
  facet normal 1 0 0
    outer loop
      vertex 5 81.39999999850988 284.5296973064542
      vertex 5 81.39999999850988 296.0767026916146
      vertex 5 79.60000000149012 296.0767026916146
    endloop
  endfacet
  facet normal 1 0 0
    outer loop
      vertex 5 81.39999999850988 284.5296973064542
      vertex 5 79.60000000149012 296.0767026916146
      vertex 5 79.60000000149012 284.5296973064542
    endloop
  endfacet
  facet normal 1 0 0
    outer loop
      vertex 5 59.600000001490116 284.5296973064542
      vertex 5 59.600000001490116 296.0767026916146
      vertex 5 57.79999999701977 296.0767026916146
    endloop
  endfacet
  facet normal 1 0 0
    outer loop
      vertex 5 59.600000001490116 284.5296973064542
      vertex 5 57.79999999701977 296.0767026916146
      vertex 5 57.79999999701977 284.5296973064542
    endloop
  endfacet
  facet normal 1 0 0
    outer loop
      vertex 5 37.79999999701977 284.5296973064542
      vertex 5 37.79999999701977 296.0767026916146
      vertex 5 36 296.0767026916146
    endloop
  endfacet
  facet normal 1 0 0
    outer loop
      vertex 5 37.79999999701977 284.5296973064542
      vertex 5 36 296.0767026916146
      vertex 5 36 284.5296973064542
    endloop
  endfacet
  facet normal 1 0 0
    outer loop
      vertex 5 201.29999999701977 303.40849731117487
      vertex 5 201.29999999701977 314.95550268888474
      vertex 5 199.5 314.95550268888474
    endloop
  endfacet
  facet normal 1 0 0
    outer loop
      vertex 5 201.29999999701977 303.40849731117487
      vertex 5 199.5 314.95550268888474
      vertex 5 199.5 303.40849731117487
    endloop
  endfacet
  facet normal 1 0 0
    outer loop
      vertex 5 179.5 303.40849731117487
      vertex 5 179.5 314.95550268888474
      vertex 5 177.70000000298023 314.95550268888474
    endloop
  endfacet
  facet normal 1 0 0
    outer loop
      vertex 5 179.5 303.40849731117487
      vertex 5 177.70000000298023 314.95550268888474
      vertex 5 177.70000000298023 303.40849731117487
    endloop
  endfacet
  facet normal 1 0 0
    outer loop
      vertex 5 157.70000000298023 303.40849731117487
      vertex 5 157.70000000298023 314.95550268888474
      vertex 5 155.89999999850988 314.95550268888474
    endloop
  endfacet
  facet normal 1 0 0
    outer loop
      vertex 5 157.70000000298023 303.40849731117487
      vertex 5 155.89999999850988 314.95550268888474
      vertex 5 155.89999999850988 303.40849731117487
    endloop
  endfacet
  facet normal 1 0 0
    outer loop
      vertex 5 135.89999999850988 303.40849731117487
      vertex 5 135.89999999850988 314.95550268888474
      vertex 5 134.10000000149012 314.95550268888474
    endloop
  endfacet
  facet normal 1 0 0
    outer loop
      vertex 5 135.89999999850988 303.40849731117487
      vertex 5 134.10000000149012 314.95550268888474
      vertex 5 134.10000000149012 303.40849731117487
    endloop
  endfacet
  facet normal 1 0 0
    outer loop
      vertex 5 114.10000000149012 303.40849731117487
      vertex 5 114.10000000149012 314.95550268888474
      vertex 5 112.29999999701977 314.95550268888474
    endloop
  endfacet
  facet normal 1 0 0
    outer loop
      vertex 5 114.10000000149012 303.40849731117487
      vertex 5 112.29999999701977 314.95550268888474
      vertex 5 112.29999999701977 303.40849731117487
    endloop
  endfacet
  facet normal 1 0 0
    outer loop
      vertex 5 92.29999999701977 303.40849731117487
      vertex 5 92.29999999701977 314.95550268888474
      vertex 5 90.5 314.95550268888474
    endloop
  endfacet
  facet normal 1 0 0
    outer loop
      vertex 5 92.29999999701977 303.40849731117487
      vertex 5 90.5 314.95550268888474
      vertex 5 90.5 303.40849731117487
    endloop
  endfacet
  facet normal 1 0 0
    outer loop
      vertex 5 70.5 303.40849731117487
      vertex 5 70.5 314.95550268888474
      vertex 5 68.70000000298023 314.95550268888474
    endloop
  endfacet
  facet normal 1 0 0
    outer loop
      vertex 5 70.5 303.40849731117487
      vertex 5 68.70000000298023 314.95550268888474
      vertex 5 68.70000000298023 303.40849731117487
    endloop
  endfacet
  facet normal 1 0 0
    outer loop
      vertex 5 48.70000000298023 303.40849731117487
      vertex 5 48.70000000298023 314.95550268888474
      vertex 5 46.899999998509884 314.95550268888474
    endloop
  endfacet
  facet normal 1 0 0
    outer loop
      vertex 5 48.70000000298023 303.40849731117487
      vertex 5 46.899999998509884 314.95550268888474
      vertex 5 46.899999998509884 303.40849731117487
    endloop
  endfacet
  facet normal 1 0 0
    outer loop
      vertex 5 212.20000000298023 322.287297308445
      vertex 5 212.20000000298023 333.8343026936054
      vertex 5 210.39999999850988 333.8343026936054
    endloop
  endfacet
  facet normal 1 0 0
    outer loop
      vertex 5 212.20000000298023 322.287297308445
      vertex 5 210.39999999850988 333.8343026936054
      vertex 5 210.39999999850988 322.287297308445
    endloop
  endfacet
  facet normal 1 0 0
    outer loop
      vertex 5 190.39999999850988 322.287297308445
      vertex 5 190.39999999850988 333.8343026936054
      vertex 5 188.60000000149012 333.8343026936054
    endloop
  endfacet
  facet normal 1 0 0
    outer loop
      vertex 5 190.39999999850988 322.287297308445
      vertex 5 188.60000000149012 333.8343026936054
      vertex 5 188.60000000149012 322.287297308445
    endloop
  endfacet
  facet normal 1 0 0
    outer loop
      vertex 5 168.60000000149012 322.287297308445
      vertex 5 168.60000000149012 333.8343026936054
      vertex 5 166.79999999701977 333.8343026936054
    endloop
  endfacet
  facet normal 1 0 0
    outer loop
      vertex 5 168.60000000149012 322.287297308445
      vertex 5 166.79999999701977 333.8343026936054
      vertex 5 166.79999999701977 322.287297308445
    endloop
  endfacet
  facet normal 1 0 0
    outer loop
      vertex 5 146.79999999701977 322.287297308445
      vertex 5 146.79999999701977 333.8343026936054
      vertex 5 145 333.8343026936054
    endloop
  endfacet
  facet normal 1 0 0
    outer loop
      vertex 5 146.79999999701977 322.287297308445
      vertex 5 145 333.8343026936054
      vertex 5 145 322.287297308445
    endloop
  endfacet
  facet normal 1 0 0
    outer loop
      vertex 5 125 322.287297308445
      vertex 5 125 333.8343026936054
      vertex 5 123.20000000298023 333.8343026936054
    endloop
  endfacet
  facet normal 1 0 0
    outer loop
      vertex 5 125 322.287297308445
      vertex 5 123.20000000298023 333.8343026936054
      vertex 5 123.20000000298023 322.287297308445
    endloop
  endfacet
  facet normal 1 0 0
    outer loop
      vertex 5 103.20000000298023 322.287297308445
      vertex 5 103.20000000298023 333.8343026936054
      vertex 5 101.39999999850988 333.8343026936054
    endloop
  endfacet
  facet normal 1 0 0
    outer loop
      vertex 5 103.20000000298023 322.287297308445
      vertex 5 101.39999999850988 333.8343026936054
      vertex 5 101.39999999850988 322.287297308445
    endloop
  endfacet
  facet normal 1 0 0
    outer loop
      vertex 5 81.39999999850988 322.287297308445
      vertex 5 81.39999999850988 333.8343026936054
      vertex 5 79.60000000149012 333.8343026936054
    endloop
  endfacet
  facet normal 1 0 0
    outer loop
      vertex 5 81.39999999850988 322.287297308445
      vertex 5 79.60000000149012 333.8343026936054
      vertex 5 79.60000000149012 322.287297308445
    endloop
  endfacet
  facet normal 1 0 0
    outer loop
      vertex 5 59.600000001490116 322.287297308445
      vertex 5 59.600000001490116 333.8343026936054
      vertex 5 57.79999999701977 333.8343026936054
    endloop
  endfacet
  facet normal 1 0 0
    outer loop
      vertex 5 59.600000001490116 322.287297308445
      vertex 5 57.79999999701977 333.8343026936054
      vertex 5 57.79999999701977 322.287297308445
    endloop
  endfacet
  facet normal 1 0 0
    outer loop
      vertex 5 37.79999999701977 322.287297308445
      vertex 5 37.79999999701977 333.8343026936054
      vertex 5 36 333.8343026936054
    endloop
  endfacet
  facet normal 1 0 0
    outer loop
      vertex 5 37.79999999701977 322.287297308445
      vertex 5 36 333.8343026936054
      vertex 5 36 322.287297308445
    endloop
  endfacet
  facet normal 1 0 0
    outer loop
      vertex 5 250 0
      vertex 5 232.20000000298023 20.226497307419777
      vertex 5 222.20000000298023 14.452994614839554
    endloop
  endfacet
  facet normal 1 0 0
    outer loop
      vertex 5 222.20000000298023 339.60780538618565
      vertex 5 232.20000000298023 333.8343026936054
      vertex 5 250 350
    endloop
  endfacet
  facet normal 1 0 0
    outer loop
      vertex 5 222.20000000298023 188.57740538567305
      vertex 5 232.20000000298023 182.80390269309282
      vertex 5 221.29999999701977 201.68270269036293
    endloop
  endfacet
  facet normal 1 0 0
    outer loop
      vertex 5 222.20000000298023 188.57740538567305
      vertex 5 221.29999999701977 201.68270269036293
      vertex 5 221.29999999701977 190.13569730520248
    endloop
  endfacet
  facet normal 1 0 0
    outer loop
      vertex 5 212.20000000298023 182.80390269309282
      vertex 5 222.20000000298023 188.57740538567305
      vertex 5 221.29999999701977 190.13569730520248
    endloop
  endfacet
  facet normal 1 0 0
    outer loop
      vertex 5 212.20000000298023 182.80390269309282
      vertex 5 221.29999999701977 190.13569730520248
      vertex 5 211.29999999701977 184.36219461262226
    endloop
  endfacet
  facet normal 1 0 0
    outer loop
      vertex 5 210.39999999850988 182.80390269309282
      vertex 5 212.20000000298023 182.80390269309282
      vertex 5 211.29999999701977 184.36219461262226
    endloop
  endfacet
  facet normal 1 0 0
    outer loop
      vertex 5 210.39999999850988 182.80390269309282
      vertex 5 211.29999999701977 184.36219461262226
      vertex 5 201.29999999701977 190.13569730520248
    endloop
  endfacet
  facet normal 1 0 0
    outer loop
      vertex 5 200.39999999850988 188.57740538567305
      vertex 5 210.39999999850988 182.80390269309282
      vertex 5 201.29999999701977 190.13569730520248
    endloop
  endfacet
  facet normal 1 0 0
    outer loop
      vertex 5 200.39999999850988 188.57740538567305
      vertex 5 201.29999999701977 190.13569730520248
      vertex 5 199.5 190.13569730520248
    endloop
  endfacet
  facet normal 1 0 0
    outer loop
      vertex 5 190.39999999850988 182.80390269309282
      vertex 5 200.39999999850988 188.57740538567305
      vertex 5 199.5 190.13569730520248
    endloop
  endfacet
  facet normal 1 0 0
    outer loop
      vertex 5 190.39999999850988 182.80390269309282
      vertex 5 199.5 190.13569730520248
      vertex 5 189.5 184.36219461262226
    endloop
  endfacet
  facet normal 1 0 0
    outer loop
      vertex 5 188.60000000149012 182.80390269309282
      vertex 5 190.39999999850988 182.80390269309282
      vertex 5 189.5 184.36219461262226
    endloop
  endfacet
  facet normal 1 0 0
    outer loop
      vertex 5 188.60000000149012 182.80390269309282
      vertex 5 189.5 184.36219461262226
      vertex 5 179.5 190.13569730520248
    endloop
  endfacet
  facet normal 1 0 0
    outer loop
      vertex 5 178.60000000149012 188.57740538567305
      vertex 5 188.60000000149012 182.80390269309282
      vertex 5 179.5 190.13569730520248
    endloop
  endfacet
  facet normal 1 0 0
    outer loop
      vertex 5 178.60000000149012 188.57740538567305
      vertex 5 179.5 190.13569730520248
      vertex 5 177.70000000298023 190.13569730520248
    endloop
  endfacet
  facet normal 1 0 0
    outer loop
      vertex 5 168.60000000149012 182.80390269309282
      vertex 5 178.60000000149012 188.57740538567305
      vertex 5 177.70000000298023 190.13569730520248
    endloop
  endfacet
  facet normal 1 0 0
    outer loop
      vertex 5 168.60000000149012 182.80390269309282
      vertex 5 177.70000000298023 190.13569730520248
      vertex 5 167.70000000298023 184.36219461262226
    endloop
  endfacet
  facet normal 1 0 0
    outer loop
      vertex 5 166.79999999701977 182.80390269309282
      vertex 5 168.60000000149012 182.80390269309282
      vertex 5 167.70000000298023 184.36219461262226
    endloop
  endfacet
  facet normal 1 0 0
    outer loop
      vertex 5 166.79999999701977 182.80390269309282
      vertex 5 167.70000000298023 184.36219461262226
      vertex 5 157.70000000298023 190.13569730520248
    endloop
  endfacet
  facet normal 1 0 0
    outer loop
      vertex 5 156.79999999701977 188.57740538567305
      vertex 5 166.79999999701977 182.80390269309282
      vertex 5 157.70000000298023 190.13569730520248
    endloop
  endfacet
  facet normal 1 0 0
    outer loop
      vertex 5 156.79999999701977 188.57740538567305
      vertex 5 157.70000000298023 190.13569730520248
      vertex 5 155.89999999850988 190.13569730520248
    endloop
  endfacet
  facet normal 1 0 0
    outer loop
      vertex 5 146.79999999701977 182.80390269309282
      vertex 5 156.79999999701977 188.57740538567305
      vertex 5 155.89999999850988 190.13569730520248
    endloop
  endfacet
  facet normal 1 0 0
    outer loop
      vertex 5 146.79999999701977 182.80390269309282
      vertex 5 155.89999999850988 190.13569730520248
      vertex 5 145.89999999850988 184.36219461262226
    endloop
  endfacet
  facet normal 1 0 0
    outer loop
      vertex 5 145 182.80390269309282
      vertex 5 146.79999999701977 182.80390269309282
      vertex 5 145.89999999850988 184.36219461262226
    endloop
  endfacet
  facet normal 1 0 0
    outer loop
      vertex 5 145 182.80390269309282
      vertex 5 145.89999999850988 184.36219461262226
      vertex 5 135.89999999850988 190.13569730520248
    endloop
  endfacet
  facet normal 1 0 0
    outer loop
      vertex 5 135 188.57740538567305
      vertex 5 145 182.80390269309282
      vertex 5 135.89999999850988 190.13569730520248
    endloop
  endfacet
  facet normal 1 0 0
    outer loop
      vertex 5 135 188.57740538567305
      vertex 5 135.89999999850988 190.13569730520248
      vertex 5 134.10000000149012 190.13569730520248
    endloop
  endfacet
  facet normal 1 0 0
    outer loop
      vertex 5 125 182.80390269309282
      vertex 5 135 188.57740538567305
      vertex 5 134.10000000149012 190.13569730520248
    endloop
  endfacet
  facet normal 1 0 0
    outer loop
      vertex 5 125 182.80390269309282
      vertex 5 134.10000000149012 190.13569730520248
      vertex 5 124.10000000149012 184.36219461262226
    endloop
  endfacet
  facet normal 1 0 0
    outer loop
      vertex 5 123.20000000298023 182.80390269309282
      vertex 5 125 182.80390269309282
      vertex 5 124.10000000149012 184.36219461262226
    endloop
  endfacet
  facet normal 1 0 0
    outer loop
      vertex 5 123.20000000298023 182.80390269309282
      vertex 5 124.10000000149012 184.36219461262226
      vertex 5 114.10000000149012 190.13569730520248
    endloop
  endfacet
  facet normal 1 0 0
    outer loop
      vertex 5 113.20000000298023 188.57740538567305
      vertex 5 123.20000000298023 182.80390269309282
      vertex 5 114.10000000149012 190.13569730520248
    endloop
  endfacet
  facet normal 1 0 0
    outer loop
      vertex 5 113.20000000298023 188.57740538567305
      vertex 5 114.10000000149012 190.13569730520248
      vertex 5 112.29999999701977 190.13569730520248
    endloop
  endfacet
  facet normal 1 0 0
    outer loop
      vertex 5 103.20000000298023 182.80390269309282
      vertex 5 113.20000000298023 188.57740538567305
      vertex 5 112.29999999701977 190.13569730520248
    endloop
  endfacet
  facet normal 1 0 0
    outer loop
      vertex 5 103.20000000298023 182.80390269309282
      vertex 5 112.29999999701977 190.13569730520248
      vertex 5 102.29999999701977 184.36219461262226
    endloop
  endfacet
  facet normal 1 0 0
    outer loop
      vertex 5 101.39999999850988 182.80390269309282
      vertex 5 103.20000000298023 182.80390269309282
      vertex 5 102.29999999701977 184.36219461262226
    endloop
  endfacet
  facet normal 1 0 0
    outer loop
      vertex 5 101.39999999850988 182.80390269309282
      vertex 5 102.29999999701977 184.36219461262226
      vertex 5 92.29999999701977 190.13569730520248
    endloop
  endfacet
  facet normal 1 0 0
    outer loop
      vertex 5 91.39999999850988 188.57740538567305
      vertex 5 101.39999999850988 182.80390269309282
      vertex 5 92.29999999701977 190.13569730520248
    endloop
  endfacet
  facet normal 1 0 0
    outer loop
      vertex 5 91.39999999850988 188.57740538567305
      vertex 5 92.29999999701977 190.13569730520248
      vertex 5 90.5 190.13569730520248
    endloop
  endfacet
  facet normal 1 0 0
    outer loop
      vertex 5 81.39999999850988 182.80390269309282
      vertex 5 91.39999999850988 188.57740538567305
      vertex 5 90.5 190.13569730520248
    endloop
  endfacet
  facet normal 1 0 0
    outer loop
      vertex 5 81.39999999850988 182.80390269309282
      vertex 5 90.5 190.13569730520248
      vertex 5 80.5 184.36219461262226
    endloop
  endfacet
  facet normal 1 0 0
    outer loop
      vertex 5 79.60000000149012 182.80390269309282
      vertex 5 81.39999999850988 182.80390269309282
      vertex 5 80.5 184.36219461262226
    endloop
  endfacet
  facet normal 1 0 0
    outer loop
      vertex 5 79.60000000149012 182.80390269309282
      vertex 5 80.5 184.36219461262226
      vertex 5 70.5 190.13569730520248
    endloop
  endfacet
  facet normal 1 0 0
    outer loop
      vertex 5 69.60000000149012 188.57740538567305
      vertex 5 79.60000000149012 182.80390269309282
      vertex 5 70.5 190.13569730520248
    endloop
  endfacet
  facet normal 1 0 0
    outer loop
      vertex 5 69.60000000149012 188.57740538567305
      vertex 5 70.5 190.13569730520248
      vertex 5 68.70000000298023 190.13569730520248
    endloop
  endfacet
  facet normal 1 0 0
    outer loop
      vertex 5 59.600000001490116 182.80390269309282
      vertex 5 69.60000000149012 188.57740538567305
      vertex 5 68.70000000298023 190.13569730520248
    endloop
  endfacet
  facet normal 1 0 0
    outer loop
      vertex 5 59.600000001490116 182.80390269309282
      vertex 5 68.70000000298023 190.13569730520248
      vertex 5 58.70000000298023 184.36219461262226
    endloop
  endfacet
  facet normal 1 0 0
    outer loop
      vertex 5 57.79999999701977 182.80390269309282
      vertex 5 59.600000001490116 182.80390269309282
      vertex 5 58.70000000298023 184.36219461262226
    endloop
  endfacet
  facet normal 1 0 0
    outer loop
      vertex 5 57.79999999701977 182.80390269309282
      vertex 5 58.70000000298023 184.36219461262226
      vertex 5 48.70000000298023 190.13569730520248
    endloop
  endfacet
  facet normal 1 0 0
    outer loop
      vertex 5 47.79999999701977 188.57740538567305
      vertex 5 57.79999999701977 182.80390269309282
      vertex 5 48.70000000298023 190.13569730520248
    endloop
  endfacet
  facet normal 1 0 0
    outer loop
      vertex 5 47.79999999701977 188.57740538567305
      vertex 5 48.70000000298023 190.13569730520248
      vertex 5 46.899999998509884 190.13569730520248
    endloop
  endfacet
  facet normal 1 0 0
    outer loop
      vertex 5 37.79999999701977 182.80390269309282
      vertex 5 47.79999999701977 188.57740538567305
      vertex 5 46.899999998509884 190.13569730520248
    endloop
  endfacet
  facet normal 1 0 0
    outer loop
      vertex 5 37.79999999701977 182.80390269309282
      vertex 5 46.899999998509884 190.13569730520248
      vertex 5 36.899999998509884 184.36219461262226
    endloop
  endfacet
  facet normal 1 0 0
    outer loop
      vertex 5 36 182.80390269309282
      vertex 5 37.79999999701977 182.80390269309282
      vertex 5 36.899999998509884 184.36219461262226
    endloop
  endfacet
  facet normal 1 0 0
    outer loop
      vertex 5 36 182.80390269309282
      vertex 5 36.899999998509884 184.36219461262226
      vertex 5 26.899999998509884 190.13569730520248
    endloop
  endfacet
  facet normal 1 0 0
    outer loop
      vertex 5 26 188.57740538567305
      vertex 5 36 182.80390269309282
      vertex 5 26.899999998509884 190.13569730520248
    endloop
  endfacet
  facet normal 1 0 0
    outer loop
      vertex 5 222.20000000298023 226.33500538021326
      vertex 5 232.20000000298023 220.56150269508362
      vertex 5 221.29999999701977 239.44030269235373
    endloop
  endfacet
  facet normal 1 0 0
    outer loop
      vertex 5 222.20000000298023 226.33500538021326
      vertex 5 221.29999999701977 239.44030269235373
      vertex 5 221.29999999701977 227.89329730719328
    endloop
  endfacet
  facet normal 1 0 0
    outer loop
      vertex 5 212.20000000298023 220.56150269508362
      vertex 5 222.20000000298023 226.33500538021326
      vertex 5 221.29999999701977 227.89329730719328
    endloop
  endfacet
  facet normal 1 0 0
    outer loop
      vertex 5 212.20000000298023 220.56150269508362
      vertex 5 221.29999999701977 227.89329730719328
      vertex 5 211.29999999701977 222.11979461461306
    endloop
  endfacet
  facet normal 1 0 0
    outer loop
      vertex 5 210.39999999850988 220.56150269508362
      vertex 5 212.20000000298023 220.56150269508362
      vertex 5 211.29999999701977 222.11979461461306
    endloop
  endfacet
  facet normal 1 0 0
    outer loop
      vertex 5 210.39999999850988 220.56150269508362
      vertex 5 211.29999999701977 222.11979461461306
      vertex 5 201.29999999701977 227.89329730719328
    endloop
  endfacet
  facet normal 1 0 0
    outer loop
      vertex 5 200.39999999850988 226.33500538021326
      vertex 5 210.39999999850988 220.56150269508362
      vertex 5 201.29999999701977 227.89329730719328
    endloop
  endfacet
  facet normal 1 0 0
    outer loop
      vertex 5 200.39999999850988 226.33500538021326
      vertex 5 201.29999999701977 227.89329730719328
      vertex 5 199.5 227.89329730719328
    endloop
  endfacet
  facet normal 1 0 0
    outer loop
      vertex 5 190.39999999850988 220.56150269508362
      vertex 5 200.39999999850988 226.33500538021326
      vertex 5 199.5 227.89329730719328
    endloop
  endfacet
  facet normal 1 0 0
    outer loop
      vertex 5 190.39999999850988 220.56150269508362
      vertex 5 199.5 227.89329730719328
      vertex 5 189.5 222.11979461461306
    endloop
  endfacet
  facet normal 1 0 0
    outer loop
      vertex 5 188.60000000149012 220.56150269508362
      vertex 5 190.39999999850988 220.56150269508362
      vertex 5 189.5 222.11979461461306
    endloop
  endfacet
  facet normal 1 0 0
    outer loop
      vertex 5 188.60000000149012 220.56150269508362
      vertex 5 189.5 222.11979461461306
      vertex 5 179.5 227.89329730719328
    endloop
  endfacet
  facet normal 1 0 0
    outer loop
      vertex 5 178.60000000149012 226.33500538021326
      vertex 5 188.60000000149012 220.56150269508362
      vertex 5 179.5 227.89329730719328
    endloop
  endfacet
  facet normal 1 0 0
    outer loop
      vertex 5 178.60000000149012 226.33500538021326
      vertex 5 179.5 227.89329730719328
      vertex 5 177.70000000298023 227.89329730719328
    endloop
  endfacet
  facet normal 1 0 0
    outer loop
      vertex 5 168.60000000149012 220.56150269508362
      vertex 5 178.60000000149012 226.33500538021326
      vertex 5 177.70000000298023 227.89329730719328
    endloop
  endfacet
  facet normal 1 0 0
    outer loop
      vertex 5 168.60000000149012 220.56150269508362
      vertex 5 177.70000000298023 227.89329730719328
      vertex 5 167.70000000298023 222.11979461461306
    endloop
  endfacet
  facet normal 1 0 0
    outer loop
      vertex 5 166.79999999701977 220.56150269508362
      vertex 5 168.60000000149012 220.56150269508362
      vertex 5 167.70000000298023 222.11979461461306
    endloop
  endfacet
  facet normal 1 0 0
    outer loop
      vertex 5 166.79999999701977 220.56150269508362
      vertex 5 167.70000000298023 222.11979461461306
      vertex 5 157.70000000298023 227.89329730719328
    endloop
  endfacet
  facet normal 1 0 0
    outer loop
      vertex 5 156.79999999701977 226.33500538021326
      vertex 5 166.79999999701977 220.56150269508362
      vertex 5 157.70000000298023 227.89329730719328
    endloop
  endfacet
  facet normal 1 0 0
    outer loop
      vertex 5 156.79999999701977 226.33500538021326
      vertex 5 157.70000000298023 227.89329730719328
      vertex 5 155.89999999850988 227.89329730719328
    endloop
  endfacet
  facet normal 1 0 0
    outer loop
      vertex 5 146.79999999701977 220.56150269508362
      vertex 5 156.79999999701977 226.33500538021326
      vertex 5 155.89999999850988 227.89329730719328
    endloop
  endfacet
  facet normal 1 0 0
    outer loop
      vertex 5 146.79999999701977 220.56150269508362
      vertex 5 155.89999999850988 227.89329730719328
      vertex 5 145.89999999850988 222.11979461461306
    endloop
  endfacet
  facet normal 1 0 0
    outer loop
      vertex 5 145 220.56150269508362
      vertex 5 146.79999999701977 220.56150269508362
      vertex 5 145.89999999850988 222.11979461461306
    endloop
  endfacet
  facet normal 1 0 0
    outer loop
      vertex 5 145 220.56150269508362
      vertex 5 145.89999999850988 222.11979461461306
      vertex 5 135.89999999850988 227.89329730719328
    endloop
  endfacet
  facet normal 1 0 0
    outer loop
      vertex 5 135 226.33500538021326
      vertex 5 145 220.56150269508362
      vertex 5 135.89999999850988 227.89329730719328
    endloop
  endfacet
  facet normal 1 0 0
    outer loop
      vertex 5 135 226.33500538021326
      vertex 5 135.89999999850988 227.89329730719328
      vertex 5 134.10000000149012 227.89329730719328
    endloop
  endfacet
  facet normal 1 0 0
    outer loop
      vertex 5 125 220.56150269508362
      vertex 5 135 226.33500538021326
      vertex 5 134.10000000149012 227.89329730719328
    endloop
  endfacet
  facet normal 1 0 0
    outer loop
      vertex 5 125 220.56150269508362
      vertex 5 134.10000000149012 227.89329730719328
      vertex 5 124.10000000149012 222.11979461461306
    endloop
  endfacet
  facet normal 1 0 0
    outer loop
      vertex 5 123.20000000298023 220.56150269508362
      vertex 5 125 220.56150269508362
      vertex 5 124.10000000149012 222.11979461461306
    endloop
  endfacet
  facet normal 1 0 0
    outer loop
      vertex 5 123.20000000298023 220.56150269508362
      vertex 5 124.10000000149012 222.11979461461306
      vertex 5 114.10000000149012 227.89329730719328
    endloop
  endfacet
  facet normal 1 0 0
    outer loop
      vertex 5 113.20000000298023 226.33500538021326
      vertex 5 123.20000000298023 220.56150269508362
      vertex 5 114.10000000149012 227.89329730719328
    endloop
  endfacet
  facet normal 1 0 0
    outer loop
      vertex 5 113.20000000298023 226.33500538021326
      vertex 5 114.10000000149012 227.89329730719328
      vertex 5 112.29999999701977 227.89329730719328
    endloop
  endfacet
  facet normal 1 0 0
    outer loop
      vertex 5 103.20000000298023 220.56150269508362
      vertex 5 113.20000000298023 226.33500538021326
      vertex 5 112.29999999701977 227.89329730719328
    endloop
  endfacet
  facet normal 1 0 0
    outer loop
      vertex 5 103.20000000298023 220.56150269508362
      vertex 5 112.29999999701977 227.89329730719328
      vertex 5 102.29999999701977 222.11979461461306
    endloop
  endfacet
  facet normal 1 0 0
    outer loop
      vertex 5 101.39999999850988 220.56150269508362
      vertex 5 103.20000000298023 220.56150269508362
      vertex 5 102.29999999701977 222.11979461461306
    endloop
  endfacet
  facet normal 1 0 0
    outer loop
      vertex 5 101.39999999850988 220.56150269508362
      vertex 5 102.29999999701977 222.11979461461306
      vertex 5 92.29999999701977 227.89329730719328
    endloop
  endfacet
  facet normal 1 0 0
    outer loop
      vertex 5 91.39999999850988 226.33500538021326
      vertex 5 101.39999999850988 220.56150269508362
      vertex 5 92.29999999701977 227.89329730719328
    endloop
  endfacet
  facet normal 1 0 0
    outer loop
      vertex 5 91.39999999850988 226.33500538021326
      vertex 5 92.29999999701977 227.89329730719328
      vertex 5 90.5 227.89329730719328
    endloop
  endfacet
  facet normal 1 0 0
    outer loop
      vertex 5 81.39999999850988 220.56150269508362
      vertex 5 91.39999999850988 226.33500538021326
      vertex 5 90.5 227.89329730719328
    endloop
  endfacet
  facet normal 1 0 0
    outer loop
      vertex 5 81.39999999850988 220.56150269508362
      vertex 5 90.5 227.89329730719328
      vertex 5 80.5 222.11979461461306
    endloop
  endfacet
  facet normal 1 0 0
    outer loop
      vertex 5 79.60000000149012 220.56150269508362
      vertex 5 81.39999999850988 220.56150269508362
      vertex 5 80.5 222.11979461461306
    endloop
  endfacet
  facet normal 1 0 0
    outer loop
      vertex 5 79.60000000149012 220.56150269508362
      vertex 5 80.5 222.11979461461306
      vertex 5 70.5 227.89329730719328
    endloop
  endfacet
  facet normal 1 0 0
    outer loop
      vertex 5 69.60000000149012 226.33500538021326
      vertex 5 79.60000000149012 220.56150269508362
      vertex 5 70.5 227.89329730719328
    endloop
  endfacet
  facet normal 1 0 0
    outer loop
      vertex 5 69.60000000149012 226.33500538021326
      vertex 5 70.5 227.89329730719328
      vertex 5 68.70000000298023 227.89329730719328
    endloop
  endfacet
  facet normal 1 0 0
    outer loop
      vertex 5 59.600000001490116 220.56150269508362
      vertex 5 69.60000000149012 226.33500538021326
      vertex 5 68.70000000298023 227.89329730719328
    endloop
  endfacet
  facet normal 1 0 0
    outer loop
      vertex 5 59.600000001490116 220.56150269508362
      vertex 5 68.70000000298023 227.89329730719328
      vertex 5 58.70000000298023 222.11979461461306
    endloop
  endfacet
  facet normal 1 0 0
    outer loop
      vertex 5 57.79999999701977 220.56150269508362
      vertex 5 59.600000001490116 220.56150269508362
      vertex 5 58.70000000298023 222.11979461461306
    endloop
  endfacet
  facet normal 1 0 0
    outer loop
      vertex 5 57.79999999701977 220.56150269508362
      vertex 5 58.70000000298023 222.11979461461306
      vertex 5 48.70000000298023 227.89329730719328
    endloop
  endfacet
  facet normal 1 0 0
    outer loop
      vertex 5 47.79999999701977 226.33500538021326
      vertex 5 57.79999999701977 220.56150269508362
      vertex 5 48.70000000298023 227.89329730719328
    endloop
  endfacet
  facet normal 1 0 0
    outer loop
      vertex 5 47.79999999701977 226.33500538021326
      vertex 5 48.70000000298023 227.89329730719328
      vertex 5 46.899999998509884 227.89329730719328
    endloop
  endfacet
  facet normal 1 0 0
    outer loop
      vertex 5 37.79999999701977 220.56150269508362
      vertex 5 47.79999999701977 226.33500538021326
      vertex 5 46.899999998509884 227.89329730719328
    endloop
  endfacet
  facet normal 1 0 0
    outer loop
      vertex 5 37.79999999701977 220.56150269508362
      vertex 5 46.899999998509884 227.89329730719328
      vertex 5 36.899999998509884 222.11979461461306
    endloop
  endfacet
  facet normal 1 0 0
    outer loop
      vertex 5 36 220.56150269508362
      vertex 5 37.79999999701977 220.56150269508362
      vertex 5 36.899999998509884 222.11979461461306
    endloop
  endfacet
  facet normal 1 0 0
    outer loop
      vertex 5 36 220.56150269508362
      vertex 5 36.899999998509884 222.11979461461306
      vertex 5 26.899999998509884 227.89329730719328
    endloop
  endfacet
  facet normal 1 0 0
    outer loop
      vertex 5 26 226.33500538021326
      vertex 5 36 220.56150269508362
      vertex 5 26.899999998509884 227.89329730719328
    endloop
  endfacet
  facet normal 1 0 0
    outer loop
      vertex 5 222.20000000298023 264.09260538220406
      vertex 5 232.20000000298023 258.31910268962383
      vertex 5 221.29999999701977 277.1979026943445
    endloop
  endfacet
  facet normal 1 0 0
    outer loop
      vertex 5 222.20000000298023 264.09260538220406
      vertex 5 221.29999999701977 277.1979026943445
      vertex 5 221.29999999701977 265.6508973091841
    endloop
  endfacet
  facet normal 1 0 0
    outer loop
      vertex 5 212.20000000298023 258.31910268962383
      vertex 5 222.20000000298023 264.09260538220406
      vertex 5 221.29999999701977 265.6508973091841
    endloop
  endfacet
  facet normal 1 0 0
    outer loop
      vertex 5 212.20000000298023 258.31910268962383
      vertex 5 221.29999999701977 265.6508973091841
      vertex 5 211.29999999701977 259.87739461660385
    endloop
  endfacet
  facet normal 1 0 0
    outer loop
      vertex 5 210.39999999850988 258.31910268962383
      vertex 5 212.20000000298023 258.31910268962383
      vertex 5 211.29999999701977 259.87739461660385
    endloop
  endfacet
  facet normal 1 0 0
    outer loop
      vertex 5 210.39999999850988 258.31910268962383
      vertex 5 211.29999999701977 259.87739461660385
      vertex 5 201.29999999701977 265.6508973091841
    endloop
  endfacet
  facet normal 1 0 0
    outer loop
      vertex 5 200.39999999850988 264.09260538220406
      vertex 5 210.39999999850988 258.31910268962383
      vertex 5 201.29999999701977 265.6508973091841
    endloop
  endfacet
  facet normal 1 0 0
    outer loop
      vertex 5 200.39999999850988 264.09260538220406
      vertex 5 201.29999999701977 265.6508973091841
      vertex 5 199.5 265.6508973091841
    endloop
  endfacet
  facet normal 1 0 0
    outer loop
      vertex 5 190.39999999850988 258.31910268962383
      vertex 5 200.39999999850988 264.09260538220406
      vertex 5 199.5 265.6508973091841
    endloop
  endfacet
  facet normal 1 0 0
    outer loop
      vertex 5 190.39999999850988 258.31910268962383
      vertex 5 199.5 265.6508973091841
      vertex 5 189.5 259.87739461660385
    endloop
  endfacet
  facet normal 1 0 0
    outer loop
      vertex 5 188.60000000149012 258.31910268962383
      vertex 5 190.39999999850988 258.31910268962383
      vertex 5 189.5 259.87739461660385
    endloop
  endfacet
  facet normal 1 0 0
    outer loop
      vertex 5 188.60000000149012 258.31910268962383
      vertex 5 189.5 259.87739461660385
      vertex 5 179.5 265.6508973091841
    endloop
  endfacet
  facet normal 1 0 0
    outer loop
      vertex 5 178.60000000149012 264.09260538220406
      vertex 5 188.60000000149012 258.31910268962383
      vertex 5 179.5 265.6508973091841
    endloop
  endfacet
  facet normal 1 0 0
    outer loop
      vertex 5 178.60000000149012 264.09260538220406
      vertex 5 179.5 265.6508973091841
      vertex 5 177.70000000298023 265.6508973091841
    endloop
  endfacet
  facet normal 1 0 0
    outer loop
      vertex 5 168.60000000149012 258.31910268962383
      vertex 5 178.60000000149012 264.09260538220406
      vertex 5 177.70000000298023 265.6508973091841
    endloop
  endfacet
  facet normal 1 0 0
    outer loop
      vertex 5 168.60000000149012 258.31910268962383
      vertex 5 177.70000000298023 265.6508973091841
      vertex 5 167.70000000298023 259.87739461660385
    endloop
  endfacet
  facet normal 1 0 0
    outer loop
      vertex 5 166.79999999701977 258.31910268962383
      vertex 5 168.60000000149012 258.31910268962383
      vertex 5 167.70000000298023 259.87739461660385
    endloop
  endfacet
  facet normal 1 0 0
    outer loop
      vertex 5 166.79999999701977 258.31910268962383
      vertex 5 167.70000000298023 259.87739461660385
      vertex 5 157.70000000298023 265.6508973091841
    endloop
  endfacet
  facet normal 1 0 0
    outer loop
      vertex 5 156.79999999701977 264.09260538220406
      vertex 5 166.79999999701977 258.31910268962383
      vertex 5 157.70000000298023 265.6508973091841
    endloop
  endfacet
  facet normal 1 0 0
    outer loop
      vertex 5 156.79999999701977 264.09260538220406
      vertex 5 157.70000000298023 265.6508973091841
      vertex 5 155.89999999850988 265.6508973091841
    endloop
  endfacet
  facet normal 1 0 0
    outer loop
      vertex 5 146.79999999701977 258.31910268962383
      vertex 5 156.79999999701977 264.09260538220406
      vertex 5 155.89999999850988 265.6508973091841
    endloop
  endfacet
  facet normal 1 0 0
    outer loop
      vertex 5 146.79999999701977 258.31910268962383
      vertex 5 155.89999999850988 265.6508973091841
      vertex 5 145.89999999850988 259.87739461660385
    endloop
  endfacet
  facet normal 1 0 0
    outer loop
      vertex 5 145 258.31910268962383
      vertex 5 146.79999999701977 258.31910268962383
      vertex 5 145.89999999850988 259.87739461660385
    endloop
  endfacet
  facet normal 1 0 0
    outer loop
      vertex 5 145 258.31910268962383
      vertex 5 145.89999999850988 259.87739461660385
      vertex 5 135.89999999850988 265.6508973091841
    endloop
  endfacet
  facet normal 1 0 0
    outer loop
      vertex 5 135 264.09260538220406
      vertex 5 145 258.31910268962383
      vertex 5 135.89999999850988 265.6508973091841
    endloop
  endfacet
  facet normal 1 0 0
    outer loop
      vertex 5 135 264.09260538220406
      vertex 5 135.89999999850988 265.6508973091841
      vertex 5 134.10000000149012 265.6508973091841
    endloop
  endfacet
  facet normal 1 0 0
    outer loop
      vertex 5 125 258.31910268962383
      vertex 5 135 264.09260538220406
      vertex 5 134.10000000149012 265.6508973091841
    endloop
  endfacet
  facet normal 1 0 0
    outer loop
      vertex 5 125 258.31910268962383
      vertex 5 134.10000000149012 265.6508973091841
      vertex 5 124.10000000149012 259.87739461660385
    endloop
  endfacet
  facet normal 1 0 0
    outer loop
      vertex 5 123.20000000298023 258.31910268962383
      vertex 5 125 258.31910268962383
      vertex 5 124.10000000149012 259.87739461660385
    endloop
  endfacet
  facet normal 1 0 0
    outer loop
      vertex 5 123.20000000298023 258.31910268962383
      vertex 5 124.10000000149012 259.87739461660385
      vertex 5 114.10000000149012 265.6508973091841
    endloop
  endfacet
  facet normal 1 0 0
    outer loop
      vertex 5 113.20000000298023 264.09260538220406
      vertex 5 123.20000000298023 258.31910268962383
      vertex 5 114.10000000149012 265.6508973091841
    endloop
  endfacet
  facet normal 1 0 0
    outer loop
      vertex 5 113.20000000298023 264.09260538220406
      vertex 5 114.10000000149012 265.6508973091841
      vertex 5 112.29999999701977 265.6508973091841
    endloop
  endfacet
  facet normal 1 0 0
    outer loop
      vertex 5 103.20000000298023 258.31910268962383
      vertex 5 113.20000000298023 264.09260538220406
      vertex 5 112.29999999701977 265.6508973091841
    endloop
  endfacet
  facet normal 1 0 0
    outer loop
      vertex 5 103.20000000298023 258.31910268962383
      vertex 5 112.29999999701977 265.6508973091841
      vertex 5 102.29999999701977 259.87739461660385
    endloop
  endfacet
  facet normal 1 0 0
    outer loop
      vertex 5 101.39999999850988 258.31910268962383
      vertex 5 103.20000000298023 258.31910268962383
      vertex 5 102.29999999701977 259.87739461660385
    endloop
  endfacet
  facet normal 1 0 0
    outer loop
      vertex 5 101.39999999850988 258.31910268962383
      vertex 5 102.29999999701977 259.87739461660385
      vertex 5 92.29999999701977 265.6508973091841
    endloop
  endfacet
  facet normal 1 0 0
    outer loop
      vertex 5 91.39999999850988 264.09260538220406
      vertex 5 101.39999999850988 258.31910268962383
      vertex 5 92.29999999701977 265.6508973091841
    endloop
  endfacet
  facet normal 1 0 0
    outer loop
      vertex 5 91.39999999850988 264.09260538220406
      vertex 5 92.29999999701977 265.6508973091841
      vertex 5 90.5 265.6508973091841
    endloop
  endfacet
  facet normal 1 0 0
    outer loop
      vertex 5 81.39999999850988 258.31910268962383
      vertex 5 91.39999999850988 264.09260538220406
      vertex 5 90.5 265.6508973091841
    endloop
  endfacet
  facet normal 1 0 0
    outer loop
      vertex 5 81.39999999850988 258.31910268962383
      vertex 5 90.5 265.6508973091841
      vertex 5 80.5 259.87739461660385
    endloop
  endfacet
  facet normal 1 0 0
    outer loop
      vertex 5 79.60000000149012 258.31910268962383
      vertex 5 81.39999999850988 258.31910268962383
      vertex 5 80.5 259.87739461660385
    endloop
  endfacet
  facet normal 1 0 0
    outer loop
      vertex 5 79.60000000149012 258.31910268962383
      vertex 5 80.5 259.87739461660385
      vertex 5 70.5 265.6508973091841
    endloop
  endfacet
  facet normal 1 0 0
    outer loop
      vertex 5 69.60000000149012 264.09260538220406
      vertex 5 79.60000000149012 258.31910268962383
      vertex 5 70.5 265.6508973091841
    endloop
  endfacet
  facet normal 1 0 0
    outer loop
      vertex 5 69.60000000149012 264.09260538220406
      vertex 5 70.5 265.6508973091841
      vertex 5 68.70000000298023 265.6508973091841
    endloop
  endfacet
  facet normal 1 0 0
    outer loop
      vertex 5 59.600000001490116 258.31910268962383
      vertex 5 69.60000000149012 264.09260538220406
      vertex 5 68.70000000298023 265.6508973091841
    endloop
  endfacet
  facet normal 1 0 0
    outer loop
      vertex 5 59.600000001490116 258.31910268962383
      vertex 5 68.70000000298023 265.6508973091841
      vertex 5 58.70000000298023 259.87739461660385
    endloop
  endfacet
  facet normal 1 0 0
    outer loop
      vertex 5 57.79999999701977 258.31910268962383
      vertex 5 59.600000001490116 258.31910268962383
      vertex 5 58.70000000298023 259.87739461660385
    endloop
  endfacet
  facet normal 1 0 0
    outer loop
      vertex 5 57.79999999701977 258.31910268962383
      vertex 5 58.70000000298023 259.87739461660385
      vertex 5 48.70000000298023 265.6508973091841
    endloop
  endfacet
  facet normal 1 0 0
    outer loop
      vertex 5 47.79999999701977 264.09260538220406
      vertex 5 57.79999999701977 258.31910268962383
      vertex 5 48.70000000298023 265.6508973091841
    endloop
  endfacet
  facet normal 1 0 0
    outer loop
      vertex 5 47.79999999701977 264.09260538220406
      vertex 5 48.70000000298023 265.6508973091841
      vertex 5 46.899999998509884 265.6508973091841
    endloop
  endfacet
  facet normal 1 0 0
    outer loop
      vertex 5 37.79999999701977 258.31910268962383
      vertex 5 47.79999999701977 264.09260538220406
      vertex 5 46.899999998509884 265.6508973091841
    endloop
  endfacet
  facet normal 1 0 0
    outer loop
      vertex 5 37.79999999701977 258.31910268962383
      vertex 5 46.899999998509884 265.6508973091841
      vertex 5 36.899999998509884 259.87739461660385
    endloop
  endfacet
  facet normal 1 0 0
    outer loop
      vertex 5 36 258.31910268962383
      vertex 5 37.79999999701977 258.31910268962383
      vertex 5 36.899999998509884 259.87739461660385
    endloop
  endfacet
  facet normal 1 0 0
    outer loop
      vertex 5 36 258.31910268962383
      vertex 5 36.899999998509884 259.87739461660385
      vertex 5 26.899999998509884 265.6508973091841
    endloop
  endfacet
  facet normal 1 0 0
    outer loop
      vertex 5 26 264.09260538220406
      vertex 5 36 258.31910268962383
      vertex 5 26.899999998509884 265.6508973091841
    endloop
  endfacet
  facet normal 1 0 0
    outer loop
      vertex 5 222.20000000298023 150.81980538368225
      vertex 5 232.20000000298023 145.04630269110203
      vertex 5 221.29999999701977 163.92510268837214
    endloop
  endfacet
  facet normal 1 0 0
    outer loop
      vertex 5 222.20000000298023 150.81980538368225
      vertex 5 221.29999999701977 163.92510268837214
      vertex 5 221.29999999701977 152.37809731066227
    endloop
  endfacet
  facet normal 1 0 0
    outer loop
      vertex 5 212.20000000298023 145.04630269110203
      vertex 5 222.20000000298023 150.81980538368225
      vertex 5 221.29999999701977 152.37809731066227
    endloop
  endfacet
  facet normal 1 0 0
    outer loop
      vertex 5 212.20000000298023 145.04630269110203
      vertex 5 221.29999999701977 152.37809731066227
      vertex 5 211.29999999701977 146.60459461808205
    endloop
  endfacet
  facet normal 1 0 0
    outer loop
      vertex 5 210.39999999850988 145.04630269110203
      vertex 5 212.20000000298023 145.04630269110203
      vertex 5 211.29999999701977 146.60459461808205
    endloop
  endfacet
  facet normal 1 0 0
    outer loop
      vertex 5 210.39999999850988 145.04630269110203
      vertex 5 211.29999999701977 146.60459461808205
      vertex 5 201.29999999701977 152.37809731066227
    endloop
  endfacet
  facet normal 1 0 0
    outer loop
      vertex 5 200.39999999850988 150.81980538368225
      vertex 5 210.39999999850988 145.04630269110203
      vertex 5 201.29999999701977 152.37809731066227
    endloop
  endfacet
  facet normal 1 0 0
    outer loop
      vertex 5 200.39999999850988 150.81980538368225
      vertex 5 201.29999999701977 152.37809731066227
      vertex 5 199.5 152.37809731066227
    endloop
  endfacet
  facet normal 1 0 0
    outer loop
      vertex 5 190.39999999850988 145.04630269110203
      vertex 5 200.39999999850988 150.81980538368225
      vertex 5 199.5 152.37809731066227
    endloop
  endfacet
  facet normal 1 0 0
    outer loop
      vertex 5 190.39999999850988 145.04630269110203
      vertex 5 199.5 152.37809731066227
      vertex 5 189.5 146.60459461808205
    endloop
  endfacet
  facet normal 1 0 0
    outer loop
      vertex 5 188.60000000149012 145.04630269110203
      vertex 5 190.39999999850988 145.04630269110203
      vertex 5 189.5 146.60459461808205
    endloop
  endfacet
  facet normal 1 0 0
    outer loop
      vertex 5 188.60000000149012 145.04630269110203
      vertex 5 189.5 146.60459461808205
      vertex 5 179.5 152.37809731066227
    endloop
  endfacet
  facet normal 1 0 0
    outer loop
      vertex 5 178.60000000149012 150.81980538368225
      vertex 5 188.60000000149012 145.04630269110203
      vertex 5 179.5 152.37809731066227
    endloop
  endfacet
  facet normal 1 0 0
    outer loop
      vertex 5 178.60000000149012 150.81980538368225
      vertex 5 179.5 152.37809731066227
      vertex 5 177.70000000298023 152.37809731066227
    endloop
  endfacet
  facet normal 1 0 0
    outer loop
      vertex 5 168.60000000149012 145.04630269110203
      vertex 5 178.60000000149012 150.81980538368225
      vertex 5 177.70000000298023 152.37809731066227
    endloop
  endfacet
  facet normal 1 0 0
    outer loop
      vertex 5 168.60000000149012 145.04630269110203
      vertex 5 177.70000000298023 152.37809731066227
      vertex 5 167.70000000298023 146.60459461808205
    endloop
  endfacet
  facet normal 1 0 0
    outer loop
      vertex 5 166.79999999701977 145.04630269110203
      vertex 5 168.60000000149012 145.04630269110203
      vertex 5 167.70000000298023 146.60459461808205
    endloop
  endfacet
  facet normal 1 0 0
    outer loop
      vertex 5 166.79999999701977 145.04630269110203
      vertex 5 167.70000000298023 146.60459461808205
      vertex 5 157.70000000298023 152.37809731066227
    endloop
  endfacet
  facet normal 1 0 0
    outer loop
      vertex 5 156.79999999701977 150.81980538368225
      vertex 5 166.79999999701977 145.04630269110203
      vertex 5 157.70000000298023 152.37809731066227
    endloop
  endfacet
  facet normal 1 0 0
    outer loop
      vertex 5 156.79999999701977 150.81980538368225
      vertex 5 157.70000000298023 152.37809731066227
      vertex 5 155.89999999850988 152.37809731066227
    endloop
  endfacet
  facet normal 1 0 0
    outer loop
      vertex 5 146.79999999701977 145.04630269110203
      vertex 5 156.79999999701977 150.81980538368225
      vertex 5 155.89999999850988 152.37809731066227
    endloop
  endfacet
  facet normal 1 0 0
    outer loop
      vertex 5 146.79999999701977 145.04630269110203
      vertex 5 155.89999999850988 152.37809731066227
      vertex 5 145.89999999850988 146.60459461808205
    endloop
  endfacet
  facet normal 1 0 0
    outer loop
      vertex 5 145 145.04630269110203
      vertex 5 146.79999999701977 145.04630269110203
      vertex 5 145.89999999850988 146.60459461808205
    endloop
  endfacet
  facet normal 1 0 0
    outer loop
      vertex 5 145 145.04630269110203
      vertex 5 145.89999999850988 146.60459461808205
      vertex 5 135.89999999850988 152.37809731066227
    endloop
  endfacet
  facet normal 1 0 0
    outer loop
      vertex 5 135 150.81980538368225
      vertex 5 145 145.04630269110203
      vertex 5 135.89999999850988 152.37809731066227
    endloop
  endfacet
  facet normal 1 0 0
    outer loop
      vertex 5 135 150.81980538368225
      vertex 5 135.89999999850988 152.37809731066227
      vertex 5 134.10000000149012 152.37809731066227
    endloop
  endfacet
  facet normal 1 0 0
    outer loop
      vertex 5 125 145.04630269110203
      vertex 5 135 150.81980538368225
      vertex 5 134.10000000149012 152.37809731066227
    endloop
  endfacet
  facet normal 1 0 0
    outer loop
      vertex 5 125 145.04630269110203
      vertex 5 134.10000000149012 152.37809731066227
      vertex 5 124.10000000149012 146.60459461808205
    endloop
  endfacet
  facet normal 1 0 0
    outer loop
      vertex 5 123.20000000298023 145.04630269110203
      vertex 5 125 145.04630269110203
      vertex 5 124.10000000149012 146.60459461808205
    endloop
  endfacet
  facet normal 1 0 0
    outer loop
      vertex 5 123.20000000298023 145.04630269110203
      vertex 5 124.10000000149012 146.60459461808205
      vertex 5 114.10000000149012 152.37809731066227
    endloop
  endfacet
  facet normal 1 0 0
    outer loop
      vertex 5 113.20000000298023 150.81980538368225
      vertex 5 123.20000000298023 145.04630269110203
      vertex 5 114.10000000149012 152.37809731066227
    endloop
  endfacet
  facet normal 1 0 0
    outer loop
      vertex 5 113.20000000298023 150.81980538368225
      vertex 5 114.10000000149012 152.37809731066227
      vertex 5 112.29999999701977 152.37809731066227
    endloop
  endfacet
  facet normal 1 0 0
    outer loop
      vertex 5 103.20000000298023 145.04630269110203
      vertex 5 113.20000000298023 150.81980538368225
      vertex 5 112.29999999701977 152.37809731066227
    endloop
  endfacet
  facet normal 1 0 0
    outer loop
      vertex 5 103.20000000298023 145.04630269110203
      vertex 5 112.29999999701977 152.37809731066227
      vertex 5 102.29999999701977 146.60459461808205
    endloop
  endfacet
  facet normal 1 0 0
    outer loop
      vertex 5 101.39999999850988 145.04630269110203
      vertex 5 103.20000000298023 145.04630269110203
      vertex 5 102.29999999701977 146.60459461808205
    endloop
  endfacet
  facet normal 1 0 0
    outer loop
      vertex 5 101.39999999850988 145.04630269110203
      vertex 5 102.29999999701977 146.60459461808205
      vertex 5 92.29999999701977 152.37809731066227
    endloop
  endfacet
  facet normal 1 0 0
    outer loop
      vertex 5 91.39999999850988 150.81980538368225
      vertex 5 101.39999999850988 145.04630269110203
      vertex 5 92.29999999701977 152.37809731066227
    endloop
  endfacet
  facet normal 1 0 0
    outer loop
      vertex 5 91.39999999850988 150.81980538368225
      vertex 5 92.29999999701977 152.37809731066227
      vertex 5 90.5 152.37809731066227
    endloop
  endfacet
  facet normal 1 0 0
    outer loop
      vertex 5 81.39999999850988 145.04630269110203
      vertex 5 91.39999999850988 150.81980538368225
      vertex 5 90.5 152.37809731066227
    endloop
  endfacet
  facet normal 1 0 0
    outer loop
      vertex 5 81.39999999850988 145.04630269110203
      vertex 5 90.5 152.37809731066227
      vertex 5 80.5 146.60459461808205
    endloop
  endfacet
  facet normal 1 0 0
    outer loop
      vertex 5 79.60000000149012 145.04630269110203
      vertex 5 81.39999999850988 145.04630269110203
      vertex 5 80.5 146.60459461808205
    endloop
  endfacet
  facet normal 1 0 0
    outer loop
      vertex 5 79.60000000149012 145.04630269110203
      vertex 5 80.5 146.60459461808205
      vertex 5 70.5 152.37809731066227
    endloop
  endfacet
  facet normal 1 0 0
    outer loop
      vertex 5 69.60000000149012 150.81980538368225
      vertex 5 79.60000000149012 145.04630269110203
      vertex 5 70.5 152.37809731066227
    endloop
  endfacet
  facet normal 1 0 0
    outer loop
      vertex 5 69.60000000149012 150.81980538368225
      vertex 5 70.5 152.37809731066227
      vertex 5 68.70000000298023 152.37809731066227
    endloop
  endfacet
  facet normal 1 0 0
    outer loop
      vertex 5 59.600000001490116 145.04630269110203
      vertex 5 69.60000000149012 150.81980538368225
      vertex 5 68.70000000298023 152.37809731066227
    endloop
  endfacet
  facet normal 1 0 0
    outer loop
      vertex 5 59.600000001490116 145.04630269110203
      vertex 5 68.70000000298023 152.37809731066227
      vertex 5 58.70000000298023 146.60459461808205
    endloop
  endfacet
  facet normal 1 0 0
    outer loop
      vertex 5 57.79999999701977 145.04630269110203
      vertex 5 59.600000001490116 145.04630269110203
      vertex 5 58.70000000298023 146.60459461808205
    endloop
  endfacet
  facet normal 1 0 0
    outer loop
      vertex 5 57.79999999701977 145.04630269110203
      vertex 5 58.70000000298023 146.60459461808205
      vertex 5 48.70000000298023 152.37809731066227
    endloop
  endfacet
  facet normal 1 0 0
    outer loop
      vertex 5 47.79999999701977 150.81980538368225
      vertex 5 57.79999999701977 145.04630269110203
      vertex 5 48.70000000298023 152.37809731066227
    endloop
  endfacet
  facet normal 1 0 0
    outer loop
      vertex 5 47.79999999701977 150.81980538368225
      vertex 5 48.70000000298023 152.37809731066227
      vertex 5 46.899999998509884 152.37809731066227
    endloop
  endfacet
  facet normal 1 0 0
    outer loop
      vertex 5 37.79999999701977 145.04630269110203
      vertex 5 47.79999999701977 150.81980538368225
      vertex 5 46.899999998509884 152.37809731066227
    endloop
  endfacet
  facet normal 1 0 0
    outer loop
      vertex 5 37.79999999701977 145.04630269110203
      vertex 5 46.899999998509884 152.37809731066227
      vertex 5 36.899999998509884 146.60459461808205
    endloop
  endfacet
  facet normal 1 0 0
    outer loop
      vertex 5 36 145.04630269110203
      vertex 5 37.79999999701977 145.04630269110203
      vertex 5 36.899999998509884 146.60459461808205
    endloop
  endfacet
  facet normal 1 0 0
    outer loop
      vertex 5 36 145.04630269110203
      vertex 5 36.899999998509884 146.60459461808205
      vertex 5 26.899999998509884 152.37809731066227
    endloop
  endfacet
  facet normal 1 0 0
    outer loop
      vertex 5 26 150.81980538368225
      vertex 5 36 145.04630269110203
      vertex 5 26.899999998509884 152.37809731066227
    endloop
  endfacet
  facet normal 1 0 0
    outer loop
      vertex 5 222.20000000298023 301.85020538419485
      vertex 5 232.20000000298023 296.0767026916146
      vertex 5 221.29999999701977 314.95550268888474
    endloop
  endfacet
  facet normal 1 0 0
    outer loop
      vertex 5 222.20000000298023 301.85020538419485
      vertex 5 221.29999999701977 314.95550268888474
      vertex 5 221.29999999701977 303.40849731117487
    endloop
  endfacet
  facet normal 1 0 0
    outer loop
      vertex 5 212.20000000298023 296.0767026916146
      vertex 5 222.20000000298023 301.85020538419485
      vertex 5 221.29999999701977 303.40849731117487
    endloop
  endfacet
  facet normal 1 0 0
    outer loop
      vertex 5 212.20000000298023 296.0767026916146
      vertex 5 221.29999999701977 303.40849731117487
      vertex 5 211.29999999701977 297.63499461859465
    endloop
  endfacet
  facet normal 1 0 0
    outer loop
      vertex 5 210.39999999850988 296.0767026916146
      vertex 5 212.20000000298023 296.0767026916146
      vertex 5 211.29999999701977 297.63499461859465
    endloop
  endfacet
  facet normal 1 0 0
    outer loop
      vertex 5 210.39999999850988 296.0767026916146
      vertex 5 211.29999999701977 297.63499461859465
      vertex 5 201.29999999701977 303.40849731117487
    endloop
  endfacet
  facet normal 1 0 0
    outer loop
      vertex 5 200.39999999850988 301.85020538419485
      vertex 5 210.39999999850988 296.0767026916146
      vertex 5 201.29999999701977 303.40849731117487
    endloop
  endfacet
  facet normal 1 0 0
    outer loop
      vertex 5 200.39999999850988 301.85020538419485
      vertex 5 201.29999999701977 303.40849731117487
      vertex 5 199.5 303.40849731117487
    endloop
  endfacet
  facet normal 1 0 0
    outer loop
      vertex 5 190.39999999850988 296.0767026916146
      vertex 5 200.39999999850988 301.85020538419485
      vertex 5 199.5 303.40849731117487
    endloop
  endfacet
  facet normal 1 0 0
    outer loop
      vertex 5 190.39999999850988 296.0767026916146
      vertex 5 199.5 303.40849731117487
      vertex 5 189.5 297.63499461859465
    endloop
  endfacet
  facet normal 1 0 0
    outer loop
      vertex 5 188.60000000149012 296.0767026916146
      vertex 5 190.39999999850988 296.0767026916146
      vertex 5 189.5 297.63499461859465
    endloop
  endfacet
  facet normal 1 0 0
    outer loop
      vertex 5 188.60000000149012 296.0767026916146
      vertex 5 189.5 297.63499461859465
      vertex 5 179.5 303.40849731117487
    endloop
  endfacet
  facet normal 1 0 0
    outer loop
      vertex 5 178.60000000149012 301.85020538419485
      vertex 5 188.60000000149012 296.0767026916146
      vertex 5 179.5 303.40849731117487
    endloop
  endfacet
  facet normal 1 0 0
    outer loop
      vertex 5 178.60000000149012 301.85020538419485
      vertex 5 179.5 303.40849731117487
      vertex 5 177.70000000298023 303.40849731117487
    endloop
  endfacet
  facet normal 1 0 0
    outer loop
      vertex 5 168.60000000149012 296.0767026916146
      vertex 5 178.60000000149012 301.85020538419485
      vertex 5 177.70000000298023 303.40849731117487
    endloop
  endfacet
  facet normal 1 0 0
    outer loop
      vertex 5 168.60000000149012 296.0767026916146
      vertex 5 177.70000000298023 303.40849731117487
      vertex 5 167.70000000298023 297.63499461859465
    endloop
  endfacet
  facet normal 1 0 0
    outer loop
      vertex 5 166.79999999701977 296.0767026916146
      vertex 5 168.60000000149012 296.0767026916146
      vertex 5 167.70000000298023 297.63499461859465
    endloop
  endfacet
  facet normal 1 0 0
    outer loop
      vertex 5 166.79999999701977 296.0767026916146
      vertex 5 167.70000000298023 297.63499461859465
      vertex 5 157.70000000298023 303.40849731117487
    endloop
  endfacet
  facet normal 1 0 0
    outer loop
      vertex 5 156.79999999701977 301.85020538419485
      vertex 5 166.79999999701977 296.0767026916146
      vertex 5 157.70000000298023 303.40849731117487
    endloop
  endfacet
  facet normal 1 0 0
    outer loop
      vertex 5 156.79999999701977 301.85020538419485
      vertex 5 157.70000000298023 303.40849731117487
      vertex 5 155.89999999850988 303.40849731117487
    endloop
  endfacet
  facet normal 1 0 0
    outer loop
      vertex 5 146.79999999701977 296.0767026916146
      vertex 5 156.79999999701977 301.85020538419485
      vertex 5 155.89999999850988 303.40849731117487
    endloop
  endfacet
  facet normal 1 0 0
    outer loop
      vertex 5 146.79999999701977 296.0767026916146
      vertex 5 155.89999999850988 303.40849731117487
      vertex 5 145.89999999850988 297.63499461859465
    endloop
  endfacet
  facet normal 1 0 0
    outer loop
      vertex 5 145 296.0767026916146
      vertex 5 146.79999999701977 296.0767026916146
      vertex 5 145.89999999850988 297.63499461859465
    endloop
  endfacet
  facet normal 1 0 0
    outer loop
      vertex 5 145 296.0767026916146
      vertex 5 145.89999999850988 297.63499461859465
      vertex 5 135.89999999850988 303.40849731117487
    endloop
  endfacet
  facet normal 1 0 0
    outer loop
      vertex 5 135 301.85020538419485
      vertex 5 145 296.0767026916146
      vertex 5 135.89999999850988 303.40849731117487
    endloop
  endfacet
  facet normal 1 0 0
    outer loop
      vertex 5 135 301.85020538419485
      vertex 5 135.89999999850988 303.40849731117487
      vertex 5 134.10000000149012 303.40849731117487
    endloop
  endfacet
  facet normal 1 0 0
    outer loop
      vertex 5 125 296.0767026916146
      vertex 5 135 301.85020538419485
      vertex 5 134.10000000149012 303.40849731117487
    endloop
  endfacet
  facet normal 1 0 0
    outer loop
      vertex 5 125 296.0767026916146
      vertex 5 134.10000000149012 303.40849731117487
      vertex 5 124.10000000149012 297.63499461859465
    endloop
  endfacet
  facet normal 1 0 0
    outer loop
      vertex 5 123.20000000298023 296.0767026916146
      vertex 5 125 296.0767026916146
      vertex 5 124.10000000149012 297.63499461859465
    endloop
  endfacet
  facet normal 1 0 0
    outer loop
      vertex 5 123.20000000298023 296.0767026916146
      vertex 5 124.10000000149012 297.63499461859465
      vertex 5 114.10000000149012 303.40849731117487
    endloop
  endfacet
  facet normal 1 0 0
    outer loop
      vertex 5 113.20000000298023 301.85020538419485
      vertex 5 123.20000000298023 296.0767026916146
      vertex 5 114.10000000149012 303.40849731117487
    endloop
  endfacet
  facet normal 1 0 0
    outer loop
      vertex 5 113.20000000298023 301.85020538419485
      vertex 5 114.10000000149012 303.40849731117487
      vertex 5 112.29999999701977 303.40849731117487
    endloop
  endfacet
  facet normal 1 0 0
    outer loop
      vertex 5 103.20000000298023 296.0767026916146
      vertex 5 113.20000000298023 301.85020538419485
      vertex 5 112.29999999701977 303.40849731117487
    endloop
  endfacet
  facet normal 1 0 0
    outer loop
      vertex 5 103.20000000298023 296.0767026916146
      vertex 5 112.29999999701977 303.40849731117487
      vertex 5 102.29999999701977 297.63499461859465
    endloop
  endfacet
  facet normal 1 0 0
    outer loop
      vertex 5 101.39999999850988 296.0767026916146
      vertex 5 103.20000000298023 296.0767026916146
      vertex 5 102.29999999701977 297.63499461859465
    endloop
  endfacet
  facet normal 1 0 0
    outer loop
      vertex 5 101.39999999850988 296.0767026916146
      vertex 5 102.29999999701977 297.63499461859465
      vertex 5 92.29999999701977 303.40849731117487
    endloop
  endfacet
  facet normal 1 0 0
    outer loop
      vertex 5 91.39999999850988 301.85020538419485
      vertex 5 101.39999999850988 296.0767026916146
      vertex 5 92.29999999701977 303.40849731117487
    endloop
  endfacet
  facet normal 1 0 0
    outer loop
      vertex 5 91.39999999850988 301.85020538419485
      vertex 5 92.29999999701977 303.40849731117487
      vertex 5 90.5 303.40849731117487
    endloop
  endfacet
  facet normal 1 0 0
    outer loop
      vertex 5 81.39999999850988 296.0767026916146
      vertex 5 91.39999999850988 301.85020538419485
      vertex 5 90.5 303.40849731117487
    endloop
  endfacet
  facet normal 1 0 0
    outer loop
      vertex 5 81.39999999850988 296.0767026916146
      vertex 5 90.5 303.40849731117487
      vertex 5 80.5 297.63499461859465
    endloop
  endfacet
  facet normal 1 0 0
    outer loop
      vertex 5 79.60000000149012 296.0767026916146
      vertex 5 81.39999999850988 296.0767026916146
      vertex 5 80.5 297.63499461859465
    endloop
  endfacet
  facet normal 1 0 0
    outer loop
      vertex 5 79.60000000149012 296.0767026916146
      vertex 5 80.5 297.63499461859465
      vertex 5 70.5 303.40849731117487
    endloop
  endfacet
  facet normal 1 0 0
    outer loop
      vertex 5 69.60000000149012 301.85020538419485
      vertex 5 79.60000000149012 296.0767026916146
      vertex 5 70.5 303.40849731117487
    endloop
  endfacet
  facet normal 1 0 0
    outer loop
      vertex 5 69.60000000149012 301.85020538419485
      vertex 5 70.5 303.40849731117487
      vertex 5 68.70000000298023 303.40849731117487
    endloop
  endfacet
  facet normal 1 0 0
    outer loop
      vertex 5 59.600000001490116 296.0767026916146
      vertex 5 69.60000000149012 301.85020538419485
      vertex 5 68.70000000298023 303.40849731117487
    endloop
  endfacet
  facet normal 1 0 0
    outer loop
      vertex 5 59.600000001490116 296.0767026916146
      vertex 5 68.70000000298023 303.40849731117487
      vertex 5 58.70000000298023 297.63499461859465
    endloop
  endfacet
  facet normal 1 0 0
    outer loop
      vertex 5 57.79999999701977 296.0767026916146
      vertex 5 59.600000001490116 296.0767026916146
      vertex 5 58.70000000298023 297.63499461859465
    endloop
  endfacet
  facet normal 1 0 0
    outer loop
      vertex 5 57.79999999701977 296.0767026916146
      vertex 5 58.70000000298023 297.63499461859465
      vertex 5 48.70000000298023 303.40849731117487
    endloop
  endfacet
  facet normal 1 0 0
    outer loop
      vertex 5 47.79999999701977 301.85020538419485
      vertex 5 57.79999999701977 296.0767026916146
      vertex 5 48.70000000298023 303.40849731117487
    endloop
  endfacet
  facet normal 1 0 0
    outer loop
      vertex 5 47.79999999701977 301.85020538419485
      vertex 5 48.70000000298023 303.40849731117487
      vertex 5 46.899999998509884 303.40849731117487
    endloop
  endfacet
  facet normal 1 0 0
    outer loop
      vertex 5 37.79999999701977 296.0767026916146
      vertex 5 47.79999999701977 301.85020538419485
      vertex 5 46.899999998509884 303.40849731117487
    endloop
  endfacet
  facet normal 1 0 0
    outer loop
      vertex 5 37.79999999701977 296.0767026916146
      vertex 5 46.899999998509884 303.40849731117487
      vertex 5 36.899999998509884 297.63499461859465
    endloop
  endfacet
  facet normal 1 0 0
    outer loop
      vertex 5 36 296.0767026916146
      vertex 5 37.79999999701977 296.0767026916146
      vertex 5 36.899999998509884 297.63499461859465
    endloop
  endfacet
  facet normal 1 0 0
    outer loop
      vertex 5 36 296.0767026916146
      vertex 5 36.899999998509884 297.63499461859465
      vertex 5 26.899999998509884 303.40849731117487
    endloop
  endfacet
  facet normal 1 0 0
    outer loop
      vertex 5 26 301.85020538419485
      vertex 5 36 296.0767026916146
      vertex 5 26.899999998509884 303.40849731117487
    endloop
  endfacet
  facet normal 1 0 0
    outer loop
      vertex 5 222.20000000298023 113.06220538169146
      vertex 5 232.20000000298023 107.28870268911123
      vertex 5 232.20000000298023 133.49929730594158
    endloop
  endfacet
  facet normal 1 0 0
    outer loop
      vertex 5 222.20000000298023 113.06220538169146
      vertex 5 232.20000000298023 133.49929730594158
      vertex 5 221.29999999701977 126.16750269383192
    endloop
  endfacet
  facet normal 1 0 0
    outer loop
      vertex 5 222.20000000298023 113.06220538169146
      vertex 5 221.29999999701977 126.16750269383192
      vertex 5 221.29999999701977 114.62049730867147
    endloop
  endfacet
  facet normal 1 0 0
    outer loop
      vertex 5 212.20000000298023 107.28870268911123
      vertex 5 222.20000000298023 113.06220538169146
      vertex 5 221.29999999701977 114.62049730867147
    endloop
  endfacet
  facet normal 1 0 0
    outer loop
      vertex 5 212.20000000298023 107.28870268911123
      vertex 5 221.29999999701977 114.62049730867147
      vertex 5 211.29999999701977 108.84699461609125
    endloop
  endfacet
  facet normal 1 0 0
    outer loop
      vertex 5 210.39999999850988 107.28870268911123
      vertex 5 212.20000000298023 107.28870268911123
      vertex 5 211.29999999701977 108.84699461609125
    endloop
  endfacet
  facet normal 1 0 0
    outer loop
      vertex 5 210.39999999850988 107.28870268911123
      vertex 5 211.29999999701977 108.84699461609125
      vertex 5 201.29999999701977 114.62049730867147
    endloop
  endfacet
  facet normal 1 0 0
    outer loop
      vertex 5 200.39999999850988 113.06220538169146
      vertex 5 210.39999999850988 107.28870268911123
      vertex 5 201.29999999701977 114.62049730867147
    endloop
  endfacet
  facet normal 1 0 0
    outer loop
      vertex 5 200.39999999850988 113.06220538169146
      vertex 5 201.29999999701977 114.62049730867147
      vertex 5 199.5 114.62049730867147
    endloop
  endfacet
  facet normal 1 0 0
    outer loop
      vertex 5 190.39999999850988 107.28870268911123
      vertex 5 200.39999999850988 113.06220538169146
      vertex 5 199.5 114.62049730867147
    endloop
  endfacet
  facet normal 1 0 0
    outer loop
      vertex 5 190.39999999850988 107.28870268911123
      vertex 5 199.5 114.62049730867147
      vertex 5 189.5 108.84699461609125
    endloop
  endfacet
  facet normal 1 0 0
    outer loop
      vertex 5 188.60000000149012 107.28870268911123
      vertex 5 190.39999999850988 107.28870268911123
      vertex 5 189.5 108.84699461609125
    endloop
  endfacet
  facet normal 1 0 0
    outer loop
      vertex 5 188.60000000149012 107.28870268911123
      vertex 5 189.5 108.84699461609125
      vertex 5 179.5 114.62049730867147
    endloop
  endfacet
  facet normal 1 0 0
    outer loop
      vertex 5 178.60000000149012 113.06220538169146
      vertex 5 188.60000000149012 107.28870268911123
      vertex 5 179.5 114.62049730867147
    endloop
  endfacet
  facet normal 1 0 0
    outer loop
      vertex 5 178.60000000149012 113.06220538169146
      vertex 5 179.5 114.62049730867147
      vertex 5 177.70000000298023 114.62049730867147
    endloop
  endfacet
  facet normal 1 0 0
    outer loop
      vertex 5 168.60000000149012 107.28870268911123
      vertex 5 178.60000000149012 113.06220538169146
      vertex 5 177.70000000298023 114.62049730867147
    endloop
  endfacet
  facet normal 1 0 0
    outer loop
      vertex 5 168.60000000149012 107.28870268911123
      vertex 5 177.70000000298023 114.62049730867147
      vertex 5 167.70000000298023 108.84699461609125
    endloop
  endfacet
  facet normal 1 0 0
    outer loop
      vertex 5 166.79999999701977 107.28870268911123
      vertex 5 168.60000000149012 107.28870268911123
      vertex 5 167.70000000298023 108.84699461609125
    endloop
  endfacet
  facet normal 1 0 0
    outer loop
      vertex 5 166.79999999701977 107.28870268911123
      vertex 5 167.70000000298023 108.84699461609125
      vertex 5 157.70000000298023 114.62049730867147
    endloop
  endfacet
  facet normal 1 0 0
    outer loop
      vertex 5 156.79999999701977 113.06220538169146
      vertex 5 166.79999999701977 107.28870268911123
      vertex 5 157.70000000298023 114.62049730867147
    endloop
  endfacet
  facet normal 1 0 0
    outer loop
      vertex 5 156.79999999701977 113.06220538169146
      vertex 5 157.70000000298023 114.62049730867147
      vertex 5 155.89999999850988 114.62049730867147
    endloop
  endfacet
  facet normal 1 0 0
    outer loop
      vertex 5 146.79999999701977 107.28870268911123
      vertex 5 156.79999999701977 113.06220538169146
      vertex 5 155.89999999850988 114.62049730867147
    endloop
  endfacet
  facet normal 1 0 0
    outer loop
      vertex 5 146.79999999701977 107.28870268911123
      vertex 5 155.89999999850988 114.62049730867147
      vertex 5 145.89999999850988 108.84699461609125
    endloop
  endfacet
  facet normal 1 0 0
    outer loop
      vertex 5 145 107.28870268911123
      vertex 5 146.79999999701977 107.28870268911123
      vertex 5 145.89999999850988 108.84699461609125
    endloop
  endfacet
  facet normal 1 0 0
    outer loop
      vertex 5 145 107.28870268911123
      vertex 5 145.89999999850988 108.84699461609125
      vertex 5 135.89999999850988 114.62049730867147
    endloop
  endfacet
  facet normal 1 0 0
    outer loop
      vertex 5 135 113.06220538169146
      vertex 5 145 107.28870268911123
      vertex 5 135.89999999850988 114.62049730867147
    endloop
  endfacet
  facet normal 1 0 0
    outer loop
      vertex 5 135 113.06220538169146
      vertex 5 135.89999999850988 114.62049730867147
      vertex 5 134.10000000149012 114.62049730867147
    endloop
  endfacet
  facet normal 1 0 0
    outer loop
      vertex 5 125 107.28870268911123
      vertex 5 135 113.06220538169146
      vertex 5 134.10000000149012 114.62049730867147
    endloop
  endfacet
  facet normal 1 0 0
    outer loop
      vertex 5 125 107.28870268911123
      vertex 5 134.10000000149012 114.62049730867147
      vertex 5 124.10000000149012 108.84699461609125
    endloop
  endfacet
  facet normal 1 0 0
    outer loop
      vertex 5 123.20000000298023 107.28870268911123
      vertex 5 125 107.28870268911123
      vertex 5 124.10000000149012 108.84699461609125
    endloop
  endfacet
  facet normal 1 0 0
    outer loop
      vertex 5 123.20000000298023 107.28870268911123
      vertex 5 124.10000000149012 108.84699461609125
      vertex 5 114.10000000149012 114.62049730867147
    endloop
  endfacet
  facet normal 1 0 0
    outer loop
      vertex 5 113.20000000298023 113.06220538169146
      vertex 5 123.20000000298023 107.28870268911123
      vertex 5 114.10000000149012 114.62049730867147
    endloop
  endfacet
  facet normal 1 0 0
    outer loop
      vertex 5 113.20000000298023 113.06220538169146
      vertex 5 114.10000000149012 114.62049730867147
      vertex 5 112.29999999701977 114.62049730867147
    endloop
  endfacet
  facet normal 1 0 0
    outer loop
      vertex 5 103.20000000298023 107.28870268911123
      vertex 5 113.20000000298023 113.06220538169146
      vertex 5 112.29999999701977 114.62049730867147
    endloop
  endfacet
  facet normal 1 0 0
    outer loop
      vertex 5 103.20000000298023 107.28870268911123
      vertex 5 112.29999999701977 114.62049730867147
      vertex 5 102.29999999701977 108.84699461609125
    endloop
  endfacet
  facet normal 1 0 0
    outer loop
      vertex 5 101.39999999850988 107.28870268911123
      vertex 5 103.20000000298023 107.28870268911123
      vertex 5 102.29999999701977 108.84699461609125
    endloop
  endfacet
  facet normal 1 0 0
    outer loop
      vertex 5 101.39999999850988 107.28870268911123
      vertex 5 102.29999999701977 108.84699461609125
      vertex 5 92.29999999701977 114.62049730867147
    endloop
  endfacet
  facet normal 1 0 0
    outer loop
      vertex 5 91.39999999850988 113.06220538169146
      vertex 5 101.39999999850988 107.28870268911123
      vertex 5 92.29999999701977 114.62049730867147
    endloop
  endfacet
  facet normal 1 0 0
    outer loop
      vertex 5 91.39999999850988 113.06220538169146
      vertex 5 92.29999999701977 114.62049730867147
      vertex 5 90.5 114.62049730867147
    endloop
  endfacet
  facet normal 1 0 0
    outer loop
      vertex 5 81.39999999850988 107.28870268911123
      vertex 5 91.39999999850988 113.06220538169146
      vertex 5 90.5 114.62049730867147
    endloop
  endfacet
  facet normal 1 0 0
    outer loop
      vertex 5 81.39999999850988 107.28870268911123
      vertex 5 90.5 114.62049730867147
      vertex 5 80.5 108.84699461609125
    endloop
  endfacet
  facet normal 1 0 0
    outer loop
      vertex 5 79.60000000149012 107.28870268911123
      vertex 5 81.39999999850988 107.28870268911123
      vertex 5 80.5 108.84699461609125
    endloop
  endfacet
  facet normal 1 0 0
    outer loop
      vertex 5 79.60000000149012 107.28870268911123
      vertex 5 80.5 108.84699461609125
      vertex 5 70.5 114.62049730867147
    endloop
  endfacet
  facet normal 1 0 0
    outer loop
      vertex 5 69.60000000149012 113.06220538169146
      vertex 5 79.60000000149012 107.28870268911123
      vertex 5 70.5 114.62049730867147
    endloop
  endfacet
  facet normal 1 0 0
    outer loop
      vertex 5 69.60000000149012 113.06220538169146
      vertex 5 70.5 114.62049730867147
      vertex 5 68.70000000298023 114.62049730867147
    endloop
  endfacet
  facet normal 1 0 0
    outer loop
      vertex 5 59.600000001490116 107.28870268911123
      vertex 5 69.60000000149012 113.06220538169146
      vertex 5 68.70000000298023 114.62049730867147
    endloop
  endfacet
  facet normal 1 0 0
    outer loop
      vertex 5 59.600000001490116 107.28870268911123
      vertex 5 68.70000000298023 114.62049730867147
      vertex 5 58.70000000298023 108.84699461609125
    endloop
  endfacet
  facet normal 1 0 0
    outer loop
      vertex 5 57.79999999701977 107.28870268911123
      vertex 5 59.600000001490116 107.28870268911123
      vertex 5 58.70000000298023 108.84699461609125
    endloop
  endfacet
  facet normal 1 0 0
    outer loop
      vertex 5 57.79999999701977 107.28870268911123
      vertex 5 58.70000000298023 108.84699461609125
      vertex 5 48.70000000298023 114.62049730867147
    endloop
  endfacet
  facet normal 1 0 0
    outer loop
      vertex 5 47.79999999701977 113.06220538169146
      vertex 5 57.79999999701977 107.28870268911123
      vertex 5 48.70000000298023 114.62049730867147
    endloop
  endfacet
  facet normal 1 0 0
    outer loop
      vertex 5 47.79999999701977 113.06220538169146
      vertex 5 48.70000000298023 114.62049730867147
      vertex 5 46.899999998509884 114.62049730867147
    endloop
  endfacet
  facet normal 1 0 0
    outer loop
      vertex 5 37.79999999701977 107.28870268911123
      vertex 5 47.79999999701977 113.06220538169146
      vertex 5 46.899999998509884 114.62049730867147
    endloop
  endfacet
  facet normal 1 0 0
    outer loop
      vertex 5 37.79999999701977 107.28870268911123
      vertex 5 46.899999998509884 114.62049730867147
      vertex 5 36.899999998509884 108.84699461609125
    endloop
  endfacet
  facet normal 1 0 0
    outer loop
      vertex 5 36 107.28870268911123
      vertex 5 37.79999999701977 107.28870268911123
      vertex 5 36.899999998509884 108.84699461609125
    endloop
  endfacet
  facet normal 1 0 0
    outer loop
      vertex 5 36 107.28870268911123
      vertex 5 36.899999998509884 108.84699461609125
      vertex 5 26.899999998509884 114.62049730867147
    endloop
  endfacet
  facet normal 1 0 0
    outer loop
      vertex 5 26 113.06220538169146
      vertex 5 36 107.28870268911123
      vertex 5 26.899999998509884 114.62049730867147
    endloop
  endfacet
  facet normal 1 0 0
    outer loop
      vertex 5 250 350
      vertex 5 232.20000000298023 333.8343026936054
      vertex 5 232.20000000298023 322.287297308445
    endloop
  endfacet
  facet normal 1 0 0
    outer loop
      vertex 5 232.20000000298023 296.0767026916146
      vertex 5 250 350
      vertex 5 232.20000000298023 322.287297308445
    endloop
  endfacet
  facet normal 1 0 0
    outer loop
      vertex 5 232.20000000298023 296.0767026916146
      vertex 5 232.20000000298023 322.287297308445
      vertex 5 222.20000000298023 316.51379461586475
    endloop
  endfacet
  facet normal 1 0 0
    outer loop
      vertex 5 221.29999999701977 314.95550268888474
      vertex 5 232.20000000298023 296.0767026916146
      vertex 5 222.20000000298023 316.51379461586475
    endloop
  endfacet
  facet normal 1 0 0
    outer loop
      vertex 5 221.29999999701977 314.95550268888474
      vertex 5 222.20000000298023 316.51379461586475
      vertex 5 212.20000000298023 322.287297308445
    endloop
  endfacet
  facet normal 1 0 0
    outer loop
      vertex 5 211.29999999701977 320.72900538146496
      vertex 5 221.29999999701977 314.95550268888474
      vertex 5 212.20000000298023 322.287297308445
    endloop
  endfacet
  facet normal 1 0 0
    outer loop
      vertex 5 211.29999999701977 320.72900538146496
      vertex 5 212.20000000298023 322.287297308445
      vertex 5 210.39999999850988 322.287297308445
    endloop
  endfacet
  facet normal 1 0 0
    outer loop
      vertex 5 201.29999999701977 314.95550268888474
      vertex 5 211.29999999701977 320.72900538146496
      vertex 5 210.39999999850988 322.287297308445
    endloop
  endfacet
  facet normal 1 0 0
    outer loop
      vertex 5 201.29999999701977 314.95550268888474
      vertex 5 210.39999999850988 322.287297308445
      vertex 5 200.39999999850988 316.51379461586475
    endloop
  endfacet
  facet normal 1 0 0
    outer loop
      vertex 5 199.5 314.95550268888474
      vertex 5 201.29999999701977 314.95550268888474
      vertex 5 200.39999999850988 316.51379461586475
    endloop
  endfacet
  facet normal 1 0 0
    outer loop
      vertex 5 199.5 314.95550268888474
      vertex 5 200.39999999850988 316.51379461586475
      vertex 5 190.39999999850988 322.287297308445
    endloop
  endfacet
  facet normal 1 0 0
    outer loop
      vertex 5 189.5 320.72900538146496
      vertex 5 199.5 314.95550268888474
      vertex 5 190.39999999850988 322.287297308445
    endloop
  endfacet
  facet normal 1 0 0
    outer loop
      vertex 5 189.5 320.72900538146496
      vertex 5 190.39999999850988 322.287297308445
      vertex 5 188.60000000149012 322.287297308445
    endloop
  endfacet
  facet normal 1 0 0
    outer loop
      vertex 5 179.5 314.95550268888474
      vertex 5 189.5 320.72900538146496
      vertex 5 188.60000000149012 322.287297308445
    endloop
  endfacet
  facet normal 1 0 0
    outer loop
      vertex 5 179.5 314.95550268888474
      vertex 5 188.60000000149012 322.287297308445
      vertex 5 178.60000000149012 316.51379461586475
    endloop
  endfacet
  facet normal 1 0 0
    outer loop
      vertex 5 177.70000000298023 314.95550268888474
      vertex 5 179.5 314.95550268888474
      vertex 5 178.60000000149012 316.51379461586475
    endloop
  endfacet
  facet normal 1 0 0
    outer loop
      vertex 5 177.70000000298023 314.95550268888474
      vertex 5 178.60000000149012 316.51379461586475
      vertex 5 168.60000000149012 322.287297308445
    endloop
  endfacet
  facet normal 1 0 0
    outer loop
      vertex 5 167.70000000298023 320.72900538146496
      vertex 5 177.70000000298023 314.95550268888474
      vertex 5 168.60000000149012 322.287297308445
    endloop
  endfacet
  facet normal 1 0 0
    outer loop
      vertex 5 167.70000000298023 320.72900538146496
      vertex 5 168.60000000149012 322.287297308445
      vertex 5 166.79999999701977 322.287297308445
    endloop
  endfacet
  facet normal 1 0 0
    outer loop
      vertex 5 157.70000000298023 314.95550268888474
      vertex 5 167.70000000298023 320.72900538146496
      vertex 5 166.79999999701977 322.287297308445
    endloop
  endfacet
  facet normal 1 0 0
    outer loop
      vertex 5 157.70000000298023 314.95550268888474
      vertex 5 166.79999999701977 322.287297308445
      vertex 5 156.79999999701977 316.51379461586475
    endloop
  endfacet
  facet normal 1 0 0
    outer loop
      vertex 5 155.89999999850988 314.95550268888474
      vertex 5 157.70000000298023 314.95550268888474
      vertex 5 156.79999999701977 316.51379461586475
    endloop
  endfacet
  facet normal 1 0 0
    outer loop
      vertex 5 155.89999999850988 314.95550268888474
      vertex 5 156.79999999701977 316.51379461586475
      vertex 5 146.79999999701977 322.287297308445
    endloop
  endfacet
  facet normal 1 0 0
    outer loop
      vertex 5 145.89999999850988 320.72900538146496
      vertex 5 155.89999999850988 314.95550268888474
      vertex 5 146.79999999701977 322.287297308445
    endloop
  endfacet
  facet normal 1 0 0
    outer loop
      vertex 5 145.89999999850988 320.72900538146496
      vertex 5 146.79999999701977 322.287297308445
      vertex 5 145 322.287297308445
    endloop
  endfacet
  facet normal 1 0 0
    outer loop
      vertex 5 135.89999999850988 314.95550268888474
      vertex 5 145.89999999850988 320.72900538146496
      vertex 5 145 322.287297308445
    endloop
  endfacet
  facet normal 1 0 0
    outer loop
      vertex 5 135.89999999850988 314.95550268888474
      vertex 5 145 322.287297308445
      vertex 5 135 316.51379461586475
    endloop
  endfacet
  facet normal 1 0 0
    outer loop
      vertex 5 134.10000000149012 314.95550268888474
      vertex 5 135.89999999850988 314.95550268888474
      vertex 5 135 316.51379461586475
    endloop
  endfacet
  facet normal 1 0 0
    outer loop
      vertex 5 134.10000000149012 314.95550268888474
      vertex 5 135 316.51379461586475
      vertex 5 125 322.287297308445
    endloop
  endfacet
  facet normal 1 0 0
    outer loop
      vertex 5 124.10000000149012 320.72900538146496
      vertex 5 134.10000000149012 314.95550268888474
      vertex 5 125 322.287297308445
    endloop
  endfacet
  facet normal 1 0 0
    outer loop
      vertex 5 124.10000000149012 320.72900538146496
      vertex 5 125 322.287297308445
      vertex 5 123.20000000298023 322.287297308445
    endloop
  endfacet
  facet normal 1 0 0
    outer loop
      vertex 5 114.10000000149012 314.95550268888474
      vertex 5 124.10000000149012 320.72900538146496
      vertex 5 123.20000000298023 322.287297308445
    endloop
  endfacet
  facet normal 1 0 0
    outer loop
      vertex 5 114.10000000149012 314.95550268888474
      vertex 5 123.20000000298023 322.287297308445
      vertex 5 113.20000000298023 316.51379461586475
    endloop
  endfacet
  facet normal 1 0 0
    outer loop
      vertex 5 112.29999999701977 314.95550268888474
      vertex 5 114.10000000149012 314.95550268888474
      vertex 5 113.20000000298023 316.51379461586475
    endloop
  endfacet
  facet normal 1 0 0
    outer loop
      vertex 5 112.29999999701977 314.95550268888474
      vertex 5 113.20000000298023 316.51379461586475
      vertex 5 103.20000000298023 322.287297308445
    endloop
  endfacet
  facet normal 1 0 0
    outer loop
      vertex 5 102.29999999701977 320.72900538146496
      vertex 5 112.29999999701977 314.95550268888474
      vertex 5 103.20000000298023 322.287297308445
    endloop
  endfacet
  facet normal 1 0 0
    outer loop
      vertex 5 102.29999999701977 320.72900538146496
      vertex 5 103.20000000298023 322.287297308445
      vertex 5 101.39999999850988 322.287297308445
    endloop
  endfacet
  facet normal 1 0 0
    outer loop
      vertex 5 92.29999999701977 314.95550268888474
      vertex 5 102.29999999701977 320.72900538146496
      vertex 5 101.39999999850988 322.287297308445
    endloop
  endfacet
  facet normal 1 0 0
    outer loop
      vertex 5 92.29999999701977 314.95550268888474
      vertex 5 101.39999999850988 322.287297308445
      vertex 5 91.39999999850988 316.51379461586475
    endloop
  endfacet
  facet normal 1 0 0
    outer loop
      vertex 5 90.5 314.95550268888474
      vertex 5 92.29999999701977 314.95550268888474
      vertex 5 91.39999999850988 316.51379461586475
    endloop
  endfacet
  facet normal 1 0 0
    outer loop
      vertex 5 90.5 314.95550268888474
      vertex 5 91.39999999850988 316.51379461586475
      vertex 5 81.39999999850988 322.287297308445
    endloop
  endfacet
  facet normal 1 0 0
    outer loop
      vertex 5 80.5 320.72900538146496
      vertex 5 90.5 314.95550268888474
      vertex 5 81.39999999850988 322.287297308445
    endloop
  endfacet
  facet normal 1 0 0
    outer loop
      vertex 5 80.5 320.72900538146496
      vertex 5 81.39999999850988 322.287297308445
      vertex 5 79.60000000149012 322.287297308445
    endloop
  endfacet
  facet normal 1 0 0
    outer loop
      vertex 5 70.5 314.95550268888474
      vertex 5 80.5 320.72900538146496
      vertex 5 79.60000000149012 322.287297308445
    endloop
  endfacet
  facet normal 1 0 0
    outer loop
      vertex 5 70.5 314.95550268888474
      vertex 5 79.60000000149012 322.287297308445
      vertex 5 69.60000000149012 316.51379461586475
    endloop
  endfacet
  facet normal 1 0 0
    outer loop
      vertex 5 68.70000000298023 314.95550268888474
      vertex 5 70.5 314.95550268888474
      vertex 5 69.60000000149012 316.51379461586475
    endloop
  endfacet
  facet normal 1 0 0
    outer loop
      vertex 5 68.70000000298023 314.95550268888474
      vertex 5 69.60000000149012 316.51379461586475
      vertex 5 59.600000001490116 322.287297308445
    endloop
  endfacet
  facet normal 1 0 0
    outer loop
      vertex 5 58.70000000298023 320.72900538146496
      vertex 5 68.70000000298023 314.95550268888474
      vertex 5 59.600000001490116 322.287297308445
    endloop
  endfacet
  facet normal 1 0 0
    outer loop
      vertex 5 58.70000000298023 320.72900538146496
      vertex 5 59.600000001490116 322.287297308445
      vertex 5 57.79999999701977 322.287297308445
    endloop
  endfacet
  facet normal 1 0 0
    outer loop
      vertex 5 48.70000000298023 314.95550268888474
      vertex 5 58.70000000298023 320.72900538146496
      vertex 5 57.79999999701977 322.287297308445
    endloop
  endfacet
  facet normal 1 0 0
    outer loop
      vertex 5 48.70000000298023 314.95550268888474
      vertex 5 57.79999999701977 322.287297308445
      vertex 5 47.79999999701977 316.51379461586475
    endloop
  endfacet
  facet normal 1 0 0
    outer loop
      vertex 5 46.899999998509884 314.95550268888474
      vertex 5 48.70000000298023 314.95550268888474
      vertex 5 47.79999999701977 316.51379461586475
    endloop
  endfacet
  facet normal 1 0 0
    outer loop
      vertex 5 46.899999998509884 314.95550268888474
      vertex 5 47.79999999701977 316.51379461586475
      vertex 5 37.79999999701977 322.287297308445
    endloop
  endfacet
  facet normal 1 0 0
    outer loop
      vertex 5 36.899999998509884 320.72900538146496
      vertex 5 46.899999998509884 314.95550268888474
      vertex 5 37.79999999701977 322.287297308445
    endloop
  endfacet
  facet normal 1 0 0
    outer loop
      vertex 5 36.899999998509884 320.72900538146496
      vertex 5 37.79999999701977 322.287297308445
      vertex 5 36 322.287297308445
    endloop
  endfacet
  facet normal 1 0 0
    outer loop
      vertex 5 26.899999998509884 314.95550268888474
      vertex 5 36.899999998509884 320.72900538146496
      vertex 5 36 322.287297308445
    endloop
  endfacet
  facet normal 1 0 0
    outer loop
      vertex 5 26.899999998509884 314.95550268888474
      vertex 5 36 322.287297308445
      vertex 5 26 316.51379461586475
    endloop
  endfacet
  facet normal 1 0 0
    outer loop
      vertex 5 232.20000000298023 57.98409730941057
      vertex 5 221.29999999701977 50.65230268985033
      vertex 5 221.29999999701977 39.105297304689884
    endloop
  endfacet
  facet normal 1 0 0
    outer loop
      vertex 5 232.20000000298023 95.74169731140137
      vertex 5 221.29999999701977 88.40990269184113
      vertex 5 221.29999999701977 76.86289730668068
    endloop
  endfacet
  facet normal 1 0 0
    outer loop
      vertex 5 26.899999998509884 114.62049730867147
      vertex 5 26.899999998509884 126.16750269383192
      vertex 5 26 127.72579461336136
    endloop
  endfacet
  facet normal 1 0 0
    outer loop
      vertex 5 26.899999998509884 114.62049730867147
      vertex 5 26 127.72579461336136
      vertex 5 16 133.49929730594158
    endloop
  endfacet
  facet normal 1 0 0
    outer loop
      vertex 5 26 113.06220538169146
      vertex 5 26.899999998509884 114.62049730867147
      vertex 5 16 133.49929730594158
    endloop
  endfacet
  facet normal 1 0 0
    outer loop
      vertex 5 16 107.28870268911123
      vertex 5 26 113.06220538169146
      vertex 5 16 133.49929730594158
    endloop
  endfacet
  facet normal 1 0 0
    outer loop
      vertex 5 26 188.57740538567305
      vertex 5 26.899999998509884 190.13569730520248
      vertex 5 26.899999998509884 201.68270269036293
    endloop
  endfacet
  facet normal 1 0 0
    outer loop
      vertex 5 16 182.80390269309282
      vertex 5 26 188.57740538567305
      vertex 5 26.899999998509884 201.68270269036293
    endloop
  endfacet
  facet normal 1 0 0
    outer loop
      vertex 5 26.899999998509884 39.105297304689884
      vertex 5 26.899999998509884 50.65230268985033
      vertex 5 26 52.21059461683035
    endloop
  endfacet
  facet normal 1 0 0
    outer loop
      vertex 5 26.899999998509884 39.105297304689884
      vertex 5 26 52.21059461683035
      vertex 5 16 57.98409730941057
    endloop
  endfacet
  facet normal 1 0 0
    outer loop
      vertex 5 26.899999998509884 76.86289730668068
      vertex 5 26.899999998509884 88.40990269184113
      vertex 5 26 89.96819461882114
    endloop
  endfacet
  facet normal 1 0 0
    outer loop
      vertex 5 26.899999998509884 76.86289730668068
      vertex 5 26 89.96819461882114
      vertex 5 16 95.74169731140137
    endloop
  endfacet
  facet normal 1 0 0
    outer loop
      vertex 5 26 226.33500538021326
      vertex 5 26.899999998509884 227.89329730719328
      vertex 5 26.899999998509884 239.44030269235373
    endloop
  endfacet
  facet normal 1 0 0
    outer loop
      vertex 5 16 220.56150269508362
      vertex 5 26 226.33500538021326
      vertex 5 26.899999998509884 239.44030269235373
    endloop
  endfacet
  facet normal 1 0 0
    outer loop
      vertex 5 26 264.09260538220406
      vertex 5 26.899999998509884 265.6508973091841
      vertex 5 26.899999998509884 277.1979026943445
    endloop
  endfacet
  facet normal 1 0 0
    outer loop
      vertex 5 16 258.31910268962383
      vertex 5 26 264.09260538220406
      vertex 5 26.899999998509884 277.1979026943445
    endloop
  endfacet
  facet normal 1 0 0
    outer loop
      vertex 5 26 150.81980538368225
      vertex 5 26.899999998509884 152.37809731066227
      vertex 5 26.899999998509884 163.92510268837214
    endloop
  endfacet
  facet normal 1 0 0
    outer loop
      vertex 5 16 145.04630269110203
      vertex 5 26 150.81980538368225
      vertex 5 26.899999998509884 163.92510268837214
    endloop
  endfacet
  facet normal 1 0 0
    outer loop
      vertex 5 26 301.85020538419485
      vertex 5 26.899999998509884 303.40849731117487
      vertex 5 26.899999998509884 314.95550268888474
    endloop
  endfacet
  facet normal 1 0 0
    outer loop
      vertex 5 16 296.0767026916146
      vertex 5 26 301.85020538419485
      vertex 5 26.899999998509884 314.95550268888474
    endloop
  endfacet
  facet normal 1 0 0
    outer loop
      vertex 5 16 296.0767026916146
      vertex 5 26.899999998509884 314.95550268888474
      vertex 5 26 316.51379461586475
    endloop
  endfacet
  facet normal 1 0 0
    outer loop
      vertex 5 16 296.0767026916146
      vertex 5 26 316.51379461586475
      vertex 5 16 322.287297308445
    endloop
  endfacet
  facet normal 1 0 0
    outer loop
      vertex 5 26 37.547005385160446
      vertex 5 36 31.773502692580223
      vertex 5 37.79999999701977 31.773502692580223
    endloop
  endfacet
  facet normal 1 0 0
    outer loop
      vertex 5 47.79999999701977 37.547005385160446
      vertex 5 57.79999999701977 31.773502692580223
      vertex 5 59.600000001490116 31.773502692580223
    endloop
  endfacet
  facet normal 1 0 0
    outer loop
      vertex 5 69.60000000149012 37.547005385160446
      vertex 5 79.60000000149012 31.773502692580223
      vertex 5 81.39999999850988 31.773502692580223
    endloop
  endfacet
  facet normal 1 0 0
    outer loop
      vertex 5 91.39999999850988 37.547005385160446
      vertex 5 101.39999999850988 31.773502692580223
      vertex 5 103.20000000298023 31.773502692580223
    endloop
  endfacet
  facet normal 1 0 0
    outer loop
      vertex 5 113.20000000298023 37.547005385160446
      vertex 5 123.20000000298023 31.773502692580223
      vertex 5 125 31.773502692580223
    endloop
  endfacet
  facet normal 1 0 0
    outer loop
      vertex 5 135 37.547005385160446
      vertex 5 145 31.773502692580223
      vertex 5 146.79999999701977 31.773502692580223
    endloop
  endfacet
  facet normal 1 0 0
    outer loop
      vertex 5 156.79999999701977 37.547005385160446
      vertex 5 166.79999999701977 31.773502692580223
      vertex 5 168.60000000149012 31.773502692580223
    endloop
  endfacet
  facet normal 1 0 0
    outer loop
      vertex 5 178.60000000149012 37.547005385160446
      vertex 5 188.60000000149012 31.773502692580223
      vertex 5 190.39999999850988 31.773502692580223
    endloop
  endfacet
  facet normal 1 0 0
    outer loop
      vertex 5 200.39999999850988 37.547005385160446
      vertex 5 210.39999999850988 31.773502692580223
      vertex 5 212.20000000298023 31.773502692580223
    endloop
  endfacet
  facet normal 1 0 0
    outer loop
      vertex 5 26 75.30460538715124
      vertex 5 36 69.53110269457102
      vertex 5 37.79999999701977 69.53110269457102
    endloop
  endfacet
  facet normal 1 0 0
    outer loop
      vertex 5 47.79999999701977 75.30460538715124
      vertex 5 57.79999999701977 69.53110269457102
      vertex 5 59.600000001490116 69.53110269457102
    endloop
  endfacet
  facet normal 1 0 0
    outer loop
      vertex 5 69.60000000149012 75.30460538715124
      vertex 5 79.60000000149012 69.53110269457102
      vertex 5 81.39999999850988 69.53110269457102
    endloop
  endfacet
  facet normal 1 0 0
    outer loop
      vertex 5 91.39999999850988 75.30460538715124
      vertex 5 101.39999999850988 69.53110269457102
      vertex 5 103.20000000298023 69.53110269457102
    endloop
  endfacet
  facet normal 1 0 0
    outer loop
      vertex 5 113.20000000298023 75.30460538715124
      vertex 5 123.20000000298023 69.53110269457102
      vertex 5 125 69.53110269457102
    endloop
  endfacet
  facet normal 1 0 0
    outer loop
      vertex 5 135 75.30460538715124
      vertex 5 145 69.53110269457102
      vertex 5 146.79999999701977 69.53110269457102
    endloop
  endfacet
  facet normal 1 0 0
    outer loop
      vertex 5 156.79999999701977 75.30460538715124
      vertex 5 166.79999999701977 69.53110269457102
      vertex 5 168.60000000149012 69.53110269457102
    endloop
  endfacet
  facet normal 1 0 0
    outer loop
      vertex 5 178.60000000149012 75.30460538715124
      vertex 5 188.60000000149012 69.53110269457102
      vertex 5 190.39999999850988 69.53110269457102
    endloop
  endfacet
  facet normal 1 0 0
    outer loop
      vertex 5 200.39999999850988 75.30460538715124
      vertex 5 210.39999999850988 69.53110269457102
      vertex 5 212.20000000298023 69.53110269457102
    endloop
  endfacet
  facet normal 1 0 0
    outer loop
      vertex 5 36.899999998509884 169.69860538095236
      vertex 5 46.899999998509884 163.92510268837214
      vertex 5 48.70000000298023 163.92510268837214
    endloop
  endfacet
  facet normal 1 0 0
    outer loop
      vertex 5 58.70000000298023 169.69860538095236
      vertex 5 68.70000000298023 163.92510268837214
      vertex 5 70.5 163.92510268837214
    endloop
  endfacet
  facet normal 1 0 0
    outer loop
      vertex 5 80.5 169.69860538095236
      vertex 5 90.5 163.92510268837214
      vertex 5 92.29999999701977 163.92510268837214
    endloop
  endfacet
  facet normal 1 0 0
    outer loop
      vertex 5 102.29999999701977 169.69860538095236
      vertex 5 112.29999999701977 163.92510268837214
      vertex 5 114.10000000149012 163.92510268837214
    endloop
  endfacet
  facet normal 1 0 0
    outer loop
      vertex 5 124.10000000149012 169.69860538095236
      vertex 5 134.10000000149012 163.92510268837214
      vertex 5 135.89999999850988 163.92510268837214
    endloop
  endfacet
  facet normal 1 0 0
    outer loop
      vertex 5 145.89999999850988 169.69860538095236
      vertex 5 155.89999999850988 163.92510268837214
      vertex 5 157.70000000298023 163.92510268837214
    endloop
  endfacet
  facet normal 1 0 0
    outer loop
      vertex 5 167.70000000298023 169.69860538095236
      vertex 5 177.70000000298023 163.92510268837214
      vertex 5 179.5 163.92510268837214
    endloop
  endfacet
  facet normal 1 0 0
    outer loop
      vertex 5 189.5 169.69860538095236
      vertex 5 199.5 163.92510268837214
      vertex 5 201.29999999701977 163.92510268837214
    endloop
  endfacet
  facet normal 1 0 0
    outer loop
      vertex 5 36.899999998509884 207.45620538294315
      vertex 5 46.899999998509884 201.68270269036293
      vertex 5 48.70000000298023 201.68270269036293
    endloop
  endfacet
  facet normal 1 0 0
    outer loop
      vertex 5 58.70000000298023 207.45620538294315
      vertex 5 68.70000000298023 201.68270269036293
      vertex 5 70.5 201.68270269036293
    endloop
  endfacet
  facet normal 1 0 0
    outer loop
      vertex 5 80.5 207.45620538294315
      vertex 5 90.5 201.68270269036293
      vertex 5 92.29999999701977 201.68270269036293
    endloop
  endfacet
  facet normal 1 0 0
    outer loop
      vertex 5 102.29999999701977 207.45620538294315
      vertex 5 112.29999999701977 201.68270269036293
      vertex 5 114.10000000149012 201.68270269036293
    endloop
  endfacet
  facet normal 1 0 0
    outer loop
      vertex 5 124.10000000149012 207.45620538294315
      vertex 5 134.10000000149012 201.68270269036293
      vertex 5 135.89999999850988 201.68270269036293
    endloop
  endfacet
  facet normal 1 0 0
    outer loop
      vertex 5 145.89999999850988 207.45620538294315
      vertex 5 155.89999999850988 201.68270269036293
      vertex 5 157.70000000298023 201.68270269036293
    endloop
  endfacet
  facet normal 1 0 0
    outer loop
      vertex 5 167.70000000298023 207.45620538294315
      vertex 5 177.70000000298023 201.68270269036293
      vertex 5 179.5 201.68270269036293
    endloop
  endfacet
  facet normal 1 0 0
    outer loop
      vertex 5 189.5 207.45620538294315
      vertex 5 199.5 201.68270269036293
      vertex 5 201.29999999701977 201.68270269036293
    endloop
  endfacet
  facet normal 1 0 0
    outer loop
      vertex 5 36.899999998509884 245.21380538493395
      vertex 5 46.899999998509884 239.44030269235373
      vertex 5 48.70000000298023 239.44030269235373
    endloop
  endfacet
  facet normal 1 0 0
    outer loop
      vertex 5 58.70000000298023 245.21380538493395
      vertex 5 68.70000000298023 239.44030269235373
      vertex 5 70.5 239.44030269235373
    endloop
  endfacet
  facet normal 1 0 0
    outer loop
      vertex 5 80.5 245.21380538493395
      vertex 5 90.5 239.44030269235373
      vertex 5 92.29999999701977 239.44030269235373
    endloop
  endfacet
  facet normal 1 0 0
    outer loop
      vertex 5 102.29999999701977 245.21380538493395
      vertex 5 112.29999999701977 239.44030269235373
      vertex 5 114.10000000149012 239.44030269235373
    endloop
  endfacet
  facet normal 1 0 0
    outer loop
      vertex 5 124.10000000149012 245.21380538493395
      vertex 5 134.10000000149012 239.44030269235373
      vertex 5 135.89999999850988 239.44030269235373
    endloop
  endfacet
  facet normal 1 0 0
    outer loop
      vertex 5 145.89999999850988 245.21380538493395
      vertex 5 155.89999999850988 239.44030269235373
      vertex 5 157.70000000298023 239.44030269235373
    endloop
  endfacet
  facet normal 1 0 0
    outer loop
      vertex 5 167.70000000298023 245.21380538493395
      vertex 5 177.70000000298023 239.44030269235373
      vertex 5 179.5 239.44030269235373
    endloop
  endfacet
  facet normal 1 0 0
    outer loop
      vertex 5 189.5 245.21380538493395
      vertex 5 199.5 239.44030269235373
      vertex 5 201.29999999701977 239.44030269235373
    endloop
  endfacet
  facet normal 1 0 0
    outer loop
      vertex 5 36.899999998509884 282.97140538692474
      vertex 5 46.899999998509884 277.1979026943445
      vertex 5 48.70000000298023 277.1979026943445
    endloop
  endfacet
  facet normal 1 0 0
    outer loop
      vertex 5 58.70000000298023 282.97140538692474
      vertex 5 68.70000000298023 277.1979026943445
      vertex 5 70.5 277.1979026943445
    endloop
  endfacet
  facet normal 1 0 0
    outer loop
      vertex 5 80.5 282.97140538692474
      vertex 5 90.5 277.1979026943445
      vertex 5 92.29999999701977 277.1979026943445
    endloop
  endfacet
  facet normal 1 0 0
    outer loop
      vertex 5 102.29999999701977 282.97140538692474
      vertex 5 112.29999999701977 277.1979026943445
      vertex 5 114.10000000149012 277.1979026943445
    endloop
  endfacet
  facet normal 1 0 0
    outer loop
      vertex 5 124.10000000149012 282.97140538692474
      vertex 5 134.10000000149012 277.1979026943445
      vertex 5 135.89999999850988 277.1979026943445
    endloop
  endfacet
  facet normal 1 0 0
    outer loop
      vertex 5 145.89999999850988 282.97140538692474
      vertex 5 155.89999999850988 277.1979026943445
      vertex 5 157.70000000298023 277.1979026943445
    endloop
  endfacet
  facet normal 1 0 0
    outer loop
      vertex 5 167.70000000298023 282.97140538692474
      vertex 5 177.70000000298023 277.1979026943445
      vertex 5 179.5 277.1979026943445
    endloop
  endfacet
  facet normal 1 0 0
    outer loop
      vertex 5 189.5 282.97140538692474
      vertex 5 199.5 277.1979026943445
      vertex 5 201.29999999701977 277.1979026943445
    endloop
  endfacet
  facet normal 1 0 0
    outer loop
      vertex 5 26 339.60780538618565
      vertex 5 36 333.8343026936054
      vertex 5 37.79999999701977 333.8343026936054
    endloop
  endfacet
  facet normal 1 0 0
    outer loop
      vertex 5 26 339.60780538618565
      vertex 5 37.79999999701977 333.8343026936054
      vertex 5 47.79999999701977 339.60780538618565
    endloop
  endfacet
  facet normal 1 0 0
    outer loop
      vertex 5 47.79999999701977 339.60780538618565
      vertex 5 57.79999999701977 333.8343026936054
      vertex 5 59.600000001490116 333.8343026936054
    endloop
  endfacet
  facet normal 1 0 0
    outer loop
      vertex 5 47.79999999701977 339.60780538618565
      vertex 5 59.600000001490116 333.8343026936054
      vertex 5 69.60000000149012 339.60780538618565
    endloop
  endfacet
  facet normal 1 0 0
    outer loop
      vertex 5 69.60000000149012 339.60780538618565
      vertex 5 79.60000000149012 333.8343026936054
      vertex 5 81.39999999850988 333.8343026936054
    endloop
  endfacet
  facet normal 1 0 0
    outer loop
      vertex 5 69.60000000149012 339.60780538618565
      vertex 5 81.39999999850988 333.8343026936054
      vertex 5 91.39999999850988 339.60780538618565
    endloop
  endfacet
  facet normal 1 0 0
    outer loop
      vertex 5 91.39999999850988 339.60780538618565
      vertex 5 101.39999999850988 333.8343026936054
      vertex 5 103.20000000298023 333.8343026936054
    endloop
  endfacet
  facet normal 1 0 0
    outer loop
      vertex 5 91.39999999850988 339.60780538618565
      vertex 5 103.20000000298023 333.8343026936054
      vertex 5 113.20000000298023 339.60780538618565
    endloop
  endfacet
  facet normal 1 0 0
    outer loop
      vertex 5 113.20000000298023 339.60780538618565
      vertex 5 123.20000000298023 333.8343026936054
      vertex 5 125 333.8343026936054
    endloop
  endfacet
  facet normal 1 0 0
    outer loop
      vertex 5 113.20000000298023 339.60780538618565
      vertex 5 125 333.8343026936054
      vertex 5 135 339.60780538618565
    endloop
  endfacet
  facet normal 1 0 0
    outer loop
      vertex 5 135 339.60780538618565
      vertex 5 145 333.8343026936054
      vertex 5 146.79999999701977 333.8343026936054
    endloop
  endfacet
  facet normal 1 0 0
    outer loop
      vertex 5 135 339.60780538618565
      vertex 5 146.79999999701977 333.8343026936054
      vertex 5 156.79999999701977 339.60780538618565
    endloop
  endfacet
  facet normal 1 0 0
    outer loop
      vertex 5 156.79999999701977 339.60780538618565
      vertex 5 166.79999999701977 333.8343026936054
      vertex 5 168.60000000149012 333.8343026936054
    endloop
  endfacet
  facet normal 1 0 0
    outer loop
      vertex 5 156.79999999701977 339.60780538618565
      vertex 5 168.60000000149012 333.8343026936054
      vertex 5 178.60000000149012 339.60780538618565
    endloop
  endfacet
  facet normal 1 0 0
    outer loop
      vertex 5 178.60000000149012 339.60780538618565
      vertex 5 188.60000000149012 333.8343026936054
      vertex 5 190.39999999850988 333.8343026936054
    endloop
  endfacet
  facet normal 1 0 0
    outer loop
      vertex 5 178.60000000149012 339.60780538618565
      vertex 5 190.39999999850988 333.8343026936054
      vertex 5 200.39999999850988 339.60780538618565
    endloop
  endfacet
  facet normal 1 0 0
    outer loop
      vertex 5 200.39999999850988 339.60780538618565
      vertex 5 210.39999999850988 333.8343026936054
      vertex 5 212.20000000298023 333.8343026936054
    endloop
  endfacet
  facet normal 1 0 0
    outer loop
      vertex 5 200.39999999850988 339.60780538618565
      vertex 5 212.20000000298023 333.8343026936054
      vertex 5 222.20000000298023 339.60780538618565
    endloop
  endfacet
  facet normal 1 0 0
    outer loop
      vertex 5 222.20000000298023 14.452994614839554
      vertex 5 212.20000000298023 20.226497307419777
      vertex 5 210.39999999850988 20.226497307419777
    endloop
  endfacet
  facet normal 1 0 0
    outer loop
      vertex 5 222.20000000298023 14.452994614839554
      vertex 5 210.39999999850988 20.226497307419777
      vertex 5 200.39999999850988 14.452994614839554
    endloop
  endfacet
  facet normal 1 0 0
    outer loop
      vertex 5 200.39999999850988 14.452994614839554
      vertex 5 190.39999999850988 20.226497307419777
      vertex 5 188.60000000149012 20.226497307419777
    endloop
  endfacet
  facet normal 1 0 0
    outer loop
      vertex 5 200.39999999850988 14.452994614839554
      vertex 5 188.60000000149012 20.226497307419777
      vertex 5 178.60000000149012 14.452994614839554
    endloop
  endfacet
  facet normal 1 0 0
    outer loop
      vertex 5 178.60000000149012 14.452994614839554
      vertex 5 168.60000000149012 20.226497307419777
      vertex 5 166.79999999701977 20.226497307419777
    endloop
  endfacet
  facet normal 1 0 0
    outer loop
      vertex 5 178.60000000149012 14.452994614839554
      vertex 5 166.79999999701977 20.226497307419777
      vertex 5 156.79999999701977 14.452994614839554
    endloop
  endfacet
  facet normal 1 0 0
    outer loop
      vertex 5 156.79999999701977 14.452994614839554
      vertex 5 146.79999999701977 20.226497307419777
      vertex 5 145 20.226497307419777
    endloop
  endfacet
  facet normal 1 0 0
    outer loop
      vertex 5 156.79999999701977 14.452994614839554
      vertex 5 145 20.226497307419777
      vertex 5 135 14.452994614839554
    endloop
  endfacet
  facet normal 1 0 0
    outer loop
      vertex 5 135 14.452994614839554
      vertex 5 125 20.226497307419777
      vertex 5 123.20000000298023 20.226497307419777
    endloop
  endfacet
  facet normal 1 0 0
    outer loop
      vertex 5 135 14.452994614839554
      vertex 5 123.20000000298023 20.226497307419777
      vertex 5 113.20000000298023 14.452994614839554
    endloop
  endfacet
  facet normal 1 0 0
    outer loop
      vertex 5 113.20000000298023 14.452994614839554
      vertex 5 103.20000000298023 20.226497307419777
      vertex 5 101.39999999850988 20.226497307419777
    endloop
  endfacet
  facet normal 1 0 0
    outer loop
      vertex 5 113.20000000298023 14.452994614839554
      vertex 5 101.39999999850988 20.226497307419777
      vertex 5 91.39999999850988 14.452994614839554
    endloop
  endfacet
  facet normal 1 0 0
    outer loop
      vertex 5 91.39999999850988 14.452994614839554
      vertex 5 81.39999999850988 20.226497307419777
      vertex 5 79.60000000149012 20.226497307419777
    endloop
  endfacet
  facet normal 1 0 0
    outer loop
      vertex 5 91.39999999850988 14.452994614839554
      vertex 5 79.60000000149012 20.226497307419777
      vertex 5 69.60000000149012 14.452994614839554
    endloop
  endfacet
  facet normal 1 0 0
    outer loop
      vertex 5 69.60000000149012 14.452994614839554
      vertex 5 59.600000001490116 20.226497307419777
      vertex 5 57.79999999701977 20.226497307419777
    endloop
  endfacet
  facet normal 1 0 0
    outer loop
      vertex 5 69.60000000149012 14.452994614839554
      vertex 5 57.79999999701977 20.226497307419777
      vertex 5 47.79999999701977 14.452994614839554
    endloop
  endfacet
  facet normal 1 0 0
    outer loop
      vertex 5 47.79999999701977 14.452994614839554
      vertex 5 37.79999999701977 20.226497307419777
      vertex 5 36 20.226497307419777
    endloop
  endfacet
  facet normal 1 0 0
    outer loop
      vertex 5 47.79999999701977 14.452994614839554
      vertex 5 36 20.226497307419777
      vertex 5 26 14.452994614839554
    endloop
  endfacet
  facet normal 1 0 0
    outer loop
      vertex 5 211.29999999701977 71.08939461410046
      vertex 5 201.29999999701977 76.86289730668068
      vertex 5 199.5 76.86289730668068
    endloop
  endfacet
  facet normal 1 0 0
    outer loop
      vertex 5 189.5 71.08939461410046
      vertex 5 179.5 76.86289730668068
      vertex 5 177.70000000298023 76.86289730668068
    endloop
  endfacet
  facet normal 1 0 0
    outer loop
      vertex 5 167.70000000298023 71.08939461410046
      vertex 5 157.70000000298023 76.86289730668068
      vertex 5 155.89999999850988 76.86289730668068
    endloop
  endfacet
  facet normal 1 0 0
    outer loop
      vertex 5 145.89999999850988 71.08939461410046
      vertex 5 135.89999999850988 76.86289730668068
      vertex 5 134.10000000149012 76.86289730668068
    endloop
  endfacet
  facet normal 1 0 0
    outer loop
      vertex 5 124.10000000149012 71.08939461410046
      vertex 5 114.10000000149012 76.86289730668068
      vertex 5 112.29999999701977 76.86289730668068
    endloop
  endfacet
  facet normal 1 0 0
    outer loop
      vertex 5 102.29999999701977 71.08939461410046
      vertex 5 92.29999999701977 76.86289730668068
      vertex 5 90.5 76.86289730668068
    endloop
  endfacet
  facet normal 1 0 0
    outer loop
      vertex 5 80.5 71.08939461410046
      vertex 5 70.5 76.86289730668068
      vertex 5 68.70000000298023 76.86289730668068
    endloop
  endfacet
  facet normal 1 0 0
    outer loop
      vertex 5 58.70000000298023 71.08939461410046
      vertex 5 48.70000000298023 76.86289730668068
      vertex 5 46.899999998509884 76.86289730668068
    endloop
  endfacet
  facet normal 1 0 0
    outer loop
      vertex 5 222.20000000298023 165.48339461535215
      vertex 5 212.20000000298023 171.25689730793238
      vertex 5 210.39999999850988 171.25689730793238
    endloop
  endfacet
  facet normal 1 0 0
    outer loop
      vertex 5 200.39999999850988 165.48339461535215
      vertex 5 190.39999999850988 171.25689730793238
      vertex 5 188.60000000149012 171.25689730793238
    endloop
  endfacet
  facet normal 1 0 0
    outer loop
      vertex 5 178.60000000149012 165.48339461535215
      vertex 5 168.60000000149012 171.25689730793238
      vertex 5 166.79999999701977 171.25689730793238
    endloop
  endfacet
  facet normal 1 0 0
    outer loop
      vertex 5 156.79999999701977 165.48339461535215
      vertex 5 146.79999999701977 171.25689730793238
      vertex 5 145 171.25689730793238
    endloop
  endfacet
  facet normal 1 0 0
    outer loop
      vertex 5 135 165.48339461535215
      vertex 5 125 171.25689730793238
      vertex 5 123.20000000298023 171.25689730793238
    endloop
  endfacet
  facet normal 1 0 0
    outer loop
      vertex 5 113.20000000298023 165.48339461535215
      vertex 5 103.20000000298023 171.25689730793238
      vertex 5 101.39999999850988 171.25689730793238
    endloop
  endfacet
  facet normal 1 0 0
    outer loop
      vertex 5 91.39999999850988 165.48339461535215
      vertex 5 81.39999999850988 171.25689730793238
      vertex 5 79.60000000149012 171.25689730793238
    endloop
  endfacet
  facet normal 1 0 0
    outer loop
      vertex 5 69.60000000149012 165.48339461535215
      vertex 5 59.600000001490116 171.25689730793238
      vertex 5 57.79999999701977 171.25689730793238
    endloop
  endfacet
  facet normal 1 0 0
    outer loop
      vertex 5 47.79999999701977 165.48339461535215
      vertex 5 37.79999999701977 171.25689730793238
      vertex 5 36 171.25689730793238
    endloop
  endfacet
  facet normal 1 0 0
    outer loop
      vertex 5 222.20000000298023 203.24099461734295
      vertex 5 212.20000000298023 209.01449730992317
      vertex 5 210.39999999850988 209.01449730992317
    endloop
  endfacet
  facet normal 1 0 0
    outer loop
      vertex 5 200.39999999850988 203.24099461734295
      vertex 5 190.39999999850988 209.01449730992317
      vertex 5 188.60000000149012 209.01449730992317
    endloop
  endfacet
  facet normal 1 0 0
    outer loop
      vertex 5 178.60000000149012 203.24099461734295
      vertex 5 168.60000000149012 209.01449730992317
      vertex 5 166.79999999701977 209.01449730992317
    endloop
  endfacet
  facet normal 1 0 0
    outer loop
      vertex 5 156.79999999701977 203.24099461734295
      vertex 5 146.79999999701977 209.01449730992317
      vertex 5 145 209.01449730992317
    endloop
  endfacet
  facet normal 1 0 0
    outer loop
      vertex 5 135 203.24099461734295
      vertex 5 125 209.01449730992317
      vertex 5 123.20000000298023 209.01449730992317
    endloop
  endfacet
  facet normal 1 0 0
    outer loop
      vertex 5 113.20000000298023 203.24099461734295
      vertex 5 103.20000000298023 209.01449730992317
      vertex 5 101.39999999850988 209.01449730992317
    endloop
  endfacet
  facet normal 1 0 0
    outer loop
      vertex 5 91.39999999850988 203.24099461734295
      vertex 5 81.39999999850988 209.01449730992317
      vertex 5 79.60000000149012 209.01449730992317
    endloop
  endfacet
  facet normal 1 0 0
    outer loop
      vertex 5 69.60000000149012 203.24099461734295
      vertex 5 59.600000001490116 209.01449730992317
      vertex 5 57.79999999701977 209.01449730992317
    endloop
  endfacet
  facet normal 1 0 0
    outer loop
      vertex 5 47.79999999701977 203.24099461734295
      vertex 5 37.79999999701977 209.01449730992317
      vertex 5 36 209.01449730992317
    endloop
  endfacet
  facet normal 1 0 0
    outer loop
      vertex 5 222.20000000298023 278.75619461387396
      vertex 5 212.20000000298023 284.5296973064542
      vertex 5 210.39999999850988 284.5296973064542
    endloop
  endfacet
  facet normal 1 0 0
    outer loop
      vertex 5 200.39999999850988 278.75619461387396
      vertex 5 190.39999999850988 284.5296973064542
      vertex 5 188.60000000149012 284.5296973064542
    endloop
  endfacet
  facet normal 1 0 0
    outer loop
      vertex 5 178.60000000149012 278.75619461387396
      vertex 5 168.60000000149012 284.5296973064542
      vertex 5 166.79999999701977 284.5296973064542
    endloop
  endfacet
  facet normal 1 0 0
    outer loop
      vertex 5 156.79999999701977 278.75619461387396
      vertex 5 146.79999999701977 284.5296973064542
      vertex 5 145 284.5296973064542
    endloop
  endfacet
  facet normal 1 0 0
    outer loop
      vertex 5 135 278.75619461387396
      vertex 5 125 284.5296973064542
      vertex 5 123.20000000298023 284.5296973064542
    endloop
  endfacet
  facet normal 1 0 0
    outer loop
      vertex 5 113.20000000298023 278.75619461387396
      vertex 5 103.20000000298023 284.5296973064542
      vertex 5 101.39999999850988 284.5296973064542
    endloop
  endfacet
  facet normal 1 0 0
    outer loop
      vertex 5 91.39999999850988 278.75619461387396
      vertex 5 81.39999999850988 284.5296973064542
      vertex 5 79.60000000149012 284.5296973064542
    endloop
  endfacet
  facet normal 1 0 0
    outer loop
      vertex 5 69.60000000149012 278.75619461387396
      vertex 5 59.600000001490116 284.5296973064542
      vertex 5 57.79999999701977 284.5296973064542
    endloop
  endfacet
  facet normal 1 0 0
    outer loop
      vertex 5 47.79999999701977 278.75619461387396
      vertex 5 37.79999999701977 284.5296973064542
      vertex 5 36 284.5296973064542
    endloop
  endfacet
  facet normal 1 0 0
    outer loop
      vertex 5 211.29999999701977 33.33179461956024
      vertex 5 201.29999999701977 39.105297304689884
      vertex 5 199.5 39.105297304689884
    endloop
  endfacet
  facet normal 1 0 0
    outer loop
      vertex 5 189.5 33.33179461956024
      vertex 5 179.5 39.105297304689884
      vertex 5 177.70000000298023 39.105297304689884
    endloop
  endfacet
  facet normal 1 0 0
    outer loop
      vertex 5 167.70000000298023 33.33179461956024
      vertex 5 157.70000000298023 39.105297304689884
      vertex 5 155.89999999850988 39.105297304689884
    endloop
  endfacet
  facet normal 1 0 0
    outer loop
      vertex 5 145.89999999850988 33.33179461956024
      vertex 5 135.89999999850988 39.105297304689884
      vertex 5 134.10000000149012 39.105297304689884
    endloop
  endfacet
  facet normal 1 0 0
    outer loop
      vertex 5 124.10000000149012 33.33179461956024
      vertex 5 114.10000000149012 39.105297304689884
      vertex 5 112.29999999701977 39.105297304689884
    endloop
  endfacet
  facet normal 1 0 0
    outer loop
      vertex 5 102.29999999701977 33.33179461956024
      vertex 5 92.29999999701977 39.105297304689884
      vertex 5 90.5 39.105297304689884
    endloop
  endfacet
  facet normal 1 0 0
    outer loop
      vertex 5 80.5 33.33179461956024
      vertex 5 70.5 39.105297304689884
      vertex 5 68.70000000298023 39.105297304689884
    endloop
  endfacet
  facet normal 1 0 0
    outer loop
      vertex 5 58.70000000298023 33.33179461956024
      vertex 5 48.70000000298023 39.105297304689884
      vertex 5 46.899999998509884 39.105297304689884
    endloop
  endfacet
  facet normal 1 0 0
    outer loop
      vertex 5 222.20000000298023 240.99859461933374
      vertex 5 212.20000000298023 246.7720973044634
      vertex 5 210.39999999850988 246.7720973044634
    endloop
  endfacet
  facet normal 1 0 0
    outer loop
      vertex 5 200.39999999850988 240.99859461933374
      vertex 5 190.39999999850988 246.7720973044634
      vertex 5 188.60000000149012 246.7720973044634
    endloop
  endfacet
  facet normal 1 0 0
    outer loop
      vertex 5 178.60000000149012 240.99859461933374
      vertex 5 168.60000000149012 246.7720973044634
      vertex 5 166.79999999701977 246.7720973044634
    endloop
  endfacet
  facet normal 1 0 0
    outer loop
      vertex 5 156.79999999701977 240.99859461933374
      vertex 5 146.79999999701977 246.7720973044634
      vertex 5 145 246.7720973044634
    endloop
  endfacet
  facet normal 1 0 0
    outer loop
      vertex 5 135 240.99859461933374
      vertex 5 125 246.7720973044634
      vertex 5 123.20000000298023 246.7720973044634
    endloop
  endfacet
  facet normal 1 0 0
    outer loop
      vertex 5 113.20000000298023 240.99859461933374
      vertex 5 103.20000000298023 246.7720973044634
      vertex 5 101.39999999850988 246.7720973044634
    endloop
  endfacet
  facet normal 1 0 0
    outer loop
      vertex 5 91.39999999850988 240.99859461933374
      vertex 5 81.39999999850988 246.7720973044634
      vertex 5 79.60000000149012 246.7720973044634
    endloop
  endfacet
  facet normal 1 0 0
    outer loop
      vertex 5 69.60000000149012 240.99859461933374
      vertex 5 59.600000001490116 246.7720973044634
      vertex 5 57.79999999701977 246.7720973044634
    endloop
  endfacet
  facet normal 1 0 0
    outer loop
      vertex 5 47.79999999701977 240.99859461933374
      vertex 5 37.79999999701977 246.7720973044634
      vertex 5 36 246.7720973044634
    endloop
  endfacet
  facet normal 1 0 0
    outer loop
      vertex 5 250 0
      vertex 5 222.20000000298023 14.452994614839554
      vertex 5 200.39999999850988 14.452994614839554
    endloop
  endfacet
  facet normal 1 0 0
    outer loop
      vertex 5 250 0
      vertex 5 232.20000000298023 69.53110269457102
      vertex 5 232.20000000298023 57.98409730941057
    endloop
  endfacet
  facet normal 1 0 0
    outer loop
      vertex 5 232.20000000298023 31.773502692580223
      vertex 5 250 0
      vertex 5 232.20000000298023 57.98409730941057
    endloop
  endfacet
  facet normal 1 0 0
    outer loop
      vertex 5 222.20000000298023 37.547005385160446
      vertex 5 232.20000000298023 31.773502692580223
      vertex 5 232.20000000298023 57.98409730941057
    endloop
  endfacet
  facet normal 1 0 0
    outer loop
      vertex 5 222.20000000298023 37.547005385160446
      vertex 5 232.20000000298023 57.98409730941057
      vertex 5 221.29999999701977 39.105297304689884
    endloop
  endfacet
  facet normal 1 0 0
    outer loop
      vertex 5 212.20000000298023 31.773502692580223
      vertex 5 222.20000000298023 37.547005385160446
      vertex 5 221.29999999701977 39.105297304689884
    endloop
  endfacet
  facet normal 1 0 0
    outer loop
      vertex 5 212.20000000298023 31.773502692580223
      vertex 5 221.29999999701977 39.105297304689884
      vertex 5 211.29999999701977 33.33179461956024
    endloop
  endfacet
  facet normal 1 0 0
    outer loop
      vertex 5 200.39999999850988 37.547005385160446
      vertex 5 212.20000000298023 31.773502692580223
      vertex 5 211.29999999701977 33.33179461956024
    endloop
  endfacet
  facet normal 1 0 0
    outer loop
      vertex 5 200.39999999850988 37.547005385160446
      vertex 5 211.29999999701977 33.33179461956024
      vertex 5 199.5 39.105297304689884
    endloop
  endfacet
  facet normal 1 0 0
    outer loop
      vertex 5 190.39999999850988 31.773502692580223
      vertex 5 200.39999999850988 37.547005385160446
      vertex 5 199.5 39.105297304689884
    endloop
  endfacet
  facet normal 1 0 0
    outer loop
      vertex 5 190.39999999850988 31.773502692580223
      vertex 5 199.5 39.105297304689884
      vertex 5 189.5 33.33179461956024
    endloop
  endfacet
  facet normal 1 0 0
    outer loop
      vertex 5 178.60000000149012 37.547005385160446
      vertex 5 190.39999999850988 31.773502692580223
      vertex 5 189.5 33.33179461956024
    endloop
  endfacet
  facet normal 1 0 0
    outer loop
      vertex 5 178.60000000149012 37.547005385160446
      vertex 5 189.5 33.33179461956024
      vertex 5 177.70000000298023 39.105297304689884
    endloop
  endfacet
  facet normal 1 0 0
    outer loop
      vertex 5 168.60000000149012 31.773502692580223
      vertex 5 178.60000000149012 37.547005385160446
      vertex 5 177.70000000298023 39.105297304689884
    endloop
  endfacet
  facet normal 1 0 0
    outer loop
      vertex 5 168.60000000149012 31.773502692580223
      vertex 5 177.70000000298023 39.105297304689884
      vertex 5 167.70000000298023 33.33179461956024
    endloop
  endfacet
  facet normal 1 0 0
    outer loop
      vertex 5 156.79999999701977 37.547005385160446
      vertex 5 168.60000000149012 31.773502692580223
      vertex 5 167.70000000298023 33.33179461956024
    endloop
  endfacet
  facet normal 1 0 0
    outer loop
      vertex 5 156.79999999701977 37.547005385160446
      vertex 5 167.70000000298023 33.33179461956024
      vertex 5 155.89999999850988 39.105297304689884
    endloop
  endfacet
  facet normal 1 0 0
    outer loop
      vertex 5 146.79999999701977 31.773502692580223
      vertex 5 156.79999999701977 37.547005385160446
      vertex 5 155.89999999850988 39.105297304689884
    endloop
  endfacet
  facet normal 1 0 0
    outer loop
      vertex 5 146.79999999701977 31.773502692580223
      vertex 5 155.89999999850988 39.105297304689884
      vertex 5 145.89999999850988 33.33179461956024
    endloop
  endfacet
  facet normal 1 0 0
    outer loop
      vertex 5 135 37.547005385160446
      vertex 5 146.79999999701977 31.773502692580223
      vertex 5 145.89999999850988 33.33179461956024
    endloop
  endfacet
  facet normal 1 0 0
    outer loop
      vertex 5 135 37.547005385160446
      vertex 5 145.89999999850988 33.33179461956024
      vertex 5 134.10000000149012 39.105297304689884
    endloop
  endfacet
  facet normal 1 0 0
    outer loop
      vertex 5 125 31.773502692580223
      vertex 5 135 37.547005385160446
      vertex 5 134.10000000149012 39.105297304689884
    endloop
  endfacet
  facet normal 1 0 0
    outer loop
      vertex 5 125 31.773502692580223
      vertex 5 134.10000000149012 39.105297304689884
      vertex 5 124.10000000149012 33.33179461956024
    endloop
  endfacet
  facet normal 1 0 0
    outer loop
      vertex 5 113.20000000298023 37.547005385160446
      vertex 5 125 31.773502692580223
      vertex 5 124.10000000149012 33.33179461956024
    endloop
  endfacet
  facet normal 1 0 0
    outer loop
      vertex 5 113.20000000298023 37.547005385160446
      vertex 5 124.10000000149012 33.33179461956024
      vertex 5 112.29999999701977 39.105297304689884
    endloop
  endfacet
  facet normal 1 0 0
    outer loop
      vertex 5 103.20000000298023 31.773502692580223
      vertex 5 113.20000000298023 37.547005385160446
      vertex 5 112.29999999701977 39.105297304689884
    endloop
  endfacet
  facet normal 1 0 0
    outer loop
      vertex 5 103.20000000298023 31.773502692580223
      vertex 5 112.29999999701977 39.105297304689884
      vertex 5 102.29999999701977 33.33179461956024
    endloop
  endfacet
  facet normal 1 0 0
    outer loop
      vertex 5 91.39999999850988 37.547005385160446
      vertex 5 103.20000000298023 31.773502692580223
      vertex 5 102.29999999701977 33.33179461956024
    endloop
  endfacet
  facet normal 1 0 0
    outer loop
      vertex 5 91.39999999850988 37.547005385160446
      vertex 5 102.29999999701977 33.33179461956024
      vertex 5 90.5 39.105297304689884
    endloop
  endfacet
  facet normal 1 0 0
    outer loop
      vertex 5 81.39999999850988 31.773502692580223
      vertex 5 91.39999999850988 37.547005385160446
      vertex 5 90.5 39.105297304689884
    endloop
  endfacet
  facet normal 1 0 0
    outer loop
      vertex 5 81.39999999850988 31.773502692580223
      vertex 5 90.5 39.105297304689884
      vertex 5 80.5 33.33179461956024
    endloop
  endfacet
  facet normal 1 0 0
    outer loop
      vertex 5 69.60000000149012 37.547005385160446
      vertex 5 81.39999999850988 31.773502692580223
      vertex 5 80.5 33.33179461956024
    endloop
  endfacet
  facet normal 1 0 0
    outer loop
      vertex 5 69.60000000149012 37.547005385160446
      vertex 5 80.5 33.33179461956024
      vertex 5 68.70000000298023 39.105297304689884
    endloop
  endfacet
  facet normal 1 0 0
    outer loop
      vertex 5 59.600000001490116 31.773502692580223
      vertex 5 69.60000000149012 37.547005385160446
      vertex 5 68.70000000298023 39.105297304689884
    endloop
  endfacet
  facet normal 1 0 0
    outer loop
      vertex 5 59.600000001490116 31.773502692580223
      vertex 5 68.70000000298023 39.105297304689884
      vertex 5 58.70000000298023 33.33179461956024
    endloop
  endfacet
  facet normal 1 0 0
    outer loop
      vertex 5 47.79999999701977 37.547005385160446
      vertex 5 59.600000001490116 31.773502692580223
      vertex 5 58.70000000298023 33.33179461956024
    endloop
  endfacet
  facet normal 1 0 0
    outer loop
      vertex 5 47.79999999701977 37.547005385160446
      vertex 5 58.70000000298023 33.33179461956024
      vertex 5 46.899999998509884 39.105297304689884
    endloop
  endfacet
  facet normal 1 0 0
    outer loop
      vertex 5 37.79999999701977 31.773502692580223
      vertex 5 47.79999999701977 37.547005385160446
      vertex 5 46.899999998509884 39.105297304689884
    endloop
  endfacet
  facet normal 1 0 0
    outer loop
      vertex 5 37.79999999701977 31.773502692580223
      vertex 5 46.899999998509884 39.105297304689884
      vertex 5 36.899999998509884 33.33179461956024
    endloop
  endfacet
  facet normal 1 0 0
    outer loop
      vertex 5 26 37.547005385160446
      vertex 5 37.79999999701977 31.773502692580223
      vertex 5 36.899999998509884 33.33179461956024
    endloop
  endfacet
  facet normal 1 0 0
    outer loop
      vertex 5 26 37.547005385160446
      vertex 5 36.899999998509884 33.33179461956024
      vertex 5 26.899999998509884 39.105297304689884
    endloop
  endfacet
  facet normal 1 0 0
    outer loop
      vertex 5 26 37.547005385160446
      vertex 5 26.899999998509884 39.105297304689884
      vertex 5 16 57.98409730941057
    endloop
  endfacet
  facet normal 1 0 0
    outer loop
      vertex 5 16 31.773502692580223
      vertex 5 26 37.547005385160446
      vertex 5 16 57.98409730941057
    endloop
  endfacet
  facet normal 1 0 0
    outer loop
      vertex 5 200.39999999850988 339.60780538618565
      vertex 5 222.20000000298023 339.60780538618565
      vertex 5 250 350
    endloop
  endfacet
  facet normal 1 0 0
    outer loop
      vertex 5 250 350
      vertex 5 232.20000000298023 296.0767026916146
      vertex 5 232.20000000298023 284.5296973064542
    endloop
  endfacet
  facet normal 1 0 0
    outer loop
      vertex 5 232.20000000298023 258.31910268962383
      vertex 5 250 350
      vertex 5 232.20000000298023 284.5296973064542
    endloop
  endfacet
  facet normal 1 0 0
    outer loop
      vertex 5 232.20000000298023 258.31910268962383
      vertex 5 232.20000000298023 284.5296973064542
      vertex 5 222.20000000298023 278.75619461387396
    endloop
  endfacet
  facet normal 1 0 0
    outer loop
      vertex 5 221.29999999701977 277.1979026943445
      vertex 5 232.20000000298023 258.31910268962383
      vertex 5 222.20000000298023 278.75619461387396
    endloop
  endfacet
  facet normal 1 0 0
    outer loop
      vertex 5 211.29999999701977 282.97140538692474
      vertex 5 221.29999999701977 277.1979026943445
      vertex 5 222.20000000298023 278.75619461387396
    endloop
  endfacet
  facet normal 1 0 0
    outer loop
      vertex 5 211.29999999701977 282.97140538692474
      vertex 5 222.20000000298023 278.75619461387396
      vertex 5 210.39999999850988 284.5296973064542
    endloop
  endfacet
  facet normal 1 0 0
    outer loop
      vertex 5 201.29999999701977 277.1979026943445
      vertex 5 211.29999999701977 282.97140538692474
      vertex 5 210.39999999850988 284.5296973064542
    endloop
  endfacet
  facet normal 1 0 0
    outer loop
      vertex 5 201.29999999701977 277.1979026943445
      vertex 5 210.39999999850988 284.5296973064542
      vertex 5 200.39999999850988 278.75619461387396
    endloop
  endfacet
  facet normal 1 0 0
    outer loop
      vertex 5 189.5 282.97140538692474
      vertex 5 201.29999999701977 277.1979026943445
      vertex 5 200.39999999850988 278.75619461387396
    endloop
  endfacet
  facet normal 1 0 0
    outer loop
      vertex 5 189.5 282.97140538692474
      vertex 5 200.39999999850988 278.75619461387396
      vertex 5 188.60000000149012 284.5296973064542
    endloop
  endfacet
  facet normal 1 0 0
    outer loop
      vertex 5 179.5 277.1979026943445
      vertex 5 189.5 282.97140538692474
      vertex 5 188.60000000149012 284.5296973064542
    endloop
  endfacet
  facet normal 1 0 0
    outer loop
      vertex 5 179.5 277.1979026943445
      vertex 5 188.60000000149012 284.5296973064542
      vertex 5 178.60000000149012 278.75619461387396
    endloop
  endfacet
  facet normal 1 0 0
    outer loop
      vertex 5 167.70000000298023 282.97140538692474
      vertex 5 179.5 277.1979026943445
      vertex 5 178.60000000149012 278.75619461387396
    endloop
  endfacet
  facet normal 1 0 0
    outer loop
      vertex 5 167.70000000298023 282.97140538692474
      vertex 5 178.60000000149012 278.75619461387396
      vertex 5 166.79999999701977 284.5296973064542
    endloop
  endfacet
  facet normal 1 0 0
    outer loop
      vertex 5 157.70000000298023 277.1979026943445
      vertex 5 167.70000000298023 282.97140538692474
      vertex 5 166.79999999701977 284.5296973064542
    endloop
  endfacet
  facet normal 1 0 0
    outer loop
      vertex 5 157.70000000298023 277.1979026943445
      vertex 5 166.79999999701977 284.5296973064542
      vertex 5 156.79999999701977 278.75619461387396
    endloop
  endfacet
  facet normal 1 0 0
    outer loop
      vertex 5 145.89999999850988 282.97140538692474
      vertex 5 157.70000000298023 277.1979026943445
      vertex 5 156.79999999701977 278.75619461387396
    endloop
  endfacet
  facet normal 1 0 0
    outer loop
      vertex 5 145.89999999850988 282.97140538692474
      vertex 5 156.79999999701977 278.75619461387396
      vertex 5 145 284.5296973064542
    endloop
  endfacet
  facet normal 1 0 0
    outer loop
      vertex 5 135.89999999850988 277.1979026943445
      vertex 5 145.89999999850988 282.97140538692474
      vertex 5 145 284.5296973064542
    endloop
  endfacet
  facet normal 1 0 0
    outer loop
      vertex 5 135.89999999850988 277.1979026943445
      vertex 5 145 284.5296973064542
      vertex 5 135 278.75619461387396
    endloop
  endfacet
  facet normal 1 0 0
    outer loop
      vertex 5 124.10000000149012 282.97140538692474
      vertex 5 135.89999999850988 277.1979026943445
      vertex 5 135 278.75619461387396
    endloop
  endfacet
  facet normal 1 0 0
    outer loop
      vertex 5 124.10000000149012 282.97140538692474
      vertex 5 135 278.75619461387396
      vertex 5 123.20000000298023 284.5296973064542
    endloop
  endfacet
  facet normal 1 0 0
    outer loop
      vertex 5 114.10000000149012 277.1979026943445
      vertex 5 124.10000000149012 282.97140538692474
      vertex 5 123.20000000298023 284.5296973064542
    endloop
  endfacet
  facet normal 1 0 0
    outer loop
      vertex 5 114.10000000149012 277.1979026943445
      vertex 5 123.20000000298023 284.5296973064542
      vertex 5 113.20000000298023 278.75619461387396
    endloop
  endfacet
  facet normal 1 0 0
    outer loop
      vertex 5 102.29999999701977 282.97140538692474
      vertex 5 114.10000000149012 277.1979026943445
      vertex 5 113.20000000298023 278.75619461387396
    endloop
  endfacet
  facet normal 1 0 0
    outer loop
      vertex 5 102.29999999701977 282.97140538692474
      vertex 5 113.20000000298023 278.75619461387396
      vertex 5 101.39999999850988 284.5296973064542
    endloop
  endfacet
  facet normal 1 0 0
    outer loop
      vertex 5 92.29999999701977 277.1979026943445
      vertex 5 102.29999999701977 282.97140538692474
      vertex 5 101.39999999850988 284.5296973064542
    endloop
  endfacet
  facet normal 1 0 0
    outer loop
      vertex 5 92.29999999701977 277.1979026943445
      vertex 5 101.39999999850988 284.5296973064542
      vertex 5 91.39999999850988 278.75619461387396
    endloop
  endfacet
  facet normal 1 0 0
    outer loop
      vertex 5 80.5 282.97140538692474
      vertex 5 92.29999999701977 277.1979026943445
      vertex 5 91.39999999850988 278.75619461387396
    endloop
  endfacet
  facet normal 1 0 0
    outer loop
      vertex 5 80.5 282.97140538692474
      vertex 5 91.39999999850988 278.75619461387396
      vertex 5 79.60000000149012 284.5296973064542
    endloop
  endfacet
  facet normal 1 0 0
    outer loop
      vertex 5 70.5 277.1979026943445
      vertex 5 80.5 282.97140538692474
      vertex 5 79.60000000149012 284.5296973064542
    endloop
  endfacet
  facet normal 1 0 0
    outer loop
      vertex 5 70.5 277.1979026943445
      vertex 5 79.60000000149012 284.5296973064542
      vertex 5 69.60000000149012 278.75619461387396
    endloop
  endfacet
  facet normal 1 0 0
    outer loop
      vertex 5 58.70000000298023 282.97140538692474
      vertex 5 70.5 277.1979026943445
      vertex 5 69.60000000149012 278.75619461387396
    endloop
  endfacet
  facet normal 1 0 0
    outer loop
      vertex 5 58.70000000298023 282.97140538692474
      vertex 5 69.60000000149012 278.75619461387396
      vertex 5 57.79999999701977 284.5296973064542
    endloop
  endfacet
  facet normal 1 0 0
    outer loop
      vertex 5 48.70000000298023 277.1979026943445
      vertex 5 58.70000000298023 282.97140538692474
      vertex 5 57.79999999701977 284.5296973064542
    endloop
  endfacet
  facet normal 1 0 0
    outer loop
      vertex 5 48.70000000298023 277.1979026943445
      vertex 5 57.79999999701977 284.5296973064542
      vertex 5 47.79999999701977 278.75619461387396
    endloop
  endfacet
  facet normal 1 0 0
    outer loop
      vertex 5 36.899999998509884 282.97140538692474
      vertex 5 48.70000000298023 277.1979026943445
      vertex 5 47.79999999701977 278.75619461387396
    endloop
  endfacet
  facet normal 1 0 0
    outer loop
      vertex 5 36.899999998509884 282.97140538692474
      vertex 5 47.79999999701977 278.75619461387396
      vertex 5 36 284.5296973064542
    endloop
  endfacet
  facet normal 1 0 0
    outer loop
      vertex 5 26.899999998509884 277.1979026943445
      vertex 5 36.899999998509884 282.97140538692474
      vertex 5 36 284.5296973064542
    endloop
  endfacet
  facet normal 1 0 0
    outer loop
      vertex 5 26.899999998509884 277.1979026943445
      vertex 5 36 284.5296973064542
      vertex 5 26 278.75619461387396
    endloop
  endfacet
  facet normal 1 0 0
    outer loop
      vertex 5 16 258.31910268962383
      vertex 5 26.899999998509884 277.1979026943445
      vertex 5 26 278.75619461387396
    endloop
  endfacet
  facet normal 1 0 0
    outer loop
      vertex 5 16 258.31910268962383
      vertex 5 26 278.75619461387396
      vertex 5 16 284.5296973064542
    endloop
  endfacet
  facet normal 1 0 0
    outer loop
      vertex 5 250 0
      vertex 5 200.39999999850988 14.452994614839554
      vertex 5 178.60000000149012 14.452994614839554
    endloop
  endfacet
  facet normal 1 0 0
    outer loop
      vertex 5 250 0
      vertex 5 232.20000000298023 145.04630269110203
      vertex 5 232.20000000298023 107.28870268911123
    endloop
  endfacet
  facet normal 1 0 0
    outer loop
      vertex 5 250 0
      vertex 5 232.20000000298023 107.28870268911123
      vertex 5 232.20000000298023 95.74169731140137
    endloop
  endfacet
  facet normal 1 0 0
    outer loop
      vertex 5 232.20000000298023 69.53110269457102
      vertex 5 250 0
      vertex 5 232.20000000298023 95.74169731140137
    endloop
  endfacet
  facet normal 1 0 0
    outer loop
      vertex 5 222.20000000298023 75.30460538715124
      vertex 5 232.20000000298023 69.53110269457102
      vertex 5 232.20000000298023 95.74169731140137
    endloop
  endfacet
  facet normal 1 0 0
    outer loop
      vertex 5 222.20000000298023 75.30460538715124
      vertex 5 232.20000000298023 95.74169731140137
      vertex 5 221.29999999701977 76.86289730668068
    endloop
  endfacet
  facet normal 1 0 0
    outer loop
      vertex 5 212.20000000298023 69.53110269457102
      vertex 5 222.20000000298023 75.30460538715124
      vertex 5 221.29999999701977 76.86289730668068
    endloop
  endfacet
  facet normal 1 0 0
    outer loop
      vertex 5 212.20000000298023 69.53110269457102
      vertex 5 221.29999999701977 76.86289730668068
      vertex 5 211.29999999701977 71.08939461410046
    endloop
  endfacet
  facet normal 1 0 0
    outer loop
      vertex 5 200.39999999850988 75.30460538715124
      vertex 5 212.20000000298023 69.53110269457102
      vertex 5 211.29999999701977 71.08939461410046
    endloop
  endfacet
  facet normal 1 0 0
    outer loop
      vertex 5 200.39999999850988 75.30460538715124
      vertex 5 211.29999999701977 71.08939461410046
      vertex 5 199.5 76.86289730668068
    endloop
  endfacet
  facet normal 1 0 0
    outer loop
      vertex 5 190.39999999850988 69.53110269457102
      vertex 5 200.39999999850988 75.30460538715124
      vertex 5 199.5 76.86289730668068
    endloop
  endfacet
  facet normal 1 0 0
    outer loop
      vertex 5 190.39999999850988 69.53110269457102
      vertex 5 199.5 76.86289730668068
      vertex 5 189.5 71.08939461410046
    endloop
  endfacet
  facet normal 1 0 0
    outer loop
      vertex 5 178.60000000149012 75.30460538715124
      vertex 5 190.39999999850988 69.53110269457102
      vertex 5 189.5 71.08939461410046
    endloop
  endfacet
  facet normal 1 0 0
    outer loop
      vertex 5 178.60000000149012 75.30460538715124
      vertex 5 189.5 71.08939461410046
      vertex 5 177.70000000298023 76.86289730668068
    endloop
  endfacet
  facet normal 1 0 0
    outer loop
      vertex 5 168.60000000149012 69.53110269457102
      vertex 5 178.60000000149012 75.30460538715124
      vertex 5 177.70000000298023 76.86289730668068
    endloop
  endfacet
  facet normal 1 0 0
    outer loop
      vertex 5 168.60000000149012 69.53110269457102
      vertex 5 177.70000000298023 76.86289730668068
      vertex 5 167.70000000298023 71.08939461410046
    endloop
  endfacet
  facet normal 1 0 0
    outer loop
      vertex 5 156.79999999701977 75.30460538715124
      vertex 5 168.60000000149012 69.53110269457102
      vertex 5 167.70000000298023 71.08939461410046
    endloop
  endfacet
  facet normal 1 0 0
    outer loop
      vertex 5 156.79999999701977 75.30460538715124
      vertex 5 167.70000000298023 71.08939461410046
      vertex 5 155.89999999850988 76.86289730668068
    endloop
  endfacet
  facet normal 1 0 0
    outer loop
      vertex 5 146.79999999701977 69.53110269457102
      vertex 5 156.79999999701977 75.30460538715124
      vertex 5 155.89999999850988 76.86289730668068
    endloop
  endfacet
  facet normal 1 0 0
    outer loop
      vertex 5 146.79999999701977 69.53110269457102
      vertex 5 155.89999999850988 76.86289730668068
      vertex 5 145.89999999850988 71.08939461410046
    endloop
  endfacet
  facet normal 1 0 0
    outer loop
      vertex 5 135 75.30460538715124
      vertex 5 146.79999999701977 69.53110269457102
      vertex 5 145.89999999850988 71.08939461410046
    endloop
  endfacet
  facet normal 1 0 0
    outer loop
      vertex 5 135 75.30460538715124
      vertex 5 145.89999999850988 71.08939461410046
      vertex 5 134.10000000149012 76.86289730668068
    endloop
  endfacet
  facet normal 1 0 0
    outer loop
      vertex 5 125 69.53110269457102
      vertex 5 135 75.30460538715124
      vertex 5 134.10000000149012 76.86289730668068
    endloop
  endfacet
  facet normal 1 0 0
    outer loop
      vertex 5 125 69.53110269457102
      vertex 5 134.10000000149012 76.86289730668068
      vertex 5 124.10000000149012 71.08939461410046
    endloop
  endfacet
  facet normal 1 0 0
    outer loop
      vertex 5 113.20000000298023 75.30460538715124
      vertex 5 125 69.53110269457102
      vertex 5 124.10000000149012 71.08939461410046
    endloop
  endfacet
  facet normal 1 0 0
    outer loop
      vertex 5 113.20000000298023 75.30460538715124
      vertex 5 124.10000000149012 71.08939461410046
      vertex 5 112.29999999701977 76.86289730668068
    endloop
  endfacet
  facet normal 1 0 0
    outer loop
      vertex 5 103.20000000298023 69.53110269457102
      vertex 5 113.20000000298023 75.30460538715124
      vertex 5 112.29999999701977 76.86289730668068
    endloop
  endfacet
  facet normal 1 0 0
    outer loop
      vertex 5 103.20000000298023 69.53110269457102
      vertex 5 112.29999999701977 76.86289730668068
      vertex 5 102.29999999701977 71.08939461410046
    endloop
  endfacet
  facet normal 1 0 0
    outer loop
      vertex 5 91.39999999850988 75.30460538715124
      vertex 5 103.20000000298023 69.53110269457102
      vertex 5 102.29999999701977 71.08939461410046
    endloop
  endfacet
  facet normal 1 0 0
    outer loop
      vertex 5 91.39999999850988 75.30460538715124
      vertex 5 102.29999999701977 71.08939461410046
      vertex 5 90.5 76.86289730668068
    endloop
  endfacet
  facet normal 1 0 0
    outer loop
      vertex 5 81.39999999850988 69.53110269457102
      vertex 5 91.39999999850988 75.30460538715124
      vertex 5 90.5 76.86289730668068
    endloop
  endfacet
  facet normal 1 0 0
    outer loop
      vertex 5 81.39999999850988 69.53110269457102
      vertex 5 90.5 76.86289730668068
      vertex 5 80.5 71.08939461410046
    endloop
  endfacet
  facet normal 1 0 0
    outer loop
      vertex 5 69.60000000149012 75.30460538715124
      vertex 5 81.39999999850988 69.53110269457102
      vertex 5 80.5 71.08939461410046
    endloop
  endfacet
  facet normal 1 0 0
    outer loop
      vertex 5 69.60000000149012 75.30460538715124
      vertex 5 80.5 71.08939461410046
      vertex 5 68.70000000298023 76.86289730668068
    endloop
  endfacet
  facet normal 1 0 0
    outer loop
      vertex 5 59.600000001490116 69.53110269457102
      vertex 5 69.60000000149012 75.30460538715124
      vertex 5 68.70000000298023 76.86289730668068
    endloop
  endfacet
  facet normal 1 0 0
    outer loop
      vertex 5 59.600000001490116 69.53110269457102
      vertex 5 68.70000000298023 76.86289730668068
      vertex 5 58.70000000298023 71.08939461410046
    endloop
  endfacet
  facet normal 1 0 0
    outer loop
      vertex 5 47.79999999701977 75.30460538715124
      vertex 5 59.600000001490116 69.53110269457102
      vertex 5 58.70000000298023 71.08939461410046
    endloop
  endfacet
  facet normal 1 0 0
    outer loop
      vertex 5 47.79999999701977 75.30460538715124
      vertex 5 58.70000000298023 71.08939461410046
      vertex 5 46.899999998509884 76.86289730668068
    endloop
  endfacet
  facet normal 1 0 0
    outer loop
      vertex 5 37.79999999701977 69.53110269457102
      vertex 5 47.79999999701977 75.30460538715124
      vertex 5 46.899999998509884 76.86289730668068
    endloop
  endfacet
  facet normal 1 0 0
    outer loop
      vertex 5 37.79999999701977 69.53110269457102
      vertex 5 46.899999998509884 76.86289730668068
      vertex 5 36.899999998509884 71.08939461410046
    endloop
  endfacet
  facet normal 1 0 0
    outer loop
      vertex 5 26 75.30460538715124
      vertex 5 37.79999999701977 69.53110269457102
      vertex 5 36.899999998509884 71.08939461410046
    endloop
  endfacet
  facet normal 1 0 0
    outer loop
      vertex 5 26 75.30460538715124
      vertex 5 36.899999998509884 71.08939461410046
      vertex 5 26.899999998509884 76.86289730668068
    endloop
  endfacet
  facet normal 1 0 0
    outer loop
      vertex 5 26 75.30460538715124
      vertex 5 26.899999998509884 76.86289730668068
      vertex 5 16 95.74169731140137
    endloop
  endfacet
  facet normal 1 0 0
    outer loop
      vertex 5 16 69.53110269457102
      vertex 5 26 75.30460538715124
      vertex 5 16 95.74169731140137
    endloop
  endfacet
  facet normal 1 0 0
    outer loop
      vertex 5 178.60000000149012 339.60780538618565
      vertex 5 200.39999999850988 339.60780538618565
      vertex 5 250 350
    endloop
  endfacet
  facet normal 1 0 0
    outer loop
      vertex 5 250 0
      vertex 5 178.60000000149012 14.452994614839554
      vertex 5 156.79999999701977 14.452994614839554
    endloop
  endfacet
  facet normal 1 0 0
    outer loop
      vertex 5 0 0
      vertex 5 250 0
      vertex 5 156.79999999701977 14.452994614839554
    endloop
  endfacet
  facet normal 1 0 0
    outer loop
      vertex 5 250 350
      vertex 5 232.20000000298023 258.31910268962383
      vertex 5 232.20000000298023 246.7720973044634
    endloop
  endfacet
  facet normal 1 0 0
    outer loop
      vertex 5 232.20000000298023 220.56150269508362
      vertex 5 250 350
      vertex 5 232.20000000298023 246.7720973044634
    endloop
  endfacet
  facet normal 1 0 0
    outer loop
      vertex 5 232.20000000298023 220.56150269508362
      vertex 5 232.20000000298023 246.7720973044634
      vertex 5 222.20000000298023 240.99859461933374
    endloop
  endfacet
  facet normal 1 0 0
    outer loop
      vertex 5 221.29999999701977 239.44030269235373
      vertex 5 232.20000000298023 220.56150269508362
      vertex 5 222.20000000298023 240.99859461933374
    endloop
  endfacet
  facet normal 1 0 0
    outer loop
      vertex 5 211.29999999701977 245.21380538493395
      vertex 5 221.29999999701977 239.44030269235373
      vertex 5 222.20000000298023 240.99859461933374
    endloop
  endfacet
  facet normal 1 0 0
    outer loop
      vertex 5 211.29999999701977 245.21380538493395
      vertex 5 222.20000000298023 240.99859461933374
      vertex 5 210.39999999850988 246.7720973044634
    endloop
  endfacet
  facet normal 1 0 0
    outer loop
      vertex 5 201.29999999701977 239.44030269235373
      vertex 5 211.29999999701977 245.21380538493395
      vertex 5 210.39999999850988 246.7720973044634
    endloop
  endfacet
  facet normal 1 0 0
    outer loop
      vertex 5 201.29999999701977 239.44030269235373
      vertex 5 210.39999999850988 246.7720973044634
      vertex 5 200.39999999850988 240.99859461933374
    endloop
  endfacet
  facet normal 1 0 0
    outer loop
      vertex 5 189.5 245.21380538493395
      vertex 5 201.29999999701977 239.44030269235373
      vertex 5 200.39999999850988 240.99859461933374
    endloop
  endfacet
  facet normal 1 0 0
    outer loop
      vertex 5 189.5 245.21380538493395
      vertex 5 200.39999999850988 240.99859461933374
      vertex 5 188.60000000149012 246.7720973044634
    endloop
  endfacet
  facet normal 1 0 0
    outer loop
      vertex 5 179.5 239.44030269235373
      vertex 5 189.5 245.21380538493395
      vertex 5 188.60000000149012 246.7720973044634
    endloop
  endfacet
  facet normal 1 0 0
    outer loop
      vertex 5 179.5 239.44030269235373
      vertex 5 188.60000000149012 246.7720973044634
      vertex 5 178.60000000149012 240.99859461933374
    endloop
  endfacet
  facet normal 1 0 0
    outer loop
      vertex 5 167.70000000298023 245.21380538493395
      vertex 5 179.5 239.44030269235373
      vertex 5 178.60000000149012 240.99859461933374
    endloop
  endfacet
  facet normal 1 0 0
    outer loop
      vertex 5 167.70000000298023 245.21380538493395
      vertex 5 178.60000000149012 240.99859461933374
      vertex 5 166.79999999701977 246.7720973044634
    endloop
  endfacet
  facet normal 1 0 0
    outer loop
      vertex 5 157.70000000298023 239.44030269235373
      vertex 5 167.70000000298023 245.21380538493395
      vertex 5 166.79999999701977 246.7720973044634
    endloop
  endfacet
  facet normal 1 0 0
    outer loop
      vertex 5 157.70000000298023 239.44030269235373
      vertex 5 166.79999999701977 246.7720973044634
      vertex 5 156.79999999701977 240.99859461933374
    endloop
  endfacet
  facet normal 1 0 0
    outer loop
      vertex 5 145.89999999850988 245.21380538493395
      vertex 5 157.70000000298023 239.44030269235373
      vertex 5 156.79999999701977 240.99859461933374
    endloop
  endfacet
  facet normal 1 0 0
    outer loop
      vertex 5 145.89999999850988 245.21380538493395
      vertex 5 156.79999999701977 240.99859461933374
      vertex 5 145 246.7720973044634
    endloop
  endfacet
  facet normal 1 0 0
    outer loop
      vertex 5 135.89999999850988 239.44030269235373
      vertex 5 145.89999999850988 245.21380538493395
      vertex 5 145 246.7720973044634
    endloop
  endfacet
  facet normal 1 0 0
    outer loop
      vertex 5 135.89999999850988 239.44030269235373
      vertex 5 145 246.7720973044634
      vertex 5 135 240.99859461933374
    endloop
  endfacet
  facet normal 1 0 0
    outer loop
      vertex 5 124.10000000149012 245.21380538493395
      vertex 5 135.89999999850988 239.44030269235373
      vertex 5 135 240.99859461933374
    endloop
  endfacet
  facet normal 1 0 0
    outer loop
      vertex 5 124.10000000149012 245.21380538493395
      vertex 5 135 240.99859461933374
      vertex 5 123.20000000298023 246.7720973044634
    endloop
  endfacet
  facet normal 1 0 0
    outer loop
      vertex 5 114.10000000149012 239.44030269235373
      vertex 5 124.10000000149012 245.21380538493395
      vertex 5 123.20000000298023 246.7720973044634
    endloop
  endfacet
  facet normal 1 0 0
    outer loop
      vertex 5 114.10000000149012 239.44030269235373
      vertex 5 123.20000000298023 246.7720973044634
      vertex 5 113.20000000298023 240.99859461933374
    endloop
  endfacet
  facet normal 1 0 0
    outer loop
      vertex 5 102.29999999701977 245.21380538493395
      vertex 5 114.10000000149012 239.44030269235373
      vertex 5 113.20000000298023 240.99859461933374
    endloop
  endfacet
  facet normal 1 0 0
    outer loop
      vertex 5 102.29999999701977 245.21380538493395
      vertex 5 113.20000000298023 240.99859461933374
      vertex 5 101.39999999850988 246.7720973044634
    endloop
  endfacet
  facet normal 1 0 0
    outer loop
      vertex 5 92.29999999701977 239.44030269235373
      vertex 5 102.29999999701977 245.21380538493395
      vertex 5 101.39999999850988 246.7720973044634
    endloop
  endfacet
  facet normal 1 0 0
    outer loop
      vertex 5 92.29999999701977 239.44030269235373
      vertex 5 101.39999999850988 246.7720973044634
      vertex 5 91.39999999850988 240.99859461933374
    endloop
  endfacet
  facet normal 1 0 0
    outer loop
      vertex 5 80.5 245.21380538493395
      vertex 5 92.29999999701977 239.44030269235373
      vertex 5 91.39999999850988 240.99859461933374
    endloop
  endfacet
  facet normal 1 0 0
    outer loop
      vertex 5 80.5 245.21380538493395
      vertex 5 91.39999999850988 240.99859461933374
      vertex 5 79.60000000149012 246.7720973044634
    endloop
  endfacet
  facet normal 1 0 0
    outer loop
      vertex 5 70.5 239.44030269235373
      vertex 5 80.5 245.21380538493395
      vertex 5 79.60000000149012 246.7720973044634
    endloop
  endfacet
  facet normal 1 0 0
    outer loop
      vertex 5 70.5 239.44030269235373
      vertex 5 79.60000000149012 246.7720973044634
      vertex 5 69.60000000149012 240.99859461933374
    endloop
  endfacet
  facet normal 1 0 0
    outer loop
      vertex 5 58.70000000298023 245.21380538493395
      vertex 5 70.5 239.44030269235373
      vertex 5 69.60000000149012 240.99859461933374
    endloop
  endfacet
  facet normal 1 0 0
    outer loop
      vertex 5 58.70000000298023 245.21380538493395
      vertex 5 69.60000000149012 240.99859461933374
      vertex 5 57.79999999701977 246.7720973044634
    endloop
  endfacet
  facet normal 1 0 0
    outer loop
      vertex 5 48.70000000298023 239.44030269235373
      vertex 5 58.70000000298023 245.21380538493395
      vertex 5 57.79999999701977 246.7720973044634
    endloop
  endfacet
  facet normal 1 0 0
    outer loop
      vertex 5 48.70000000298023 239.44030269235373
      vertex 5 57.79999999701977 246.7720973044634
      vertex 5 47.79999999701977 240.99859461933374
    endloop
  endfacet
  facet normal 1 0 0
    outer loop
      vertex 5 36.899999998509884 245.21380538493395
      vertex 5 48.70000000298023 239.44030269235373
      vertex 5 47.79999999701977 240.99859461933374
    endloop
  endfacet
  facet normal 1 0 0
    outer loop
      vertex 5 36.899999998509884 245.21380538493395
      vertex 5 47.79999999701977 240.99859461933374
      vertex 5 36 246.7720973044634
    endloop
  endfacet
  facet normal 1 0 0
    outer loop
      vertex 5 26.899999998509884 239.44030269235373
      vertex 5 36.899999998509884 245.21380538493395
      vertex 5 36 246.7720973044634
    endloop
  endfacet
  facet normal 1 0 0
    outer loop
      vertex 5 26.899999998509884 239.44030269235373
      vertex 5 36 246.7720973044634
      vertex 5 26 240.99859461933374
    endloop
  endfacet
  facet normal 1 0 0
    outer loop
      vertex 5 16 220.56150269508362
      vertex 5 26.899999998509884 239.44030269235373
      vertex 5 26 240.99859461933374
    endloop
  endfacet
  facet normal 1 0 0
    outer loop
      vertex 5 16 220.56150269508362
      vertex 5 26 240.99859461933374
      vertex 5 16 246.7720973044634
    endloop
  endfacet
  facet normal 1 0 0
    outer loop
      vertex 5 0 0
      vertex 5 156.79999999701977 14.452994614839554
      vertex 5 135 14.452994614839554
    endloop
  endfacet
  facet normal 1 0 0
    outer loop
      vertex 5 0 0
      vertex 5 135 14.452994614839554
      vertex 5 113.20000000298023 14.452994614839554
    endloop
  endfacet
  facet normal 1 0 0
    outer loop
      vertex 5 0 0
      vertex 5 113.20000000298023 14.452994614839554
      vertex 5 91.39999999850988 14.452994614839554
    endloop
  endfacet
  facet normal 1 0 0
    outer loop
      vertex 5 0 0
      vertex 5 91.39999999850988 14.452994614839554
      vertex 5 69.60000000149012 14.452994614839554
    endloop
  endfacet
  facet normal 1 0 0
    outer loop
      vertex 5 0 0
      vertex 5 69.60000000149012 14.452994614839554
      vertex 5 47.79999999701977 14.452994614839554
    endloop
  endfacet
  facet normal 1 0 0
    outer loop
      vertex 5 0 0
      vertex 5 47.79999999701977 14.452994614839554
      vertex 5 26 14.452994614839554
    endloop
  endfacet
  facet normal 1 0 0
    outer loop
      vertex 5 0 0
      vertex 5 26 14.452994614839554
      vertex 5 16 20.226497307419777
    endloop
  endfacet
  facet normal 1 0 0
    outer loop
      vertex 5 0 0
      vertex 5 16 20.226497307419777
      vertex 5 16 31.773502692580223
    endloop
  endfacet
  facet normal 1 0 0
    outer loop
      vertex 5 0 0
      vertex 5 16 31.773502692580223
      vertex 5 16 57.98409730941057
    endloop
  endfacet
  facet normal 1 0 0
    outer loop
      vertex 5 0 0
      vertex 5 16 57.98409730941057
      vertex 5 16 69.53110269457102
    endloop
  endfacet
  facet normal 1 0 0
    outer loop
      vertex 5 0 0
      vertex 5 16 69.53110269457102
      vertex 5 16 95.74169731140137
    endloop
  endfacet
  facet normal 1 0 0
    outer loop
      vertex 5 0 0
      vertex 5 16 95.74169731140137
      vertex 5 16 107.28870268911123
    endloop
  endfacet
  facet normal 1 0 0
    outer loop
      vertex 5 250 0
      vertex 5 250 350
      vertex 5 232.20000000298023 182.80390269309282
    endloop
  endfacet
  facet normal 1 0 0
    outer loop
      vertex 5 250 0
      vertex 5 232.20000000298023 182.80390269309282
      vertex 5 232.20000000298023 171.25689730793238
    endloop
  endfacet
  facet normal 1 0 0
    outer loop
      vertex 5 232.20000000298023 145.04630269110203
      vertex 5 250 0
      vertex 5 232.20000000298023 171.25689730793238
    endloop
  endfacet
  facet normal 1 0 0
    outer loop
      vertex 5 232.20000000298023 145.04630269110203
      vertex 5 232.20000000298023 171.25689730793238
      vertex 5 222.20000000298023 165.48339461535215
    endloop
  endfacet
  facet normal 1 0 0
    outer loop
      vertex 5 221.29999999701977 163.92510268837214
      vertex 5 232.20000000298023 145.04630269110203
      vertex 5 222.20000000298023 165.48339461535215
    endloop
  endfacet
  facet normal 1 0 0
    outer loop
      vertex 5 211.29999999701977 169.69860538095236
      vertex 5 221.29999999701977 163.92510268837214
      vertex 5 222.20000000298023 165.48339461535215
    endloop
  endfacet
  facet normal 1 0 0
    outer loop
      vertex 5 211.29999999701977 169.69860538095236
      vertex 5 222.20000000298023 165.48339461535215
      vertex 5 210.39999999850988 171.25689730793238
    endloop
  endfacet
  facet normal 1 0 0
    outer loop
      vertex 5 201.29999999701977 163.92510268837214
      vertex 5 211.29999999701977 169.69860538095236
      vertex 5 210.39999999850988 171.25689730793238
    endloop
  endfacet
  facet normal 1 0 0
    outer loop
      vertex 5 201.29999999701977 163.92510268837214
      vertex 5 210.39999999850988 171.25689730793238
      vertex 5 200.39999999850988 165.48339461535215
    endloop
  endfacet
  facet normal 1 0 0
    outer loop
      vertex 5 189.5 169.69860538095236
      vertex 5 201.29999999701977 163.92510268837214
      vertex 5 200.39999999850988 165.48339461535215
    endloop
  endfacet
  facet normal 1 0 0
    outer loop
      vertex 5 189.5 169.69860538095236
      vertex 5 200.39999999850988 165.48339461535215
      vertex 5 188.60000000149012 171.25689730793238
    endloop
  endfacet
  facet normal 1 0 0
    outer loop
      vertex 5 179.5 163.92510268837214
      vertex 5 189.5 169.69860538095236
      vertex 5 188.60000000149012 171.25689730793238
    endloop
  endfacet
  facet normal 1 0 0
    outer loop
      vertex 5 179.5 163.92510268837214
      vertex 5 188.60000000149012 171.25689730793238
      vertex 5 178.60000000149012 165.48339461535215
    endloop
  endfacet
  facet normal 1 0 0
    outer loop
      vertex 5 167.70000000298023 169.69860538095236
      vertex 5 179.5 163.92510268837214
      vertex 5 178.60000000149012 165.48339461535215
    endloop
  endfacet
  facet normal 1 0 0
    outer loop
      vertex 5 167.70000000298023 169.69860538095236
      vertex 5 178.60000000149012 165.48339461535215
      vertex 5 166.79999999701977 171.25689730793238
    endloop
  endfacet
  facet normal 1 0 0
    outer loop
      vertex 5 157.70000000298023 163.92510268837214
      vertex 5 167.70000000298023 169.69860538095236
      vertex 5 166.79999999701977 171.25689730793238
    endloop
  endfacet
  facet normal 1 0 0
    outer loop
      vertex 5 157.70000000298023 163.92510268837214
      vertex 5 166.79999999701977 171.25689730793238
      vertex 5 156.79999999701977 165.48339461535215
    endloop
  endfacet
  facet normal 1 0 0
    outer loop
      vertex 5 145.89999999850988 169.69860538095236
      vertex 5 157.70000000298023 163.92510268837214
      vertex 5 156.79999999701977 165.48339461535215
    endloop
  endfacet
  facet normal 1 0 0
    outer loop
      vertex 5 145.89999999850988 169.69860538095236
      vertex 5 156.79999999701977 165.48339461535215
      vertex 5 145 171.25689730793238
    endloop
  endfacet
  facet normal 1 0 0
    outer loop
      vertex 5 135.89999999850988 163.92510268837214
      vertex 5 145.89999999850988 169.69860538095236
      vertex 5 145 171.25689730793238
    endloop
  endfacet
  facet normal 1 0 0
    outer loop
      vertex 5 135.89999999850988 163.92510268837214
      vertex 5 145 171.25689730793238
      vertex 5 135 165.48339461535215
    endloop
  endfacet
  facet normal 1 0 0
    outer loop
      vertex 5 124.10000000149012 169.69860538095236
      vertex 5 135.89999999850988 163.92510268837214
      vertex 5 135 165.48339461535215
    endloop
  endfacet
  facet normal 1 0 0
    outer loop
      vertex 5 124.10000000149012 169.69860538095236
      vertex 5 135 165.48339461535215
      vertex 5 123.20000000298023 171.25689730793238
    endloop
  endfacet
  facet normal 1 0 0
    outer loop
      vertex 5 114.10000000149012 163.92510268837214
      vertex 5 124.10000000149012 169.69860538095236
      vertex 5 123.20000000298023 171.25689730793238
    endloop
  endfacet
  facet normal 1 0 0
    outer loop
      vertex 5 114.10000000149012 163.92510268837214
      vertex 5 123.20000000298023 171.25689730793238
      vertex 5 113.20000000298023 165.48339461535215
    endloop
  endfacet
  facet normal 1 0 0
    outer loop
      vertex 5 102.29999999701977 169.69860538095236
      vertex 5 114.10000000149012 163.92510268837214
      vertex 5 113.20000000298023 165.48339461535215
    endloop
  endfacet
  facet normal 1 0 0
    outer loop
      vertex 5 102.29999999701977 169.69860538095236
      vertex 5 113.20000000298023 165.48339461535215
      vertex 5 101.39999999850988 171.25689730793238
    endloop
  endfacet
  facet normal 1 0 0
    outer loop
      vertex 5 92.29999999701977 163.92510268837214
      vertex 5 102.29999999701977 169.69860538095236
      vertex 5 101.39999999850988 171.25689730793238
    endloop
  endfacet
  facet normal 1 0 0
    outer loop
      vertex 5 92.29999999701977 163.92510268837214
      vertex 5 101.39999999850988 171.25689730793238
      vertex 5 91.39999999850988 165.48339461535215
    endloop
  endfacet
  facet normal 1 0 0
    outer loop
      vertex 5 80.5 169.69860538095236
      vertex 5 92.29999999701977 163.92510268837214
      vertex 5 91.39999999850988 165.48339461535215
    endloop
  endfacet
  facet normal 1 0 0
    outer loop
      vertex 5 80.5 169.69860538095236
      vertex 5 91.39999999850988 165.48339461535215
      vertex 5 79.60000000149012 171.25689730793238
    endloop
  endfacet
  facet normal 1 0 0
    outer loop
      vertex 5 70.5 163.92510268837214
      vertex 5 80.5 169.69860538095236
      vertex 5 79.60000000149012 171.25689730793238
    endloop
  endfacet
  facet normal 1 0 0
    outer loop
      vertex 5 70.5 163.92510268837214
      vertex 5 79.60000000149012 171.25689730793238
      vertex 5 69.60000000149012 165.48339461535215
    endloop
  endfacet
  facet normal 1 0 0
    outer loop
      vertex 5 58.70000000298023 169.69860538095236
      vertex 5 70.5 163.92510268837214
      vertex 5 69.60000000149012 165.48339461535215
    endloop
  endfacet
  facet normal 1 0 0
    outer loop
      vertex 5 58.70000000298023 169.69860538095236
      vertex 5 69.60000000149012 165.48339461535215
      vertex 5 57.79999999701977 171.25689730793238
    endloop
  endfacet
  facet normal 1 0 0
    outer loop
      vertex 5 48.70000000298023 163.92510268837214
      vertex 5 58.70000000298023 169.69860538095236
      vertex 5 57.79999999701977 171.25689730793238
    endloop
  endfacet
  facet normal 1 0 0
    outer loop
      vertex 5 48.70000000298023 163.92510268837214
      vertex 5 57.79999999701977 171.25689730793238
      vertex 5 47.79999999701977 165.48339461535215
    endloop
  endfacet
  facet normal 1 0 0
    outer loop
      vertex 5 36.899999998509884 169.69860538095236
      vertex 5 48.70000000298023 163.92510268837214
      vertex 5 47.79999999701977 165.48339461535215
    endloop
  endfacet
  facet normal 1 0 0
    outer loop
      vertex 5 36.899999998509884 169.69860538095236
      vertex 5 47.79999999701977 165.48339461535215
      vertex 5 36 171.25689730793238
    endloop
  endfacet
  facet normal 1 0 0
    outer loop
      vertex 5 26.899999998509884 163.92510268837214
      vertex 5 36.899999998509884 169.69860538095236
      vertex 5 36 171.25689730793238
    endloop
  endfacet
  facet normal 1 0 0
    outer loop
      vertex 5 26.899999998509884 163.92510268837214
      vertex 5 36 171.25689730793238
      vertex 5 26 165.48339461535215
    endloop
  endfacet
  facet normal 1 0 0
    outer loop
      vertex 5 16 145.04630269110203
      vertex 5 26.899999998509884 163.92510268837214
      vertex 5 26 165.48339461535215
    endloop
  endfacet
  facet normal 1 0 0
    outer loop
      vertex 5 16 145.04630269110203
      vertex 5 26 165.48339461535215
      vertex 5 16 171.25689730793238
    endloop
  endfacet
  facet normal 1 0 0
    outer loop
      vertex 5 0 0
      vertex 5 16 107.28870268911123
      vertex 5 16 133.49929730594158
    endloop
  endfacet
  facet normal 1 0 0
    outer loop
      vertex 5 156.79999999701977 339.60780538618565
      vertex 5 178.60000000149012 339.60780538618565
      vertex 5 250 350
    endloop
  endfacet
  facet normal 1 0 0
    outer loop
      vertex 5 156.79999999701977 339.60780538618565
      vertex 5 250 350
      vertex 5 0 350
    endloop
  endfacet
  facet normal 1 0 0
    outer loop
      vertex 5 250 350
      vertex 5 232.20000000298023 220.56150269508362
      vertex 5 232.20000000298023 209.01449730992317
    endloop
  endfacet
  facet normal 1 0 0
    outer loop
      vertex 5 232.20000000298023 182.80390269309282
      vertex 5 250 350
      vertex 5 232.20000000298023 209.01449730992317
    endloop
  endfacet
  facet normal 1 0 0
    outer loop
      vertex 5 232.20000000298023 182.80390269309282
      vertex 5 232.20000000298023 209.01449730992317
      vertex 5 222.20000000298023 203.24099461734295
    endloop
  endfacet
  facet normal 1 0 0
    outer loop
      vertex 5 221.29999999701977 201.68270269036293
      vertex 5 232.20000000298023 182.80390269309282
      vertex 5 222.20000000298023 203.24099461734295
    endloop
  endfacet
  facet normal 1 0 0
    outer loop
      vertex 5 211.29999999701977 207.45620538294315
      vertex 5 221.29999999701977 201.68270269036293
      vertex 5 222.20000000298023 203.24099461734295
    endloop
  endfacet
  facet normal 1 0 0
    outer loop
      vertex 5 211.29999999701977 207.45620538294315
      vertex 5 222.20000000298023 203.24099461734295
      vertex 5 210.39999999850988 209.01449730992317
    endloop
  endfacet
  facet normal 1 0 0
    outer loop
      vertex 5 201.29999999701977 201.68270269036293
      vertex 5 211.29999999701977 207.45620538294315
      vertex 5 210.39999999850988 209.01449730992317
    endloop
  endfacet
  facet normal 1 0 0
    outer loop
      vertex 5 201.29999999701977 201.68270269036293
      vertex 5 210.39999999850988 209.01449730992317
      vertex 5 200.39999999850988 203.24099461734295
    endloop
  endfacet
  facet normal 1 0 0
    outer loop
      vertex 5 189.5 207.45620538294315
      vertex 5 201.29999999701977 201.68270269036293
      vertex 5 200.39999999850988 203.24099461734295
    endloop
  endfacet
  facet normal 1 0 0
    outer loop
      vertex 5 189.5 207.45620538294315
      vertex 5 200.39999999850988 203.24099461734295
      vertex 5 188.60000000149012 209.01449730992317
    endloop
  endfacet
  facet normal 1 0 0
    outer loop
      vertex 5 179.5 201.68270269036293
      vertex 5 189.5 207.45620538294315
      vertex 5 188.60000000149012 209.01449730992317
    endloop
  endfacet
  facet normal 1 0 0
    outer loop
      vertex 5 179.5 201.68270269036293
      vertex 5 188.60000000149012 209.01449730992317
      vertex 5 178.60000000149012 203.24099461734295
    endloop
  endfacet
  facet normal 1 0 0
    outer loop
      vertex 5 167.70000000298023 207.45620538294315
      vertex 5 179.5 201.68270269036293
      vertex 5 178.60000000149012 203.24099461734295
    endloop
  endfacet
  facet normal 1 0 0
    outer loop
      vertex 5 167.70000000298023 207.45620538294315
      vertex 5 178.60000000149012 203.24099461734295
      vertex 5 166.79999999701977 209.01449730992317
    endloop
  endfacet
  facet normal 1 0 0
    outer loop
      vertex 5 157.70000000298023 201.68270269036293
      vertex 5 167.70000000298023 207.45620538294315
      vertex 5 166.79999999701977 209.01449730992317
    endloop
  endfacet
  facet normal 1 0 0
    outer loop
      vertex 5 157.70000000298023 201.68270269036293
      vertex 5 166.79999999701977 209.01449730992317
      vertex 5 156.79999999701977 203.24099461734295
    endloop
  endfacet
  facet normal 1 0 0
    outer loop
      vertex 5 145.89999999850988 207.45620538294315
      vertex 5 157.70000000298023 201.68270269036293
      vertex 5 156.79999999701977 203.24099461734295
    endloop
  endfacet
  facet normal 1 0 0
    outer loop
      vertex 5 145.89999999850988 207.45620538294315
      vertex 5 156.79999999701977 203.24099461734295
      vertex 5 145 209.01449730992317
    endloop
  endfacet
  facet normal 1 0 0
    outer loop
      vertex 5 135.89999999850988 201.68270269036293
      vertex 5 145.89999999850988 207.45620538294315
      vertex 5 145 209.01449730992317
    endloop
  endfacet
  facet normal 1 0 0
    outer loop
      vertex 5 135.89999999850988 201.68270269036293
      vertex 5 145 209.01449730992317
      vertex 5 135 203.24099461734295
    endloop
  endfacet
  facet normal 1 0 0
    outer loop
      vertex 5 124.10000000149012 207.45620538294315
      vertex 5 135.89999999850988 201.68270269036293
      vertex 5 135 203.24099461734295
    endloop
  endfacet
  facet normal 1 0 0
    outer loop
      vertex 5 124.10000000149012 207.45620538294315
      vertex 5 135 203.24099461734295
      vertex 5 123.20000000298023 209.01449730992317
    endloop
  endfacet
  facet normal 1 0 0
    outer loop
      vertex 5 114.10000000149012 201.68270269036293
      vertex 5 124.10000000149012 207.45620538294315
      vertex 5 123.20000000298023 209.01449730992317
    endloop
  endfacet
  facet normal 1 0 0
    outer loop
      vertex 5 114.10000000149012 201.68270269036293
      vertex 5 123.20000000298023 209.01449730992317
      vertex 5 113.20000000298023 203.24099461734295
    endloop
  endfacet
  facet normal 1 0 0
    outer loop
      vertex 5 102.29999999701977 207.45620538294315
      vertex 5 114.10000000149012 201.68270269036293
      vertex 5 113.20000000298023 203.24099461734295
    endloop
  endfacet
  facet normal 1 0 0
    outer loop
      vertex 5 102.29999999701977 207.45620538294315
      vertex 5 113.20000000298023 203.24099461734295
      vertex 5 101.39999999850988 209.01449730992317
    endloop
  endfacet
  facet normal 1 0 0
    outer loop
      vertex 5 92.29999999701977 201.68270269036293
      vertex 5 102.29999999701977 207.45620538294315
      vertex 5 101.39999999850988 209.01449730992317
    endloop
  endfacet
  facet normal 1 0 0
    outer loop
      vertex 5 92.29999999701977 201.68270269036293
      vertex 5 101.39999999850988 209.01449730992317
      vertex 5 91.39999999850988 203.24099461734295
    endloop
  endfacet
  facet normal 1 0 0
    outer loop
      vertex 5 80.5 207.45620538294315
      vertex 5 92.29999999701977 201.68270269036293
      vertex 5 91.39999999850988 203.24099461734295
    endloop
  endfacet
  facet normal 1 0 0
    outer loop
      vertex 5 80.5 207.45620538294315
      vertex 5 91.39999999850988 203.24099461734295
      vertex 5 79.60000000149012 209.01449730992317
    endloop
  endfacet
  facet normal 1 0 0
    outer loop
      vertex 5 70.5 201.68270269036293
      vertex 5 80.5 207.45620538294315
      vertex 5 79.60000000149012 209.01449730992317
    endloop
  endfacet
  facet normal 1 0 0
    outer loop
      vertex 5 70.5 201.68270269036293
      vertex 5 79.60000000149012 209.01449730992317
      vertex 5 69.60000000149012 203.24099461734295
    endloop
  endfacet
  facet normal 1 0 0
    outer loop
      vertex 5 58.70000000298023 207.45620538294315
      vertex 5 70.5 201.68270269036293
      vertex 5 69.60000000149012 203.24099461734295
    endloop
  endfacet
  facet normal 1 0 0
    outer loop
      vertex 5 58.70000000298023 207.45620538294315
      vertex 5 69.60000000149012 203.24099461734295
      vertex 5 57.79999999701977 209.01449730992317
    endloop
  endfacet
  facet normal 1 0 0
    outer loop
      vertex 5 48.70000000298023 201.68270269036293
      vertex 5 58.70000000298023 207.45620538294315
      vertex 5 57.79999999701977 209.01449730992317
    endloop
  endfacet
  facet normal 1 0 0
    outer loop
      vertex 5 48.70000000298023 201.68270269036293
      vertex 5 57.79999999701977 209.01449730992317
      vertex 5 47.79999999701977 203.24099461734295
    endloop
  endfacet
  facet normal 1 0 0
    outer loop
      vertex 5 36.899999998509884 207.45620538294315
      vertex 5 48.70000000298023 201.68270269036293
      vertex 5 47.79999999701977 203.24099461734295
    endloop
  endfacet
  facet normal 1 0 0
    outer loop
      vertex 5 36.899999998509884 207.45620538294315
      vertex 5 47.79999999701977 203.24099461734295
      vertex 5 36 209.01449730992317
    endloop
  endfacet
  facet normal 1 0 0
    outer loop
      vertex 5 26.899999998509884 201.68270269036293
      vertex 5 36.899999998509884 207.45620538294315
      vertex 5 36 209.01449730992317
    endloop
  endfacet
  facet normal 1 0 0
    outer loop
      vertex 5 26.899999998509884 201.68270269036293
      vertex 5 36 209.01449730992317
      vertex 5 26 203.24099461734295
    endloop
  endfacet
  facet normal 1 0 0
    outer loop
      vertex 5 16 182.80390269309282
      vertex 5 26.899999998509884 201.68270269036293
      vertex 5 26 203.24099461734295
    endloop
  endfacet
  facet normal 1 0 0
    outer loop
      vertex 5 16 182.80390269309282
      vertex 5 26 203.24099461734295
      vertex 5 16 209.01449730992317
    endloop
  endfacet
  facet normal 1 0 0
    outer loop
      vertex 5 0 350
      vertex 5 0 0
      vertex 5 16 133.49929730594158
    endloop
  endfacet
  facet normal 1 0 0
    outer loop
      vertex 5 135 339.60780538618565
      vertex 5 156.79999999701977 339.60780538618565
      vertex 5 0 350
    endloop
  endfacet
  facet normal 1 0 0
    outer loop
      vertex 5 113.20000000298023 339.60780538618565
      vertex 5 135 339.60780538618565
      vertex 5 0 350
    endloop
  endfacet
  facet normal 1 0 0
    outer loop
      vertex 5 91.39999999850988 339.60780538618565
      vertex 5 113.20000000298023 339.60780538618565
      vertex 5 0 350
    endloop
  endfacet
  facet normal 1 0 0
    outer loop
      vertex 5 69.60000000149012 339.60780538618565
      vertex 5 91.39999999850988 339.60780538618565
      vertex 5 0 350
    endloop
  endfacet
  facet normal 1 0 0
    outer loop
      vertex 5 47.79999999701977 339.60780538618565
      vertex 5 69.60000000149012 339.60780538618565
      vertex 5 0 350
    endloop
  endfacet
  facet normal 1 0 0
    outer loop
      vertex 5 26 339.60780538618565
      vertex 5 47.79999999701977 339.60780538618565
      vertex 5 0 350
    endloop
  endfacet
  facet normal 1 0 0
    outer loop
      vertex 5 16 333.8343026936054
      vertex 5 26 339.60780538618565
      vertex 5 0 350
    endloop
  endfacet
  facet normal 1 0 0
    outer loop
      vertex 5 16 322.287297308445
      vertex 5 16 333.8343026936054
      vertex 5 0 350
    endloop
  endfacet
  facet normal 1 0 0
    outer loop
      vertex 5 16 296.0767026916146
      vertex 5 16 322.287297308445
      vertex 5 0 350
    endloop
  endfacet
  facet normal 1 0 0
    outer loop
      vertex 5 16 284.5296973064542
      vertex 5 16 296.0767026916146
      vertex 5 0 350
    endloop
  endfacet
  facet normal 1 0 0
    outer loop
      vertex 5 16 258.31910268962383
      vertex 5 16 284.5296973064542
      vertex 5 0 350
    endloop
  endfacet
  facet normal 1 0 0
    outer loop
      vertex 5 16 246.7720973044634
      vertex 5 16 258.31910268962383
      vertex 5 0 350
    endloop
  endfacet
  facet normal 1 0 0
    outer loop
      vertex 5 16 220.56150269508362
      vertex 5 16 246.7720973044634
      vertex 5 0 350
    endloop
  endfacet
  facet normal 1 0 0
    outer loop
      vertex 5 16 209.01449730992317
      vertex 5 16 220.56150269508362
      vertex 5 0 350
    endloop
  endfacet
  facet normal 1 0 0
    outer loop
      vertex 5 16 182.80390269309282
      vertex 5 16 209.01449730992317
      vertex 5 0 350
    endloop
  endfacet
  facet normal 1 0 0
    outer loop
      vertex 5 0 350
      vertex 5 16 133.49929730594158
      vertex 5 16 145.04630269110203
    endloop
  endfacet
  facet normal 1 0 0
    outer loop
      vertex 5 0 350
      vertex 5 16 145.04630269110203
      vertex 5 16 171.25689730793238
    endloop
  endfacet
  facet normal 1 0 0
    outer loop
      vertex 5 16 182.80390269309282
      vertex 5 0 350
      vertex 5 16 171.25689730793238
    endloop
  endfacet
  facet normal 0 0 0
    outer loop
      vertex 0 232.20000000298023 133.49929730594158
      vertex 0 232.20000000298023 145.04630269110203
      vertex 0 232.20000000298023 107.28870268911123
    endloop
  endfacet
  facet normal -1 0 0
    outer loop
      vertex 0 222.20000000298023 127.72579461336136
      vertex 0 232.20000000298023 133.49929730594158
      vertex 0 221.29999999701977 126.16750269383192
    endloop
  endfacet
  facet normal -1 0 0
    outer loop
      vertex 0 222.20000000298023 52.21059461683035
      vertex 0 232.20000000298023 57.98409730941057
      vertex 0 221.29999999701977 50.65230268985033
    endloop
  endfacet
  facet normal -1 0 0
    outer loop
      vertex 0 222.20000000298023 89.96819461882114
      vertex 0 232.20000000298023 95.74169731140137
      vertex 0 221.29999999701977 88.40990269184113
    endloop
  endfacet
  facet normal -1 0 0
    outer loop
      vertex 0 232.20000000298023 20.226497307419777
      vertex 0 232.20000000298023 31.773502692580223
      vertex 0 250 0
    endloop
  endfacet
  facet normal -1 0 0
    outer loop
      vertex 0 212.20000000298023 133.49929730594158
      vertex 0 222.20000000298023 127.72579461336136
      vertex 0 221.29999999701977 126.16750269383192
    endloop
  endfacet
  facet normal -1 0 0
    outer loop
      vertex 0 212.20000000298023 133.49929730594158
      vertex 0 221.29999999701977 126.16750269383192
      vertex 0 211.29999999701977 131.94100538641214
    endloop
  endfacet
  facet normal -1 0 0
    outer loop
      vertex 0 212.20000000298023 57.98409730941057
      vertex 0 222.20000000298023 52.21059461683035
      vertex 0 221.29999999701977 50.65230268985033
    endloop
  endfacet
  facet normal -1 0 0
    outer loop
      vertex 0 212.20000000298023 57.98409730941057
      vertex 0 221.29999999701977 50.65230268985033
      vertex 0 211.29999999701977 56.42580538243055
    endloop
  endfacet
  facet normal -1 0 0
    outer loop
      vertex 0 212.20000000298023 95.74169731140137
      vertex 0 222.20000000298023 89.96819461882114
      vertex 0 221.29999999701977 88.40990269184113
    endloop
  endfacet
  facet normal -1 0 0
    outer loop
      vertex 0 212.20000000298023 95.74169731140137
      vertex 0 221.29999999701977 88.40990269184113
      vertex 0 211.29999999701977 94.18340538442135
    endloop
  endfacet
  facet normal -1 0 0
    outer loop
      vertex 0 210.39999999850988 31.773502692580223
      vertex 0 212.20000000298023 31.773502692580223
      vertex 0 212.20000000298023 20.226497307419777
    endloop
  endfacet
  facet normal -1 0 0
    outer loop
      vertex 0 210.39999999850988 20.226497307419777
      vertex 0 210.39999999850988 31.773502692580223
      vertex 0 212.20000000298023 20.226497307419777
    endloop
  endfacet
  facet normal -1 0 0
    outer loop
      vertex 0 188.60000000149012 31.773502692580223
      vertex 0 190.39999999850988 31.773502692580223
      vertex 0 190.39999999850988 20.226497307419777
    endloop
  endfacet
  facet normal -1 0 0
    outer loop
      vertex 0 188.60000000149012 20.226497307419777
      vertex 0 188.60000000149012 31.773502692580223
      vertex 0 190.39999999850988 20.226497307419777
    endloop
  endfacet
  facet normal -1 0 0
    outer loop
      vertex 0 166.79999999701977 31.773502692580223
      vertex 0 168.60000000149012 31.773502692580223
      vertex 0 168.60000000149012 20.226497307419777
    endloop
  endfacet
  facet normal -1 0 0
    outer loop
      vertex 0 166.79999999701977 20.226497307419777
      vertex 0 166.79999999701977 31.773502692580223
      vertex 0 168.60000000149012 20.226497307419777
    endloop
  endfacet
  facet normal -1 0 0
    outer loop
      vertex 0 145 31.773502692580223
      vertex 0 146.79999999701977 31.773502692580223
      vertex 0 146.79999999701977 20.226497307419777
    endloop
  endfacet
  facet normal -1 0 0
    outer loop
      vertex 0 145 20.226497307419777
      vertex 0 145 31.773502692580223
      vertex 0 146.79999999701977 20.226497307419777
    endloop
  endfacet
  facet normal -1 0 0
    outer loop
      vertex 0 123.20000000298023 31.773502692580223
      vertex 0 125 31.773502692580223
      vertex 0 125 20.226497307419777
    endloop
  endfacet
  facet normal -1 0 0
    outer loop
      vertex 0 123.20000000298023 20.226497307419777
      vertex 0 123.20000000298023 31.773502692580223
      vertex 0 125 20.226497307419777
    endloop
  endfacet
  facet normal -1 0 0
    outer loop
      vertex 0 101.39999999850988 31.773502692580223
      vertex 0 103.20000000298023 31.773502692580223
      vertex 0 103.20000000298023 20.226497307419777
    endloop
  endfacet
  facet normal -1 0 0
    outer loop
      vertex 0 101.39999999850988 20.226497307419777
      vertex 0 101.39999999850988 31.773502692580223
      vertex 0 103.20000000298023 20.226497307419777
    endloop
  endfacet
  facet normal -1 0 0
    outer loop
      vertex 0 79.60000000149012 31.773502692580223
      vertex 0 81.39999999850988 31.773502692580223
      vertex 0 81.39999999850988 20.226497307419777
    endloop
  endfacet
  facet normal -1 0 0
    outer loop
      vertex 0 79.60000000149012 20.226497307419777
      vertex 0 79.60000000149012 31.773502692580223
      vertex 0 81.39999999850988 20.226497307419777
    endloop
  endfacet
  facet normal -1 0 0
    outer loop
      vertex 0 57.79999999701977 31.773502692580223
      vertex 0 59.600000001490116 31.773502692580223
      vertex 0 59.600000001490116 20.226497307419777
    endloop
  endfacet
  facet normal -1 0 0
    outer loop
      vertex 0 57.79999999701977 20.226497307419777
      vertex 0 57.79999999701977 31.773502692580223
      vertex 0 59.600000001490116 20.226497307419777
    endloop
  endfacet
  facet normal -1 0 0
    outer loop
      vertex 0 36 31.773502692580223
      vertex 0 37.79999999701977 31.773502692580223
      vertex 0 37.79999999701977 20.226497307419777
    endloop
  endfacet
  facet normal -1 0 0
    outer loop
      vertex 0 36 20.226497307419777
      vertex 0 36 31.773502692580223
      vertex 0 37.79999999701977 20.226497307419777
    endloop
  endfacet
  facet normal -1 0 0
    outer loop
      vertex 0 199.5 50.65230268985033
      vertex 0 201.29999999701977 50.65230268985033
      vertex 0 201.29999999701977 39.105297304689884
    endloop
  endfacet
  facet normal -1 0 0
    outer loop
      vertex 0 199.5 39.105297304689884
      vertex 0 199.5 50.65230268985033
      vertex 0 201.29999999701977 39.105297304689884
    endloop
  endfacet
  facet normal -1 0 0
    outer loop
      vertex 0 177.70000000298023 50.65230268985033
      vertex 0 179.5 50.65230268985033
      vertex 0 179.5 39.105297304689884
    endloop
  endfacet
  facet normal -1 0 0
    outer loop
      vertex 0 177.70000000298023 39.105297304689884
      vertex 0 177.70000000298023 50.65230268985033
      vertex 0 179.5 39.105297304689884
    endloop
  endfacet
  facet normal -1 0 0
    outer loop
      vertex 0 155.89999999850988 50.65230268985033
      vertex 0 157.70000000298023 50.65230268985033
      vertex 0 157.70000000298023 39.105297304689884
    endloop
  endfacet
  facet normal -1 0 0
    outer loop
      vertex 0 155.89999999850988 39.105297304689884
      vertex 0 155.89999999850988 50.65230268985033
      vertex 0 157.70000000298023 39.105297304689884
    endloop
  endfacet
  facet normal -1 0 0
    outer loop
      vertex 0 134.10000000149012 50.65230268985033
      vertex 0 135.89999999850988 50.65230268985033
      vertex 0 135.89999999850988 39.105297304689884
    endloop
  endfacet
  facet normal -1 0 0
    outer loop
      vertex 0 134.10000000149012 39.105297304689884
      vertex 0 134.10000000149012 50.65230268985033
      vertex 0 135.89999999850988 39.105297304689884
    endloop
  endfacet
  facet normal -1 0 0
    outer loop
      vertex 0 112.29999999701977 50.65230268985033
      vertex 0 114.10000000149012 50.65230268985033
      vertex 0 114.10000000149012 39.105297304689884
    endloop
  endfacet
  facet normal -1 0 0
    outer loop
      vertex 0 112.29999999701977 39.105297304689884
      vertex 0 112.29999999701977 50.65230268985033
      vertex 0 114.10000000149012 39.105297304689884
    endloop
  endfacet
  facet normal -1 0 0
    outer loop
      vertex 0 90.5 50.65230268985033
      vertex 0 92.29999999701977 50.65230268985033
      vertex 0 92.29999999701977 39.105297304689884
    endloop
  endfacet
  facet normal -1 0 0
    outer loop
      vertex 0 90.5 39.105297304689884
      vertex 0 90.5 50.65230268985033
      vertex 0 92.29999999701977 39.105297304689884
    endloop
  endfacet
  facet normal -1 0 0
    outer loop
      vertex 0 68.70000000298023 50.65230268985033
      vertex 0 70.5 50.65230268985033
      vertex 0 70.5 39.105297304689884
    endloop
  endfacet
  facet normal -1 0 0
    outer loop
      vertex 0 68.70000000298023 39.105297304689884
      vertex 0 68.70000000298023 50.65230268985033
      vertex 0 70.5 39.105297304689884
    endloop
  endfacet
  facet normal -1 0 0
    outer loop
      vertex 0 46.899999998509884 50.65230268985033
      vertex 0 48.70000000298023 50.65230268985033
      vertex 0 48.70000000298023 39.105297304689884
    endloop
  endfacet
  facet normal -1 0 0
    outer loop
      vertex 0 46.899999998509884 39.105297304689884
      vertex 0 46.899999998509884 50.65230268985033
      vertex 0 48.70000000298023 39.105297304689884
    endloop
  endfacet
  facet normal -1 0 0
    outer loop
      vertex 0 210.39999999850988 69.53110269457102
      vertex 0 212.20000000298023 69.53110269457102
      vertex 0 212.20000000298023 57.98409730941057
    endloop
  endfacet
  facet normal -1 0 0
    outer loop
      vertex 0 210.39999999850988 57.98409730941057
      vertex 0 210.39999999850988 69.53110269457102
      vertex 0 212.20000000298023 57.98409730941057
    endloop
  endfacet
  facet normal -1 0 0
    outer loop
      vertex 0 210.39999999850988 57.98409730941057
      vertex 0 212.20000000298023 57.98409730941057
      vertex 0 211.29999999701977 56.42580538243055
    endloop
  endfacet
  facet normal -1 0 0
    outer loop
      vertex 0 210.39999999850988 57.98409730941057
      vertex 0 211.29999999701977 56.42580538243055
      vertex 0 201.29999999701977 50.65230268985033
    endloop
  endfacet
  facet normal -1 0 0
    outer loop
      vertex 0 200.39999999850988 52.21059461683035
      vertex 0 210.39999999850988 57.98409730941057
      vertex 0 201.29999999701977 50.65230268985033
    endloop
  endfacet
  facet normal -1 0 0
    outer loop
      vertex 0 200.39999999850988 52.21059461683035
      vertex 0 201.29999999701977 50.65230268985033
      vertex 0 199.5 50.65230268985033
    endloop
  endfacet
  facet normal -1 0 0
    outer loop
      vertex 0 190.39999999850988 57.98409730941057
      vertex 0 200.39999999850988 52.21059461683035
      vertex 0 199.5 50.65230268985033
    endloop
  endfacet
  facet normal -1 0 0
    outer loop
      vertex 0 190.39999999850988 57.98409730941057
      vertex 0 199.5 50.65230268985033
      vertex 0 189.5 56.42580538243055
    endloop
  endfacet
  facet normal -1 0 0
    outer loop
      vertex 0 188.60000000149012 69.53110269457102
      vertex 0 190.39999999850988 69.53110269457102
      vertex 0 190.39999999850988 57.98409730941057
    endloop
  endfacet
  facet normal -1 0 0
    outer loop
      vertex 0 188.60000000149012 57.98409730941057
      vertex 0 188.60000000149012 69.53110269457102
      vertex 0 190.39999999850988 57.98409730941057
    endloop
  endfacet
  facet normal -1 0 0
    outer loop
      vertex 0 188.60000000149012 57.98409730941057
      vertex 0 190.39999999850988 57.98409730941057
      vertex 0 189.5 56.42580538243055
    endloop
  endfacet
  facet normal -1 0 0
    outer loop
      vertex 0 188.60000000149012 57.98409730941057
      vertex 0 189.5 56.42580538243055
      vertex 0 179.5 50.65230268985033
    endloop
  endfacet
  facet normal -1 0 0
    outer loop
      vertex 0 178.60000000149012 52.21059461683035
      vertex 0 188.60000000149012 57.98409730941057
      vertex 0 179.5 50.65230268985033
    endloop
  endfacet
  facet normal -1 0 0
    outer loop
      vertex 0 178.60000000149012 52.21059461683035
      vertex 0 179.5 50.65230268985033
      vertex 0 177.70000000298023 50.65230268985033
    endloop
  endfacet
  facet normal -1 0 0
    outer loop
      vertex 0 168.60000000149012 57.98409730941057
      vertex 0 178.60000000149012 52.21059461683035
      vertex 0 177.70000000298023 50.65230268985033
    endloop
  endfacet
  facet normal -1 0 0
    outer loop
      vertex 0 168.60000000149012 57.98409730941057
      vertex 0 177.70000000298023 50.65230268985033
      vertex 0 167.70000000298023 56.42580538243055
    endloop
  endfacet
  facet normal -1 0 0
    outer loop
      vertex 0 166.79999999701977 69.53110269457102
      vertex 0 168.60000000149012 69.53110269457102
      vertex 0 168.60000000149012 57.98409730941057
    endloop
  endfacet
  facet normal -1 0 0
    outer loop
      vertex 0 166.79999999701977 57.98409730941057
      vertex 0 166.79999999701977 69.53110269457102
      vertex 0 168.60000000149012 57.98409730941057
    endloop
  endfacet
  facet normal -1 0 0
    outer loop
      vertex 0 166.79999999701977 57.98409730941057
      vertex 0 168.60000000149012 57.98409730941057
      vertex 0 167.70000000298023 56.42580538243055
    endloop
  endfacet
  facet normal -1 0 0
    outer loop
      vertex 0 166.79999999701977 57.98409730941057
      vertex 0 167.70000000298023 56.42580538243055
      vertex 0 157.70000000298023 50.65230268985033
    endloop
  endfacet
  facet normal -1 0 0
    outer loop
      vertex 0 156.79999999701977 52.21059461683035
      vertex 0 166.79999999701977 57.98409730941057
      vertex 0 157.70000000298023 50.65230268985033
    endloop
  endfacet
  facet normal -1 0 0
    outer loop
      vertex 0 156.79999999701977 52.21059461683035
      vertex 0 157.70000000298023 50.65230268985033
      vertex 0 155.89999999850988 50.65230268985033
    endloop
  endfacet
  facet normal -1 0 0
    outer loop
      vertex 0 146.79999999701977 57.98409730941057
      vertex 0 156.79999999701977 52.21059461683035
      vertex 0 155.89999999850988 50.65230268985033
    endloop
  endfacet
  facet normal -1 0 0
    outer loop
      vertex 0 146.79999999701977 57.98409730941057
      vertex 0 155.89999999850988 50.65230268985033
      vertex 0 145.89999999850988 56.42580538243055
    endloop
  endfacet
  facet normal -1 0 0
    outer loop
      vertex 0 145 69.53110269457102
      vertex 0 146.79999999701977 69.53110269457102
      vertex 0 146.79999999701977 57.98409730941057
    endloop
  endfacet
  facet normal -1 0 0
    outer loop
      vertex 0 145 57.98409730941057
      vertex 0 145 69.53110269457102
      vertex 0 146.79999999701977 57.98409730941057
    endloop
  endfacet
  facet normal -1 0 0
    outer loop
      vertex 0 145 57.98409730941057
      vertex 0 146.79999999701977 57.98409730941057
      vertex 0 145.89999999850988 56.42580538243055
    endloop
  endfacet
  facet normal -1 0 0
    outer loop
      vertex 0 145 57.98409730941057
      vertex 0 145.89999999850988 56.42580538243055
      vertex 0 135.89999999850988 50.65230268985033
    endloop
  endfacet
  facet normal -1 0 0
    outer loop
      vertex 0 135 52.21059461683035
      vertex 0 145 57.98409730941057
      vertex 0 135.89999999850988 50.65230268985033
    endloop
  endfacet
  facet normal -1 0 0
    outer loop
      vertex 0 135 52.21059461683035
      vertex 0 135.89999999850988 50.65230268985033
      vertex 0 134.10000000149012 50.65230268985033
    endloop
  endfacet
  facet normal -1 0 0
    outer loop
      vertex 0 125 57.98409730941057
      vertex 0 135 52.21059461683035
      vertex 0 134.10000000149012 50.65230268985033
    endloop
  endfacet
  facet normal -1 0 0
    outer loop
      vertex 0 125 57.98409730941057
      vertex 0 134.10000000149012 50.65230268985033
      vertex 0 124.10000000149012 56.42580538243055
    endloop
  endfacet
  facet normal -1 0 0
    outer loop
      vertex 0 123.20000000298023 69.53110269457102
      vertex 0 125 69.53110269457102
      vertex 0 125 57.98409730941057
    endloop
  endfacet
  facet normal -1 0 0
    outer loop
      vertex 0 123.20000000298023 57.98409730941057
      vertex 0 123.20000000298023 69.53110269457102
      vertex 0 125 57.98409730941057
    endloop
  endfacet
  facet normal -1 0 0
    outer loop
      vertex 0 123.20000000298023 57.98409730941057
      vertex 0 125 57.98409730941057
      vertex 0 124.10000000149012 56.42580538243055
    endloop
  endfacet
  facet normal -1 0 0
    outer loop
      vertex 0 123.20000000298023 57.98409730941057
      vertex 0 124.10000000149012 56.42580538243055
      vertex 0 114.10000000149012 50.65230268985033
    endloop
  endfacet
  facet normal -1 0 0
    outer loop
      vertex 0 113.20000000298023 52.21059461683035
      vertex 0 123.20000000298023 57.98409730941057
      vertex 0 114.10000000149012 50.65230268985033
    endloop
  endfacet
  facet normal -1 0 0
    outer loop
      vertex 0 113.20000000298023 52.21059461683035
      vertex 0 114.10000000149012 50.65230268985033
      vertex 0 112.29999999701977 50.65230268985033
    endloop
  endfacet
  facet normal -1 0 0
    outer loop
      vertex 0 103.20000000298023 57.98409730941057
      vertex 0 113.20000000298023 52.21059461683035
      vertex 0 112.29999999701977 50.65230268985033
    endloop
  endfacet
  facet normal -1 0 0
    outer loop
      vertex 0 103.20000000298023 57.98409730941057
      vertex 0 112.29999999701977 50.65230268985033
      vertex 0 102.29999999701977 56.42580538243055
    endloop
  endfacet
  facet normal -1 0 0
    outer loop
      vertex 0 101.39999999850988 69.53110269457102
      vertex 0 103.20000000298023 69.53110269457102
      vertex 0 103.20000000298023 57.98409730941057
    endloop
  endfacet
  facet normal -1 0 0
    outer loop
      vertex 0 101.39999999850988 57.98409730941057
      vertex 0 101.39999999850988 69.53110269457102
      vertex 0 103.20000000298023 57.98409730941057
    endloop
  endfacet
  facet normal -1 0 0
    outer loop
      vertex 0 101.39999999850988 57.98409730941057
      vertex 0 103.20000000298023 57.98409730941057
      vertex 0 102.29999999701977 56.42580538243055
    endloop
  endfacet
  facet normal -1 0 0
    outer loop
      vertex 0 101.39999999850988 57.98409730941057
      vertex 0 102.29999999701977 56.42580538243055
      vertex 0 92.29999999701977 50.65230268985033
    endloop
  endfacet
  facet normal -1 0 0
    outer loop
      vertex 0 91.39999999850988 52.21059461683035
      vertex 0 101.39999999850988 57.98409730941057
      vertex 0 92.29999999701977 50.65230268985033
    endloop
  endfacet
  facet normal -1 0 0
    outer loop
      vertex 0 91.39999999850988 52.21059461683035
      vertex 0 92.29999999701977 50.65230268985033
      vertex 0 90.5 50.65230268985033
    endloop
  endfacet
  facet normal -1 0 0
    outer loop
      vertex 0 81.39999999850988 57.98409730941057
      vertex 0 91.39999999850988 52.21059461683035
      vertex 0 90.5 50.65230268985033
    endloop
  endfacet
  facet normal -1 0 0
    outer loop
      vertex 0 81.39999999850988 57.98409730941057
      vertex 0 90.5 50.65230268985033
      vertex 0 80.5 56.42580538243055
    endloop
  endfacet
  facet normal -1 0 0
    outer loop
      vertex 0 79.60000000149012 69.53110269457102
      vertex 0 81.39999999850988 69.53110269457102
      vertex 0 81.39999999850988 57.98409730941057
    endloop
  endfacet
  facet normal -1 0 0
    outer loop
      vertex 0 79.60000000149012 57.98409730941057
      vertex 0 79.60000000149012 69.53110269457102
      vertex 0 81.39999999850988 57.98409730941057
    endloop
  endfacet
  facet normal -1 0 0
    outer loop
      vertex 0 79.60000000149012 57.98409730941057
      vertex 0 81.39999999850988 57.98409730941057
      vertex 0 80.5 56.42580538243055
    endloop
  endfacet
  facet normal -1 0 0
    outer loop
      vertex 0 79.60000000149012 57.98409730941057
      vertex 0 80.5 56.42580538243055
      vertex 0 70.5 50.65230268985033
    endloop
  endfacet
  facet normal -1 0 0
    outer loop
      vertex 0 69.60000000149012 52.21059461683035
      vertex 0 79.60000000149012 57.98409730941057
      vertex 0 70.5 50.65230268985033
    endloop
  endfacet
  facet normal -1 0 0
    outer loop
      vertex 0 69.60000000149012 52.21059461683035
      vertex 0 70.5 50.65230268985033
      vertex 0 68.70000000298023 50.65230268985033
    endloop
  endfacet
  facet normal -1 0 0
    outer loop
      vertex 0 59.600000001490116 57.98409730941057
      vertex 0 69.60000000149012 52.21059461683035
      vertex 0 68.70000000298023 50.65230268985033
    endloop
  endfacet
  facet normal -1 0 0
    outer loop
      vertex 0 59.600000001490116 57.98409730941057
      vertex 0 68.70000000298023 50.65230268985033
      vertex 0 58.70000000298023 56.42580538243055
    endloop
  endfacet
  facet normal -1 0 0
    outer loop
      vertex 0 57.79999999701977 69.53110269457102
      vertex 0 59.600000001490116 69.53110269457102
      vertex 0 59.600000001490116 57.98409730941057
    endloop
  endfacet
  facet normal -1 0 0
    outer loop
      vertex 0 57.79999999701977 57.98409730941057
      vertex 0 57.79999999701977 69.53110269457102
      vertex 0 59.600000001490116 57.98409730941057
    endloop
  endfacet
  facet normal -1 0 0
    outer loop
      vertex 0 57.79999999701977 57.98409730941057
      vertex 0 59.600000001490116 57.98409730941057
      vertex 0 58.70000000298023 56.42580538243055
    endloop
  endfacet
  facet normal -1 0 0
    outer loop
      vertex 0 57.79999999701977 57.98409730941057
      vertex 0 58.70000000298023 56.42580538243055
      vertex 0 48.70000000298023 50.65230268985033
    endloop
  endfacet
  facet normal -1 0 0
    outer loop
      vertex 0 47.79999999701977 52.21059461683035
      vertex 0 57.79999999701977 57.98409730941057
      vertex 0 48.70000000298023 50.65230268985033
    endloop
  endfacet
  facet normal -1 0 0
    outer loop
      vertex 0 47.79999999701977 52.21059461683035
      vertex 0 48.70000000298023 50.65230268985033
      vertex 0 46.899999998509884 50.65230268985033
    endloop
  endfacet
  facet normal -1 0 0
    outer loop
      vertex 0 37.79999999701977 57.98409730941057
      vertex 0 47.79999999701977 52.21059461683035
      vertex 0 46.899999998509884 50.65230268985033
    endloop
  endfacet
  facet normal -1 0 0
    outer loop
      vertex 0 37.79999999701977 57.98409730941057
      vertex 0 46.899999998509884 50.65230268985033
      vertex 0 36.899999998509884 56.42580538243055
    endloop
  endfacet
  facet normal -1 0 0
    outer loop
      vertex 0 36 69.53110269457102
      vertex 0 37.79999999701977 69.53110269457102
      vertex 0 37.79999999701977 57.98409730941057
    endloop
  endfacet
  facet normal -1 0 0
    outer loop
      vertex 0 36 57.98409730941057
      vertex 0 36 69.53110269457102
      vertex 0 37.79999999701977 57.98409730941057
    endloop
  endfacet
  facet normal -1 0 0
    outer loop
      vertex 0 36 57.98409730941057
      vertex 0 37.79999999701977 57.98409730941057
      vertex 0 36.899999998509884 56.42580538243055
    endloop
  endfacet
  facet normal -1 0 0
    outer loop
      vertex 0 36 57.98409730941057
      vertex 0 36.899999998509884 56.42580538243055
      vertex 0 26.899999998509884 50.65230268985033
    endloop
  endfacet
  facet normal -1 0 0
    outer loop
      vertex 0 26 52.21059461683035
      vertex 0 36 57.98409730941057
      vertex 0 26.899999998509884 50.65230268985033
    endloop
  endfacet
  facet normal -1 0 0
    outer loop
      vertex 0 199.5 88.40990269184113
      vertex 0 201.29999999701977 88.40990269184113
      vertex 0 201.29999999701977 76.86289730668068
    endloop
  endfacet
  facet normal -1 0 0
    outer loop
      vertex 0 199.5 76.86289730668068
      vertex 0 199.5 88.40990269184113
      vertex 0 201.29999999701977 76.86289730668068
    endloop
  endfacet
  facet normal -1 0 0
    outer loop
      vertex 0 177.70000000298023 88.40990269184113
      vertex 0 179.5 88.40990269184113
      vertex 0 179.5 76.86289730668068
    endloop
  endfacet
  facet normal -1 0 0
    outer loop
      vertex 0 177.70000000298023 76.86289730668068
      vertex 0 177.70000000298023 88.40990269184113
      vertex 0 179.5 76.86289730668068
    endloop
  endfacet
  facet normal -1 0 0
    outer loop
      vertex 0 155.89999999850988 88.40990269184113
      vertex 0 157.70000000298023 88.40990269184113
      vertex 0 157.70000000298023 76.86289730668068
    endloop
  endfacet
  facet normal -1 0 0
    outer loop
      vertex 0 155.89999999850988 76.86289730668068
      vertex 0 155.89999999850988 88.40990269184113
      vertex 0 157.70000000298023 76.86289730668068
    endloop
  endfacet
  facet normal -1 0 0
    outer loop
      vertex 0 134.10000000149012 88.40990269184113
      vertex 0 135.89999999850988 88.40990269184113
      vertex 0 135.89999999850988 76.86289730668068
    endloop
  endfacet
  facet normal -1 0 0
    outer loop
      vertex 0 134.10000000149012 76.86289730668068
      vertex 0 134.10000000149012 88.40990269184113
      vertex 0 135.89999999850988 76.86289730668068
    endloop
  endfacet
  facet normal -1 0 0
    outer loop
      vertex 0 112.29999999701977 88.40990269184113
      vertex 0 114.10000000149012 88.40990269184113
      vertex 0 114.10000000149012 76.86289730668068
    endloop
  endfacet
  facet normal -1 0 0
    outer loop
      vertex 0 112.29999999701977 76.86289730668068
      vertex 0 112.29999999701977 88.40990269184113
      vertex 0 114.10000000149012 76.86289730668068
    endloop
  endfacet
  facet normal -1 0 0
    outer loop
      vertex 0 90.5 88.40990269184113
      vertex 0 92.29999999701977 88.40990269184113
      vertex 0 92.29999999701977 76.86289730668068
    endloop
  endfacet
  facet normal -1 0 0
    outer loop
      vertex 0 90.5 76.86289730668068
      vertex 0 90.5 88.40990269184113
      vertex 0 92.29999999701977 76.86289730668068
    endloop
  endfacet
  facet normal -1 0 0
    outer loop
      vertex 0 68.70000000298023 88.40990269184113
      vertex 0 70.5 88.40990269184113
      vertex 0 70.5 76.86289730668068
    endloop
  endfacet
  facet normal -1 0 0
    outer loop
      vertex 0 68.70000000298023 76.86289730668068
      vertex 0 68.70000000298023 88.40990269184113
      vertex 0 70.5 76.86289730668068
    endloop
  endfacet
  facet normal -1 0 0
    outer loop
      vertex 0 46.899999998509884 88.40990269184113
      vertex 0 48.70000000298023 88.40990269184113
      vertex 0 48.70000000298023 76.86289730668068
    endloop
  endfacet
  facet normal -1 0 0
    outer loop
      vertex 0 46.899999998509884 76.86289730668068
      vertex 0 46.899999998509884 88.40990269184113
      vertex 0 48.70000000298023 76.86289730668068
    endloop
  endfacet
  facet normal -1 0 0
    outer loop
      vertex 0 210.39999999850988 107.28870268911123
      vertex 0 212.20000000298023 107.28870268911123
      vertex 0 212.20000000298023 95.74169731140137
    endloop
  endfacet
  facet normal -1 0 0
    outer loop
      vertex 0 210.39999999850988 95.74169731140137
      vertex 0 210.39999999850988 107.28870268911123
      vertex 0 212.20000000298023 95.74169731140137
    endloop
  endfacet
  facet normal -1 0 0
    outer loop
      vertex 0 210.39999999850988 95.74169731140137
      vertex 0 212.20000000298023 95.74169731140137
      vertex 0 211.29999999701977 94.18340538442135
    endloop
  endfacet
  facet normal -1 0 0
    outer loop
      vertex 0 210.39999999850988 95.74169731140137
      vertex 0 211.29999999701977 94.18340538442135
      vertex 0 201.29999999701977 88.40990269184113
    endloop
  endfacet
  facet normal -1 0 0
    outer loop
      vertex 0 200.39999999850988 89.96819461882114
      vertex 0 210.39999999850988 95.74169731140137
      vertex 0 201.29999999701977 88.40990269184113
    endloop
  endfacet
  facet normal -1 0 0
    outer loop
      vertex 0 200.39999999850988 89.96819461882114
      vertex 0 201.29999999701977 88.40990269184113
      vertex 0 199.5 88.40990269184113
    endloop
  endfacet
  facet normal -1 0 0
    outer loop
      vertex 0 190.39999999850988 95.74169731140137
      vertex 0 200.39999999850988 89.96819461882114
      vertex 0 199.5 88.40990269184113
    endloop
  endfacet
  facet normal -1 0 0
    outer loop
      vertex 0 190.39999999850988 95.74169731140137
      vertex 0 199.5 88.40990269184113
      vertex 0 189.5 94.18340538442135
    endloop
  endfacet
  facet normal -1 0 0
    outer loop
      vertex 0 188.60000000149012 107.28870268911123
      vertex 0 190.39999999850988 107.28870268911123
      vertex 0 190.39999999850988 95.74169731140137
    endloop
  endfacet
  facet normal -1 0 0
    outer loop
      vertex 0 188.60000000149012 95.74169731140137
      vertex 0 188.60000000149012 107.28870268911123
      vertex 0 190.39999999850988 95.74169731140137
    endloop
  endfacet
  facet normal -1 0 0
    outer loop
      vertex 0 188.60000000149012 95.74169731140137
      vertex 0 190.39999999850988 95.74169731140137
      vertex 0 189.5 94.18340538442135
    endloop
  endfacet
  facet normal -1 0 0
    outer loop
      vertex 0 188.60000000149012 95.74169731140137
      vertex 0 189.5 94.18340538442135
      vertex 0 179.5 88.40990269184113
    endloop
  endfacet
  facet normal -1 0 0
    outer loop
      vertex 0 178.60000000149012 89.96819461882114
      vertex 0 188.60000000149012 95.74169731140137
      vertex 0 179.5 88.40990269184113
    endloop
  endfacet
  facet normal -1 0 0
    outer loop
      vertex 0 178.60000000149012 89.96819461882114
      vertex 0 179.5 88.40990269184113
      vertex 0 177.70000000298023 88.40990269184113
    endloop
  endfacet
  facet normal -1 0 0
    outer loop
      vertex 0 168.60000000149012 95.74169731140137
      vertex 0 178.60000000149012 89.96819461882114
      vertex 0 177.70000000298023 88.40990269184113
    endloop
  endfacet
  facet normal -1 0 0
    outer loop
      vertex 0 168.60000000149012 95.74169731140137
      vertex 0 177.70000000298023 88.40990269184113
      vertex 0 167.70000000298023 94.18340538442135
    endloop
  endfacet
  facet normal -1 0 0
    outer loop
      vertex 0 166.79999999701977 107.28870268911123
      vertex 0 168.60000000149012 107.28870268911123
      vertex 0 168.60000000149012 95.74169731140137
    endloop
  endfacet
  facet normal -1 0 0
    outer loop
      vertex 0 166.79999999701977 95.74169731140137
      vertex 0 166.79999999701977 107.28870268911123
      vertex 0 168.60000000149012 95.74169731140137
    endloop
  endfacet
  facet normal -1 0 0
    outer loop
      vertex 0 166.79999999701977 95.74169731140137
      vertex 0 168.60000000149012 95.74169731140137
      vertex 0 167.70000000298023 94.18340538442135
    endloop
  endfacet
  facet normal -1 0 0
    outer loop
      vertex 0 166.79999999701977 95.74169731140137
      vertex 0 167.70000000298023 94.18340538442135
      vertex 0 157.70000000298023 88.40990269184113
    endloop
  endfacet
  facet normal -1 0 0
    outer loop
      vertex 0 156.79999999701977 89.96819461882114
      vertex 0 166.79999999701977 95.74169731140137
      vertex 0 157.70000000298023 88.40990269184113
    endloop
  endfacet
  facet normal -1 0 0
    outer loop
      vertex 0 156.79999999701977 89.96819461882114
      vertex 0 157.70000000298023 88.40990269184113
      vertex 0 155.89999999850988 88.40990269184113
    endloop
  endfacet
  facet normal -1 0 0
    outer loop
      vertex 0 146.79999999701977 95.74169731140137
      vertex 0 156.79999999701977 89.96819461882114
      vertex 0 155.89999999850988 88.40990269184113
    endloop
  endfacet
  facet normal -1 0 0
    outer loop
      vertex 0 146.79999999701977 95.74169731140137
      vertex 0 155.89999999850988 88.40990269184113
      vertex 0 145.89999999850988 94.18340538442135
    endloop
  endfacet
  facet normal -1 0 0
    outer loop
      vertex 0 145 107.28870268911123
      vertex 0 146.79999999701977 107.28870268911123
      vertex 0 146.79999999701977 95.74169731140137
    endloop
  endfacet
  facet normal -1 0 0
    outer loop
      vertex 0 145 95.74169731140137
      vertex 0 145 107.28870268911123
      vertex 0 146.79999999701977 95.74169731140137
    endloop
  endfacet
  facet normal -1 0 0
    outer loop
      vertex 0 145 95.74169731140137
      vertex 0 146.79999999701977 95.74169731140137
      vertex 0 145.89999999850988 94.18340538442135
    endloop
  endfacet
  facet normal -1 0 0
    outer loop
      vertex 0 145 95.74169731140137
      vertex 0 145.89999999850988 94.18340538442135
      vertex 0 135.89999999850988 88.40990269184113
    endloop
  endfacet
  facet normal -1 0 0
    outer loop
      vertex 0 135 89.96819461882114
      vertex 0 145 95.74169731140137
      vertex 0 135.89999999850988 88.40990269184113
    endloop
  endfacet
  facet normal -1 0 0
    outer loop
      vertex 0 135 89.96819461882114
      vertex 0 135.89999999850988 88.40990269184113
      vertex 0 134.10000000149012 88.40990269184113
    endloop
  endfacet
  facet normal -1 0 0
    outer loop
      vertex 0 125 95.74169731140137
      vertex 0 135 89.96819461882114
      vertex 0 134.10000000149012 88.40990269184113
    endloop
  endfacet
  facet normal -1 0 0
    outer loop
      vertex 0 125 95.74169731140137
      vertex 0 134.10000000149012 88.40990269184113
      vertex 0 124.10000000149012 94.18340538442135
    endloop
  endfacet
  facet normal -1 0 0
    outer loop
      vertex 0 123.20000000298023 107.28870268911123
      vertex 0 125 107.28870268911123
      vertex 0 125 95.74169731140137
    endloop
  endfacet
  facet normal -1 0 0
    outer loop
      vertex 0 123.20000000298023 95.74169731140137
      vertex 0 123.20000000298023 107.28870268911123
      vertex 0 125 95.74169731140137
    endloop
  endfacet
  facet normal -1 0 0
    outer loop
      vertex 0 123.20000000298023 95.74169731140137
      vertex 0 125 95.74169731140137
      vertex 0 124.10000000149012 94.18340538442135
    endloop
  endfacet
  facet normal -1 0 0
    outer loop
      vertex 0 123.20000000298023 95.74169731140137
      vertex 0 124.10000000149012 94.18340538442135
      vertex 0 114.10000000149012 88.40990269184113
    endloop
  endfacet
  facet normal -1 0 0
    outer loop
      vertex 0 113.20000000298023 89.96819461882114
      vertex 0 123.20000000298023 95.74169731140137
      vertex 0 114.10000000149012 88.40990269184113
    endloop
  endfacet
  facet normal -1 0 0
    outer loop
      vertex 0 113.20000000298023 89.96819461882114
      vertex 0 114.10000000149012 88.40990269184113
      vertex 0 112.29999999701977 88.40990269184113
    endloop
  endfacet
  facet normal -1 0 0
    outer loop
      vertex 0 103.20000000298023 95.74169731140137
      vertex 0 113.20000000298023 89.96819461882114
      vertex 0 112.29999999701977 88.40990269184113
    endloop
  endfacet
  facet normal -1 0 0
    outer loop
      vertex 0 103.20000000298023 95.74169731140137
      vertex 0 112.29999999701977 88.40990269184113
      vertex 0 102.29999999701977 94.18340538442135
    endloop
  endfacet
  facet normal -1 0 0
    outer loop
      vertex 0 101.39999999850988 107.28870268911123
      vertex 0 103.20000000298023 107.28870268911123
      vertex 0 103.20000000298023 95.74169731140137
    endloop
  endfacet
  facet normal -1 0 0
    outer loop
      vertex 0 101.39999999850988 95.74169731140137
      vertex 0 101.39999999850988 107.28870268911123
      vertex 0 103.20000000298023 95.74169731140137
    endloop
  endfacet
  facet normal -1 0 0
    outer loop
      vertex 0 101.39999999850988 95.74169731140137
      vertex 0 103.20000000298023 95.74169731140137
      vertex 0 102.29999999701977 94.18340538442135
    endloop
  endfacet
  facet normal -1 0 0
    outer loop
      vertex 0 101.39999999850988 95.74169731140137
      vertex 0 102.29999999701977 94.18340538442135
      vertex 0 92.29999999701977 88.40990269184113
    endloop
  endfacet
  facet normal -1 0 0
    outer loop
      vertex 0 91.39999999850988 89.96819461882114
      vertex 0 101.39999999850988 95.74169731140137
      vertex 0 92.29999999701977 88.40990269184113
    endloop
  endfacet
  facet normal -1 0 0
    outer loop
      vertex 0 91.39999999850988 89.96819461882114
      vertex 0 92.29999999701977 88.40990269184113
      vertex 0 90.5 88.40990269184113
    endloop
  endfacet
  facet normal -1 0 0
    outer loop
      vertex 0 81.39999999850988 95.74169731140137
      vertex 0 91.39999999850988 89.96819461882114
      vertex 0 90.5 88.40990269184113
    endloop
  endfacet
  facet normal -1 0 0
    outer loop
      vertex 0 81.39999999850988 95.74169731140137
      vertex 0 90.5 88.40990269184113
      vertex 0 80.5 94.18340538442135
    endloop
  endfacet
  facet normal -1 0 0
    outer loop
      vertex 0 79.60000000149012 107.28870268911123
      vertex 0 81.39999999850988 107.28870268911123
      vertex 0 81.39999999850988 95.74169731140137
    endloop
  endfacet
  facet normal -1 0 0
    outer loop
      vertex 0 79.60000000149012 95.74169731140137
      vertex 0 79.60000000149012 107.28870268911123
      vertex 0 81.39999999850988 95.74169731140137
    endloop
  endfacet
  facet normal -1 0 0
    outer loop
      vertex 0 79.60000000149012 95.74169731140137
      vertex 0 81.39999999850988 95.74169731140137
      vertex 0 80.5 94.18340538442135
    endloop
  endfacet
  facet normal -1 0 0
    outer loop
      vertex 0 79.60000000149012 95.74169731140137
      vertex 0 80.5 94.18340538442135
      vertex 0 70.5 88.40990269184113
    endloop
  endfacet
  facet normal -1 0 0
    outer loop
      vertex 0 69.60000000149012 89.96819461882114
      vertex 0 79.60000000149012 95.74169731140137
      vertex 0 70.5 88.40990269184113
    endloop
  endfacet
  facet normal -1 0 0
    outer loop
      vertex 0 69.60000000149012 89.96819461882114
      vertex 0 70.5 88.40990269184113
      vertex 0 68.70000000298023 88.40990269184113
    endloop
  endfacet
  facet normal -1 0 0
    outer loop
      vertex 0 59.600000001490116 95.74169731140137
      vertex 0 69.60000000149012 89.96819461882114
      vertex 0 68.70000000298023 88.40990269184113
    endloop
  endfacet
  facet normal -1 0 0
    outer loop
      vertex 0 59.600000001490116 95.74169731140137
      vertex 0 68.70000000298023 88.40990269184113
      vertex 0 58.70000000298023 94.18340538442135
    endloop
  endfacet
  facet normal -1 0 0
    outer loop
      vertex 0 57.79999999701977 107.28870268911123
      vertex 0 59.600000001490116 107.28870268911123
      vertex 0 59.600000001490116 95.74169731140137
    endloop
  endfacet
  facet normal -1 0 0
    outer loop
      vertex 0 57.79999999701977 95.74169731140137
      vertex 0 57.79999999701977 107.28870268911123
      vertex 0 59.600000001490116 95.74169731140137
    endloop
  endfacet
  facet normal -1 0 0
    outer loop
      vertex 0 57.79999999701977 95.74169731140137
      vertex 0 59.600000001490116 95.74169731140137
      vertex 0 58.70000000298023 94.18340538442135
    endloop
  endfacet
  facet normal -1 0 0
    outer loop
      vertex 0 57.79999999701977 95.74169731140137
      vertex 0 58.70000000298023 94.18340538442135
      vertex 0 48.70000000298023 88.40990269184113
    endloop
  endfacet
  facet normal -1 0 0
    outer loop
      vertex 0 47.79999999701977 89.96819461882114
      vertex 0 57.79999999701977 95.74169731140137
      vertex 0 48.70000000298023 88.40990269184113
    endloop
  endfacet
  facet normal -1 0 0
    outer loop
      vertex 0 47.79999999701977 89.96819461882114
      vertex 0 48.70000000298023 88.40990269184113
      vertex 0 46.899999998509884 88.40990269184113
    endloop
  endfacet
  facet normal -1 0 0
    outer loop
      vertex 0 37.79999999701977 95.74169731140137
      vertex 0 47.79999999701977 89.96819461882114
      vertex 0 46.899999998509884 88.40990269184113
    endloop
  endfacet
  facet normal -1 0 0
    outer loop
      vertex 0 37.79999999701977 95.74169731140137
      vertex 0 46.899999998509884 88.40990269184113
      vertex 0 36.899999998509884 94.18340538442135
    endloop
  endfacet
  facet normal -1 0 0
    outer loop
      vertex 0 36 107.28870268911123
      vertex 0 37.79999999701977 107.28870268911123
      vertex 0 37.79999999701977 95.74169731140137
    endloop
  endfacet
  facet normal -1 0 0
    outer loop
      vertex 0 36 95.74169731140137
      vertex 0 36 107.28870268911123
      vertex 0 37.79999999701977 95.74169731140137
    endloop
  endfacet
  facet normal -1 0 0
    outer loop
      vertex 0 36 95.74169731140137
      vertex 0 37.79999999701977 95.74169731140137
      vertex 0 36.899999998509884 94.18340538442135
    endloop
  endfacet
  facet normal -1 0 0
    outer loop
      vertex 0 36 95.74169731140137
      vertex 0 36.899999998509884 94.18340538442135
      vertex 0 26.899999998509884 88.40990269184113
    endloop
  endfacet
  facet normal -1 0 0
    outer loop
      vertex 0 26 89.96819461882114
      vertex 0 36 95.74169731140137
      vertex 0 26.899999998509884 88.40990269184113
    endloop
  endfacet
  facet normal -1 0 0
    outer loop
      vertex 0 199.5 126.16750269383192
      vertex 0 201.29999999701977 126.16750269383192
      vertex 0 201.29999999701977 114.62049730867147
    endloop
  endfacet
  facet normal -1 0 0
    outer loop
      vertex 0 199.5 114.62049730867147
      vertex 0 199.5 126.16750269383192
      vertex 0 201.29999999701977 114.62049730867147
    endloop
  endfacet
  facet normal -1 0 0
    outer loop
      vertex 0 177.70000000298023 126.16750269383192
      vertex 0 179.5 126.16750269383192
      vertex 0 179.5 114.62049730867147
    endloop
  endfacet
  facet normal -1 0 0
    outer loop
      vertex 0 177.70000000298023 114.62049730867147
      vertex 0 177.70000000298023 126.16750269383192
      vertex 0 179.5 114.62049730867147
    endloop
  endfacet
  facet normal -1 0 0
    outer loop
      vertex 0 155.89999999850988 126.16750269383192
      vertex 0 157.70000000298023 126.16750269383192
      vertex 0 157.70000000298023 114.62049730867147
    endloop
  endfacet
  facet normal -1 0 0
    outer loop
      vertex 0 155.89999999850988 114.62049730867147
      vertex 0 155.89999999850988 126.16750269383192
      vertex 0 157.70000000298023 114.62049730867147
    endloop
  endfacet
  facet normal -1 0 0
    outer loop
      vertex 0 134.10000000149012 126.16750269383192
      vertex 0 135.89999999850988 126.16750269383192
      vertex 0 135.89999999850988 114.62049730867147
    endloop
  endfacet
  facet normal -1 0 0
    outer loop
      vertex 0 134.10000000149012 114.62049730867147
      vertex 0 134.10000000149012 126.16750269383192
      vertex 0 135.89999999850988 114.62049730867147
    endloop
  endfacet
  facet normal -1 0 0
    outer loop
      vertex 0 112.29999999701977 126.16750269383192
      vertex 0 114.10000000149012 126.16750269383192
      vertex 0 114.10000000149012 114.62049730867147
    endloop
  endfacet
  facet normal -1 0 0
    outer loop
      vertex 0 112.29999999701977 114.62049730867147
      vertex 0 112.29999999701977 126.16750269383192
      vertex 0 114.10000000149012 114.62049730867147
    endloop
  endfacet
  facet normal -1 0 0
    outer loop
      vertex 0 90.5 126.16750269383192
      vertex 0 92.29999999701977 126.16750269383192
      vertex 0 92.29999999701977 114.62049730867147
    endloop
  endfacet
  facet normal -1 0 0
    outer loop
      vertex 0 90.5 114.62049730867147
      vertex 0 90.5 126.16750269383192
      vertex 0 92.29999999701977 114.62049730867147
    endloop
  endfacet
  facet normal -1 0 0
    outer loop
      vertex 0 68.70000000298023 126.16750269383192
      vertex 0 70.5 126.16750269383192
      vertex 0 70.5 114.62049730867147
    endloop
  endfacet
  facet normal -1 0 0
    outer loop
      vertex 0 68.70000000298023 114.62049730867147
      vertex 0 68.70000000298023 126.16750269383192
      vertex 0 70.5 114.62049730867147
    endloop
  endfacet
  facet normal -1 0 0
    outer loop
      vertex 0 46.899999998509884 126.16750269383192
      vertex 0 48.70000000298023 126.16750269383192
      vertex 0 48.70000000298023 114.62049730867147
    endloop
  endfacet
  facet normal -1 0 0
    outer loop
      vertex 0 46.899999998509884 114.62049730867147
      vertex 0 46.899999998509884 126.16750269383192
      vertex 0 48.70000000298023 114.62049730867147
    endloop
  endfacet
  facet normal -1 0 0
    outer loop
      vertex 0 210.39999999850988 145.04630269110203
      vertex 0 212.20000000298023 145.04630269110203
      vertex 0 212.20000000298023 133.49929730594158
    endloop
  endfacet
  facet normal -1 0 0
    outer loop
      vertex 0 210.39999999850988 133.49929730594158
      vertex 0 210.39999999850988 145.04630269110203
      vertex 0 212.20000000298023 133.49929730594158
    endloop
  endfacet
  facet normal -1 0 0
    outer loop
      vertex 0 210.39999999850988 133.49929730594158
      vertex 0 212.20000000298023 133.49929730594158
      vertex 0 211.29999999701977 131.94100538641214
    endloop
  endfacet
  facet normal -1 0 0
    outer loop
      vertex 0 210.39999999850988 133.49929730594158
      vertex 0 211.29999999701977 131.94100538641214
      vertex 0 201.29999999701977 126.16750269383192
    endloop
  endfacet
  facet normal -1 0 0
    outer loop
      vertex 0 200.39999999850988 127.72579461336136
      vertex 0 210.39999999850988 133.49929730594158
      vertex 0 201.29999999701977 126.16750269383192
    endloop
  endfacet
  facet normal -1 0 0
    outer loop
      vertex 0 200.39999999850988 127.72579461336136
      vertex 0 201.29999999701977 126.16750269383192
      vertex 0 199.5 126.16750269383192
    endloop
  endfacet
  facet normal -1 0 0
    outer loop
      vertex 0 190.39999999850988 133.49929730594158
      vertex 0 200.39999999850988 127.72579461336136
      vertex 0 199.5 126.16750269383192
    endloop
  endfacet
  facet normal -1 0 0
    outer loop
      vertex 0 190.39999999850988 133.49929730594158
      vertex 0 199.5 126.16750269383192
      vertex 0 189.5 131.94100538641214
    endloop
  endfacet
  facet normal -1 0 0
    outer loop
      vertex 0 188.60000000149012 145.04630269110203
      vertex 0 190.39999999850988 145.04630269110203
      vertex 0 190.39999999850988 133.49929730594158
    endloop
  endfacet
  facet normal -1 0 0
    outer loop
      vertex 0 188.60000000149012 133.49929730594158
      vertex 0 188.60000000149012 145.04630269110203
      vertex 0 190.39999999850988 133.49929730594158
    endloop
  endfacet
  facet normal -1 0 0
    outer loop
      vertex 0 188.60000000149012 133.49929730594158
      vertex 0 190.39999999850988 133.49929730594158
      vertex 0 189.5 131.94100538641214
    endloop
  endfacet
  facet normal -1 0 0
    outer loop
      vertex 0 188.60000000149012 133.49929730594158
      vertex 0 189.5 131.94100538641214
      vertex 0 179.5 126.16750269383192
    endloop
  endfacet
  facet normal -1 0 0
    outer loop
      vertex 0 178.60000000149012 127.72579461336136
      vertex 0 188.60000000149012 133.49929730594158
      vertex 0 179.5 126.16750269383192
    endloop
  endfacet
  facet normal -1 0 0
    outer loop
      vertex 0 178.60000000149012 127.72579461336136
      vertex 0 179.5 126.16750269383192
      vertex 0 177.70000000298023 126.16750269383192
    endloop
  endfacet
  facet normal -1 0 0
    outer loop
      vertex 0 168.60000000149012 133.49929730594158
      vertex 0 178.60000000149012 127.72579461336136
      vertex 0 177.70000000298023 126.16750269383192
    endloop
  endfacet
  facet normal -1 0 0
    outer loop
      vertex 0 168.60000000149012 133.49929730594158
      vertex 0 177.70000000298023 126.16750269383192
      vertex 0 167.70000000298023 131.94100538641214
    endloop
  endfacet
  facet normal -1 0 0
    outer loop
      vertex 0 166.79999999701977 145.04630269110203
      vertex 0 168.60000000149012 145.04630269110203
      vertex 0 168.60000000149012 133.49929730594158
    endloop
  endfacet
  facet normal -1 0 0
    outer loop
      vertex 0 166.79999999701977 133.49929730594158
      vertex 0 166.79999999701977 145.04630269110203
      vertex 0 168.60000000149012 133.49929730594158
    endloop
  endfacet
  facet normal -1 0 0
    outer loop
      vertex 0 166.79999999701977 133.49929730594158
      vertex 0 168.60000000149012 133.49929730594158
      vertex 0 167.70000000298023 131.94100538641214
    endloop
  endfacet
  facet normal -1 0 0
    outer loop
      vertex 0 166.79999999701977 133.49929730594158
      vertex 0 167.70000000298023 131.94100538641214
      vertex 0 157.70000000298023 126.16750269383192
    endloop
  endfacet
  facet normal -1 0 0
    outer loop
      vertex 0 156.79999999701977 127.72579461336136
      vertex 0 166.79999999701977 133.49929730594158
      vertex 0 157.70000000298023 126.16750269383192
    endloop
  endfacet
  facet normal -1 0 0
    outer loop
      vertex 0 156.79999999701977 127.72579461336136
      vertex 0 157.70000000298023 126.16750269383192
      vertex 0 155.89999999850988 126.16750269383192
    endloop
  endfacet
  facet normal -1 0 0
    outer loop
      vertex 0 146.79999999701977 133.49929730594158
      vertex 0 156.79999999701977 127.72579461336136
      vertex 0 155.89999999850988 126.16750269383192
    endloop
  endfacet
  facet normal -1 0 0
    outer loop
      vertex 0 146.79999999701977 133.49929730594158
      vertex 0 155.89999999850988 126.16750269383192
      vertex 0 145.89999999850988 131.94100538641214
    endloop
  endfacet
  facet normal -1 0 0
    outer loop
      vertex 0 145 145.04630269110203
      vertex 0 146.79999999701977 145.04630269110203
      vertex 0 146.79999999701977 133.49929730594158
    endloop
  endfacet
  facet normal -1 0 0
    outer loop
      vertex 0 145 133.49929730594158
      vertex 0 145 145.04630269110203
      vertex 0 146.79999999701977 133.49929730594158
    endloop
  endfacet
  facet normal -1 0 0
    outer loop
      vertex 0 145 133.49929730594158
      vertex 0 146.79999999701977 133.49929730594158
      vertex 0 145.89999999850988 131.94100538641214
    endloop
  endfacet
  facet normal -1 0 0
    outer loop
      vertex 0 145 133.49929730594158
      vertex 0 145.89999999850988 131.94100538641214
      vertex 0 135.89999999850988 126.16750269383192
    endloop
  endfacet
  facet normal -1 0 0
    outer loop
      vertex 0 135 127.72579461336136
      vertex 0 145 133.49929730594158
      vertex 0 135.89999999850988 126.16750269383192
    endloop
  endfacet
  facet normal -1 0 0
    outer loop
      vertex 0 135 127.72579461336136
      vertex 0 135.89999999850988 126.16750269383192
      vertex 0 134.10000000149012 126.16750269383192
    endloop
  endfacet
  facet normal -1 0 0
    outer loop
      vertex 0 125 133.49929730594158
      vertex 0 135 127.72579461336136
      vertex 0 134.10000000149012 126.16750269383192
    endloop
  endfacet
  facet normal -1 0 0
    outer loop
      vertex 0 125 133.49929730594158
      vertex 0 134.10000000149012 126.16750269383192
      vertex 0 124.10000000149012 131.94100538641214
    endloop
  endfacet
  facet normal -1 0 0
    outer loop
      vertex 0 123.20000000298023 145.04630269110203
      vertex 0 125 145.04630269110203
      vertex 0 125 133.49929730594158
    endloop
  endfacet
  facet normal -1 0 0
    outer loop
      vertex 0 123.20000000298023 133.49929730594158
      vertex 0 123.20000000298023 145.04630269110203
      vertex 0 125 133.49929730594158
    endloop
  endfacet
  facet normal -1 0 0
    outer loop
      vertex 0 123.20000000298023 133.49929730594158
      vertex 0 125 133.49929730594158
      vertex 0 124.10000000149012 131.94100538641214
    endloop
  endfacet
  facet normal -1 0 0
    outer loop
      vertex 0 123.20000000298023 133.49929730594158
      vertex 0 124.10000000149012 131.94100538641214
      vertex 0 114.10000000149012 126.16750269383192
    endloop
  endfacet
  facet normal -1 0 0
    outer loop
      vertex 0 113.20000000298023 127.72579461336136
      vertex 0 123.20000000298023 133.49929730594158
      vertex 0 114.10000000149012 126.16750269383192
    endloop
  endfacet
  facet normal -1 0 0
    outer loop
      vertex 0 113.20000000298023 127.72579461336136
      vertex 0 114.10000000149012 126.16750269383192
      vertex 0 112.29999999701977 126.16750269383192
    endloop
  endfacet
  facet normal -1 0 0
    outer loop
      vertex 0 103.20000000298023 133.49929730594158
      vertex 0 113.20000000298023 127.72579461336136
      vertex 0 112.29999999701977 126.16750269383192
    endloop
  endfacet
  facet normal -1 0 0
    outer loop
      vertex 0 103.20000000298023 133.49929730594158
      vertex 0 112.29999999701977 126.16750269383192
      vertex 0 102.29999999701977 131.94100538641214
    endloop
  endfacet
  facet normal -1 0 0
    outer loop
      vertex 0 101.39999999850988 145.04630269110203
      vertex 0 103.20000000298023 145.04630269110203
      vertex 0 103.20000000298023 133.49929730594158
    endloop
  endfacet
  facet normal -1 0 0
    outer loop
      vertex 0 101.39999999850988 133.49929730594158
      vertex 0 101.39999999850988 145.04630269110203
      vertex 0 103.20000000298023 133.49929730594158
    endloop
  endfacet
  facet normal -1 0 0
    outer loop
      vertex 0 101.39999999850988 133.49929730594158
      vertex 0 103.20000000298023 133.49929730594158
      vertex 0 102.29999999701977 131.94100538641214
    endloop
  endfacet
  facet normal -1 0 0
    outer loop
      vertex 0 101.39999999850988 133.49929730594158
      vertex 0 102.29999999701977 131.94100538641214
      vertex 0 92.29999999701977 126.16750269383192
    endloop
  endfacet
  facet normal -1 0 0
    outer loop
      vertex 0 91.39999999850988 127.72579461336136
      vertex 0 101.39999999850988 133.49929730594158
      vertex 0 92.29999999701977 126.16750269383192
    endloop
  endfacet
  facet normal -1 0 0
    outer loop
      vertex 0 91.39999999850988 127.72579461336136
      vertex 0 92.29999999701977 126.16750269383192
      vertex 0 90.5 126.16750269383192
    endloop
  endfacet
  facet normal -1 0 0
    outer loop
      vertex 0 81.39999999850988 133.49929730594158
      vertex 0 91.39999999850988 127.72579461336136
      vertex 0 90.5 126.16750269383192
    endloop
  endfacet
  facet normal -1 0 0
    outer loop
      vertex 0 81.39999999850988 133.49929730594158
      vertex 0 90.5 126.16750269383192
      vertex 0 80.5 131.94100538641214
    endloop
  endfacet
  facet normal -1 0 0
    outer loop
      vertex 0 79.60000000149012 145.04630269110203
      vertex 0 81.39999999850988 145.04630269110203
      vertex 0 81.39999999850988 133.49929730594158
    endloop
  endfacet
  facet normal -1 0 0
    outer loop
      vertex 0 79.60000000149012 133.49929730594158
      vertex 0 79.60000000149012 145.04630269110203
      vertex 0 81.39999999850988 133.49929730594158
    endloop
  endfacet
  facet normal -1 0 0
    outer loop
      vertex 0 79.60000000149012 133.49929730594158
      vertex 0 81.39999999850988 133.49929730594158
      vertex 0 80.5 131.94100538641214
    endloop
  endfacet
  facet normal -1 0 0
    outer loop
      vertex 0 79.60000000149012 133.49929730594158
      vertex 0 80.5 131.94100538641214
      vertex 0 70.5 126.16750269383192
    endloop
  endfacet
  facet normal -1 0 0
    outer loop
      vertex 0 69.60000000149012 127.72579461336136
      vertex 0 79.60000000149012 133.49929730594158
      vertex 0 70.5 126.16750269383192
    endloop
  endfacet
  facet normal -1 0 0
    outer loop
      vertex 0 69.60000000149012 127.72579461336136
      vertex 0 70.5 126.16750269383192
      vertex 0 68.70000000298023 126.16750269383192
    endloop
  endfacet
  facet normal -1 0 0
    outer loop
      vertex 0 59.600000001490116 133.49929730594158
      vertex 0 69.60000000149012 127.72579461336136
      vertex 0 68.70000000298023 126.16750269383192
    endloop
  endfacet
  facet normal -1 0 0
    outer loop
      vertex 0 59.600000001490116 133.49929730594158
      vertex 0 68.70000000298023 126.16750269383192
      vertex 0 58.70000000298023 131.94100538641214
    endloop
  endfacet
  facet normal -1 0 0
    outer loop
      vertex 0 57.79999999701977 145.04630269110203
      vertex 0 59.600000001490116 145.04630269110203
      vertex 0 59.600000001490116 133.49929730594158
    endloop
  endfacet
  facet normal -1 0 0
    outer loop
      vertex 0 57.79999999701977 133.49929730594158
      vertex 0 57.79999999701977 145.04630269110203
      vertex 0 59.600000001490116 133.49929730594158
    endloop
  endfacet
  facet normal -1 0 0
    outer loop
      vertex 0 57.79999999701977 133.49929730594158
      vertex 0 59.600000001490116 133.49929730594158
      vertex 0 58.70000000298023 131.94100538641214
    endloop
  endfacet
  facet normal -1 0 0
    outer loop
      vertex 0 57.79999999701977 133.49929730594158
      vertex 0 58.70000000298023 131.94100538641214
      vertex 0 48.70000000298023 126.16750269383192
    endloop
  endfacet
  facet normal -1 0 0
    outer loop
      vertex 0 47.79999999701977 127.72579461336136
      vertex 0 57.79999999701977 133.49929730594158
      vertex 0 48.70000000298023 126.16750269383192
    endloop
  endfacet
  facet normal -1 0 0
    outer loop
      vertex 0 47.79999999701977 127.72579461336136
      vertex 0 48.70000000298023 126.16750269383192
      vertex 0 46.899999998509884 126.16750269383192
    endloop
  endfacet
  facet normal -1 0 0
    outer loop
      vertex 0 37.79999999701977 133.49929730594158
      vertex 0 47.79999999701977 127.72579461336136
      vertex 0 46.899999998509884 126.16750269383192
    endloop
  endfacet
  facet normal -1 0 0
    outer loop
      vertex 0 37.79999999701977 133.49929730594158
      vertex 0 46.899999998509884 126.16750269383192
      vertex 0 36.899999998509884 131.94100538641214
    endloop
  endfacet
  facet normal -1 0 0
    outer loop
      vertex 0 36 145.04630269110203
      vertex 0 37.79999999701977 145.04630269110203
      vertex 0 37.79999999701977 133.49929730594158
    endloop
  endfacet
  facet normal -1 0 0
    outer loop
      vertex 0 36 133.49929730594158
      vertex 0 36 145.04630269110203
      vertex 0 37.79999999701977 133.49929730594158
    endloop
  endfacet
  facet normal -1 0 0
    outer loop
      vertex 0 36 133.49929730594158
      vertex 0 37.79999999701977 133.49929730594158
      vertex 0 36.899999998509884 131.94100538641214
    endloop
  endfacet
  facet normal -1 0 0
    outer loop
      vertex 0 36 133.49929730594158
      vertex 0 36.899999998509884 131.94100538641214
      vertex 0 26.899999998509884 126.16750269383192
    endloop
  endfacet
  facet normal -1 0 0
    outer loop
      vertex 0 26 127.72579461336136
      vertex 0 36 133.49929730594158
      vertex 0 26.899999998509884 126.16750269383192
    endloop
  endfacet
  facet normal -1 0 0
    outer loop
      vertex 0 199.5 163.92510268837214
      vertex 0 201.29999999701977 163.92510268837214
      vertex 0 201.29999999701977 152.37809731066227
    endloop
  endfacet
  facet normal -1 0 0
    outer loop
      vertex 0 199.5 152.37809731066227
      vertex 0 199.5 163.92510268837214
      vertex 0 201.29999999701977 152.37809731066227
    endloop
  endfacet
  facet normal -1 0 0
    outer loop
      vertex 0 177.70000000298023 163.92510268837214
      vertex 0 179.5 163.92510268837214
      vertex 0 179.5 152.37809731066227
    endloop
  endfacet
  facet normal -1 0 0
    outer loop
      vertex 0 177.70000000298023 152.37809731066227
      vertex 0 177.70000000298023 163.92510268837214
      vertex 0 179.5 152.37809731066227
    endloop
  endfacet
  facet normal -1 0 0
    outer loop
      vertex 0 155.89999999850988 163.92510268837214
      vertex 0 157.70000000298023 163.92510268837214
      vertex 0 157.70000000298023 152.37809731066227
    endloop
  endfacet
  facet normal -1 0 0
    outer loop
      vertex 0 155.89999999850988 152.37809731066227
      vertex 0 155.89999999850988 163.92510268837214
      vertex 0 157.70000000298023 152.37809731066227
    endloop
  endfacet
  facet normal -1 0 0
    outer loop
      vertex 0 134.10000000149012 163.92510268837214
      vertex 0 135.89999999850988 163.92510268837214
      vertex 0 135.89999999850988 152.37809731066227
    endloop
  endfacet
  facet normal -1 0 0
    outer loop
      vertex 0 134.10000000149012 152.37809731066227
      vertex 0 134.10000000149012 163.92510268837214
      vertex 0 135.89999999850988 152.37809731066227
    endloop
  endfacet
  facet normal -1 0 0
    outer loop
      vertex 0 112.29999999701977 163.92510268837214
      vertex 0 114.10000000149012 163.92510268837214
      vertex 0 114.10000000149012 152.37809731066227
    endloop
  endfacet
  facet normal -1 0 0
    outer loop
      vertex 0 112.29999999701977 152.37809731066227
      vertex 0 112.29999999701977 163.92510268837214
      vertex 0 114.10000000149012 152.37809731066227
    endloop
  endfacet
  facet normal -1 0 0
    outer loop
      vertex 0 90.5 163.92510268837214
      vertex 0 92.29999999701977 163.92510268837214
      vertex 0 92.29999999701977 152.37809731066227
    endloop
  endfacet
  facet normal -1 0 0
    outer loop
      vertex 0 90.5 152.37809731066227
      vertex 0 90.5 163.92510268837214
      vertex 0 92.29999999701977 152.37809731066227
    endloop
  endfacet
  facet normal -1 0 0
    outer loop
      vertex 0 68.70000000298023 163.92510268837214
      vertex 0 70.5 163.92510268837214
      vertex 0 70.5 152.37809731066227
    endloop
  endfacet
  facet normal -1 0 0
    outer loop
      vertex 0 68.70000000298023 152.37809731066227
      vertex 0 68.70000000298023 163.92510268837214
      vertex 0 70.5 152.37809731066227
    endloop
  endfacet
  facet normal -1 0 0
    outer loop
      vertex 0 46.899999998509884 163.92510268837214
      vertex 0 48.70000000298023 163.92510268837214
      vertex 0 48.70000000298023 152.37809731066227
    endloop
  endfacet
  facet normal -1 0 0
    outer loop
      vertex 0 46.899999998509884 152.37809731066227
      vertex 0 46.899999998509884 163.92510268837214
      vertex 0 48.70000000298023 152.37809731066227
    endloop
  endfacet
  facet normal -1 0 0
    outer loop
      vertex 0 210.39999999850988 182.80390269309282
      vertex 0 212.20000000298023 182.80390269309282
      vertex 0 212.20000000298023 171.25689730793238
    endloop
  endfacet
  facet normal -1 0 0
    outer loop
      vertex 0 210.39999999850988 171.25689730793238
      vertex 0 210.39999999850988 182.80390269309282
      vertex 0 212.20000000298023 171.25689730793238
    endloop
  endfacet
  facet normal -1 0 0
    outer loop
      vertex 0 188.60000000149012 182.80390269309282
      vertex 0 190.39999999850988 182.80390269309282
      vertex 0 190.39999999850988 171.25689730793238
    endloop
  endfacet
  facet normal -1 0 0
    outer loop
      vertex 0 188.60000000149012 171.25689730793238
      vertex 0 188.60000000149012 182.80390269309282
      vertex 0 190.39999999850988 171.25689730793238
    endloop
  endfacet
  facet normal -1 0 0
    outer loop
      vertex 0 166.79999999701977 182.80390269309282
      vertex 0 168.60000000149012 182.80390269309282
      vertex 0 168.60000000149012 171.25689730793238
    endloop
  endfacet
  facet normal -1 0 0
    outer loop
      vertex 0 166.79999999701977 171.25689730793238
      vertex 0 166.79999999701977 182.80390269309282
      vertex 0 168.60000000149012 171.25689730793238
    endloop
  endfacet
  facet normal -1 0 0
    outer loop
      vertex 0 145 182.80390269309282
      vertex 0 146.79999999701977 182.80390269309282
      vertex 0 146.79999999701977 171.25689730793238
    endloop
  endfacet
  facet normal -1 0 0
    outer loop
      vertex 0 145 171.25689730793238
      vertex 0 145 182.80390269309282
      vertex 0 146.79999999701977 171.25689730793238
    endloop
  endfacet
  facet normal -1 0 0
    outer loop
      vertex 0 123.20000000298023 182.80390269309282
      vertex 0 125 182.80390269309282
      vertex 0 125 171.25689730793238
    endloop
  endfacet
  facet normal -1 0 0
    outer loop
      vertex 0 123.20000000298023 171.25689730793238
      vertex 0 123.20000000298023 182.80390269309282
      vertex 0 125 171.25689730793238
    endloop
  endfacet
  facet normal -1 0 0
    outer loop
      vertex 0 101.39999999850988 182.80390269309282
      vertex 0 103.20000000298023 182.80390269309282
      vertex 0 103.20000000298023 171.25689730793238
    endloop
  endfacet
  facet normal -1 0 0
    outer loop
      vertex 0 101.39999999850988 171.25689730793238
      vertex 0 101.39999999850988 182.80390269309282
      vertex 0 103.20000000298023 171.25689730793238
    endloop
  endfacet
  facet normal -1 0 0
    outer loop
      vertex 0 79.60000000149012 182.80390269309282
      vertex 0 81.39999999850988 182.80390269309282
      vertex 0 81.39999999850988 171.25689730793238
    endloop
  endfacet
  facet normal -1 0 0
    outer loop
      vertex 0 79.60000000149012 171.25689730793238
      vertex 0 79.60000000149012 182.80390269309282
      vertex 0 81.39999999850988 171.25689730793238
    endloop
  endfacet
  facet normal -1 0 0
    outer loop
      vertex 0 57.79999999701977 182.80390269309282
      vertex 0 59.600000001490116 182.80390269309282
      vertex 0 59.600000001490116 171.25689730793238
    endloop
  endfacet
  facet normal -1 0 0
    outer loop
      vertex 0 57.79999999701977 171.25689730793238
      vertex 0 57.79999999701977 182.80390269309282
      vertex 0 59.600000001490116 171.25689730793238
    endloop
  endfacet
  facet normal -1 0 0
    outer loop
      vertex 0 36 182.80390269309282
      vertex 0 37.79999999701977 182.80390269309282
      vertex 0 37.79999999701977 171.25689730793238
    endloop
  endfacet
  facet normal -1 0 0
    outer loop
      vertex 0 36 171.25689730793238
      vertex 0 36 182.80390269309282
      vertex 0 37.79999999701977 171.25689730793238
    endloop
  endfacet
  facet normal -1 0 0
    outer loop
      vertex 0 199.5 201.68270269036293
      vertex 0 201.29999999701977 201.68270269036293
      vertex 0 201.29999999701977 190.13569730520248
    endloop
  endfacet
  facet normal -1 0 0
    outer loop
      vertex 0 199.5 190.13569730520248
      vertex 0 199.5 201.68270269036293
      vertex 0 201.29999999701977 190.13569730520248
    endloop
  endfacet
  facet normal -1 0 0
    outer loop
      vertex 0 177.70000000298023 201.68270269036293
      vertex 0 179.5 201.68270269036293
      vertex 0 179.5 190.13569730520248
    endloop
  endfacet
  facet normal -1 0 0
    outer loop
      vertex 0 177.70000000298023 190.13569730520248
      vertex 0 177.70000000298023 201.68270269036293
      vertex 0 179.5 190.13569730520248
    endloop
  endfacet
  facet normal -1 0 0
    outer loop
      vertex 0 155.89999999850988 201.68270269036293
      vertex 0 157.70000000298023 201.68270269036293
      vertex 0 157.70000000298023 190.13569730520248
    endloop
  endfacet
  facet normal -1 0 0
    outer loop
      vertex 0 155.89999999850988 190.13569730520248
      vertex 0 155.89999999850988 201.68270269036293
      vertex 0 157.70000000298023 190.13569730520248
    endloop
  endfacet
  facet normal -1 0 0
    outer loop
      vertex 0 134.10000000149012 201.68270269036293
      vertex 0 135.89999999850988 201.68270269036293
      vertex 0 135.89999999850988 190.13569730520248
    endloop
  endfacet
  facet normal -1 0 0
    outer loop
      vertex 0 134.10000000149012 190.13569730520248
      vertex 0 134.10000000149012 201.68270269036293
      vertex 0 135.89999999850988 190.13569730520248
    endloop
  endfacet
  facet normal -1 0 0
    outer loop
      vertex 0 112.29999999701977 201.68270269036293
      vertex 0 114.10000000149012 201.68270269036293
      vertex 0 114.10000000149012 190.13569730520248
    endloop
  endfacet
  facet normal -1 0 0
    outer loop
      vertex 0 112.29999999701977 190.13569730520248
      vertex 0 112.29999999701977 201.68270269036293
      vertex 0 114.10000000149012 190.13569730520248
    endloop
  endfacet
  facet normal -1 0 0
    outer loop
      vertex 0 90.5 201.68270269036293
      vertex 0 92.29999999701977 201.68270269036293
      vertex 0 92.29999999701977 190.13569730520248
    endloop
  endfacet
  facet normal -1 0 0
    outer loop
      vertex 0 90.5 190.13569730520248
      vertex 0 90.5 201.68270269036293
      vertex 0 92.29999999701977 190.13569730520248
    endloop
  endfacet
  facet normal -1 0 0
    outer loop
      vertex 0 68.70000000298023 201.68270269036293
      vertex 0 70.5 201.68270269036293
      vertex 0 70.5 190.13569730520248
    endloop
  endfacet
  facet normal -1 0 0
    outer loop
      vertex 0 68.70000000298023 190.13569730520248
      vertex 0 68.70000000298023 201.68270269036293
      vertex 0 70.5 190.13569730520248
    endloop
  endfacet
  facet normal -1 0 0
    outer loop
      vertex 0 46.899999998509884 201.68270269036293
      vertex 0 48.70000000298023 201.68270269036293
      vertex 0 48.70000000298023 190.13569730520248
    endloop
  endfacet
  facet normal -1 0 0
    outer loop
      vertex 0 46.899999998509884 190.13569730520248
      vertex 0 46.899999998509884 201.68270269036293
      vertex 0 48.70000000298023 190.13569730520248
    endloop
  endfacet
  facet normal -1 0 0
    outer loop
      vertex 0 210.39999999850988 220.56150269508362
      vertex 0 212.20000000298023 220.56150269508362
      vertex 0 212.20000000298023 209.01449730992317
    endloop
  endfacet
  facet normal -1 0 0
    outer loop
      vertex 0 210.39999999850988 209.01449730992317
      vertex 0 210.39999999850988 220.56150269508362
      vertex 0 212.20000000298023 209.01449730992317
    endloop
  endfacet
  facet normal -1 0 0
    outer loop
      vertex 0 188.60000000149012 220.56150269508362
      vertex 0 190.39999999850988 220.56150269508362
      vertex 0 190.39999999850988 209.01449730992317
    endloop
  endfacet
  facet normal -1 0 0
    outer loop
      vertex 0 188.60000000149012 209.01449730992317
      vertex 0 188.60000000149012 220.56150269508362
      vertex 0 190.39999999850988 209.01449730992317
    endloop
  endfacet
  facet normal -1 0 0
    outer loop
      vertex 0 166.79999999701977 220.56150269508362
      vertex 0 168.60000000149012 220.56150269508362
      vertex 0 168.60000000149012 209.01449730992317
    endloop
  endfacet
  facet normal -1 0 0
    outer loop
      vertex 0 166.79999999701977 209.01449730992317
      vertex 0 166.79999999701977 220.56150269508362
      vertex 0 168.60000000149012 209.01449730992317
    endloop
  endfacet
  facet normal -1 0 0
    outer loop
      vertex 0 145 220.56150269508362
      vertex 0 146.79999999701977 220.56150269508362
      vertex 0 146.79999999701977 209.01449730992317
    endloop
  endfacet
  facet normal -1 0 0
    outer loop
      vertex 0 145 209.01449730992317
      vertex 0 145 220.56150269508362
      vertex 0 146.79999999701977 209.01449730992317
    endloop
  endfacet
  facet normal -1 0 0
    outer loop
      vertex 0 123.20000000298023 220.56150269508362
      vertex 0 125 220.56150269508362
      vertex 0 125 209.01449730992317
    endloop
  endfacet
  facet normal -1 0 0
    outer loop
      vertex 0 123.20000000298023 209.01449730992317
      vertex 0 123.20000000298023 220.56150269508362
      vertex 0 125 209.01449730992317
    endloop
  endfacet
  facet normal -1 0 0
    outer loop
      vertex 0 101.39999999850988 220.56150269508362
      vertex 0 103.20000000298023 220.56150269508362
      vertex 0 103.20000000298023 209.01449730992317
    endloop
  endfacet
  facet normal -1 0 0
    outer loop
      vertex 0 101.39999999850988 209.01449730992317
      vertex 0 101.39999999850988 220.56150269508362
      vertex 0 103.20000000298023 209.01449730992317
    endloop
  endfacet
  facet normal -1 0 0
    outer loop
      vertex 0 79.60000000149012 220.56150269508362
      vertex 0 81.39999999850988 220.56150269508362
      vertex 0 81.39999999850988 209.01449730992317
    endloop
  endfacet
  facet normal -1 0 0
    outer loop
      vertex 0 79.60000000149012 209.01449730992317
      vertex 0 79.60000000149012 220.56150269508362
      vertex 0 81.39999999850988 209.01449730992317
    endloop
  endfacet
  facet normal -1 0 0
    outer loop
      vertex 0 57.79999999701977 220.56150269508362
      vertex 0 59.600000001490116 220.56150269508362
      vertex 0 59.600000001490116 209.01449730992317
    endloop
  endfacet
  facet normal -1 0 0
    outer loop
      vertex 0 57.79999999701977 209.01449730992317
      vertex 0 57.79999999701977 220.56150269508362
      vertex 0 59.600000001490116 209.01449730992317
    endloop
  endfacet
  facet normal -1 0 0
    outer loop
      vertex 0 36 220.56150269508362
      vertex 0 37.79999999701977 220.56150269508362
      vertex 0 37.79999999701977 209.01449730992317
    endloop
  endfacet
  facet normal -1 0 0
    outer loop
      vertex 0 36 209.01449730992317
      vertex 0 36 220.56150269508362
      vertex 0 37.79999999701977 209.01449730992317
    endloop
  endfacet
  facet normal -1 0 0
    outer loop
      vertex 0 199.5 239.44030269235373
      vertex 0 201.29999999701977 239.44030269235373
      vertex 0 201.29999999701977 227.89329730719328
    endloop
  endfacet
  facet normal -1 0 0
    outer loop
      vertex 0 199.5 227.89329730719328
      vertex 0 199.5 239.44030269235373
      vertex 0 201.29999999701977 227.89329730719328
    endloop
  endfacet
  facet normal -1 0 0
    outer loop
      vertex 0 177.70000000298023 239.44030269235373
      vertex 0 179.5 239.44030269235373
      vertex 0 179.5 227.89329730719328
    endloop
  endfacet
  facet normal -1 0 0
    outer loop
      vertex 0 177.70000000298023 227.89329730719328
      vertex 0 177.70000000298023 239.44030269235373
      vertex 0 179.5 227.89329730719328
    endloop
  endfacet
  facet normal -1 0 0
    outer loop
      vertex 0 155.89999999850988 239.44030269235373
      vertex 0 157.70000000298023 239.44030269235373
      vertex 0 157.70000000298023 227.89329730719328
    endloop
  endfacet
  facet normal -1 0 0
    outer loop
      vertex 0 155.89999999850988 227.89329730719328
      vertex 0 155.89999999850988 239.44030269235373
      vertex 0 157.70000000298023 227.89329730719328
    endloop
  endfacet
  facet normal -1 0 0
    outer loop
      vertex 0 134.10000000149012 239.44030269235373
      vertex 0 135.89999999850988 239.44030269235373
      vertex 0 135.89999999850988 227.89329730719328
    endloop
  endfacet
  facet normal -1 0 0
    outer loop
      vertex 0 134.10000000149012 227.89329730719328
      vertex 0 134.10000000149012 239.44030269235373
      vertex 0 135.89999999850988 227.89329730719328
    endloop
  endfacet
  facet normal -1 0 0
    outer loop
      vertex 0 112.29999999701977 239.44030269235373
      vertex 0 114.10000000149012 239.44030269235373
      vertex 0 114.10000000149012 227.89329730719328
    endloop
  endfacet
  facet normal -1 0 0
    outer loop
      vertex 0 112.29999999701977 227.89329730719328
      vertex 0 112.29999999701977 239.44030269235373
      vertex 0 114.10000000149012 227.89329730719328
    endloop
  endfacet
  facet normal -1 0 0
    outer loop
      vertex 0 90.5 239.44030269235373
      vertex 0 92.29999999701977 239.44030269235373
      vertex 0 92.29999999701977 227.89329730719328
    endloop
  endfacet
  facet normal -1 0 0
    outer loop
      vertex 0 90.5 227.89329730719328
      vertex 0 90.5 239.44030269235373
      vertex 0 92.29999999701977 227.89329730719328
    endloop
  endfacet
  facet normal -1 0 0
    outer loop
      vertex 0 68.70000000298023 239.44030269235373
      vertex 0 70.5 239.44030269235373
      vertex 0 70.5 227.89329730719328
    endloop
  endfacet
  facet normal -1 0 0
    outer loop
      vertex 0 68.70000000298023 227.89329730719328
      vertex 0 68.70000000298023 239.44030269235373
      vertex 0 70.5 227.89329730719328
    endloop
  endfacet
  facet normal -1 0 0
    outer loop
      vertex 0 46.899999998509884 239.44030269235373
      vertex 0 48.70000000298023 239.44030269235373
      vertex 0 48.70000000298023 227.89329730719328
    endloop
  endfacet
  facet normal -1 0 0
    outer loop
      vertex 0 46.899999998509884 227.89329730719328
      vertex 0 46.899999998509884 239.44030269235373
      vertex 0 48.70000000298023 227.89329730719328
    endloop
  endfacet
  facet normal -1 0 0
    outer loop
      vertex 0 210.39999999850988 258.31910268962383
      vertex 0 212.20000000298023 258.31910268962383
      vertex 0 212.20000000298023 246.7720973044634
    endloop
  endfacet
  facet normal -1 0 0
    outer loop
      vertex 0 210.39999999850988 246.7720973044634
      vertex 0 210.39999999850988 258.31910268962383
      vertex 0 212.20000000298023 246.7720973044634
    endloop
  endfacet
  facet normal -1 0 0
    outer loop
      vertex 0 188.60000000149012 258.31910268962383
      vertex 0 190.39999999850988 258.31910268962383
      vertex 0 190.39999999850988 246.7720973044634
    endloop
  endfacet
  facet normal -1 0 0
    outer loop
      vertex 0 188.60000000149012 246.7720973044634
      vertex 0 188.60000000149012 258.31910268962383
      vertex 0 190.39999999850988 246.7720973044634
    endloop
  endfacet
  facet normal -1 0 0
    outer loop
      vertex 0 166.79999999701977 258.31910268962383
      vertex 0 168.60000000149012 258.31910268962383
      vertex 0 168.60000000149012 246.7720973044634
    endloop
  endfacet
  facet normal -1 0 0
    outer loop
      vertex 0 166.79999999701977 246.7720973044634
      vertex 0 166.79999999701977 258.31910268962383
      vertex 0 168.60000000149012 246.7720973044634
    endloop
  endfacet
  facet normal -1 0 0
    outer loop
      vertex 0 145 258.31910268962383
      vertex 0 146.79999999701977 258.31910268962383
      vertex 0 146.79999999701977 246.7720973044634
    endloop
  endfacet
  facet normal -1 0 0
    outer loop
      vertex 0 145 246.7720973044634
      vertex 0 145 258.31910268962383
      vertex 0 146.79999999701977 246.7720973044634
    endloop
  endfacet
  facet normal -1 0 0
    outer loop
      vertex 0 123.20000000298023 258.31910268962383
      vertex 0 125 258.31910268962383
      vertex 0 125 246.7720973044634
    endloop
  endfacet
  facet normal -1 0 0
    outer loop
      vertex 0 123.20000000298023 246.7720973044634
      vertex 0 123.20000000298023 258.31910268962383
      vertex 0 125 246.7720973044634
    endloop
  endfacet
  facet normal -1 0 0
    outer loop
      vertex 0 101.39999999850988 258.31910268962383
      vertex 0 103.20000000298023 258.31910268962383
      vertex 0 103.20000000298023 246.7720973044634
    endloop
  endfacet
  facet normal -1 0 0
    outer loop
      vertex 0 101.39999999850988 246.7720973044634
      vertex 0 101.39999999850988 258.31910268962383
      vertex 0 103.20000000298023 246.7720973044634
    endloop
  endfacet
  facet normal -1 0 0
    outer loop
      vertex 0 79.60000000149012 258.31910268962383
      vertex 0 81.39999999850988 258.31910268962383
      vertex 0 81.39999999850988 246.7720973044634
    endloop
  endfacet
  facet normal -1 0 0
    outer loop
      vertex 0 79.60000000149012 246.7720973044634
      vertex 0 79.60000000149012 258.31910268962383
      vertex 0 81.39999999850988 246.7720973044634
    endloop
  endfacet
  facet normal -1 0 0
    outer loop
      vertex 0 57.79999999701977 258.31910268962383
      vertex 0 59.600000001490116 258.31910268962383
      vertex 0 59.600000001490116 246.7720973044634
    endloop
  endfacet
  facet normal -1 0 0
    outer loop
      vertex 0 57.79999999701977 246.7720973044634
      vertex 0 57.79999999701977 258.31910268962383
      vertex 0 59.600000001490116 246.7720973044634
    endloop
  endfacet
  facet normal -1 0 0
    outer loop
      vertex 0 36 258.31910268962383
      vertex 0 37.79999999701977 258.31910268962383
      vertex 0 37.79999999701977 246.7720973044634
    endloop
  endfacet
  facet normal -1 0 0
    outer loop
      vertex 0 36 246.7720973044634
      vertex 0 36 258.31910268962383
      vertex 0 37.79999999701977 246.7720973044634
    endloop
  endfacet
  facet normal -1 0 0
    outer loop
      vertex 0 199.5 277.1979026943445
      vertex 0 201.29999999701977 277.1979026943445
      vertex 0 201.29999999701977 265.6508973091841
    endloop
  endfacet
  facet normal -1 0 0
    outer loop
      vertex 0 199.5 265.6508973091841
      vertex 0 199.5 277.1979026943445
      vertex 0 201.29999999701977 265.6508973091841
    endloop
  endfacet
  facet normal -1 0 0
    outer loop
      vertex 0 177.70000000298023 277.1979026943445
      vertex 0 179.5 277.1979026943445
      vertex 0 179.5 265.6508973091841
    endloop
  endfacet
  facet normal -1 0 0
    outer loop
      vertex 0 177.70000000298023 265.6508973091841
      vertex 0 177.70000000298023 277.1979026943445
      vertex 0 179.5 265.6508973091841
    endloop
  endfacet
  facet normal -1 0 0
    outer loop
      vertex 0 155.89999999850988 277.1979026943445
      vertex 0 157.70000000298023 277.1979026943445
      vertex 0 157.70000000298023 265.6508973091841
    endloop
  endfacet
  facet normal -1 0 0
    outer loop
      vertex 0 155.89999999850988 265.6508973091841
      vertex 0 155.89999999850988 277.1979026943445
      vertex 0 157.70000000298023 265.6508973091841
    endloop
  endfacet
  facet normal -1 0 0
    outer loop
      vertex 0 134.10000000149012 277.1979026943445
      vertex 0 135.89999999850988 277.1979026943445
      vertex 0 135.89999999850988 265.6508973091841
    endloop
  endfacet
  facet normal -1 0 0
    outer loop
      vertex 0 134.10000000149012 265.6508973091841
      vertex 0 134.10000000149012 277.1979026943445
      vertex 0 135.89999999850988 265.6508973091841
    endloop
  endfacet
  facet normal -1 0 0
    outer loop
      vertex 0 112.29999999701977 277.1979026943445
      vertex 0 114.10000000149012 277.1979026943445
      vertex 0 114.10000000149012 265.6508973091841
    endloop
  endfacet
  facet normal -1 0 0
    outer loop
      vertex 0 112.29999999701977 265.6508973091841
      vertex 0 112.29999999701977 277.1979026943445
      vertex 0 114.10000000149012 265.6508973091841
    endloop
  endfacet
  facet normal -1 0 0
    outer loop
      vertex 0 90.5 277.1979026943445
      vertex 0 92.29999999701977 277.1979026943445
      vertex 0 92.29999999701977 265.6508973091841
    endloop
  endfacet
  facet normal -1 0 0
    outer loop
      vertex 0 90.5 265.6508973091841
      vertex 0 90.5 277.1979026943445
      vertex 0 92.29999999701977 265.6508973091841
    endloop
  endfacet
  facet normal -1 0 0
    outer loop
      vertex 0 68.70000000298023 277.1979026943445
      vertex 0 70.5 277.1979026943445
      vertex 0 70.5 265.6508973091841
    endloop
  endfacet
  facet normal -1 0 0
    outer loop
      vertex 0 68.70000000298023 265.6508973091841
      vertex 0 68.70000000298023 277.1979026943445
      vertex 0 70.5 265.6508973091841
    endloop
  endfacet
  facet normal -1 0 0
    outer loop
      vertex 0 46.899999998509884 277.1979026943445
      vertex 0 48.70000000298023 277.1979026943445
      vertex 0 48.70000000298023 265.6508973091841
    endloop
  endfacet
  facet normal -1 0 0
    outer loop
      vertex 0 46.899999998509884 265.6508973091841
      vertex 0 46.899999998509884 277.1979026943445
      vertex 0 48.70000000298023 265.6508973091841
    endloop
  endfacet
  facet normal -1 0 0
    outer loop
      vertex 0 210.39999999850988 296.0767026916146
      vertex 0 212.20000000298023 296.0767026916146
      vertex 0 212.20000000298023 284.5296973064542
    endloop
  endfacet
  facet normal -1 0 0
    outer loop
      vertex 0 210.39999999850988 284.5296973064542
      vertex 0 210.39999999850988 296.0767026916146
      vertex 0 212.20000000298023 284.5296973064542
    endloop
  endfacet
  facet normal -1 0 0
    outer loop
      vertex 0 188.60000000149012 296.0767026916146
      vertex 0 190.39999999850988 296.0767026916146
      vertex 0 190.39999999850988 284.5296973064542
    endloop
  endfacet
  facet normal -1 0 0
    outer loop
      vertex 0 188.60000000149012 284.5296973064542
      vertex 0 188.60000000149012 296.0767026916146
      vertex 0 190.39999999850988 284.5296973064542
    endloop
  endfacet
  facet normal -1 0 0
    outer loop
      vertex 0 166.79999999701977 296.0767026916146
      vertex 0 168.60000000149012 296.0767026916146
      vertex 0 168.60000000149012 284.5296973064542
    endloop
  endfacet
  facet normal -1 0 0
    outer loop
      vertex 0 166.79999999701977 284.5296973064542
      vertex 0 166.79999999701977 296.0767026916146
      vertex 0 168.60000000149012 284.5296973064542
    endloop
  endfacet
  facet normal -1 0 0
    outer loop
      vertex 0 145 296.0767026916146
      vertex 0 146.79999999701977 296.0767026916146
      vertex 0 146.79999999701977 284.5296973064542
    endloop
  endfacet
  facet normal -1 0 0
    outer loop
      vertex 0 145 284.5296973064542
      vertex 0 145 296.0767026916146
      vertex 0 146.79999999701977 284.5296973064542
    endloop
  endfacet
  facet normal -1 0 0
    outer loop
      vertex 0 123.20000000298023 296.0767026916146
      vertex 0 125 296.0767026916146
      vertex 0 125 284.5296973064542
    endloop
  endfacet
  facet normal -1 0 0
    outer loop
      vertex 0 123.20000000298023 284.5296973064542
      vertex 0 123.20000000298023 296.0767026916146
      vertex 0 125 284.5296973064542
    endloop
  endfacet
  facet normal -1 0 0
    outer loop
      vertex 0 101.39999999850988 296.0767026916146
      vertex 0 103.20000000298023 296.0767026916146
      vertex 0 103.20000000298023 284.5296973064542
    endloop
  endfacet
  facet normal -1 0 0
    outer loop
      vertex 0 101.39999999850988 284.5296973064542
      vertex 0 101.39999999850988 296.0767026916146
      vertex 0 103.20000000298023 284.5296973064542
    endloop
  endfacet
  facet normal -1 0 0
    outer loop
      vertex 0 79.60000000149012 296.0767026916146
      vertex 0 81.39999999850988 296.0767026916146
      vertex 0 81.39999999850988 284.5296973064542
    endloop
  endfacet
  facet normal -1 0 0
    outer loop
      vertex 0 79.60000000149012 284.5296973064542
      vertex 0 79.60000000149012 296.0767026916146
      vertex 0 81.39999999850988 284.5296973064542
    endloop
  endfacet
  facet normal -1 0 0
    outer loop
      vertex 0 57.79999999701977 296.0767026916146
      vertex 0 59.600000001490116 296.0767026916146
      vertex 0 59.600000001490116 284.5296973064542
    endloop
  endfacet
  facet normal -1 0 0
    outer loop
      vertex 0 57.79999999701977 284.5296973064542
      vertex 0 57.79999999701977 296.0767026916146
      vertex 0 59.600000001490116 284.5296973064542
    endloop
  endfacet
  facet normal -1 0 0
    outer loop
      vertex 0 36 296.0767026916146
      vertex 0 37.79999999701977 296.0767026916146
      vertex 0 37.79999999701977 284.5296973064542
    endloop
  endfacet
  facet normal -1 0 0
    outer loop
      vertex 0 36 284.5296973064542
      vertex 0 36 296.0767026916146
      vertex 0 37.79999999701977 284.5296973064542
    endloop
  endfacet
  facet normal -1 0 0
    outer loop
      vertex 0 199.5 314.95550268888474
      vertex 0 201.29999999701977 314.95550268888474
      vertex 0 201.29999999701977 303.40849731117487
    endloop
  endfacet
  facet normal -1 0 0
    outer loop
      vertex 0 199.5 303.40849731117487
      vertex 0 199.5 314.95550268888474
      vertex 0 201.29999999701977 303.40849731117487
    endloop
  endfacet
  facet normal -1 0 0
    outer loop
      vertex 0 177.70000000298023 314.95550268888474
      vertex 0 179.5 314.95550268888474
      vertex 0 179.5 303.40849731117487
    endloop
  endfacet
  facet normal -1 0 0
    outer loop
      vertex 0 177.70000000298023 303.40849731117487
      vertex 0 177.70000000298023 314.95550268888474
      vertex 0 179.5 303.40849731117487
    endloop
  endfacet
  facet normal -1 0 0
    outer loop
      vertex 0 155.89999999850988 314.95550268888474
      vertex 0 157.70000000298023 314.95550268888474
      vertex 0 157.70000000298023 303.40849731117487
    endloop
  endfacet
  facet normal -1 0 0
    outer loop
      vertex 0 155.89999999850988 303.40849731117487
      vertex 0 155.89999999850988 314.95550268888474
      vertex 0 157.70000000298023 303.40849731117487
    endloop
  endfacet
  facet normal -1 0 0
    outer loop
      vertex 0 134.10000000149012 314.95550268888474
      vertex 0 135.89999999850988 314.95550268888474
      vertex 0 135.89999999850988 303.40849731117487
    endloop
  endfacet
  facet normal -1 0 0
    outer loop
      vertex 0 134.10000000149012 303.40849731117487
      vertex 0 134.10000000149012 314.95550268888474
      vertex 0 135.89999999850988 303.40849731117487
    endloop
  endfacet
  facet normal -1 0 0
    outer loop
      vertex 0 112.29999999701977 314.95550268888474
      vertex 0 114.10000000149012 314.95550268888474
      vertex 0 114.10000000149012 303.40849731117487
    endloop
  endfacet
  facet normal -1 0 0
    outer loop
      vertex 0 112.29999999701977 303.40849731117487
      vertex 0 112.29999999701977 314.95550268888474
      vertex 0 114.10000000149012 303.40849731117487
    endloop
  endfacet
  facet normal -1 0 0
    outer loop
      vertex 0 90.5 314.95550268888474
      vertex 0 92.29999999701977 314.95550268888474
      vertex 0 92.29999999701977 303.40849731117487
    endloop
  endfacet
  facet normal -1 0 0
    outer loop
      vertex 0 90.5 303.40849731117487
      vertex 0 90.5 314.95550268888474
      vertex 0 92.29999999701977 303.40849731117487
    endloop
  endfacet
  facet normal -1 0 0
    outer loop
      vertex 0 68.70000000298023 314.95550268888474
      vertex 0 70.5 314.95550268888474
      vertex 0 70.5 303.40849731117487
    endloop
  endfacet
  facet normal -1 0 0
    outer loop
      vertex 0 68.70000000298023 303.40849731117487
      vertex 0 68.70000000298023 314.95550268888474
      vertex 0 70.5 303.40849731117487
    endloop
  endfacet
  facet normal -1 0 0
    outer loop
      vertex 0 46.899999998509884 314.95550268888474
      vertex 0 48.70000000298023 314.95550268888474
      vertex 0 48.70000000298023 303.40849731117487
    endloop
  endfacet
  facet normal -1 0 0
    outer loop
      vertex 0 46.899999998509884 303.40849731117487
      vertex 0 46.899999998509884 314.95550268888474
      vertex 0 48.70000000298023 303.40849731117487
    endloop
  endfacet
  facet normal -1 0 0
    outer loop
      vertex 0 210.39999999850988 333.8343026936054
      vertex 0 212.20000000298023 333.8343026936054
      vertex 0 212.20000000298023 322.287297308445
    endloop
  endfacet
  facet normal -1 0 0
    outer loop
      vertex 0 210.39999999850988 322.287297308445
      vertex 0 210.39999999850988 333.8343026936054
      vertex 0 212.20000000298023 322.287297308445
    endloop
  endfacet
  facet normal -1 0 0
    outer loop
      vertex 0 188.60000000149012 333.8343026936054
      vertex 0 190.39999999850988 333.8343026936054
      vertex 0 190.39999999850988 322.287297308445
    endloop
  endfacet
  facet normal -1 0 0
    outer loop
      vertex 0 188.60000000149012 322.287297308445
      vertex 0 188.60000000149012 333.8343026936054
      vertex 0 190.39999999850988 322.287297308445
    endloop
  endfacet
  facet normal -1 0 0
    outer loop
      vertex 0 166.79999999701977 333.8343026936054
      vertex 0 168.60000000149012 333.8343026936054
      vertex 0 168.60000000149012 322.287297308445
    endloop
  endfacet
  facet normal -1 0 0
    outer loop
      vertex 0 166.79999999701977 322.287297308445
      vertex 0 166.79999999701977 333.8343026936054
      vertex 0 168.60000000149012 322.287297308445
    endloop
  endfacet
  facet normal -1 0 0
    outer loop
      vertex 0 145 333.8343026936054
      vertex 0 146.79999999701977 333.8343026936054
      vertex 0 146.79999999701977 322.287297308445
    endloop
  endfacet
  facet normal -1 0 0
    outer loop
      vertex 0 145 322.287297308445
      vertex 0 145 333.8343026936054
      vertex 0 146.79999999701977 322.287297308445
    endloop
  endfacet
  facet normal -1 0 0
    outer loop
      vertex 0 123.20000000298023 333.8343026936054
      vertex 0 125 333.8343026936054
      vertex 0 125 322.287297308445
    endloop
  endfacet
  facet normal -1 0 0
    outer loop
      vertex 0 123.20000000298023 322.287297308445
      vertex 0 123.20000000298023 333.8343026936054
      vertex 0 125 322.287297308445
    endloop
  endfacet
  facet normal -1 0 0
    outer loop
      vertex 0 101.39999999850988 333.8343026936054
      vertex 0 103.20000000298023 333.8343026936054
      vertex 0 103.20000000298023 322.287297308445
    endloop
  endfacet
  facet normal -1 0 0
    outer loop
      vertex 0 101.39999999850988 322.287297308445
      vertex 0 101.39999999850988 333.8343026936054
      vertex 0 103.20000000298023 322.287297308445
    endloop
  endfacet
  facet normal -1 0 0
    outer loop
      vertex 0 79.60000000149012 333.8343026936054
      vertex 0 81.39999999850988 333.8343026936054
      vertex 0 81.39999999850988 322.287297308445
    endloop
  endfacet
  facet normal -1 0 0
    outer loop
      vertex 0 79.60000000149012 322.287297308445
      vertex 0 79.60000000149012 333.8343026936054
      vertex 0 81.39999999850988 322.287297308445
    endloop
  endfacet
  facet normal -1 0 0
    outer loop
      vertex 0 57.79999999701977 333.8343026936054
      vertex 0 59.600000001490116 333.8343026936054
      vertex 0 59.600000001490116 322.287297308445
    endloop
  endfacet
  facet normal -1 0 0
    outer loop
      vertex 0 57.79999999701977 322.287297308445
      vertex 0 57.79999999701977 333.8343026936054
      vertex 0 59.600000001490116 322.287297308445
    endloop
  endfacet
  facet normal -1 0 0
    outer loop
      vertex 0 36 333.8343026936054
      vertex 0 37.79999999701977 333.8343026936054
      vertex 0 37.79999999701977 322.287297308445
    endloop
  endfacet
  facet normal -1 0 0
    outer loop
      vertex 0 36 322.287297308445
      vertex 0 36 333.8343026936054
      vertex 0 37.79999999701977 322.287297308445
    endloop
  endfacet
  facet normal -1 0 0
    outer loop
      vertex 0 222.20000000298023 14.452994614839554
      vertex 0 232.20000000298023 20.226497307419777
      vertex 0 250 0
    endloop
  endfacet
  facet normal -1 0 0
    outer loop
      vertex 0 250 350
      vertex 0 232.20000000298023 333.8343026936054
      vertex 0 222.20000000298023 339.60780538618565
    endloop
  endfacet
  facet normal -1 0 0
    outer loop
      vertex 0 221.29999999701977 201.68270269036293
      vertex 0 232.20000000298023 182.80390269309282
      vertex 0 222.20000000298023 188.57740538567305
    endloop
  endfacet
  facet normal -1 0 0
    outer loop
      vertex 0 221.29999999701977 190.13569730520248
      vertex 0 221.29999999701977 201.68270269036293
      vertex 0 222.20000000298023 188.57740538567305
    endloop
  endfacet
  facet normal -1 0 0
    outer loop
      vertex 0 221.29999999701977 190.13569730520248
      vertex 0 222.20000000298023 188.57740538567305
      vertex 0 212.20000000298023 182.80390269309282
    endloop
  endfacet
  facet normal -1 0 0
    outer loop
      vertex 0 211.29999999701977 184.36219461262226
      vertex 0 221.29999999701977 190.13569730520248
      vertex 0 212.20000000298023 182.80390269309282
    endloop
  endfacet
  facet normal -1 0 0
    outer loop
      vertex 0 211.29999999701977 184.36219461262226
      vertex 0 212.20000000298023 182.80390269309282
      vertex 0 210.39999999850988 182.80390269309282
    endloop
  endfacet
  facet normal -1 0 0
    outer loop
      vertex 0 201.29999999701977 190.13569730520248
      vertex 0 211.29999999701977 184.36219461262226
      vertex 0 210.39999999850988 182.80390269309282
    endloop
  endfacet
  facet normal -1 0 0
    outer loop
      vertex 0 201.29999999701977 190.13569730520248
      vertex 0 210.39999999850988 182.80390269309282
      vertex 0 200.39999999850988 188.57740538567305
    endloop
  endfacet
  facet normal -1 0 0
    outer loop
      vertex 0 199.5 190.13569730520248
      vertex 0 201.29999999701977 190.13569730520248
      vertex 0 200.39999999850988 188.57740538567305
    endloop
  endfacet
  facet normal -1 0 0
    outer loop
      vertex 0 199.5 190.13569730520248
      vertex 0 200.39999999850988 188.57740538567305
      vertex 0 190.39999999850988 182.80390269309282
    endloop
  endfacet
  facet normal -1 0 0
    outer loop
      vertex 0 189.5 184.36219461262226
      vertex 0 199.5 190.13569730520248
      vertex 0 190.39999999850988 182.80390269309282
    endloop
  endfacet
  facet normal -1 0 0
    outer loop
      vertex 0 189.5 184.36219461262226
      vertex 0 190.39999999850988 182.80390269309282
      vertex 0 188.60000000149012 182.80390269309282
    endloop
  endfacet
  facet normal -1 0 0
    outer loop
      vertex 0 179.5 190.13569730520248
      vertex 0 189.5 184.36219461262226
      vertex 0 188.60000000149012 182.80390269309282
    endloop
  endfacet
  facet normal -1 0 0
    outer loop
      vertex 0 179.5 190.13569730520248
      vertex 0 188.60000000149012 182.80390269309282
      vertex 0 178.60000000149012 188.57740538567305
    endloop
  endfacet
  facet normal -1 0 0
    outer loop
      vertex 0 177.70000000298023 190.13569730520248
      vertex 0 179.5 190.13569730520248
      vertex 0 178.60000000149012 188.57740538567305
    endloop
  endfacet
  facet normal -1 0 0
    outer loop
      vertex 0 177.70000000298023 190.13569730520248
      vertex 0 178.60000000149012 188.57740538567305
      vertex 0 168.60000000149012 182.80390269309282
    endloop
  endfacet
  facet normal -1 0 0
    outer loop
      vertex 0 167.70000000298023 184.36219461262226
      vertex 0 177.70000000298023 190.13569730520248
      vertex 0 168.60000000149012 182.80390269309282
    endloop
  endfacet
  facet normal -1 0 0
    outer loop
      vertex 0 167.70000000298023 184.36219461262226
      vertex 0 168.60000000149012 182.80390269309282
      vertex 0 166.79999999701977 182.80390269309282
    endloop
  endfacet
  facet normal -1 0 0
    outer loop
      vertex 0 157.70000000298023 190.13569730520248
      vertex 0 167.70000000298023 184.36219461262226
      vertex 0 166.79999999701977 182.80390269309282
    endloop
  endfacet
  facet normal -1 0 0
    outer loop
      vertex 0 157.70000000298023 190.13569730520248
      vertex 0 166.79999999701977 182.80390269309282
      vertex 0 156.79999999701977 188.57740538567305
    endloop
  endfacet
  facet normal -1 0 0
    outer loop
      vertex 0 155.89999999850988 190.13569730520248
      vertex 0 157.70000000298023 190.13569730520248
      vertex 0 156.79999999701977 188.57740538567305
    endloop
  endfacet
  facet normal -1 0 0
    outer loop
      vertex 0 155.89999999850988 190.13569730520248
      vertex 0 156.79999999701977 188.57740538567305
      vertex 0 146.79999999701977 182.80390269309282
    endloop
  endfacet
  facet normal -1 0 0
    outer loop
      vertex 0 145.89999999850988 184.36219461262226
      vertex 0 155.89999999850988 190.13569730520248
      vertex 0 146.79999999701977 182.80390269309282
    endloop
  endfacet
  facet normal -1 0 0
    outer loop
      vertex 0 145.89999999850988 184.36219461262226
      vertex 0 146.79999999701977 182.80390269309282
      vertex 0 145 182.80390269309282
    endloop
  endfacet
  facet normal -1 0 0
    outer loop
      vertex 0 135.89999999850988 190.13569730520248
      vertex 0 145.89999999850988 184.36219461262226
      vertex 0 145 182.80390269309282
    endloop
  endfacet
  facet normal -1 0 0
    outer loop
      vertex 0 135.89999999850988 190.13569730520248
      vertex 0 145 182.80390269309282
      vertex 0 135 188.57740538567305
    endloop
  endfacet
  facet normal -1 0 0
    outer loop
      vertex 0 134.10000000149012 190.13569730520248
      vertex 0 135.89999999850988 190.13569730520248
      vertex 0 135 188.57740538567305
    endloop
  endfacet
  facet normal -1 0 0
    outer loop
      vertex 0 134.10000000149012 190.13569730520248
      vertex 0 135 188.57740538567305
      vertex 0 125 182.80390269309282
    endloop
  endfacet
  facet normal -1 0 0
    outer loop
      vertex 0 124.10000000149012 184.36219461262226
      vertex 0 134.10000000149012 190.13569730520248
      vertex 0 125 182.80390269309282
    endloop
  endfacet
  facet normal -1 0 0
    outer loop
      vertex 0 124.10000000149012 184.36219461262226
      vertex 0 125 182.80390269309282
      vertex 0 123.20000000298023 182.80390269309282
    endloop
  endfacet
  facet normal -1 0 0
    outer loop
      vertex 0 114.10000000149012 190.13569730520248
      vertex 0 124.10000000149012 184.36219461262226
      vertex 0 123.20000000298023 182.80390269309282
    endloop
  endfacet
  facet normal -1 0 0
    outer loop
      vertex 0 114.10000000149012 190.13569730520248
      vertex 0 123.20000000298023 182.80390269309282
      vertex 0 113.20000000298023 188.57740538567305
    endloop
  endfacet
  facet normal -1 0 0
    outer loop
      vertex 0 112.29999999701977 190.13569730520248
      vertex 0 114.10000000149012 190.13569730520248
      vertex 0 113.20000000298023 188.57740538567305
    endloop
  endfacet
  facet normal -1 0 0
    outer loop
      vertex 0 112.29999999701977 190.13569730520248
      vertex 0 113.20000000298023 188.57740538567305
      vertex 0 103.20000000298023 182.80390269309282
    endloop
  endfacet
  facet normal -1 0 0
    outer loop
      vertex 0 102.29999999701977 184.36219461262226
      vertex 0 112.29999999701977 190.13569730520248
      vertex 0 103.20000000298023 182.80390269309282
    endloop
  endfacet
  facet normal -1 0 0
    outer loop
      vertex 0 102.29999999701977 184.36219461262226
      vertex 0 103.20000000298023 182.80390269309282
      vertex 0 101.39999999850988 182.80390269309282
    endloop
  endfacet
  facet normal -1 0 0
    outer loop
      vertex 0 92.29999999701977 190.13569730520248
      vertex 0 102.29999999701977 184.36219461262226
      vertex 0 101.39999999850988 182.80390269309282
    endloop
  endfacet
  facet normal -1 0 0
    outer loop
      vertex 0 92.29999999701977 190.13569730520248
      vertex 0 101.39999999850988 182.80390269309282
      vertex 0 91.39999999850988 188.57740538567305
    endloop
  endfacet
  facet normal -1 0 0
    outer loop
      vertex 0 90.5 190.13569730520248
      vertex 0 92.29999999701977 190.13569730520248
      vertex 0 91.39999999850988 188.57740538567305
    endloop
  endfacet
  facet normal -1 0 0
    outer loop
      vertex 0 90.5 190.13569730520248
      vertex 0 91.39999999850988 188.57740538567305
      vertex 0 81.39999999850988 182.80390269309282
    endloop
  endfacet
  facet normal -1 0 0
    outer loop
      vertex 0 80.5 184.36219461262226
      vertex 0 90.5 190.13569730520248
      vertex 0 81.39999999850988 182.80390269309282
    endloop
  endfacet
  facet normal -1 0 0
    outer loop
      vertex 0 80.5 184.36219461262226
      vertex 0 81.39999999850988 182.80390269309282
      vertex 0 79.60000000149012 182.80390269309282
    endloop
  endfacet
  facet normal -1 0 0
    outer loop
      vertex 0 70.5 190.13569730520248
      vertex 0 80.5 184.36219461262226
      vertex 0 79.60000000149012 182.80390269309282
    endloop
  endfacet
  facet normal -1 0 0
    outer loop
      vertex 0 70.5 190.13569730520248
      vertex 0 79.60000000149012 182.80390269309282
      vertex 0 69.60000000149012 188.57740538567305
    endloop
  endfacet
  facet normal -1 0 0
    outer loop
      vertex 0 68.70000000298023 190.13569730520248
      vertex 0 70.5 190.13569730520248
      vertex 0 69.60000000149012 188.57740538567305
    endloop
  endfacet
  facet normal -1 0 0
    outer loop
      vertex 0 68.70000000298023 190.13569730520248
      vertex 0 69.60000000149012 188.57740538567305
      vertex 0 59.600000001490116 182.80390269309282
    endloop
  endfacet
  facet normal -1 0 0
    outer loop
      vertex 0 58.70000000298023 184.36219461262226
      vertex 0 68.70000000298023 190.13569730520248
      vertex 0 59.600000001490116 182.80390269309282
    endloop
  endfacet
  facet normal -1 0 0
    outer loop
      vertex 0 58.70000000298023 184.36219461262226
      vertex 0 59.600000001490116 182.80390269309282
      vertex 0 57.79999999701977 182.80390269309282
    endloop
  endfacet
  facet normal -1 0 0
    outer loop
      vertex 0 48.70000000298023 190.13569730520248
      vertex 0 58.70000000298023 184.36219461262226
      vertex 0 57.79999999701977 182.80390269309282
    endloop
  endfacet
  facet normal -1 0 0
    outer loop
      vertex 0 48.70000000298023 190.13569730520248
      vertex 0 57.79999999701977 182.80390269309282
      vertex 0 47.79999999701977 188.57740538567305
    endloop
  endfacet
  facet normal -1 0 0
    outer loop
      vertex 0 46.899999998509884 190.13569730520248
      vertex 0 48.70000000298023 190.13569730520248
      vertex 0 47.79999999701977 188.57740538567305
    endloop
  endfacet
  facet normal -1 0 0
    outer loop
      vertex 0 46.899999998509884 190.13569730520248
      vertex 0 47.79999999701977 188.57740538567305
      vertex 0 37.79999999701977 182.80390269309282
    endloop
  endfacet
  facet normal -1 0 0
    outer loop
      vertex 0 36.899999998509884 184.36219461262226
      vertex 0 46.899999998509884 190.13569730520248
      vertex 0 37.79999999701977 182.80390269309282
    endloop
  endfacet
  facet normal -1 0 0
    outer loop
      vertex 0 36.899999998509884 184.36219461262226
      vertex 0 37.79999999701977 182.80390269309282
      vertex 0 36 182.80390269309282
    endloop
  endfacet
  facet normal -1 0 0
    outer loop
      vertex 0 26.899999998509884 190.13569730520248
      vertex 0 36.899999998509884 184.36219461262226
      vertex 0 36 182.80390269309282
    endloop
  endfacet
  facet normal -1 0 0
    outer loop
      vertex 0 26.899999998509884 190.13569730520248
      vertex 0 36 182.80390269309282
      vertex 0 26 188.57740538567305
    endloop
  endfacet
  facet normal -1 0 0
    outer loop
      vertex 0 221.29999999701977 239.44030269235373
      vertex 0 232.20000000298023 220.56150269508362
      vertex 0 222.20000000298023 226.33500538021326
    endloop
  endfacet
  facet normal -1 0 0
    outer loop
      vertex 0 221.29999999701977 227.89329730719328
      vertex 0 221.29999999701977 239.44030269235373
      vertex 0 222.20000000298023 226.33500538021326
    endloop
  endfacet
  facet normal -1 0 0
    outer loop
      vertex 0 221.29999999701977 227.89329730719328
      vertex 0 222.20000000298023 226.33500538021326
      vertex 0 212.20000000298023 220.56150269508362
    endloop
  endfacet
  facet normal -1 0 0
    outer loop
      vertex 0 211.29999999701977 222.11979461461306
      vertex 0 221.29999999701977 227.89329730719328
      vertex 0 212.20000000298023 220.56150269508362
    endloop
  endfacet
  facet normal -1 0 0
    outer loop
      vertex 0 211.29999999701977 222.11979461461306
      vertex 0 212.20000000298023 220.56150269508362
      vertex 0 210.39999999850988 220.56150269508362
    endloop
  endfacet
  facet normal -1 0 0
    outer loop
      vertex 0 201.29999999701977 227.89329730719328
      vertex 0 211.29999999701977 222.11979461461306
      vertex 0 210.39999999850988 220.56150269508362
    endloop
  endfacet
  facet normal -1 0 0
    outer loop
      vertex 0 201.29999999701977 227.89329730719328
      vertex 0 210.39999999850988 220.56150269508362
      vertex 0 200.39999999850988 226.33500538021326
    endloop
  endfacet
  facet normal -1 0 0
    outer loop
      vertex 0 199.5 227.89329730719328
      vertex 0 201.29999999701977 227.89329730719328
      vertex 0 200.39999999850988 226.33500538021326
    endloop
  endfacet
  facet normal -1 0 0
    outer loop
      vertex 0 199.5 227.89329730719328
      vertex 0 200.39999999850988 226.33500538021326
      vertex 0 190.39999999850988 220.56150269508362
    endloop
  endfacet
  facet normal -1 0 0
    outer loop
      vertex 0 189.5 222.11979461461306
      vertex 0 199.5 227.89329730719328
      vertex 0 190.39999999850988 220.56150269508362
    endloop
  endfacet
  facet normal -1 0 0
    outer loop
      vertex 0 189.5 222.11979461461306
      vertex 0 190.39999999850988 220.56150269508362
      vertex 0 188.60000000149012 220.56150269508362
    endloop
  endfacet
  facet normal -1 0 0
    outer loop
      vertex 0 179.5 227.89329730719328
      vertex 0 189.5 222.11979461461306
      vertex 0 188.60000000149012 220.56150269508362
    endloop
  endfacet
  facet normal -1 0 0
    outer loop
      vertex 0 179.5 227.89329730719328
      vertex 0 188.60000000149012 220.56150269508362
      vertex 0 178.60000000149012 226.33500538021326
    endloop
  endfacet
  facet normal -1 0 0
    outer loop
      vertex 0 177.70000000298023 227.89329730719328
      vertex 0 179.5 227.89329730719328
      vertex 0 178.60000000149012 226.33500538021326
    endloop
  endfacet
  facet normal -1 0 0
    outer loop
      vertex 0 177.70000000298023 227.89329730719328
      vertex 0 178.60000000149012 226.33500538021326
      vertex 0 168.60000000149012 220.56150269508362
    endloop
  endfacet
  facet normal -1 0 0
    outer loop
      vertex 0 167.70000000298023 222.11979461461306
      vertex 0 177.70000000298023 227.89329730719328
      vertex 0 168.60000000149012 220.56150269508362
    endloop
  endfacet
  facet normal -1 0 0
    outer loop
      vertex 0 167.70000000298023 222.11979461461306
      vertex 0 168.60000000149012 220.56150269508362
      vertex 0 166.79999999701977 220.56150269508362
    endloop
  endfacet
  facet normal -1 0 0
    outer loop
      vertex 0 157.70000000298023 227.89329730719328
      vertex 0 167.70000000298023 222.11979461461306
      vertex 0 166.79999999701977 220.56150269508362
    endloop
  endfacet
  facet normal -1 0 0
    outer loop
      vertex 0 157.70000000298023 227.89329730719328
      vertex 0 166.79999999701977 220.56150269508362
      vertex 0 156.79999999701977 226.33500538021326
    endloop
  endfacet
  facet normal -1 0 0
    outer loop
      vertex 0 155.89999999850988 227.89329730719328
      vertex 0 157.70000000298023 227.89329730719328
      vertex 0 156.79999999701977 226.33500538021326
    endloop
  endfacet
  facet normal -1 0 0
    outer loop
      vertex 0 155.89999999850988 227.89329730719328
      vertex 0 156.79999999701977 226.33500538021326
      vertex 0 146.79999999701977 220.56150269508362
    endloop
  endfacet
  facet normal -1 0 0
    outer loop
      vertex 0 145.89999999850988 222.11979461461306
      vertex 0 155.89999999850988 227.89329730719328
      vertex 0 146.79999999701977 220.56150269508362
    endloop
  endfacet
  facet normal -1 0 0
    outer loop
      vertex 0 145.89999999850988 222.11979461461306
      vertex 0 146.79999999701977 220.56150269508362
      vertex 0 145 220.56150269508362
    endloop
  endfacet
  facet normal -1 0 0
    outer loop
      vertex 0 135.89999999850988 227.89329730719328
      vertex 0 145.89999999850988 222.11979461461306
      vertex 0 145 220.56150269508362
    endloop
  endfacet
  facet normal -1 0 0
    outer loop
      vertex 0 135.89999999850988 227.89329730719328
      vertex 0 145 220.56150269508362
      vertex 0 135 226.33500538021326
    endloop
  endfacet
  facet normal -1 0 0
    outer loop
      vertex 0 134.10000000149012 227.89329730719328
      vertex 0 135.89999999850988 227.89329730719328
      vertex 0 135 226.33500538021326
    endloop
  endfacet
  facet normal -1 0 0
    outer loop
      vertex 0 134.10000000149012 227.89329730719328
      vertex 0 135 226.33500538021326
      vertex 0 125 220.56150269508362
    endloop
  endfacet
  facet normal -1 0 0
    outer loop
      vertex 0 124.10000000149012 222.11979461461306
      vertex 0 134.10000000149012 227.89329730719328
      vertex 0 125 220.56150269508362
    endloop
  endfacet
  facet normal -1 0 0
    outer loop
      vertex 0 124.10000000149012 222.11979461461306
      vertex 0 125 220.56150269508362
      vertex 0 123.20000000298023 220.56150269508362
    endloop
  endfacet
  facet normal -1 0 0
    outer loop
      vertex 0 114.10000000149012 227.89329730719328
      vertex 0 124.10000000149012 222.11979461461306
      vertex 0 123.20000000298023 220.56150269508362
    endloop
  endfacet
  facet normal -1 0 0
    outer loop
      vertex 0 114.10000000149012 227.89329730719328
      vertex 0 123.20000000298023 220.56150269508362
      vertex 0 113.20000000298023 226.33500538021326
    endloop
  endfacet
  facet normal -1 0 0
    outer loop
      vertex 0 112.29999999701977 227.89329730719328
      vertex 0 114.10000000149012 227.89329730719328
      vertex 0 113.20000000298023 226.33500538021326
    endloop
  endfacet
  facet normal -1 0 0
    outer loop
      vertex 0 112.29999999701977 227.89329730719328
      vertex 0 113.20000000298023 226.33500538021326
      vertex 0 103.20000000298023 220.56150269508362
    endloop
  endfacet
  facet normal -1 0 0
    outer loop
      vertex 0 102.29999999701977 222.11979461461306
      vertex 0 112.29999999701977 227.89329730719328
      vertex 0 103.20000000298023 220.56150269508362
    endloop
  endfacet
  facet normal -1 0 0
    outer loop
      vertex 0 102.29999999701977 222.11979461461306
      vertex 0 103.20000000298023 220.56150269508362
      vertex 0 101.39999999850988 220.56150269508362
    endloop
  endfacet
  facet normal -1 0 0
    outer loop
      vertex 0 92.29999999701977 227.89329730719328
      vertex 0 102.29999999701977 222.11979461461306
      vertex 0 101.39999999850988 220.56150269508362
    endloop
  endfacet
  facet normal -1 0 0
    outer loop
      vertex 0 92.29999999701977 227.89329730719328
      vertex 0 101.39999999850988 220.56150269508362
      vertex 0 91.39999999850988 226.33500538021326
    endloop
  endfacet
  facet normal -1 0 0
    outer loop
      vertex 0 90.5 227.89329730719328
      vertex 0 92.29999999701977 227.89329730719328
      vertex 0 91.39999999850988 226.33500538021326
    endloop
  endfacet
  facet normal -1 0 0
    outer loop
      vertex 0 90.5 227.89329730719328
      vertex 0 91.39999999850988 226.33500538021326
      vertex 0 81.39999999850988 220.56150269508362
    endloop
  endfacet
  facet normal -1 0 0
    outer loop
      vertex 0 80.5 222.11979461461306
      vertex 0 90.5 227.89329730719328
      vertex 0 81.39999999850988 220.56150269508362
    endloop
  endfacet
  facet normal -1 0 0
    outer loop
      vertex 0 80.5 222.11979461461306
      vertex 0 81.39999999850988 220.56150269508362
      vertex 0 79.60000000149012 220.56150269508362
    endloop
  endfacet
  facet normal -1 0 0
    outer loop
      vertex 0 70.5 227.89329730719328
      vertex 0 80.5 222.11979461461306
      vertex 0 79.60000000149012 220.56150269508362
    endloop
  endfacet
  facet normal -1 0 0
    outer loop
      vertex 0 70.5 227.89329730719328
      vertex 0 79.60000000149012 220.56150269508362
      vertex 0 69.60000000149012 226.33500538021326
    endloop
  endfacet
  facet normal -1 0 0
    outer loop
      vertex 0 68.70000000298023 227.89329730719328
      vertex 0 70.5 227.89329730719328
      vertex 0 69.60000000149012 226.33500538021326
    endloop
  endfacet
  facet normal -1 0 0
    outer loop
      vertex 0 68.70000000298023 227.89329730719328
      vertex 0 69.60000000149012 226.33500538021326
      vertex 0 59.600000001490116 220.56150269508362
    endloop
  endfacet
  facet normal -1 0 0
    outer loop
      vertex 0 58.70000000298023 222.11979461461306
      vertex 0 68.70000000298023 227.89329730719328
      vertex 0 59.600000001490116 220.56150269508362
    endloop
  endfacet
  facet normal -1 0 0
    outer loop
      vertex 0 58.70000000298023 222.11979461461306
      vertex 0 59.600000001490116 220.56150269508362
      vertex 0 57.79999999701977 220.56150269508362
    endloop
  endfacet
  facet normal -1 0 0
    outer loop
      vertex 0 48.70000000298023 227.89329730719328
      vertex 0 58.70000000298023 222.11979461461306
      vertex 0 57.79999999701977 220.56150269508362
    endloop
  endfacet
  facet normal -1 0 0
    outer loop
      vertex 0 48.70000000298023 227.89329730719328
      vertex 0 57.79999999701977 220.56150269508362
      vertex 0 47.79999999701977 226.33500538021326
    endloop
  endfacet
  facet normal -1 0 0
    outer loop
      vertex 0 46.899999998509884 227.89329730719328
      vertex 0 48.70000000298023 227.89329730719328
      vertex 0 47.79999999701977 226.33500538021326
    endloop
  endfacet
  facet normal -1 0 0
    outer loop
      vertex 0 46.899999998509884 227.89329730719328
      vertex 0 47.79999999701977 226.33500538021326
      vertex 0 37.79999999701977 220.56150269508362
    endloop
  endfacet
  facet normal -1 0 0
    outer loop
      vertex 0 36.899999998509884 222.11979461461306
      vertex 0 46.899999998509884 227.89329730719328
      vertex 0 37.79999999701977 220.56150269508362
    endloop
  endfacet
  facet normal -1 0 0
    outer loop
      vertex 0 36.899999998509884 222.11979461461306
      vertex 0 37.79999999701977 220.56150269508362
      vertex 0 36 220.56150269508362
    endloop
  endfacet
  facet normal -1 0 0
    outer loop
      vertex 0 26.899999998509884 227.89329730719328
      vertex 0 36.899999998509884 222.11979461461306
      vertex 0 36 220.56150269508362
    endloop
  endfacet
  facet normal -1 0 0
    outer loop
      vertex 0 26.899999998509884 227.89329730719328
      vertex 0 36 220.56150269508362
      vertex 0 26 226.33500538021326
    endloop
  endfacet
  facet normal -1 0 0
    outer loop
      vertex 0 221.29999999701977 277.1979026943445
      vertex 0 232.20000000298023 258.31910268962383
      vertex 0 222.20000000298023 264.09260538220406
    endloop
  endfacet
  facet normal -1 0 0
    outer loop
      vertex 0 221.29999999701977 265.6508973091841
      vertex 0 221.29999999701977 277.1979026943445
      vertex 0 222.20000000298023 264.09260538220406
    endloop
  endfacet
  facet normal -1 0 0
    outer loop
      vertex 0 221.29999999701977 265.6508973091841
      vertex 0 222.20000000298023 264.09260538220406
      vertex 0 212.20000000298023 258.31910268962383
    endloop
  endfacet
  facet normal -1 0 0
    outer loop
      vertex 0 211.29999999701977 259.87739461660385
      vertex 0 221.29999999701977 265.6508973091841
      vertex 0 212.20000000298023 258.31910268962383
    endloop
  endfacet
  facet normal -1 0 0
    outer loop
      vertex 0 211.29999999701977 259.87739461660385
      vertex 0 212.20000000298023 258.31910268962383
      vertex 0 210.39999999850988 258.31910268962383
    endloop
  endfacet
  facet normal -1 0 0
    outer loop
      vertex 0 201.29999999701977 265.6508973091841
      vertex 0 211.29999999701977 259.87739461660385
      vertex 0 210.39999999850988 258.31910268962383
    endloop
  endfacet
  facet normal -1 0 0
    outer loop
      vertex 0 201.29999999701977 265.6508973091841
      vertex 0 210.39999999850988 258.31910268962383
      vertex 0 200.39999999850988 264.09260538220406
    endloop
  endfacet
  facet normal -1 0 0
    outer loop
      vertex 0 199.5 265.6508973091841
      vertex 0 201.29999999701977 265.6508973091841
      vertex 0 200.39999999850988 264.09260538220406
    endloop
  endfacet
  facet normal -1 0 0
    outer loop
      vertex 0 199.5 265.6508973091841
      vertex 0 200.39999999850988 264.09260538220406
      vertex 0 190.39999999850988 258.31910268962383
    endloop
  endfacet
  facet normal -1 0 0
    outer loop
      vertex 0 189.5 259.87739461660385
      vertex 0 199.5 265.6508973091841
      vertex 0 190.39999999850988 258.31910268962383
    endloop
  endfacet
  facet normal -1 0 0
    outer loop
      vertex 0 189.5 259.87739461660385
      vertex 0 190.39999999850988 258.31910268962383
      vertex 0 188.60000000149012 258.31910268962383
    endloop
  endfacet
  facet normal -1 0 0
    outer loop
      vertex 0 179.5 265.6508973091841
      vertex 0 189.5 259.87739461660385
      vertex 0 188.60000000149012 258.31910268962383
    endloop
  endfacet
  facet normal -1 0 0
    outer loop
      vertex 0 179.5 265.6508973091841
      vertex 0 188.60000000149012 258.31910268962383
      vertex 0 178.60000000149012 264.09260538220406
    endloop
  endfacet
  facet normal -1 0 0
    outer loop
      vertex 0 177.70000000298023 265.6508973091841
      vertex 0 179.5 265.6508973091841
      vertex 0 178.60000000149012 264.09260538220406
    endloop
  endfacet
  facet normal -1 0 0
    outer loop
      vertex 0 177.70000000298023 265.6508973091841
      vertex 0 178.60000000149012 264.09260538220406
      vertex 0 168.60000000149012 258.31910268962383
    endloop
  endfacet
  facet normal -1 0 0
    outer loop
      vertex 0 167.70000000298023 259.87739461660385
      vertex 0 177.70000000298023 265.6508973091841
      vertex 0 168.60000000149012 258.31910268962383
    endloop
  endfacet
  facet normal -1 0 0
    outer loop
      vertex 0 167.70000000298023 259.87739461660385
      vertex 0 168.60000000149012 258.31910268962383
      vertex 0 166.79999999701977 258.31910268962383
    endloop
  endfacet
  facet normal -1 0 0
    outer loop
      vertex 0 157.70000000298023 265.6508973091841
      vertex 0 167.70000000298023 259.87739461660385
      vertex 0 166.79999999701977 258.31910268962383
    endloop
  endfacet
  facet normal -1 0 0
    outer loop
      vertex 0 157.70000000298023 265.6508973091841
      vertex 0 166.79999999701977 258.31910268962383
      vertex 0 156.79999999701977 264.09260538220406
    endloop
  endfacet
  facet normal -1 0 0
    outer loop
      vertex 0 155.89999999850988 265.6508973091841
      vertex 0 157.70000000298023 265.6508973091841
      vertex 0 156.79999999701977 264.09260538220406
    endloop
  endfacet
  facet normal -1 0 0
    outer loop
      vertex 0 155.89999999850988 265.6508973091841
      vertex 0 156.79999999701977 264.09260538220406
      vertex 0 146.79999999701977 258.31910268962383
    endloop
  endfacet
  facet normal -1 0 0
    outer loop
      vertex 0 145.89999999850988 259.87739461660385
      vertex 0 155.89999999850988 265.6508973091841
      vertex 0 146.79999999701977 258.31910268962383
    endloop
  endfacet
  facet normal -1 0 0
    outer loop
      vertex 0 145.89999999850988 259.87739461660385
      vertex 0 146.79999999701977 258.31910268962383
      vertex 0 145 258.31910268962383
    endloop
  endfacet
  facet normal -1 0 0
    outer loop
      vertex 0 135.89999999850988 265.6508973091841
      vertex 0 145.89999999850988 259.87739461660385
      vertex 0 145 258.31910268962383
    endloop
  endfacet
  facet normal -1 0 0
    outer loop
      vertex 0 135.89999999850988 265.6508973091841
      vertex 0 145 258.31910268962383
      vertex 0 135 264.09260538220406
    endloop
  endfacet
  facet normal -1 0 0
    outer loop
      vertex 0 134.10000000149012 265.6508973091841
      vertex 0 135.89999999850988 265.6508973091841
      vertex 0 135 264.09260538220406
    endloop
  endfacet
  facet normal -1 0 0
    outer loop
      vertex 0 134.10000000149012 265.6508973091841
      vertex 0 135 264.09260538220406
      vertex 0 125 258.31910268962383
    endloop
  endfacet
  facet normal -1 0 0
    outer loop
      vertex 0 124.10000000149012 259.87739461660385
      vertex 0 134.10000000149012 265.6508973091841
      vertex 0 125 258.31910268962383
    endloop
  endfacet
  facet normal -1 0 0
    outer loop
      vertex 0 124.10000000149012 259.87739461660385
      vertex 0 125 258.31910268962383
      vertex 0 123.20000000298023 258.31910268962383
    endloop
  endfacet
  facet normal -1 0 0
    outer loop
      vertex 0 114.10000000149012 265.6508973091841
      vertex 0 124.10000000149012 259.87739461660385
      vertex 0 123.20000000298023 258.31910268962383
    endloop
  endfacet
  facet normal -1 0 0
    outer loop
      vertex 0 114.10000000149012 265.6508973091841
      vertex 0 123.20000000298023 258.31910268962383
      vertex 0 113.20000000298023 264.09260538220406
    endloop
  endfacet
  facet normal -1 0 0
    outer loop
      vertex 0 112.29999999701977 265.6508973091841
      vertex 0 114.10000000149012 265.6508973091841
      vertex 0 113.20000000298023 264.09260538220406
    endloop
  endfacet
  facet normal -1 0 0
    outer loop
      vertex 0 112.29999999701977 265.6508973091841
      vertex 0 113.20000000298023 264.09260538220406
      vertex 0 103.20000000298023 258.31910268962383
    endloop
  endfacet
  facet normal -1 0 0
    outer loop
      vertex 0 102.29999999701977 259.87739461660385
      vertex 0 112.29999999701977 265.6508973091841
      vertex 0 103.20000000298023 258.31910268962383
    endloop
  endfacet
  facet normal -1 0 0
    outer loop
      vertex 0 102.29999999701977 259.87739461660385
      vertex 0 103.20000000298023 258.31910268962383
      vertex 0 101.39999999850988 258.31910268962383
    endloop
  endfacet
  facet normal -1 0 0
    outer loop
      vertex 0 92.29999999701977 265.6508973091841
      vertex 0 102.29999999701977 259.87739461660385
      vertex 0 101.39999999850988 258.31910268962383
    endloop
  endfacet
  facet normal -1 0 0
    outer loop
      vertex 0 92.29999999701977 265.6508973091841
      vertex 0 101.39999999850988 258.31910268962383
      vertex 0 91.39999999850988 264.09260538220406
    endloop
  endfacet
  facet normal -1 0 0
    outer loop
      vertex 0 90.5 265.6508973091841
      vertex 0 92.29999999701977 265.6508973091841
      vertex 0 91.39999999850988 264.09260538220406
    endloop
  endfacet
  facet normal -1 0 0
    outer loop
      vertex 0 90.5 265.6508973091841
      vertex 0 91.39999999850988 264.09260538220406
      vertex 0 81.39999999850988 258.31910268962383
    endloop
  endfacet
  facet normal -1 0 0
    outer loop
      vertex 0 80.5 259.87739461660385
      vertex 0 90.5 265.6508973091841
      vertex 0 81.39999999850988 258.31910268962383
    endloop
  endfacet
  facet normal -1 0 0
    outer loop
      vertex 0 80.5 259.87739461660385
      vertex 0 81.39999999850988 258.31910268962383
      vertex 0 79.60000000149012 258.31910268962383
    endloop
  endfacet
  facet normal -1 0 0
    outer loop
      vertex 0 70.5 265.6508973091841
      vertex 0 80.5 259.87739461660385
      vertex 0 79.60000000149012 258.31910268962383
    endloop
  endfacet
  facet normal -1 0 0
    outer loop
      vertex 0 70.5 265.6508973091841
      vertex 0 79.60000000149012 258.31910268962383
      vertex 0 69.60000000149012 264.09260538220406
    endloop
  endfacet
  facet normal -1 0 0
    outer loop
      vertex 0 68.70000000298023 265.6508973091841
      vertex 0 70.5 265.6508973091841
      vertex 0 69.60000000149012 264.09260538220406
    endloop
  endfacet
  facet normal -1 0 0
    outer loop
      vertex 0 68.70000000298023 265.6508973091841
      vertex 0 69.60000000149012 264.09260538220406
      vertex 0 59.600000001490116 258.31910268962383
    endloop
  endfacet
  facet normal -1 0 0
    outer loop
      vertex 0 58.70000000298023 259.87739461660385
      vertex 0 68.70000000298023 265.6508973091841
      vertex 0 59.600000001490116 258.31910268962383
    endloop
  endfacet
  facet normal -1 0 0
    outer loop
      vertex 0 58.70000000298023 259.87739461660385
      vertex 0 59.600000001490116 258.31910268962383
      vertex 0 57.79999999701977 258.31910268962383
    endloop
  endfacet
  facet normal -1 0 0
    outer loop
      vertex 0 48.70000000298023 265.6508973091841
      vertex 0 58.70000000298023 259.87739461660385
      vertex 0 57.79999999701977 258.31910268962383
    endloop
  endfacet
  facet normal -1 0 0
    outer loop
      vertex 0 48.70000000298023 265.6508973091841
      vertex 0 57.79999999701977 258.31910268962383
      vertex 0 47.79999999701977 264.09260538220406
    endloop
  endfacet
  facet normal -1 0 0
    outer loop
      vertex 0 46.899999998509884 265.6508973091841
      vertex 0 48.70000000298023 265.6508973091841
      vertex 0 47.79999999701977 264.09260538220406
    endloop
  endfacet
  facet normal -1 0 0
    outer loop
      vertex 0 46.899999998509884 265.6508973091841
      vertex 0 47.79999999701977 264.09260538220406
      vertex 0 37.79999999701977 258.31910268962383
    endloop
  endfacet
  facet normal -1 0 0
    outer loop
      vertex 0 36.899999998509884 259.87739461660385
      vertex 0 46.899999998509884 265.6508973091841
      vertex 0 37.79999999701977 258.31910268962383
    endloop
  endfacet
  facet normal -1 0 0
    outer loop
      vertex 0 36.899999998509884 259.87739461660385
      vertex 0 37.79999999701977 258.31910268962383
      vertex 0 36 258.31910268962383
    endloop
  endfacet
  facet normal -1 0 0
    outer loop
      vertex 0 26.899999998509884 265.6508973091841
      vertex 0 36.899999998509884 259.87739461660385
      vertex 0 36 258.31910268962383
    endloop
  endfacet
  facet normal -1 0 0
    outer loop
      vertex 0 26.899999998509884 265.6508973091841
      vertex 0 36 258.31910268962383
      vertex 0 26 264.09260538220406
    endloop
  endfacet
  facet normal -1 0 0
    outer loop
      vertex 0 221.29999999701977 163.92510268837214
      vertex 0 232.20000000298023 145.04630269110203
      vertex 0 222.20000000298023 150.81980538368225
    endloop
  endfacet
  facet normal -1 0 0
    outer loop
      vertex 0 221.29999999701977 152.37809731066227
      vertex 0 221.29999999701977 163.92510268837214
      vertex 0 222.20000000298023 150.81980538368225
    endloop
  endfacet
  facet normal -1 0 0
    outer loop
      vertex 0 221.29999999701977 152.37809731066227
      vertex 0 222.20000000298023 150.81980538368225
      vertex 0 212.20000000298023 145.04630269110203
    endloop
  endfacet
  facet normal -1 0 0
    outer loop
      vertex 0 211.29999999701977 146.60459461808205
      vertex 0 221.29999999701977 152.37809731066227
      vertex 0 212.20000000298023 145.04630269110203
    endloop
  endfacet
  facet normal -1 0 0
    outer loop
      vertex 0 211.29999999701977 146.60459461808205
      vertex 0 212.20000000298023 145.04630269110203
      vertex 0 210.39999999850988 145.04630269110203
    endloop
  endfacet
  facet normal -1 0 0
    outer loop
      vertex 0 201.29999999701977 152.37809731066227
      vertex 0 211.29999999701977 146.60459461808205
      vertex 0 210.39999999850988 145.04630269110203
    endloop
  endfacet
  facet normal -1 0 0
    outer loop
      vertex 0 201.29999999701977 152.37809731066227
      vertex 0 210.39999999850988 145.04630269110203
      vertex 0 200.39999999850988 150.81980538368225
    endloop
  endfacet
  facet normal -1 0 0
    outer loop
      vertex 0 199.5 152.37809731066227
      vertex 0 201.29999999701977 152.37809731066227
      vertex 0 200.39999999850988 150.81980538368225
    endloop
  endfacet
  facet normal -1 0 0
    outer loop
      vertex 0 199.5 152.37809731066227
      vertex 0 200.39999999850988 150.81980538368225
      vertex 0 190.39999999850988 145.04630269110203
    endloop
  endfacet
  facet normal -1 0 0
    outer loop
      vertex 0 189.5 146.60459461808205
      vertex 0 199.5 152.37809731066227
      vertex 0 190.39999999850988 145.04630269110203
    endloop
  endfacet
  facet normal -1 0 0
    outer loop
      vertex 0 189.5 146.60459461808205
      vertex 0 190.39999999850988 145.04630269110203
      vertex 0 188.60000000149012 145.04630269110203
    endloop
  endfacet
  facet normal -1 0 0
    outer loop
      vertex 0 179.5 152.37809731066227
      vertex 0 189.5 146.60459461808205
      vertex 0 188.60000000149012 145.04630269110203
    endloop
  endfacet
  facet normal -1 0 0
    outer loop
      vertex 0 179.5 152.37809731066227
      vertex 0 188.60000000149012 145.04630269110203
      vertex 0 178.60000000149012 150.81980538368225
    endloop
  endfacet
  facet normal -1 0 0
    outer loop
      vertex 0 177.70000000298023 152.37809731066227
      vertex 0 179.5 152.37809731066227
      vertex 0 178.60000000149012 150.81980538368225
    endloop
  endfacet
  facet normal -1 0 0
    outer loop
      vertex 0 177.70000000298023 152.37809731066227
      vertex 0 178.60000000149012 150.81980538368225
      vertex 0 168.60000000149012 145.04630269110203
    endloop
  endfacet
  facet normal -1 0 0
    outer loop
      vertex 0 167.70000000298023 146.60459461808205
      vertex 0 177.70000000298023 152.37809731066227
      vertex 0 168.60000000149012 145.04630269110203
    endloop
  endfacet
  facet normal -1 0 0
    outer loop
      vertex 0 167.70000000298023 146.60459461808205
      vertex 0 168.60000000149012 145.04630269110203
      vertex 0 166.79999999701977 145.04630269110203
    endloop
  endfacet
  facet normal -1 0 0
    outer loop
      vertex 0 157.70000000298023 152.37809731066227
      vertex 0 167.70000000298023 146.60459461808205
      vertex 0 166.79999999701977 145.04630269110203
    endloop
  endfacet
  facet normal -1 0 0
    outer loop
      vertex 0 157.70000000298023 152.37809731066227
      vertex 0 166.79999999701977 145.04630269110203
      vertex 0 156.79999999701977 150.81980538368225
    endloop
  endfacet
  facet normal -1 0 0
    outer loop
      vertex 0 155.89999999850988 152.37809731066227
      vertex 0 157.70000000298023 152.37809731066227
      vertex 0 156.79999999701977 150.81980538368225
    endloop
  endfacet
  facet normal -1 0 0
    outer loop
      vertex 0 155.89999999850988 152.37809731066227
      vertex 0 156.79999999701977 150.81980538368225
      vertex 0 146.79999999701977 145.04630269110203
    endloop
  endfacet
  facet normal -1 0 0
    outer loop
      vertex 0 145.89999999850988 146.60459461808205
      vertex 0 155.89999999850988 152.37809731066227
      vertex 0 146.79999999701977 145.04630269110203
    endloop
  endfacet
  facet normal -1 0 0
    outer loop
      vertex 0 145.89999999850988 146.60459461808205
      vertex 0 146.79999999701977 145.04630269110203
      vertex 0 145 145.04630269110203
    endloop
  endfacet
  facet normal -1 0 0
    outer loop
      vertex 0 135.89999999850988 152.37809731066227
      vertex 0 145.89999999850988 146.60459461808205
      vertex 0 145 145.04630269110203
    endloop
  endfacet
  facet normal -1 0 0
    outer loop
      vertex 0 135.89999999850988 152.37809731066227
      vertex 0 145 145.04630269110203
      vertex 0 135 150.81980538368225
    endloop
  endfacet
  facet normal -1 0 0
    outer loop
      vertex 0 134.10000000149012 152.37809731066227
      vertex 0 135.89999999850988 152.37809731066227
      vertex 0 135 150.81980538368225
    endloop
  endfacet
  facet normal -1 0 0
    outer loop
      vertex 0 134.10000000149012 152.37809731066227
      vertex 0 135 150.81980538368225
      vertex 0 125 145.04630269110203
    endloop
  endfacet
  facet normal -1 0 0
    outer loop
      vertex 0 124.10000000149012 146.60459461808205
      vertex 0 134.10000000149012 152.37809731066227
      vertex 0 125 145.04630269110203
    endloop
  endfacet
  facet normal -1 0 0
    outer loop
      vertex 0 124.10000000149012 146.60459461808205
      vertex 0 125 145.04630269110203
      vertex 0 123.20000000298023 145.04630269110203
    endloop
  endfacet
  facet normal -1 0 0
    outer loop
      vertex 0 114.10000000149012 152.37809731066227
      vertex 0 124.10000000149012 146.60459461808205
      vertex 0 123.20000000298023 145.04630269110203
    endloop
  endfacet
  facet normal -1 0 0
    outer loop
      vertex 0 114.10000000149012 152.37809731066227
      vertex 0 123.20000000298023 145.04630269110203
      vertex 0 113.20000000298023 150.81980538368225
    endloop
  endfacet
  facet normal -1 0 0
    outer loop
      vertex 0 112.29999999701977 152.37809731066227
      vertex 0 114.10000000149012 152.37809731066227
      vertex 0 113.20000000298023 150.81980538368225
    endloop
  endfacet
  facet normal -1 0 0
    outer loop
      vertex 0 112.29999999701977 152.37809731066227
      vertex 0 113.20000000298023 150.81980538368225
      vertex 0 103.20000000298023 145.04630269110203
    endloop
  endfacet
  facet normal -1 0 0
    outer loop
      vertex 0 102.29999999701977 146.60459461808205
      vertex 0 112.29999999701977 152.37809731066227
      vertex 0 103.20000000298023 145.04630269110203
    endloop
  endfacet
  facet normal -1 0 0
    outer loop
      vertex 0 102.29999999701977 146.60459461808205
      vertex 0 103.20000000298023 145.04630269110203
      vertex 0 101.39999999850988 145.04630269110203
    endloop
  endfacet
  facet normal -1 0 0
    outer loop
      vertex 0 92.29999999701977 152.37809731066227
      vertex 0 102.29999999701977 146.60459461808205
      vertex 0 101.39999999850988 145.04630269110203
    endloop
  endfacet
  facet normal -1 0 0
    outer loop
      vertex 0 92.29999999701977 152.37809731066227
      vertex 0 101.39999999850988 145.04630269110203
      vertex 0 91.39999999850988 150.81980538368225
    endloop
  endfacet
  facet normal -1 0 0
    outer loop
      vertex 0 90.5 152.37809731066227
      vertex 0 92.29999999701977 152.37809731066227
      vertex 0 91.39999999850988 150.81980538368225
    endloop
  endfacet
  facet normal -1 0 0
    outer loop
      vertex 0 90.5 152.37809731066227
      vertex 0 91.39999999850988 150.81980538368225
      vertex 0 81.39999999850988 145.04630269110203
    endloop
  endfacet
  facet normal -1 0 0
    outer loop
      vertex 0 80.5 146.60459461808205
      vertex 0 90.5 152.37809731066227
      vertex 0 81.39999999850988 145.04630269110203
    endloop
  endfacet
  facet normal -1 0 0
    outer loop
      vertex 0 80.5 146.60459461808205
      vertex 0 81.39999999850988 145.04630269110203
      vertex 0 79.60000000149012 145.04630269110203
    endloop
  endfacet
  facet normal -1 0 0
    outer loop
      vertex 0 70.5 152.37809731066227
      vertex 0 80.5 146.60459461808205
      vertex 0 79.60000000149012 145.04630269110203
    endloop
  endfacet
  facet normal -1 0 0
    outer loop
      vertex 0 70.5 152.37809731066227
      vertex 0 79.60000000149012 145.04630269110203
      vertex 0 69.60000000149012 150.81980538368225
    endloop
  endfacet
  facet normal -1 0 0
    outer loop
      vertex 0 68.70000000298023 152.37809731066227
      vertex 0 70.5 152.37809731066227
      vertex 0 69.60000000149012 150.81980538368225
    endloop
  endfacet
  facet normal -1 0 0
    outer loop
      vertex 0 68.70000000298023 152.37809731066227
      vertex 0 69.60000000149012 150.81980538368225
      vertex 0 59.600000001490116 145.04630269110203
    endloop
  endfacet
  facet normal -1 0 0
    outer loop
      vertex 0 58.70000000298023 146.60459461808205
      vertex 0 68.70000000298023 152.37809731066227
      vertex 0 59.600000001490116 145.04630269110203
    endloop
  endfacet
  facet normal -1 0 0
    outer loop
      vertex 0 58.70000000298023 146.60459461808205
      vertex 0 59.600000001490116 145.04630269110203
      vertex 0 57.79999999701977 145.04630269110203
    endloop
  endfacet
  facet normal -1 0 0
    outer loop
      vertex 0 48.70000000298023 152.37809731066227
      vertex 0 58.70000000298023 146.60459461808205
      vertex 0 57.79999999701977 145.04630269110203
    endloop
  endfacet
  facet normal -1 0 0
    outer loop
      vertex 0 48.70000000298023 152.37809731066227
      vertex 0 57.79999999701977 145.04630269110203
      vertex 0 47.79999999701977 150.81980538368225
    endloop
  endfacet
  facet normal -1 0 0
    outer loop
      vertex 0 46.899999998509884 152.37809731066227
      vertex 0 48.70000000298023 152.37809731066227
      vertex 0 47.79999999701977 150.81980538368225
    endloop
  endfacet
  facet normal -1 0 0
    outer loop
      vertex 0 46.899999998509884 152.37809731066227
      vertex 0 47.79999999701977 150.81980538368225
      vertex 0 37.79999999701977 145.04630269110203
    endloop
  endfacet
  facet normal -1 0 0
    outer loop
      vertex 0 36.899999998509884 146.60459461808205
      vertex 0 46.899999998509884 152.37809731066227
      vertex 0 37.79999999701977 145.04630269110203
    endloop
  endfacet
  facet normal -1 0 0
    outer loop
      vertex 0 36.899999998509884 146.60459461808205
      vertex 0 37.79999999701977 145.04630269110203
      vertex 0 36 145.04630269110203
    endloop
  endfacet
  facet normal -1 0 0
    outer loop
      vertex 0 26.899999998509884 152.37809731066227
      vertex 0 36.899999998509884 146.60459461808205
      vertex 0 36 145.04630269110203
    endloop
  endfacet
  facet normal -1 0 0
    outer loop
      vertex 0 26.899999998509884 152.37809731066227
      vertex 0 36 145.04630269110203
      vertex 0 26 150.81980538368225
    endloop
  endfacet
  facet normal -1 0 0
    outer loop
      vertex 0 221.29999999701977 314.95550268888474
      vertex 0 232.20000000298023 296.0767026916146
      vertex 0 222.20000000298023 301.85020538419485
    endloop
  endfacet
  facet normal -1 0 0
    outer loop
      vertex 0 221.29999999701977 303.40849731117487
      vertex 0 221.29999999701977 314.95550268888474
      vertex 0 222.20000000298023 301.85020538419485
    endloop
  endfacet
  facet normal -1 0 0
    outer loop
      vertex 0 221.29999999701977 303.40849731117487
      vertex 0 222.20000000298023 301.85020538419485
      vertex 0 212.20000000298023 296.0767026916146
    endloop
  endfacet
  facet normal -1 0 0
    outer loop
      vertex 0 211.29999999701977 297.63499461859465
      vertex 0 221.29999999701977 303.40849731117487
      vertex 0 212.20000000298023 296.0767026916146
    endloop
  endfacet
  facet normal -1 0 0
    outer loop
      vertex 0 211.29999999701977 297.63499461859465
      vertex 0 212.20000000298023 296.0767026916146
      vertex 0 210.39999999850988 296.0767026916146
    endloop
  endfacet
  facet normal -1 0 0
    outer loop
      vertex 0 201.29999999701977 303.40849731117487
      vertex 0 211.29999999701977 297.63499461859465
      vertex 0 210.39999999850988 296.0767026916146
    endloop
  endfacet
  facet normal -1 0 0
    outer loop
      vertex 0 201.29999999701977 303.40849731117487
      vertex 0 210.39999999850988 296.0767026916146
      vertex 0 200.39999999850988 301.85020538419485
    endloop
  endfacet
  facet normal -1 0 0
    outer loop
      vertex 0 199.5 303.40849731117487
      vertex 0 201.29999999701977 303.40849731117487
      vertex 0 200.39999999850988 301.85020538419485
    endloop
  endfacet
  facet normal -1 0 0
    outer loop
      vertex 0 199.5 303.40849731117487
      vertex 0 200.39999999850988 301.85020538419485
      vertex 0 190.39999999850988 296.0767026916146
    endloop
  endfacet
  facet normal -1 0 0
    outer loop
      vertex 0 189.5 297.63499461859465
      vertex 0 199.5 303.40849731117487
      vertex 0 190.39999999850988 296.0767026916146
    endloop
  endfacet
  facet normal -1 0 0
    outer loop
      vertex 0 189.5 297.63499461859465
      vertex 0 190.39999999850988 296.0767026916146
      vertex 0 188.60000000149012 296.0767026916146
    endloop
  endfacet
  facet normal -1 0 0
    outer loop
      vertex 0 179.5 303.40849731117487
      vertex 0 189.5 297.63499461859465
      vertex 0 188.60000000149012 296.0767026916146
    endloop
  endfacet
  facet normal -1 0 0
    outer loop
      vertex 0 179.5 303.40849731117487
      vertex 0 188.60000000149012 296.0767026916146
      vertex 0 178.60000000149012 301.85020538419485
    endloop
  endfacet
  facet normal -1 0 0
    outer loop
      vertex 0 177.70000000298023 303.40849731117487
      vertex 0 179.5 303.40849731117487
      vertex 0 178.60000000149012 301.85020538419485
    endloop
  endfacet
  facet normal -1 0 0
    outer loop
      vertex 0 177.70000000298023 303.40849731117487
      vertex 0 178.60000000149012 301.85020538419485
      vertex 0 168.60000000149012 296.0767026916146
    endloop
  endfacet
  facet normal -1 0 0
    outer loop
      vertex 0 167.70000000298023 297.63499461859465
      vertex 0 177.70000000298023 303.40849731117487
      vertex 0 168.60000000149012 296.0767026916146
    endloop
  endfacet
  facet normal -1 0 0
    outer loop
      vertex 0 167.70000000298023 297.63499461859465
      vertex 0 168.60000000149012 296.0767026916146
      vertex 0 166.79999999701977 296.0767026916146
    endloop
  endfacet
  facet normal -1 0 0
    outer loop
      vertex 0 157.70000000298023 303.40849731117487
      vertex 0 167.70000000298023 297.63499461859465
      vertex 0 166.79999999701977 296.0767026916146
    endloop
  endfacet
  facet normal -1 0 0
    outer loop
      vertex 0 157.70000000298023 303.40849731117487
      vertex 0 166.79999999701977 296.0767026916146
      vertex 0 156.79999999701977 301.85020538419485
    endloop
  endfacet
  facet normal -1 0 0
    outer loop
      vertex 0 155.89999999850988 303.40849731117487
      vertex 0 157.70000000298023 303.40849731117487
      vertex 0 156.79999999701977 301.85020538419485
    endloop
  endfacet
  facet normal -1 0 0
    outer loop
      vertex 0 155.89999999850988 303.40849731117487
      vertex 0 156.79999999701977 301.85020538419485
      vertex 0 146.79999999701977 296.0767026916146
    endloop
  endfacet
  facet normal -1 0 0
    outer loop
      vertex 0 145.89999999850988 297.63499461859465
      vertex 0 155.89999999850988 303.40849731117487
      vertex 0 146.79999999701977 296.0767026916146
    endloop
  endfacet
  facet normal -1 0 0
    outer loop
      vertex 0 145.89999999850988 297.63499461859465
      vertex 0 146.79999999701977 296.0767026916146
      vertex 0 145 296.0767026916146
    endloop
  endfacet
  facet normal -1 0 0
    outer loop
      vertex 0 135.89999999850988 303.40849731117487
      vertex 0 145.89999999850988 297.63499461859465
      vertex 0 145 296.0767026916146
    endloop
  endfacet
  facet normal -1 0 0
    outer loop
      vertex 0 135.89999999850988 303.40849731117487
      vertex 0 145 296.0767026916146
      vertex 0 135 301.85020538419485
    endloop
  endfacet
  facet normal -1 0 0
    outer loop
      vertex 0 134.10000000149012 303.40849731117487
      vertex 0 135.89999999850988 303.40849731117487
      vertex 0 135 301.85020538419485
    endloop
  endfacet
  facet normal -1 0 0
    outer loop
      vertex 0 134.10000000149012 303.40849731117487
      vertex 0 135 301.85020538419485
      vertex 0 125 296.0767026916146
    endloop
  endfacet
  facet normal -1 0 0
    outer loop
      vertex 0 124.10000000149012 297.63499461859465
      vertex 0 134.10000000149012 303.40849731117487
      vertex 0 125 296.0767026916146
    endloop
  endfacet
  facet normal -1 0 0
    outer loop
      vertex 0 124.10000000149012 297.63499461859465
      vertex 0 125 296.0767026916146
      vertex 0 123.20000000298023 296.0767026916146
    endloop
  endfacet
  facet normal -1 0 0
    outer loop
      vertex 0 114.10000000149012 303.40849731117487
      vertex 0 124.10000000149012 297.63499461859465
      vertex 0 123.20000000298023 296.0767026916146
    endloop
  endfacet
  facet normal -1 0 0
    outer loop
      vertex 0 114.10000000149012 303.40849731117487
      vertex 0 123.20000000298023 296.0767026916146
      vertex 0 113.20000000298023 301.85020538419485
    endloop
  endfacet
  facet normal -1 0 0
    outer loop
      vertex 0 112.29999999701977 303.40849731117487
      vertex 0 114.10000000149012 303.40849731117487
      vertex 0 113.20000000298023 301.85020538419485
    endloop
  endfacet
  facet normal -1 0 0
    outer loop
      vertex 0 112.29999999701977 303.40849731117487
      vertex 0 113.20000000298023 301.85020538419485
      vertex 0 103.20000000298023 296.0767026916146
    endloop
  endfacet
  facet normal -1 0 0
    outer loop
      vertex 0 102.29999999701977 297.63499461859465
      vertex 0 112.29999999701977 303.40849731117487
      vertex 0 103.20000000298023 296.0767026916146
    endloop
  endfacet
  facet normal -1 0 0
    outer loop
      vertex 0 102.29999999701977 297.63499461859465
      vertex 0 103.20000000298023 296.0767026916146
      vertex 0 101.39999999850988 296.0767026916146
    endloop
  endfacet
  facet normal -1 0 0
    outer loop
      vertex 0 92.29999999701977 303.40849731117487
      vertex 0 102.29999999701977 297.63499461859465
      vertex 0 101.39999999850988 296.0767026916146
    endloop
  endfacet
  facet normal -1 0 0
    outer loop
      vertex 0 92.29999999701977 303.40849731117487
      vertex 0 101.39999999850988 296.0767026916146
      vertex 0 91.39999999850988 301.85020538419485
    endloop
  endfacet
  facet normal -1 0 0
    outer loop
      vertex 0 90.5 303.40849731117487
      vertex 0 92.29999999701977 303.40849731117487
      vertex 0 91.39999999850988 301.85020538419485
    endloop
  endfacet
  facet normal -1 0 0
    outer loop
      vertex 0 90.5 303.40849731117487
      vertex 0 91.39999999850988 301.85020538419485
      vertex 0 81.39999999850988 296.0767026916146
    endloop
  endfacet
  facet normal -1 0 0
    outer loop
      vertex 0 80.5 297.63499461859465
      vertex 0 90.5 303.40849731117487
      vertex 0 81.39999999850988 296.0767026916146
    endloop
  endfacet
  facet normal -1 0 0
    outer loop
      vertex 0 80.5 297.63499461859465
      vertex 0 81.39999999850988 296.0767026916146
      vertex 0 79.60000000149012 296.0767026916146
    endloop
  endfacet
  facet normal -1 0 0
    outer loop
      vertex 0 70.5 303.40849731117487
      vertex 0 80.5 297.63499461859465
      vertex 0 79.60000000149012 296.0767026916146
    endloop
  endfacet
  facet normal -1 0 0
    outer loop
      vertex 0 70.5 303.40849731117487
      vertex 0 79.60000000149012 296.0767026916146
      vertex 0 69.60000000149012 301.85020538419485
    endloop
  endfacet
  facet normal -1 0 0
    outer loop
      vertex 0 68.70000000298023 303.40849731117487
      vertex 0 70.5 303.40849731117487
      vertex 0 69.60000000149012 301.85020538419485
    endloop
  endfacet
  facet normal -1 0 0
    outer loop
      vertex 0 68.70000000298023 303.40849731117487
      vertex 0 69.60000000149012 301.85020538419485
      vertex 0 59.600000001490116 296.0767026916146
    endloop
  endfacet
  facet normal -1 0 0
    outer loop
      vertex 0 58.70000000298023 297.63499461859465
      vertex 0 68.70000000298023 303.40849731117487
      vertex 0 59.600000001490116 296.0767026916146
    endloop
  endfacet
  facet normal -1 0 0
    outer loop
      vertex 0 58.70000000298023 297.63499461859465
      vertex 0 59.600000001490116 296.0767026916146
      vertex 0 57.79999999701977 296.0767026916146
    endloop
  endfacet
  facet normal -1 0 0
    outer loop
      vertex 0 48.70000000298023 303.40849731117487
      vertex 0 58.70000000298023 297.63499461859465
      vertex 0 57.79999999701977 296.0767026916146
    endloop
  endfacet
  facet normal -1 0 0
    outer loop
      vertex 0 48.70000000298023 303.40849731117487
      vertex 0 57.79999999701977 296.0767026916146
      vertex 0 47.79999999701977 301.85020538419485
    endloop
  endfacet
  facet normal -1 0 0
    outer loop
      vertex 0 46.899999998509884 303.40849731117487
      vertex 0 48.70000000298023 303.40849731117487
      vertex 0 47.79999999701977 301.85020538419485
    endloop
  endfacet
  facet normal -1 0 0
    outer loop
      vertex 0 46.899999998509884 303.40849731117487
      vertex 0 47.79999999701977 301.85020538419485
      vertex 0 37.79999999701977 296.0767026916146
    endloop
  endfacet
  facet normal -1 0 0
    outer loop
      vertex 0 36.899999998509884 297.63499461859465
      vertex 0 46.899999998509884 303.40849731117487
      vertex 0 37.79999999701977 296.0767026916146
    endloop
  endfacet
  facet normal -1 0 0
    outer loop
      vertex 0 36.899999998509884 297.63499461859465
      vertex 0 37.79999999701977 296.0767026916146
      vertex 0 36 296.0767026916146
    endloop
  endfacet
  facet normal -1 0 0
    outer loop
      vertex 0 26.899999998509884 303.40849731117487
      vertex 0 36.899999998509884 297.63499461859465
      vertex 0 36 296.0767026916146
    endloop
  endfacet
  facet normal -1 0 0
    outer loop
      vertex 0 26.899999998509884 303.40849731117487
      vertex 0 36 296.0767026916146
      vertex 0 26 301.85020538419485
    endloop
  endfacet
  facet normal -1 0 0
    outer loop
      vertex 0 232.20000000298023 133.49929730594158
      vertex 0 232.20000000298023 107.28870268911123
      vertex 0 222.20000000298023 113.06220538169146
    endloop
  endfacet
  facet normal -1 0 0
    outer loop
      vertex 0 221.29999999701977 126.16750269383192
      vertex 0 232.20000000298023 133.49929730594158
      vertex 0 222.20000000298023 113.06220538169146
    endloop
  endfacet
  facet normal -1 0 0
    outer loop
      vertex 0 221.29999999701977 114.62049730867147
      vertex 0 221.29999999701977 126.16750269383192
      vertex 0 222.20000000298023 113.06220538169146
    endloop
  endfacet
  facet normal -1 0 0
    outer loop
      vertex 0 221.29999999701977 114.62049730867147
      vertex 0 222.20000000298023 113.06220538169146
      vertex 0 212.20000000298023 107.28870268911123
    endloop
  endfacet
  facet normal -1 0 0
    outer loop
      vertex 0 211.29999999701977 108.84699461609125
      vertex 0 221.29999999701977 114.62049730867147
      vertex 0 212.20000000298023 107.28870268911123
    endloop
  endfacet
  facet normal -1 0 0
    outer loop
      vertex 0 211.29999999701977 108.84699461609125
      vertex 0 212.20000000298023 107.28870268911123
      vertex 0 210.39999999850988 107.28870268911123
    endloop
  endfacet
  facet normal -1 0 0
    outer loop
      vertex 0 201.29999999701977 114.62049730867147
      vertex 0 211.29999999701977 108.84699461609125
      vertex 0 210.39999999850988 107.28870268911123
    endloop
  endfacet
  facet normal -1 0 0
    outer loop
      vertex 0 201.29999999701977 114.62049730867147
      vertex 0 210.39999999850988 107.28870268911123
      vertex 0 200.39999999850988 113.06220538169146
    endloop
  endfacet
  facet normal -1 0 0
    outer loop
      vertex 0 199.5 114.62049730867147
      vertex 0 201.29999999701977 114.62049730867147
      vertex 0 200.39999999850988 113.06220538169146
    endloop
  endfacet
  facet normal -1 0 0
    outer loop
      vertex 0 199.5 114.62049730867147
      vertex 0 200.39999999850988 113.06220538169146
      vertex 0 190.39999999850988 107.28870268911123
    endloop
  endfacet
  facet normal -1 0 0
    outer loop
      vertex 0 189.5 108.84699461609125
      vertex 0 199.5 114.62049730867147
      vertex 0 190.39999999850988 107.28870268911123
    endloop
  endfacet
  facet normal -1 0 0
    outer loop
      vertex 0 189.5 108.84699461609125
      vertex 0 190.39999999850988 107.28870268911123
      vertex 0 188.60000000149012 107.28870268911123
    endloop
  endfacet
  facet normal -1 0 0
    outer loop
      vertex 0 179.5 114.62049730867147
      vertex 0 189.5 108.84699461609125
      vertex 0 188.60000000149012 107.28870268911123
    endloop
  endfacet
  facet normal -1 0 0
    outer loop
      vertex 0 179.5 114.62049730867147
      vertex 0 188.60000000149012 107.28870268911123
      vertex 0 178.60000000149012 113.06220538169146
    endloop
  endfacet
  facet normal -1 0 0
    outer loop
      vertex 0 177.70000000298023 114.62049730867147
      vertex 0 179.5 114.62049730867147
      vertex 0 178.60000000149012 113.06220538169146
    endloop
  endfacet
  facet normal -1 0 0
    outer loop
      vertex 0 177.70000000298023 114.62049730867147
      vertex 0 178.60000000149012 113.06220538169146
      vertex 0 168.60000000149012 107.28870268911123
    endloop
  endfacet
  facet normal -1 0 0
    outer loop
      vertex 0 167.70000000298023 108.84699461609125
      vertex 0 177.70000000298023 114.62049730867147
      vertex 0 168.60000000149012 107.28870268911123
    endloop
  endfacet
  facet normal -1 0 0
    outer loop
      vertex 0 167.70000000298023 108.84699461609125
      vertex 0 168.60000000149012 107.28870268911123
      vertex 0 166.79999999701977 107.28870268911123
    endloop
  endfacet
  facet normal -1 0 0
    outer loop
      vertex 0 157.70000000298023 114.62049730867147
      vertex 0 167.70000000298023 108.84699461609125
      vertex 0 166.79999999701977 107.28870268911123
    endloop
  endfacet
  facet normal -1 0 0
    outer loop
      vertex 0 157.70000000298023 114.62049730867147
      vertex 0 166.79999999701977 107.28870268911123
      vertex 0 156.79999999701977 113.06220538169146
    endloop
  endfacet
  facet normal -1 0 0
    outer loop
      vertex 0 155.89999999850988 114.62049730867147
      vertex 0 157.70000000298023 114.62049730867147
      vertex 0 156.79999999701977 113.06220538169146
    endloop
  endfacet
  facet normal -1 0 0
    outer loop
      vertex 0 155.89999999850988 114.62049730867147
      vertex 0 156.79999999701977 113.06220538169146
      vertex 0 146.79999999701977 107.28870268911123
    endloop
  endfacet
  facet normal -1 0 0
    outer loop
      vertex 0 145.89999999850988 108.84699461609125
      vertex 0 155.89999999850988 114.62049730867147
      vertex 0 146.79999999701977 107.28870268911123
    endloop
  endfacet
  facet normal -1 0 0
    outer loop
      vertex 0 145.89999999850988 108.84699461609125
      vertex 0 146.79999999701977 107.28870268911123
      vertex 0 145 107.28870268911123
    endloop
  endfacet
  facet normal -1 0 0
    outer loop
      vertex 0 135.89999999850988 114.62049730867147
      vertex 0 145.89999999850988 108.84699461609125
      vertex 0 145 107.28870268911123
    endloop
  endfacet
  facet normal -1 0 0
    outer loop
      vertex 0 135.89999999850988 114.62049730867147
      vertex 0 145 107.28870268911123
      vertex 0 135 113.06220538169146
    endloop
  endfacet
  facet normal -1 0 0
    outer loop
      vertex 0 134.10000000149012 114.62049730867147
      vertex 0 135.89999999850988 114.62049730867147
      vertex 0 135 113.06220538169146
    endloop
  endfacet
  facet normal -1 0 0
    outer loop
      vertex 0 134.10000000149012 114.62049730867147
      vertex 0 135 113.06220538169146
      vertex 0 125 107.28870268911123
    endloop
  endfacet
  facet normal -1 0 0
    outer loop
      vertex 0 124.10000000149012 108.84699461609125
      vertex 0 134.10000000149012 114.62049730867147
      vertex 0 125 107.28870268911123
    endloop
  endfacet
  facet normal -1 0 0
    outer loop
      vertex 0 124.10000000149012 108.84699461609125
      vertex 0 125 107.28870268911123
      vertex 0 123.20000000298023 107.28870268911123
    endloop
  endfacet
  facet normal -1 0 0
    outer loop
      vertex 0 114.10000000149012 114.62049730867147
      vertex 0 124.10000000149012 108.84699461609125
      vertex 0 123.20000000298023 107.28870268911123
    endloop
  endfacet
  facet normal -1 0 0
    outer loop
      vertex 0 114.10000000149012 114.62049730867147
      vertex 0 123.20000000298023 107.28870268911123
      vertex 0 113.20000000298023 113.06220538169146
    endloop
  endfacet
  facet normal -1 0 0
    outer loop
      vertex 0 112.29999999701977 114.62049730867147
      vertex 0 114.10000000149012 114.62049730867147
      vertex 0 113.20000000298023 113.06220538169146
    endloop
  endfacet
  facet normal -1 0 0
    outer loop
      vertex 0 112.29999999701977 114.62049730867147
      vertex 0 113.20000000298023 113.06220538169146
      vertex 0 103.20000000298023 107.28870268911123
    endloop
  endfacet
  facet normal -1 0 0
    outer loop
      vertex 0 102.29999999701977 108.84699461609125
      vertex 0 112.29999999701977 114.62049730867147
      vertex 0 103.20000000298023 107.28870268911123
    endloop
  endfacet
  facet normal -1 0 0
    outer loop
      vertex 0 102.29999999701977 108.84699461609125
      vertex 0 103.20000000298023 107.28870268911123
      vertex 0 101.39999999850988 107.28870268911123
    endloop
  endfacet
  facet normal -1 0 0
    outer loop
      vertex 0 92.29999999701977 114.62049730867147
      vertex 0 102.29999999701977 108.84699461609125
      vertex 0 101.39999999850988 107.28870268911123
    endloop
  endfacet
  facet normal -1 0 0
    outer loop
      vertex 0 92.29999999701977 114.62049730867147
      vertex 0 101.39999999850988 107.28870268911123
      vertex 0 91.39999999850988 113.06220538169146
    endloop
  endfacet
  facet normal -1 0 0
    outer loop
      vertex 0 90.5 114.62049730867147
      vertex 0 92.29999999701977 114.62049730867147
      vertex 0 91.39999999850988 113.06220538169146
    endloop
  endfacet
  facet normal -1 0 0
    outer loop
      vertex 0 90.5 114.62049730867147
      vertex 0 91.39999999850988 113.06220538169146
      vertex 0 81.39999999850988 107.28870268911123
    endloop
  endfacet
  facet normal -1 0 0
    outer loop
      vertex 0 80.5 108.84699461609125
      vertex 0 90.5 114.62049730867147
      vertex 0 81.39999999850988 107.28870268911123
    endloop
  endfacet
  facet normal -1 0 0
    outer loop
      vertex 0 80.5 108.84699461609125
      vertex 0 81.39999999850988 107.28870268911123
      vertex 0 79.60000000149012 107.28870268911123
    endloop
  endfacet
  facet normal -1 0 0
    outer loop
      vertex 0 70.5 114.62049730867147
      vertex 0 80.5 108.84699461609125
      vertex 0 79.60000000149012 107.28870268911123
    endloop
  endfacet
  facet normal -1 0 0
    outer loop
      vertex 0 70.5 114.62049730867147
      vertex 0 79.60000000149012 107.28870268911123
      vertex 0 69.60000000149012 113.06220538169146
    endloop
  endfacet
  facet normal -1 0 0
    outer loop
      vertex 0 68.70000000298023 114.62049730867147
      vertex 0 70.5 114.62049730867147
      vertex 0 69.60000000149012 113.06220538169146
    endloop
  endfacet
  facet normal -1 0 0
    outer loop
      vertex 0 68.70000000298023 114.62049730867147
      vertex 0 69.60000000149012 113.06220538169146
      vertex 0 59.600000001490116 107.28870268911123
    endloop
  endfacet
  facet normal -1 0 0
    outer loop
      vertex 0 58.70000000298023 108.84699461609125
      vertex 0 68.70000000298023 114.62049730867147
      vertex 0 59.600000001490116 107.28870268911123
    endloop
  endfacet
  facet normal -1 0 0
    outer loop
      vertex 0 58.70000000298023 108.84699461609125
      vertex 0 59.600000001490116 107.28870268911123
      vertex 0 57.79999999701977 107.28870268911123
    endloop
  endfacet
  facet normal -1 0 0
    outer loop
      vertex 0 48.70000000298023 114.62049730867147
      vertex 0 58.70000000298023 108.84699461609125
      vertex 0 57.79999999701977 107.28870268911123
    endloop
  endfacet
  facet normal -1 0 0
    outer loop
      vertex 0 48.70000000298023 114.62049730867147
      vertex 0 57.79999999701977 107.28870268911123
      vertex 0 47.79999999701977 113.06220538169146
    endloop
  endfacet
  facet normal -1 0 0
    outer loop
      vertex 0 46.899999998509884 114.62049730867147
      vertex 0 48.70000000298023 114.62049730867147
      vertex 0 47.79999999701977 113.06220538169146
    endloop
  endfacet
  facet normal -1 0 0
    outer loop
      vertex 0 46.899999998509884 114.62049730867147
      vertex 0 47.79999999701977 113.06220538169146
      vertex 0 37.79999999701977 107.28870268911123
    endloop
  endfacet
  facet normal -1 0 0
    outer loop
      vertex 0 36.899999998509884 108.84699461609125
      vertex 0 46.899999998509884 114.62049730867147
      vertex 0 37.79999999701977 107.28870268911123
    endloop
  endfacet
  facet normal -1 0 0
    outer loop
      vertex 0 36.899999998509884 108.84699461609125
      vertex 0 37.79999999701977 107.28870268911123
      vertex 0 36 107.28870268911123
    endloop
  endfacet
  facet normal -1 0 0
    outer loop
      vertex 0 26.899999998509884 114.62049730867147
      vertex 0 36.899999998509884 108.84699461609125
      vertex 0 36 107.28870268911123
    endloop
  endfacet
  facet normal -1 0 0
    outer loop
      vertex 0 26.899999998509884 114.62049730867147
      vertex 0 36 107.28870268911123
      vertex 0 26 113.06220538169146
    endloop
  endfacet
  facet normal -1 0 0
    outer loop
      vertex 0 232.20000000298023 322.287297308445
      vertex 0 232.20000000298023 333.8343026936054
      vertex 0 250 350
    endloop
  endfacet
  facet normal -1 0 0
    outer loop
      vertex 0 232.20000000298023 322.287297308445
      vertex 0 250 350
      vertex 0 232.20000000298023 296.0767026916146
    endloop
  endfacet
  facet normal -1 0 0
    outer loop
      vertex 0 222.20000000298023 316.51379461586475
      vertex 0 232.20000000298023 322.287297308445
      vertex 0 232.20000000298023 296.0767026916146
    endloop
  endfacet
  facet normal -1 0 0
    outer loop
      vertex 0 222.20000000298023 316.51379461586475
      vertex 0 232.20000000298023 296.0767026916146
      vertex 0 221.29999999701977 314.95550268888474
    endloop
  endfacet
  facet normal -1 0 0
    outer loop
      vertex 0 212.20000000298023 322.287297308445
      vertex 0 222.20000000298023 316.51379461586475
      vertex 0 221.29999999701977 314.95550268888474
    endloop
  endfacet
  facet normal -1 0 0
    outer loop
      vertex 0 212.20000000298023 322.287297308445
      vertex 0 221.29999999701977 314.95550268888474
      vertex 0 211.29999999701977 320.72900538146496
    endloop
  endfacet
  facet normal -1 0 0
    outer loop
      vertex 0 210.39999999850988 322.287297308445
      vertex 0 212.20000000298023 322.287297308445
      vertex 0 211.29999999701977 320.72900538146496
    endloop
  endfacet
  facet normal -1 0 0
    outer loop
      vertex 0 210.39999999850988 322.287297308445
      vertex 0 211.29999999701977 320.72900538146496
      vertex 0 201.29999999701977 314.95550268888474
    endloop
  endfacet
  facet normal -1 0 0
    outer loop
      vertex 0 200.39999999850988 316.51379461586475
      vertex 0 210.39999999850988 322.287297308445
      vertex 0 201.29999999701977 314.95550268888474
    endloop
  endfacet
  facet normal -1 0 0
    outer loop
      vertex 0 200.39999999850988 316.51379461586475
      vertex 0 201.29999999701977 314.95550268888474
      vertex 0 199.5 314.95550268888474
    endloop
  endfacet
  facet normal -1 0 0
    outer loop
      vertex 0 190.39999999850988 322.287297308445
      vertex 0 200.39999999850988 316.51379461586475
      vertex 0 199.5 314.95550268888474
    endloop
  endfacet
  facet normal -1 0 0
    outer loop
      vertex 0 190.39999999850988 322.287297308445
      vertex 0 199.5 314.95550268888474
      vertex 0 189.5 320.72900538146496
    endloop
  endfacet
  facet normal -1 0 0
    outer loop
      vertex 0 188.60000000149012 322.287297308445
      vertex 0 190.39999999850988 322.287297308445
      vertex 0 189.5 320.72900538146496
    endloop
  endfacet
  facet normal -1 0 0
    outer loop
      vertex 0 188.60000000149012 322.287297308445
      vertex 0 189.5 320.72900538146496
      vertex 0 179.5 314.95550268888474
    endloop
  endfacet
  facet normal -1 0 0
    outer loop
      vertex 0 178.60000000149012 316.51379461586475
      vertex 0 188.60000000149012 322.287297308445
      vertex 0 179.5 314.95550268888474
    endloop
  endfacet
  facet normal -1 0 0
    outer loop
      vertex 0 178.60000000149012 316.51379461586475
      vertex 0 179.5 314.95550268888474
      vertex 0 177.70000000298023 314.95550268888474
    endloop
  endfacet
  facet normal -1 0 0
    outer loop
      vertex 0 168.60000000149012 322.287297308445
      vertex 0 178.60000000149012 316.51379461586475
      vertex 0 177.70000000298023 314.95550268888474
    endloop
  endfacet
  facet normal -1 0 0
    outer loop
      vertex 0 168.60000000149012 322.287297308445
      vertex 0 177.70000000298023 314.95550268888474
      vertex 0 167.70000000298023 320.72900538146496
    endloop
  endfacet
  facet normal -1 0 0
    outer loop
      vertex 0 166.79999999701977 322.287297308445
      vertex 0 168.60000000149012 322.287297308445
      vertex 0 167.70000000298023 320.72900538146496
    endloop
  endfacet
  facet normal -1 0 0
    outer loop
      vertex 0 166.79999999701977 322.287297308445
      vertex 0 167.70000000298023 320.72900538146496
      vertex 0 157.70000000298023 314.95550268888474
    endloop
  endfacet
  facet normal -1 0 0
    outer loop
      vertex 0 156.79999999701977 316.51379461586475
      vertex 0 166.79999999701977 322.287297308445
      vertex 0 157.70000000298023 314.95550268888474
    endloop
  endfacet
  facet normal -1 0 0
    outer loop
      vertex 0 156.79999999701977 316.51379461586475
      vertex 0 157.70000000298023 314.95550268888474
      vertex 0 155.89999999850988 314.95550268888474
    endloop
  endfacet
  facet normal -1 0 0
    outer loop
      vertex 0 146.79999999701977 322.287297308445
      vertex 0 156.79999999701977 316.51379461586475
      vertex 0 155.89999999850988 314.95550268888474
    endloop
  endfacet
  facet normal -1 0 0
    outer loop
      vertex 0 146.79999999701977 322.287297308445
      vertex 0 155.89999999850988 314.95550268888474
      vertex 0 145.89999999850988 320.72900538146496
    endloop
  endfacet
  facet normal -1 0 0
    outer loop
      vertex 0 145 322.287297308445
      vertex 0 146.79999999701977 322.287297308445
      vertex 0 145.89999999850988 320.72900538146496
    endloop
  endfacet
  facet normal -1 0 0
    outer loop
      vertex 0 145 322.287297308445
      vertex 0 145.89999999850988 320.72900538146496
      vertex 0 135.89999999850988 314.95550268888474
    endloop
  endfacet
  facet normal -1 0 0
    outer loop
      vertex 0 135 316.51379461586475
      vertex 0 145 322.287297308445
      vertex 0 135.89999999850988 314.95550268888474
    endloop
  endfacet
  facet normal -1 0 0
    outer loop
      vertex 0 135 316.51379461586475
      vertex 0 135.89999999850988 314.95550268888474
      vertex 0 134.10000000149012 314.95550268888474
    endloop
  endfacet
  facet normal -1 0 0
    outer loop
      vertex 0 125 322.287297308445
      vertex 0 135 316.51379461586475
      vertex 0 134.10000000149012 314.95550268888474
    endloop
  endfacet
  facet normal -1 0 0
    outer loop
      vertex 0 125 322.287297308445
      vertex 0 134.10000000149012 314.95550268888474
      vertex 0 124.10000000149012 320.72900538146496
    endloop
  endfacet
  facet normal -1 0 0
    outer loop
      vertex 0 123.20000000298023 322.287297308445
      vertex 0 125 322.287297308445
      vertex 0 124.10000000149012 320.72900538146496
    endloop
  endfacet
  facet normal -1 0 0
    outer loop
      vertex 0 123.20000000298023 322.287297308445
      vertex 0 124.10000000149012 320.72900538146496
      vertex 0 114.10000000149012 314.95550268888474
    endloop
  endfacet
  facet normal -1 0 0
    outer loop
      vertex 0 113.20000000298023 316.51379461586475
      vertex 0 123.20000000298023 322.287297308445
      vertex 0 114.10000000149012 314.95550268888474
    endloop
  endfacet
  facet normal -1 0 0
    outer loop
      vertex 0 113.20000000298023 316.51379461586475
      vertex 0 114.10000000149012 314.95550268888474
      vertex 0 112.29999999701977 314.95550268888474
    endloop
  endfacet
  facet normal -1 0 0
    outer loop
      vertex 0 103.20000000298023 322.287297308445
      vertex 0 113.20000000298023 316.51379461586475
      vertex 0 112.29999999701977 314.95550268888474
    endloop
  endfacet
  facet normal -1 0 0
    outer loop
      vertex 0 103.20000000298023 322.287297308445
      vertex 0 112.29999999701977 314.95550268888474
      vertex 0 102.29999999701977 320.72900538146496
    endloop
  endfacet
  facet normal -1 0 0
    outer loop
      vertex 0 101.39999999850988 322.287297308445
      vertex 0 103.20000000298023 322.287297308445
      vertex 0 102.29999999701977 320.72900538146496
    endloop
  endfacet
  facet normal -1 0 0
    outer loop
      vertex 0 101.39999999850988 322.287297308445
      vertex 0 102.29999999701977 320.72900538146496
      vertex 0 92.29999999701977 314.95550268888474
    endloop
  endfacet
  facet normal -1 0 0
    outer loop
      vertex 0 91.39999999850988 316.51379461586475
      vertex 0 101.39999999850988 322.287297308445
      vertex 0 92.29999999701977 314.95550268888474
    endloop
  endfacet
  facet normal -1 0 0
    outer loop
      vertex 0 91.39999999850988 316.51379461586475
      vertex 0 92.29999999701977 314.95550268888474
      vertex 0 90.5 314.95550268888474
    endloop
  endfacet
  facet normal -1 0 0
    outer loop
      vertex 0 81.39999999850988 322.287297308445
      vertex 0 91.39999999850988 316.51379461586475
      vertex 0 90.5 314.95550268888474
    endloop
  endfacet
  facet normal -1 0 0
    outer loop
      vertex 0 81.39999999850988 322.287297308445
      vertex 0 90.5 314.95550268888474
      vertex 0 80.5 320.72900538146496
    endloop
  endfacet
  facet normal -1 0 0
    outer loop
      vertex 0 79.60000000149012 322.287297308445
      vertex 0 81.39999999850988 322.287297308445
      vertex 0 80.5 320.72900538146496
    endloop
  endfacet
  facet normal -1 0 0
    outer loop
      vertex 0 79.60000000149012 322.287297308445
      vertex 0 80.5 320.72900538146496
      vertex 0 70.5 314.95550268888474
    endloop
  endfacet
  facet normal -1 0 0
    outer loop
      vertex 0 69.60000000149012 316.51379461586475
      vertex 0 79.60000000149012 322.287297308445
      vertex 0 70.5 314.95550268888474
    endloop
  endfacet
  facet normal -1 0 0
    outer loop
      vertex 0 69.60000000149012 316.51379461586475
      vertex 0 70.5 314.95550268888474
      vertex 0 68.70000000298023 314.95550268888474
    endloop
  endfacet
  facet normal -1 0 0
    outer loop
      vertex 0 59.600000001490116 322.287297308445
      vertex 0 69.60000000149012 316.51379461586475
      vertex 0 68.70000000298023 314.95550268888474
    endloop
  endfacet
  facet normal -1 0 0
    outer loop
      vertex 0 59.600000001490116 322.287297308445
      vertex 0 68.70000000298023 314.95550268888474
      vertex 0 58.70000000298023 320.72900538146496
    endloop
  endfacet
  facet normal -1 0 0
    outer loop
      vertex 0 57.79999999701977 322.287297308445
      vertex 0 59.600000001490116 322.287297308445
      vertex 0 58.70000000298023 320.72900538146496
    endloop
  endfacet
  facet normal -1 0 0
    outer loop
      vertex 0 57.79999999701977 322.287297308445
      vertex 0 58.70000000298023 320.72900538146496
      vertex 0 48.70000000298023 314.95550268888474
    endloop
  endfacet
  facet normal -1 0 0
    outer loop
      vertex 0 47.79999999701977 316.51379461586475
      vertex 0 57.79999999701977 322.287297308445
      vertex 0 48.70000000298023 314.95550268888474
    endloop
  endfacet
  facet normal -1 0 0
    outer loop
      vertex 0 47.79999999701977 316.51379461586475
      vertex 0 48.70000000298023 314.95550268888474
      vertex 0 46.899999998509884 314.95550268888474
    endloop
  endfacet
  facet normal -1 0 0
    outer loop
      vertex 0 37.79999999701977 322.287297308445
      vertex 0 47.79999999701977 316.51379461586475
      vertex 0 46.899999998509884 314.95550268888474
    endloop
  endfacet
  facet normal -1 0 0
    outer loop
      vertex 0 37.79999999701977 322.287297308445
      vertex 0 46.899999998509884 314.95550268888474
      vertex 0 36.899999998509884 320.72900538146496
    endloop
  endfacet
  facet normal -1 0 0
    outer loop
      vertex 0 36 322.287297308445
      vertex 0 37.79999999701977 322.287297308445
      vertex 0 36.899999998509884 320.72900538146496
    endloop
  endfacet
  facet normal -1 0 0
    outer loop
      vertex 0 36 322.287297308445
      vertex 0 36.899999998509884 320.72900538146496
      vertex 0 26.899999998509884 314.95550268888474
    endloop
  endfacet
  facet normal -1 0 0
    outer loop
      vertex 0 26 316.51379461586475
      vertex 0 36 322.287297308445
      vertex 0 26.899999998509884 314.95550268888474
    endloop
  endfacet
  facet normal -1 0 0
    outer loop
      vertex 0 221.29999999701977 39.105297304689884
      vertex 0 221.29999999701977 50.65230268985033
      vertex 0 232.20000000298023 57.98409730941057
    endloop
  endfacet
  facet normal -1 0 0
    outer loop
      vertex 0 221.29999999701977 76.86289730668068
      vertex 0 221.29999999701977 88.40990269184113
      vertex 0 232.20000000298023 95.74169731140137
    endloop
  endfacet
  facet normal -1 0 0
    outer loop
      vertex 0 26 127.72579461336136
      vertex 0 26.899999998509884 126.16750269383192
      vertex 0 26.899999998509884 114.62049730867147
    endloop
  endfacet
  facet normal -1 0 0
    outer loop
      vertex 0 16 133.49929730594158
      vertex 0 26 127.72579461336136
      vertex 0 26.899999998509884 114.62049730867147
    endloop
  endfacet
  facet normal -1 0 0
    outer loop
      vertex 0 16 133.49929730594158
      vertex 0 26.899999998509884 114.62049730867147
      vertex 0 26 113.06220538169146
    endloop
  endfacet
  facet normal -1 0 0
    outer loop
      vertex 0 16 133.49929730594158
      vertex 0 26 113.06220538169146
      vertex 0 16 107.28870268911123
    endloop
  endfacet
  facet normal -1 0 0
    outer loop
      vertex 0 26.899999998509884 201.68270269036293
      vertex 0 26.899999998509884 190.13569730520248
      vertex 0 26 188.57740538567305
    endloop
  endfacet
  facet normal -1 0 0
    outer loop
      vertex 0 26.899999998509884 201.68270269036293
      vertex 0 26 188.57740538567305
      vertex 0 16 182.80390269309282
    endloop
  endfacet
  facet normal -1 0 0
    outer loop
      vertex 0 26 52.21059461683035
      vertex 0 26.899999998509884 50.65230268985033
      vertex 0 26.899999998509884 39.105297304689884
    endloop
  endfacet
  facet normal -1 0 0
    outer loop
      vertex 0 16 57.98409730941057
      vertex 0 26 52.21059461683035
      vertex 0 26.899999998509884 39.105297304689884
    endloop
  endfacet
  facet normal -1 0 0
    outer loop
      vertex 0 26 89.96819461882114
      vertex 0 26.899999998509884 88.40990269184113
      vertex 0 26.899999998509884 76.86289730668068
    endloop
  endfacet
  facet normal -1 0 0
    outer loop
      vertex 0 16 95.74169731140137
      vertex 0 26 89.96819461882114
      vertex 0 26.899999998509884 76.86289730668068
    endloop
  endfacet
  facet normal -1 0 0
    outer loop
      vertex 0 26.899999998509884 239.44030269235373
      vertex 0 26.899999998509884 227.89329730719328
      vertex 0 26 226.33500538021326
    endloop
  endfacet
  facet normal -1 0 0
    outer loop
      vertex 0 26.899999998509884 239.44030269235373
      vertex 0 26 226.33500538021326
      vertex 0 16 220.56150269508362
    endloop
  endfacet
  facet normal -1 0 0
    outer loop
      vertex 0 26.899999998509884 277.1979026943445
      vertex 0 26.899999998509884 265.6508973091841
      vertex 0 26 264.09260538220406
    endloop
  endfacet
  facet normal -1 0 0
    outer loop
      vertex 0 26.899999998509884 277.1979026943445
      vertex 0 26 264.09260538220406
      vertex 0 16 258.31910268962383
    endloop
  endfacet
  facet normal -1 0 0
    outer loop
      vertex 0 26.899999998509884 163.92510268837214
      vertex 0 26.899999998509884 152.37809731066227
      vertex 0 26 150.81980538368225
    endloop
  endfacet
  facet normal -1 0 0
    outer loop
      vertex 0 26.899999998509884 163.92510268837214
      vertex 0 26 150.81980538368225
      vertex 0 16 145.04630269110203
    endloop
  endfacet
  facet normal -1 0 0
    outer loop
      vertex 0 26.899999998509884 314.95550268888474
      vertex 0 26.899999998509884 303.40849731117487
      vertex 0 26 301.85020538419485
    endloop
  endfacet
  facet normal -1 0 0
    outer loop
      vertex 0 26.899999998509884 314.95550268888474
      vertex 0 26 301.85020538419485
      vertex 0 16 296.0767026916146
    endloop
  endfacet
  facet normal -1 0 0
    outer loop
      vertex 0 26 316.51379461586475
      vertex 0 26.899999998509884 314.95550268888474
      vertex 0 16 296.0767026916146
    endloop
  endfacet
  facet normal -1 0 0
    outer loop
      vertex 0 16 322.287297308445
      vertex 0 26 316.51379461586475
      vertex 0 16 296.0767026916146
    endloop
  endfacet
  facet normal -1 0 0
    outer loop
      vertex 0 37.79999999701977 31.773502692580223
      vertex 0 36 31.773502692580223
      vertex 0 26 37.547005385160446
    endloop
  endfacet
  facet normal -1 0 0
    outer loop
      vertex 0 59.600000001490116 31.773502692580223
      vertex 0 57.79999999701977 31.773502692580223
      vertex 0 47.79999999701977 37.547005385160446
    endloop
  endfacet
  facet normal -1 0 0
    outer loop
      vertex 0 81.39999999850988 31.773502692580223
      vertex 0 79.60000000149012 31.773502692580223
      vertex 0 69.60000000149012 37.547005385160446
    endloop
  endfacet
  facet normal -1 0 0
    outer loop
      vertex 0 103.20000000298023 31.773502692580223
      vertex 0 101.39999999850988 31.773502692580223
      vertex 0 91.39999999850988 37.547005385160446
    endloop
  endfacet
  facet normal -1 0 0
    outer loop
      vertex 0 125 31.773502692580223
      vertex 0 123.20000000298023 31.773502692580223
      vertex 0 113.20000000298023 37.547005385160446
    endloop
  endfacet
  facet normal -1 0 0
    outer loop
      vertex 0 146.79999999701977 31.773502692580223
      vertex 0 145 31.773502692580223
      vertex 0 135 37.547005385160446
    endloop
  endfacet
  facet normal -1 0 0
    outer loop
      vertex 0 168.60000000149012 31.773502692580223
      vertex 0 166.79999999701977 31.773502692580223
      vertex 0 156.79999999701977 37.547005385160446
    endloop
  endfacet
  facet normal -1 0 0
    outer loop
      vertex 0 190.39999999850988 31.773502692580223
      vertex 0 188.60000000149012 31.773502692580223
      vertex 0 178.60000000149012 37.547005385160446
    endloop
  endfacet
  facet normal -1 0 0
    outer loop
      vertex 0 212.20000000298023 31.773502692580223
      vertex 0 210.39999999850988 31.773502692580223
      vertex 0 200.39999999850988 37.547005385160446
    endloop
  endfacet
  facet normal -1 0 0
    outer loop
      vertex 0 37.79999999701977 69.53110269457102
      vertex 0 36 69.53110269457102
      vertex 0 26 75.30460538715124
    endloop
  endfacet
  facet normal -1 0 0
    outer loop
      vertex 0 59.600000001490116 69.53110269457102
      vertex 0 57.79999999701977 69.53110269457102
      vertex 0 47.79999999701977 75.30460538715124
    endloop
  endfacet
  facet normal -1 0 0
    outer loop
      vertex 0 81.39999999850988 69.53110269457102
      vertex 0 79.60000000149012 69.53110269457102
      vertex 0 69.60000000149012 75.30460538715124
    endloop
  endfacet
  facet normal -1 0 0
    outer loop
      vertex 0 103.20000000298023 69.53110269457102
      vertex 0 101.39999999850988 69.53110269457102
      vertex 0 91.39999999850988 75.30460538715124
    endloop
  endfacet
  facet normal -1 0 0
    outer loop
      vertex 0 125 69.53110269457102
      vertex 0 123.20000000298023 69.53110269457102
      vertex 0 113.20000000298023 75.30460538715124
    endloop
  endfacet
  facet normal -1 0 0
    outer loop
      vertex 0 146.79999999701977 69.53110269457102
      vertex 0 145 69.53110269457102
      vertex 0 135 75.30460538715124
    endloop
  endfacet
  facet normal -1 0 0
    outer loop
      vertex 0 168.60000000149012 69.53110269457102
      vertex 0 166.79999999701977 69.53110269457102
      vertex 0 156.79999999701977 75.30460538715124
    endloop
  endfacet
  facet normal -1 0 0
    outer loop
      vertex 0 190.39999999850988 69.53110269457102
      vertex 0 188.60000000149012 69.53110269457102
      vertex 0 178.60000000149012 75.30460538715124
    endloop
  endfacet
  facet normal -1 0 0
    outer loop
      vertex 0 212.20000000298023 69.53110269457102
      vertex 0 210.39999999850988 69.53110269457102
      vertex 0 200.39999999850988 75.30460538715124
    endloop
  endfacet
  facet normal -1 0 0
    outer loop
      vertex 0 48.70000000298023 163.92510268837214
      vertex 0 46.899999998509884 163.92510268837214
      vertex 0 36.899999998509884 169.69860538095236
    endloop
  endfacet
  facet normal -1 0 0
    outer loop
      vertex 0 70.5 163.92510268837214
      vertex 0 68.70000000298023 163.92510268837214
      vertex 0 58.70000000298023 169.69860538095236
    endloop
  endfacet
  facet normal -1 0 0
    outer loop
      vertex 0 92.29999999701977 163.92510268837214
      vertex 0 90.5 163.92510268837214
      vertex 0 80.5 169.69860538095236
    endloop
  endfacet
  facet normal -1 0 0
    outer loop
      vertex 0 114.10000000149012 163.92510268837214
      vertex 0 112.29999999701977 163.92510268837214
      vertex 0 102.29999999701977 169.69860538095236
    endloop
  endfacet
  facet normal -1 0 0
    outer loop
      vertex 0 135.89999999850988 163.92510268837214
      vertex 0 134.10000000149012 163.92510268837214
      vertex 0 124.10000000149012 169.69860538095236
    endloop
  endfacet
  facet normal -1 0 0
    outer loop
      vertex 0 157.70000000298023 163.92510268837214
      vertex 0 155.89999999850988 163.92510268837214
      vertex 0 145.89999999850988 169.69860538095236
    endloop
  endfacet
  facet normal -1 0 0
    outer loop
      vertex 0 179.5 163.92510268837214
      vertex 0 177.70000000298023 163.92510268837214
      vertex 0 167.70000000298023 169.69860538095236
    endloop
  endfacet
  facet normal -1 0 0
    outer loop
      vertex 0 201.29999999701977 163.92510268837214
      vertex 0 199.5 163.92510268837214
      vertex 0 189.5 169.69860538095236
    endloop
  endfacet
  facet normal -1 0 0
    outer loop
      vertex 0 48.70000000298023 201.68270269036293
      vertex 0 46.899999998509884 201.68270269036293
      vertex 0 36.899999998509884 207.45620538294315
    endloop
  endfacet
  facet normal -1 0 0
    outer loop
      vertex 0 70.5 201.68270269036293
      vertex 0 68.70000000298023 201.68270269036293
      vertex 0 58.70000000298023 207.45620538294315
    endloop
  endfacet
  facet normal -1 0 0
    outer loop
      vertex 0 92.29999999701977 201.68270269036293
      vertex 0 90.5 201.68270269036293
      vertex 0 80.5 207.45620538294315
    endloop
  endfacet
  facet normal -1 0 0
    outer loop
      vertex 0 114.10000000149012 201.68270269036293
      vertex 0 112.29999999701977 201.68270269036293
      vertex 0 102.29999999701977 207.45620538294315
    endloop
  endfacet
  facet normal -1 0 0
    outer loop
      vertex 0 135.89999999850988 201.68270269036293
      vertex 0 134.10000000149012 201.68270269036293
      vertex 0 124.10000000149012 207.45620538294315
    endloop
  endfacet
  facet normal -1 0 0
    outer loop
      vertex 0 157.70000000298023 201.68270269036293
      vertex 0 155.89999999850988 201.68270269036293
      vertex 0 145.89999999850988 207.45620538294315
    endloop
  endfacet
  facet normal -1 0 0
    outer loop
      vertex 0 179.5 201.68270269036293
      vertex 0 177.70000000298023 201.68270269036293
      vertex 0 167.70000000298023 207.45620538294315
    endloop
  endfacet
  facet normal -1 0 0
    outer loop
      vertex 0 201.29999999701977 201.68270269036293
      vertex 0 199.5 201.68270269036293
      vertex 0 189.5 207.45620538294315
    endloop
  endfacet
  facet normal -1 0 0
    outer loop
      vertex 0 48.70000000298023 239.44030269235373
      vertex 0 46.899999998509884 239.44030269235373
      vertex 0 36.899999998509884 245.21380538493395
    endloop
  endfacet
  facet normal -1 0 0
    outer loop
      vertex 0 70.5 239.44030269235373
      vertex 0 68.70000000298023 239.44030269235373
      vertex 0 58.70000000298023 245.21380538493395
    endloop
  endfacet
  facet normal -1 0 0
    outer loop
      vertex 0 92.29999999701977 239.44030269235373
      vertex 0 90.5 239.44030269235373
      vertex 0 80.5 245.21380538493395
    endloop
  endfacet
  facet normal -1 0 0
    outer loop
      vertex 0 114.10000000149012 239.44030269235373
      vertex 0 112.29999999701977 239.44030269235373
      vertex 0 102.29999999701977 245.21380538493395
    endloop
  endfacet
  facet normal -1 0 0
    outer loop
      vertex 0 135.89999999850988 239.44030269235373
      vertex 0 134.10000000149012 239.44030269235373
      vertex 0 124.10000000149012 245.21380538493395
    endloop
  endfacet
  facet normal -1 0 0
    outer loop
      vertex 0 157.70000000298023 239.44030269235373
      vertex 0 155.89999999850988 239.44030269235373
      vertex 0 145.89999999850988 245.21380538493395
    endloop
  endfacet
  facet normal -1 0 0
    outer loop
      vertex 0 179.5 239.44030269235373
      vertex 0 177.70000000298023 239.44030269235373
      vertex 0 167.70000000298023 245.21380538493395
    endloop
  endfacet
  facet normal -1 0 0
    outer loop
      vertex 0 201.29999999701977 239.44030269235373
      vertex 0 199.5 239.44030269235373
      vertex 0 189.5 245.21380538493395
    endloop
  endfacet
  facet normal -1 0 0
    outer loop
      vertex 0 48.70000000298023 277.1979026943445
      vertex 0 46.899999998509884 277.1979026943445
      vertex 0 36.899999998509884 282.97140538692474
    endloop
  endfacet
  facet normal -1 0 0
    outer loop
      vertex 0 70.5 277.1979026943445
      vertex 0 68.70000000298023 277.1979026943445
      vertex 0 58.70000000298023 282.97140538692474
    endloop
  endfacet
  facet normal -1 0 0
    outer loop
      vertex 0 92.29999999701977 277.1979026943445
      vertex 0 90.5 277.1979026943445
      vertex 0 80.5 282.97140538692474
    endloop
  endfacet
  facet normal -1 0 0
    outer loop
      vertex 0 114.10000000149012 277.1979026943445
      vertex 0 112.29999999701977 277.1979026943445
      vertex 0 102.29999999701977 282.97140538692474
    endloop
  endfacet
  facet normal -1 0 0
    outer loop
      vertex 0 135.89999999850988 277.1979026943445
      vertex 0 134.10000000149012 277.1979026943445
      vertex 0 124.10000000149012 282.97140538692474
    endloop
  endfacet
  facet normal -1 0 0
    outer loop
      vertex 0 157.70000000298023 277.1979026943445
      vertex 0 155.89999999850988 277.1979026943445
      vertex 0 145.89999999850988 282.97140538692474
    endloop
  endfacet
  facet normal -1 0 0
    outer loop
      vertex 0 179.5 277.1979026943445
      vertex 0 177.70000000298023 277.1979026943445
      vertex 0 167.70000000298023 282.97140538692474
    endloop
  endfacet
  facet normal -1 0 0
    outer loop
      vertex 0 201.29999999701977 277.1979026943445
      vertex 0 199.5 277.1979026943445
      vertex 0 189.5 282.97140538692474
    endloop
  endfacet
  facet normal -1 0 0
    outer loop
      vertex 0 37.79999999701977 333.8343026936054
      vertex 0 36 333.8343026936054
      vertex 0 26 339.60780538618565
    endloop
  endfacet
  facet normal -1 0 0
    outer loop
      vertex 0 47.79999999701977 339.60780538618565
      vertex 0 37.79999999701977 333.8343026936054
      vertex 0 26 339.60780538618565
    endloop
  endfacet
  facet normal -1 0 0
    outer loop
      vertex 0 59.600000001490116 333.8343026936054
      vertex 0 57.79999999701977 333.8343026936054
      vertex 0 47.79999999701977 339.60780538618565
    endloop
  endfacet
  facet normal -1 0 0
    outer loop
      vertex 0 69.60000000149012 339.60780538618565
      vertex 0 59.600000001490116 333.8343026936054
      vertex 0 47.79999999701977 339.60780538618565
    endloop
  endfacet
  facet normal -1 0 0
    outer loop
      vertex 0 81.39999999850988 333.8343026936054
      vertex 0 79.60000000149012 333.8343026936054
      vertex 0 69.60000000149012 339.60780538618565
    endloop
  endfacet
  facet normal -1 0 0
    outer loop
      vertex 0 91.39999999850988 339.60780538618565
      vertex 0 81.39999999850988 333.8343026936054
      vertex 0 69.60000000149012 339.60780538618565
    endloop
  endfacet
  facet normal -1 0 0
    outer loop
      vertex 0 103.20000000298023 333.8343026936054
      vertex 0 101.39999999850988 333.8343026936054
      vertex 0 91.39999999850988 339.60780538618565
    endloop
  endfacet
  facet normal -1 0 0
    outer loop
      vertex 0 113.20000000298023 339.60780538618565
      vertex 0 103.20000000298023 333.8343026936054
      vertex 0 91.39999999850988 339.60780538618565
    endloop
  endfacet
  facet normal -1 0 0
    outer loop
      vertex 0 125 333.8343026936054
      vertex 0 123.20000000298023 333.8343026936054
      vertex 0 113.20000000298023 339.60780538618565
    endloop
  endfacet
  facet normal -1 0 0
    outer loop
      vertex 0 135 339.60780538618565
      vertex 0 125 333.8343026936054
      vertex 0 113.20000000298023 339.60780538618565
    endloop
  endfacet
  facet normal -1 0 0
    outer loop
      vertex 0 146.79999999701977 333.8343026936054
      vertex 0 145 333.8343026936054
      vertex 0 135 339.60780538618565
    endloop
  endfacet
  facet normal -1 0 0
    outer loop
      vertex 0 156.79999999701977 339.60780538618565
      vertex 0 146.79999999701977 333.8343026936054
      vertex 0 135 339.60780538618565
    endloop
  endfacet
  facet normal -1 0 0
    outer loop
      vertex 0 168.60000000149012 333.8343026936054
      vertex 0 166.79999999701977 333.8343026936054
      vertex 0 156.79999999701977 339.60780538618565
    endloop
  endfacet
  facet normal -1 0 0
    outer loop
      vertex 0 178.60000000149012 339.60780538618565
      vertex 0 168.60000000149012 333.8343026936054
      vertex 0 156.79999999701977 339.60780538618565
    endloop
  endfacet
  facet normal -1 0 0
    outer loop
      vertex 0 190.39999999850988 333.8343026936054
      vertex 0 188.60000000149012 333.8343026936054
      vertex 0 178.60000000149012 339.60780538618565
    endloop
  endfacet
  facet normal -1 0 0
    outer loop
      vertex 0 200.39999999850988 339.60780538618565
      vertex 0 190.39999999850988 333.8343026936054
      vertex 0 178.60000000149012 339.60780538618565
    endloop
  endfacet
  facet normal -1 0 0
    outer loop
      vertex 0 212.20000000298023 333.8343026936054
      vertex 0 210.39999999850988 333.8343026936054
      vertex 0 200.39999999850988 339.60780538618565
    endloop
  endfacet
  facet normal -1 0 0
    outer loop
      vertex 0 222.20000000298023 339.60780538618565
      vertex 0 212.20000000298023 333.8343026936054
      vertex 0 200.39999999850988 339.60780538618565
    endloop
  endfacet
  facet normal -1 0 0
    outer loop
      vertex 0 210.39999999850988 20.226497307419777
      vertex 0 212.20000000298023 20.226497307419777
      vertex 0 222.20000000298023 14.452994614839554
    endloop
  endfacet
  facet normal -1 0 0
    outer loop
      vertex 0 200.39999999850988 14.452994614839554
      vertex 0 210.39999999850988 20.226497307419777
      vertex 0 222.20000000298023 14.452994614839554
    endloop
  endfacet
  facet normal -1 0 0
    outer loop
      vertex 0 188.60000000149012 20.226497307419777
      vertex 0 190.39999999850988 20.226497307419777
      vertex 0 200.39999999850988 14.452994614839554
    endloop
  endfacet
  facet normal -1 0 0
    outer loop
      vertex 0 178.60000000149012 14.452994614839554
      vertex 0 188.60000000149012 20.226497307419777
      vertex 0 200.39999999850988 14.452994614839554
    endloop
  endfacet
  facet normal -1 0 0
    outer loop
      vertex 0 166.79999999701977 20.226497307419777
      vertex 0 168.60000000149012 20.226497307419777
      vertex 0 178.60000000149012 14.452994614839554
    endloop
  endfacet
  facet normal -1 0 0
    outer loop
      vertex 0 156.79999999701977 14.452994614839554
      vertex 0 166.79999999701977 20.226497307419777
      vertex 0 178.60000000149012 14.452994614839554
    endloop
  endfacet
  facet normal -1 0 0
    outer loop
      vertex 0 145 20.226497307419777
      vertex 0 146.79999999701977 20.226497307419777
      vertex 0 156.79999999701977 14.452994614839554
    endloop
  endfacet
  facet normal -1 0 0
    outer loop
      vertex 0 135 14.452994614839554
      vertex 0 145 20.226497307419777
      vertex 0 156.79999999701977 14.452994614839554
    endloop
  endfacet
  facet normal -1 0 0
    outer loop
      vertex 0 123.20000000298023 20.226497307419777
      vertex 0 125 20.226497307419777
      vertex 0 135 14.452994614839554
    endloop
  endfacet
  facet normal -1 0 0
    outer loop
      vertex 0 113.20000000298023 14.452994614839554
      vertex 0 123.20000000298023 20.226497307419777
      vertex 0 135 14.452994614839554
    endloop
  endfacet
  facet normal -1 0 0
    outer loop
      vertex 0 101.39999999850988 20.226497307419777
      vertex 0 103.20000000298023 20.226497307419777
      vertex 0 113.20000000298023 14.452994614839554
    endloop
  endfacet
  facet normal -1 0 0
    outer loop
      vertex 0 91.39999999850988 14.452994614839554
      vertex 0 101.39999999850988 20.226497307419777
      vertex 0 113.20000000298023 14.452994614839554
    endloop
  endfacet
  facet normal -1 0 0
    outer loop
      vertex 0 79.60000000149012 20.226497307419777
      vertex 0 81.39999999850988 20.226497307419777
      vertex 0 91.39999999850988 14.452994614839554
    endloop
  endfacet
  facet normal -1 0 0
    outer loop
      vertex 0 69.60000000149012 14.452994614839554
      vertex 0 79.60000000149012 20.226497307419777
      vertex 0 91.39999999850988 14.452994614839554
    endloop
  endfacet
  facet normal -1 0 0
    outer loop
      vertex 0 57.79999999701977 20.226497307419777
      vertex 0 59.600000001490116 20.226497307419777
      vertex 0 69.60000000149012 14.452994614839554
    endloop
  endfacet
  facet normal -1 0 0
    outer loop
      vertex 0 47.79999999701977 14.452994614839554
      vertex 0 57.79999999701977 20.226497307419777
      vertex 0 69.60000000149012 14.452994614839554
    endloop
  endfacet
  facet normal -1 0 0
    outer loop
      vertex 0 36 20.226497307419777
      vertex 0 37.79999999701977 20.226497307419777
      vertex 0 47.79999999701977 14.452994614839554
    endloop
  endfacet
  facet normal -1 0 0
    outer loop
      vertex 0 26 14.452994614839554
      vertex 0 36 20.226497307419777
      vertex 0 47.79999999701977 14.452994614839554
    endloop
  endfacet
  facet normal -1 0 0
    outer loop
      vertex 0 199.5 76.86289730668068
      vertex 0 201.29999999701977 76.86289730668068
      vertex 0 211.29999999701977 71.08939461410046
    endloop
  endfacet
  facet normal -1 0 0
    outer loop
      vertex 0 177.70000000298023 76.86289730668068
      vertex 0 179.5 76.86289730668068
      vertex 0 189.5 71.08939461410046
    endloop
  endfacet
  facet normal -1 0 0
    outer loop
      vertex 0 155.89999999850988 76.86289730668068
      vertex 0 157.70000000298023 76.86289730668068
      vertex 0 167.70000000298023 71.08939461410046
    endloop
  endfacet
  facet normal -1 0 0
    outer loop
      vertex 0 134.10000000149012 76.86289730668068
      vertex 0 135.89999999850988 76.86289730668068
      vertex 0 145.89999999850988 71.08939461410046
    endloop
  endfacet
  facet normal -1 0 0
    outer loop
      vertex 0 112.29999999701977 76.86289730668068
      vertex 0 114.10000000149012 76.86289730668068
      vertex 0 124.10000000149012 71.08939461410046
    endloop
  endfacet
  facet normal -1 0 0
    outer loop
      vertex 0 90.5 76.86289730668068
      vertex 0 92.29999999701977 76.86289730668068
      vertex 0 102.29999999701977 71.08939461410046
    endloop
  endfacet
  facet normal -1 0 0
    outer loop
      vertex 0 68.70000000298023 76.86289730668068
      vertex 0 70.5 76.86289730668068
      vertex 0 80.5 71.08939461410046
    endloop
  endfacet
  facet normal -1 0 0
    outer loop
      vertex 0 46.899999998509884 76.86289730668068
      vertex 0 48.70000000298023 76.86289730668068
      vertex 0 58.70000000298023 71.08939461410046
    endloop
  endfacet
  facet normal -1 0 0
    outer loop
      vertex 0 210.39999999850988 171.25689730793238
      vertex 0 212.20000000298023 171.25689730793238
      vertex 0 222.20000000298023 165.48339461535215
    endloop
  endfacet
  facet normal -1 0 0
    outer loop
      vertex 0 188.60000000149012 171.25689730793238
      vertex 0 190.39999999850988 171.25689730793238
      vertex 0 200.39999999850988 165.48339461535215
    endloop
  endfacet
  facet normal -1 0 0
    outer loop
      vertex 0 166.79999999701977 171.25689730793238
      vertex 0 168.60000000149012 171.25689730793238
      vertex 0 178.60000000149012 165.48339461535215
    endloop
  endfacet
  facet normal -1 0 0
    outer loop
      vertex 0 145 171.25689730793238
      vertex 0 146.79999999701977 171.25689730793238
      vertex 0 156.79999999701977 165.48339461535215
    endloop
  endfacet
  facet normal -1 0 0
    outer loop
      vertex 0 123.20000000298023 171.25689730793238
      vertex 0 125 171.25689730793238
      vertex 0 135 165.48339461535215
    endloop
  endfacet
  facet normal -1 0 0
    outer loop
      vertex 0 101.39999999850988 171.25689730793238
      vertex 0 103.20000000298023 171.25689730793238
      vertex 0 113.20000000298023 165.48339461535215
    endloop
  endfacet
  facet normal -1 0 0
    outer loop
      vertex 0 79.60000000149012 171.25689730793238
      vertex 0 81.39999999850988 171.25689730793238
      vertex 0 91.39999999850988 165.48339461535215
    endloop
  endfacet
  facet normal -1 0 0
    outer loop
      vertex 0 57.79999999701977 171.25689730793238
      vertex 0 59.600000001490116 171.25689730793238
      vertex 0 69.60000000149012 165.48339461535215
    endloop
  endfacet
  facet normal -1 0 0
    outer loop
      vertex 0 36 171.25689730793238
      vertex 0 37.79999999701977 171.25689730793238
      vertex 0 47.79999999701977 165.48339461535215
    endloop
  endfacet
  facet normal -1 0 0
    outer loop
      vertex 0 210.39999999850988 209.01449730992317
      vertex 0 212.20000000298023 209.01449730992317
      vertex 0 222.20000000298023 203.24099461734295
    endloop
  endfacet
  facet normal -1 0 0
    outer loop
      vertex 0 188.60000000149012 209.01449730992317
      vertex 0 190.39999999850988 209.01449730992317
      vertex 0 200.39999999850988 203.24099461734295
    endloop
  endfacet
  facet normal -1 0 0
    outer loop
      vertex 0 166.79999999701977 209.01449730992317
      vertex 0 168.60000000149012 209.01449730992317
      vertex 0 178.60000000149012 203.24099461734295
    endloop
  endfacet
  facet normal -1 0 0
    outer loop
      vertex 0 145 209.01449730992317
      vertex 0 146.79999999701977 209.01449730992317
      vertex 0 156.79999999701977 203.24099461734295
    endloop
  endfacet
  facet normal -1 0 0
    outer loop
      vertex 0 123.20000000298023 209.01449730992317
      vertex 0 125 209.01449730992317
      vertex 0 135 203.24099461734295
    endloop
  endfacet
  facet normal -1 0 0
    outer loop
      vertex 0 101.39999999850988 209.01449730992317
      vertex 0 103.20000000298023 209.01449730992317
      vertex 0 113.20000000298023 203.24099461734295
    endloop
  endfacet
  facet normal -1 0 0
    outer loop
      vertex 0 79.60000000149012 209.01449730992317
      vertex 0 81.39999999850988 209.01449730992317
      vertex 0 91.39999999850988 203.24099461734295
    endloop
  endfacet
  facet normal -1 0 0
    outer loop
      vertex 0 57.79999999701977 209.01449730992317
      vertex 0 59.600000001490116 209.01449730992317
      vertex 0 69.60000000149012 203.24099461734295
    endloop
  endfacet
  facet normal -1 0 0
    outer loop
      vertex 0 36 209.01449730992317
      vertex 0 37.79999999701977 209.01449730992317
      vertex 0 47.79999999701977 203.24099461734295
    endloop
  endfacet
  facet normal -1 0 0
    outer loop
      vertex 0 210.39999999850988 284.5296973064542
      vertex 0 212.20000000298023 284.5296973064542
      vertex 0 222.20000000298023 278.75619461387396
    endloop
  endfacet
  facet normal -1 0 0
    outer loop
      vertex 0 188.60000000149012 284.5296973064542
      vertex 0 190.39999999850988 284.5296973064542
      vertex 0 200.39999999850988 278.75619461387396
    endloop
  endfacet
  facet normal -1 0 0
    outer loop
      vertex 0 166.79999999701977 284.5296973064542
      vertex 0 168.60000000149012 284.5296973064542
      vertex 0 178.60000000149012 278.75619461387396
    endloop
  endfacet
  facet normal -1 0 0
    outer loop
      vertex 0 145 284.5296973064542
      vertex 0 146.79999999701977 284.5296973064542
      vertex 0 156.79999999701977 278.75619461387396
    endloop
  endfacet
  facet normal -1 0 0
    outer loop
      vertex 0 123.20000000298023 284.5296973064542
      vertex 0 125 284.5296973064542
      vertex 0 135 278.75619461387396
    endloop
  endfacet
  facet normal -1 0 0
    outer loop
      vertex 0 101.39999999850988 284.5296973064542
      vertex 0 103.20000000298023 284.5296973064542
      vertex 0 113.20000000298023 278.75619461387396
    endloop
  endfacet
  facet normal -1 0 0
    outer loop
      vertex 0 79.60000000149012 284.5296973064542
      vertex 0 81.39999999850988 284.5296973064542
      vertex 0 91.39999999850988 278.75619461387396
    endloop
  endfacet
  facet normal -1 0 0
    outer loop
      vertex 0 57.79999999701977 284.5296973064542
      vertex 0 59.600000001490116 284.5296973064542
      vertex 0 69.60000000149012 278.75619461387396
    endloop
  endfacet
  facet normal -1 0 0
    outer loop
      vertex 0 36 284.5296973064542
      vertex 0 37.79999999701977 284.5296973064542
      vertex 0 47.79999999701977 278.75619461387396
    endloop
  endfacet
  facet normal -1 0 0
    outer loop
      vertex 0 199.5 39.105297304689884
      vertex 0 201.29999999701977 39.105297304689884
      vertex 0 211.29999999701977 33.33179461956024
    endloop
  endfacet
  facet normal -1 0 0
    outer loop
      vertex 0 177.70000000298023 39.105297304689884
      vertex 0 179.5 39.105297304689884
      vertex 0 189.5 33.33179461956024
    endloop
  endfacet
  facet normal -1 0 0
    outer loop
      vertex 0 155.89999999850988 39.105297304689884
      vertex 0 157.70000000298023 39.105297304689884
      vertex 0 167.70000000298023 33.33179461956024
    endloop
  endfacet
  facet normal -1 0 0
    outer loop
      vertex 0 134.10000000149012 39.105297304689884
      vertex 0 135.89999999850988 39.105297304689884
      vertex 0 145.89999999850988 33.33179461956024
    endloop
  endfacet
  facet normal -1 0 0
    outer loop
      vertex 0 112.29999999701977 39.105297304689884
      vertex 0 114.10000000149012 39.105297304689884
      vertex 0 124.10000000149012 33.33179461956024
    endloop
  endfacet
  facet normal -1 0 0
    outer loop
      vertex 0 90.5 39.105297304689884
      vertex 0 92.29999999701977 39.105297304689884
      vertex 0 102.29999999701977 33.33179461956024
    endloop
  endfacet
  facet normal -1 0 0
    outer loop
      vertex 0 68.70000000298023 39.105297304689884
      vertex 0 70.5 39.105297304689884
      vertex 0 80.5 33.33179461956024
    endloop
  endfacet
  facet normal -1 0 0
    outer loop
      vertex 0 46.899999998509884 39.105297304689884
      vertex 0 48.70000000298023 39.105297304689884
      vertex 0 58.70000000298023 33.33179461956024
    endloop
  endfacet
  facet normal -1 0 0
    outer loop
      vertex 0 210.39999999850988 246.7720973044634
      vertex 0 212.20000000298023 246.7720973044634
      vertex 0 222.20000000298023 240.99859461933374
    endloop
  endfacet
  facet normal -1 0 0
    outer loop
      vertex 0 188.60000000149012 246.7720973044634
      vertex 0 190.39999999850988 246.7720973044634
      vertex 0 200.39999999850988 240.99859461933374
    endloop
  endfacet
  facet normal -1 0 0
    outer loop
      vertex 0 166.79999999701977 246.7720973044634
      vertex 0 168.60000000149012 246.7720973044634
      vertex 0 178.60000000149012 240.99859461933374
    endloop
  endfacet
  facet normal -1 0 0
    outer loop
      vertex 0 145 246.7720973044634
      vertex 0 146.79999999701977 246.7720973044634
      vertex 0 156.79999999701977 240.99859461933374
    endloop
  endfacet
  facet normal -1 0 0
    outer loop
      vertex 0 123.20000000298023 246.7720973044634
      vertex 0 125 246.7720973044634
      vertex 0 135 240.99859461933374
    endloop
  endfacet
  facet normal -1 0 0
    outer loop
      vertex 0 101.39999999850988 246.7720973044634
      vertex 0 103.20000000298023 246.7720973044634
      vertex 0 113.20000000298023 240.99859461933374
    endloop
  endfacet
  facet normal -1 0 0
    outer loop
      vertex 0 79.60000000149012 246.7720973044634
      vertex 0 81.39999999850988 246.7720973044634
      vertex 0 91.39999999850988 240.99859461933374
    endloop
  endfacet
  facet normal -1 0 0
    outer loop
      vertex 0 57.79999999701977 246.7720973044634
      vertex 0 59.600000001490116 246.7720973044634
      vertex 0 69.60000000149012 240.99859461933374
    endloop
  endfacet
  facet normal -1 0 0
    outer loop
      vertex 0 36 246.7720973044634
      vertex 0 37.79999999701977 246.7720973044634
      vertex 0 47.79999999701977 240.99859461933374
    endloop
  endfacet
  facet normal -1 0 0
    outer loop
      vertex 0 200.39999999850988 14.452994614839554
      vertex 0 222.20000000298023 14.452994614839554
      vertex 0 250 0
    endloop
  endfacet
  facet normal -1 0 0
    outer loop
      vertex 0 232.20000000298023 57.98409730941057
      vertex 0 232.20000000298023 69.53110269457102
      vertex 0 250 0
    endloop
  endfacet
  facet normal -1 0 0
    outer loop
      vertex 0 232.20000000298023 57.98409730941057
      vertex 0 250 0
      vertex 0 232.20000000298023 31.773502692580223
    endloop
  endfacet
  facet normal -1 0 0
    outer loop
      vertex 0 232.20000000298023 57.98409730941057
      vertex 0 232.20000000298023 31.773502692580223
      vertex 0 222.20000000298023 37.547005385160446
    endloop
  endfacet
  facet normal -1 0 0
    outer loop
      vertex 0 221.29999999701977 39.105297304689884
      vertex 0 232.20000000298023 57.98409730941057
      vertex 0 222.20000000298023 37.547005385160446
    endloop
  endfacet
  facet normal -1 0 0
    outer loop
      vertex 0 221.29999999701977 39.105297304689884
      vertex 0 222.20000000298023 37.547005385160446
      vertex 0 212.20000000298023 31.773502692580223
    endloop
  endfacet
  facet normal -1 0 0
    outer loop
      vertex 0 211.29999999701977 33.33179461956024
      vertex 0 221.29999999701977 39.105297304689884
      vertex 0 212.20000000298023 31.773502692580223
    endloop
  endfacet
  facet normal -1 0 0
    outer loop
      vertex 0 211.29999999701977 33.33179461956024
      vertex 0 212.20000000298023 31.773502692580223
      vertex 0 200.39999999850988 37.547005385160446
    endloop
  endfacet
  facet normal -1 0 0
    outer loop
      vertex 0 199.5 39.105297304689884
      vertex 0 211.29999999701977 33.33179461956024
      vertex 0 200.39999999850988 37.547005385160446
    endloop
  endfacet
  facet normal -1 0 0
    outer loop
      vertex 0 199.5 39.105297304689884
      vertex 0 200.39999999850988 37.547005385160446
      vertex 0 190.39999999850988 31.773502692580223
    endloop
  endfacet
  facet normal -1 0 0
    outer loop
      vertex 0 189.5 33.33179461956024
      vertex 0 199.5 39.105297304689884
      vertex 0 190.39999999850988 31.773502692580223
    endloop
  endfacet
  facet normal -1 0 0
    outer loop
      vertex 0 189.5 33.33179461956024
      vertex 0 190.39999999850988 31.773502692580223
      vertex 0 178.60000000149012 37.547005385160446
    endloop
  endfacet
  facet normal -1 0 0
    outer loop
      vertex 0 177.70000000298023 39.105297304689884
      vertex 0 189.5 33.33179461956024
      vertex 0 178.60000000149012 37.547005385160446
    endloop
  endfacet
  facet normal -1 0 0
    outer loop
      vertex 0 177.70000000298023 39.105297304689884
      vertex 0 178.60000000149012 37.547005385160446
      vertex 0 168.60000000149012 31.773502692580223
    endloop
  endfacet
  facet normal -1 0 0
    outer loop
      vertex 0 167.70000000298023 33.33179461956024
      vertex 0 177.70000000298023 39.105297304689884
      vertex 0 168.60000000149012 31.773502692580223
    endloop
  endfacet
  facet normal -1 0 0
    outer loop
      vertex 0 167.70000000298023 33.33179461956024
      vertex 0 168.60000000149012 31.773502692580223
      vertex 0 156.79999999701977 37.547005385160446
    endloop
  endfacet
  facet normal -1 0 0
    outer loop
      vertex 0 155.89999999850988 39.105297304689884
      vertex 0 167.70000000298023 33.33179461956024
      vertex 0 156.79999999701977 37.547005385160446
    endloop
  endfacet
  facet normal -1 0 0
    outer loop
      vertex 0 155.89999999850988 39.105297304689884
      vertex 0 156.79999999701977 37.547005385160446
      vertex 0 146.79999999701977 31.773502692580223
    endloop
  endfacet
  facet normal -1 0 0
    outer loop
      vertex 0 145.89999999850988 33.33179461956024
      vertex 0 155.89999999850988 39.105297304689884
      vertex 0 146.79999999701977 31.773502692580223
    endloop
  endfacet
  facet normal -1 0 0
    outer loop
      vertex 0 145.89999999850988 33.33179461956024
      vertex 0 146.79999999701977 31.773502692580223
      vertex 0 135 37.547005385160446
    endloop
  endfacet
  facet normal -1 0 0
    outer loop
      vertex 0 134.10000000149012 39.105297304689884
      vertex 0 145.89999999850988 33.33179461956024
      vertex 0 135 37.547005385160446
    endloop
  endfacet
  facet normal -1 0 0
    outer loop
      vertex 0 134.10000000149012 39.105297304689884
      vertex 0 135 37.547005385160446
      vertex 0 125 31.773502692580223
    endloop
  endfacet
  facet normal -1 0 0
    outer loop
      vertex 0 124.10000000149012 33.33179461956024
      vertex 0 134.10000000149012 39.105297304689884
      vertex 0 125 31.773502692580223
    endloop
  endfacet
  facet normal -1 0 0
    outer loop
      vertex 0 124.10000000149012 33.33179461956024
      vertex 0 125 31.773502692580223
      vertex 0 113.20000000298023 37.547005385160446
    endloop
  endfacet
  facet normal -1 0 0
    outer loop
      vertex 0 112.29999999701977 39.105297304689884
      vertex 0 124.10000000149012 33.33179461956024
      vertex 0 113.20000000298023 37.547005385160446
    endloop
  endfacet
  facet normal -1 0 0
    outer loop
      vertex 0 112.29999999701977 39.105297304689884
      vertex 0 113.20000000298023 37.547005385160446
      vertex 0 103.20000000298023 31.773502692580223
    endloop
  endfacet
  facet normal -1 0 0
    outer loop
      vertex 0 102.29999999701977 33.33179461956024
      vertex 0 112.29999999701977 39.105297304689884
      vertex 0 103.20000000298023 31.773502692580223
    endloop
  endfacet
  facet normal -1 0 0
    outer loop
      vertex 0 102.29999999701977 33.33179461956024
      vertex 0 103.20000000298023 31.773502692580223
      vertex 0 91.39999999850988 37.547005385160446
    endloop
  endfacet
  facet normal -1 0 0
    outer loop
      vertex 0 90.5 39.105297304689884
      vertex 0 102.29999999701977 33.33179461956024
      vertex 0 91.39999999850988 37.547005385160446
    endloop
  endfacet
  facet normal -1 0 0
    outer loop
      vertex 0 90.5 39.105297304689884
      vertex 0 91.39999999850988 37.547005385160446
      vertex 0 81.39999999850988 31.773502692580223
    endloop
  endfacet
  facet normal -1 0 0
    outer loop
      vertex 0 80.5 33.33179461956024
      vertex 0 90.5 39.105297304689884
      vertex 0 81.39999999850988 31.773502692580223
    endloop
  endfacet
  facet normal -1 0 0
    outer loop
      vertex 0 80.5 33.33179461956024
      vertex 0 81.39999999850988 31.773502692580223
      vertex 0 69.60000000149012 37.547005385160446
    endloop
  endfacet
  facet normal -1 0 0
    outer loop
      vertex 0 68.70000000298023 39.105297304689884
      vertex 0 80.5 33.33179461956024
      vertex 0 69.60000000149012 37.547005385160446
    endloop
  endfacet
  facet normal -1 0 0
    outer loop
      vertex 0 68.70000000298023 39.105297304689884
      vertex 0 69.60000000149012 37.547005385160446
      vertex 0 59.600000001490116 31.773502692580223
    endloop
  endfacet
  facet normal -1 0 0
    outer loop
      vertex 0 58.70000000298023 33.33179461956024
      vertex 0 68.70000000298023 39.105297304689884
      vertex 0 59.600000001490116 31.773502692580223
    endloop
  endfacet
  facet normal -1 0 0
    outer loop
      vertex 0 58.70000000298023 33.33179461956024
      vertex 0 59.600000001490116 31.773502692580223
      vertex 0 47.79999999701977 37.547005385160446
    endloop
  endfacet
  facet normal -1 0 0
    outer loop
      vertex 0 46.899999998509884 39.105297304689884
      vertex 0 58.70000000298023 33.33179461956024
      vertex 0 47.79999999701977 37.547005385160446
    endloop
  endfacet
  facet normal -1 0 0
    outer loop
      vertex 0 46.899999998509884 39.105297304689884
      vertex 0 47.79999999701977 37.547005385160446
      vertex 0 37.79999999701977 31.773502692580223
    endloop
  endfacet
  facet normal -1 0 0
    outer loop
      vertex 0 36.899999998509884 33.33179461956024
      vertex 0 46.899999998509884 39.105297304689884
      vertex 0 37.79999999701977 31.773502692580223
    endloop
  endfacet
  facet normal -1 0 0
    outer loop
      vertex 0 36.899999998509884 33.33179461956024
      vertex 0 37.79999999701977 31.773502692580223
      vertex 0 26 37.547005385160446
    endloop
  endfacet
  facet normal -1 0 0
    outer loop
      vertex 0 26.899999998509884 39.105297304689884
      vertex 0 36.899999998509884 33.33179461956024
      vertex 0 26 37.547005385160446
    endloop
  endfacet
  facet normal -1 0 0
    outer loop
      vertex 0 16 57.98409730941057
      vertex 0 26.899999998509884 39.105297304689884
      vertex 0 26 37.547005385160446
    endloop
  endfacet
  facet normal -1 0 0
    outer loop
      vertex 0 16 57.98409730941057
      vertex 0 26 37.547005385160446
      vertex 0 16 31.773502692580223
    endloop
  endfacet
  facet normal -1 0 0
    outer loop
      vertex 0 250 350
      vertex 0 222.20000000298023 339.60780538618565
      vertex 0 200.39999999850988 339.60780538618565
    endloop
  endfacet
  facet normal -1 0 0
    outer loop
      vertex 0 232.20000000298023 284.5296973064542
      vertex 0 232.20000000298023 296.0767026916146
      vertex 0 250 350
    endloop
  endfacet
  facet normal -1 0 0
    outer loop
      vertex 0 232.20000000298023 284.5296973064542
      vertex 0 250 350
      vertex 0 232.20000000298023 258.31910268962383
    endloop
  endfacet
  facet normal -1 0 0
    outer loop
      vertex 0 222.20000000298023 278.75619461387396
      vertex 0 232.20000000298023 284.5296973064542
      vertex 0 232.20000000298023 258.31910268962383
    endloop
  endfacet
  facet normal -1 0 0
    outer loop
      vertex 0 222.20000000298023 278.75619461387396
      vertex 0 232.20000000298023 258.31910268962383
      vertex 0 221.29999999701977 277.1979026943445
    endloop
  endfacet
  facet normal -1 0 0
    outer loop
      vertex 0 222.20000000298023 278.75619461387396
      vertex 0 221.29999999701977 277.1979026943445
      vertex 0 211.29999999701977 282.97140538692474
    endloop
  endfacet
  facet normal -1 0 0
    outer loop
      vertex 0 210.39999999850988 284.5296973064542
      vertex 0 222.20000000298023 278.75619461387396
      vertex 0 211.29999999701977 282.97140538692474
    endloop
  endfacet
  facet normal -1 0 0
    outer loop
      vertex 0 210.39999999850988 284.5296973064542
      vertex 0 211.29999999701977 282.97140538692474
      vertex 0 201.29999999701977 277.1979026943445
    endloop
  endfacet
  facet normal -1 0 0
    outer loop
      vertex 0 200.39999999850988 278.75619461387396
      vertex 0 210.39999999850988 284.5296973064542
      vertex 0 201.29999999701977 277.1979026943445
    endloop
  endfacet
  facet normal -1 0 0
    outer loop
      vertex 0 200.39999999850988 278.75619461387396
      vertex 0 201.29999999701977 277.1979026943445
      vertex 0 189.5 282.97140538692474
    endloop
  endfacet
  facet normal -1 0 0
    outer loop
      vertex 0 188.60000000149012 284.5296973064542
      vertex 0 200.39999999850988 278.75619461387396
      vertex 0 189.5 282.97140538692474
    endloop
  endfacet
  facet normal -1 0 0
    outer loop
      vertex 0 188.60000000149012 284.5296973064542
      vertex 0 189.5 282.97140538692474
      vertex 0 179.5 277.1979026943445
    endloop
  endfacet
  facet normal -1 0 0
    outer loop
      vertex 0 178.60000000149012 278.75619461387396
      vertex 0 188.60000000149012 284.5296973064542
      vertex 0 179.5 277.1979026943445
    endloop
  endfacet
  facet normal -1 0 0
    outer loop
      vertex 0 178.60000000149012 278.75619461387396
      vertex 0 179.5 277.1979026943445
      vertex 0 167.70000000298023 282.97140538692474
    endloop
  endfacet
  facet normal -1 0 0
    outer loop
      vertex 0 166.79999999701977 284.5296973064542
      vertex 0 178.60000000149012 278.75619461387396
      vertex 0 167.70000000298023 282.97140538692474
    endloop
  endfacet
  facet normal -1 0 0
    outer loop
      vertex 0 166.79999999701977 284.5296973064542
      vertex 0 167.70000000298023 282.97140538692474
      vertex 0 157.70000000298023 277.1979026943445
    endloop
  endfacet
  facet normal -1 0 0
    outer loop
      vertex 0 156.79999999701977 278.75619461387396
      vertex 0 166.79999999701977 284.5296973064542
      vertex 0 157.70000000298023 277.1979026943445
    endloop
  endfacet
  facet normal -1 0 0
    outer loop
      vertex 0 156.79999999701977 278.75619461387396
      vertex 0 157.70000000298023 277.1979026943445
      vertex 0 145.89999999850988 282.97140538692474
    endloop
  endfacet
  facet normal -1 0 0
    outer loop
      vertex 0 145 284.5296973064542
      vertex 0 156.79999999701977 278.75619461387396
      vertex 0 145.89999999850988 282.97140538692474
    endloop
  endfacet
  facet normal -1 0 0
    outer loop
      vertex 0 145 284.5296973064542
      vertex 0 145.89999999850988 282.97140538692474
      vertex 0 135.89999999850988 277.1979026943445
    endloop
  endfacet
  facet normal -1 0 0
    outer loop
      vertex 0 135 278.75619461387396
      vertex 0 145 284.5296973064542
      vertex 0 135.89999999850988 277.1979026943445
    endloop
  endfacet
  facet normal -1 0 0
    outer loop
      vertex 0 135 278.75619461387396
      vertex 0 135.89999999850988 277.1979026943445
      vertex 0 124.10000000149012 282.97140538692474
    endloop
  endfacet
  facet normal -1 0 0
    outer loop
      vertex 0 123.20000000298023 284.5296973064542
      vertex 0 135 278.75619461387396
      vertex 0 124.10000000149012 282.97140538692474
    endloop
  endfacet
  facet normal -1 0 0
    outer loop
      vertex 0 123.20000000298023 284.5296973064542
      vertex 0 124.10000000149012 282.97140538692474
      vertex 0 114.10000000149012 277.1979026943445
    endloop
  endfacet
  facet normal -1 0 0
    outer loop
      vertex 0 113.20000000298023 278.75619461387396
      vertex 0 123.20000000298023 284.5296973064542
      vertex 0 114.10000000149012 277.1979026943445
    endloop
  endfacet
  facet normal -1 0 0
    outer loop
      vertex 0 113.20000000298023 278.75619461387396
      vertex 0 114.10000000149012 277.1979026943445
      vertex 0 102.29999999701977 282.97140538692474
    endloop
  endfacet
  facet normal -1 0 0
    outer loop
      vertex 0 101.39999999850988 284.5296973064542
      vertex 0 113.20000000298023 278.75619461387396
      vertex 0 102.29999999701977 282.97140538692474
    endloop
  endfacet
  facet normal -1 0 0
    outer loop
      vertex 0 101.39999999850988 284.5296973064542
      vertex 0 102.29999999701977 282.97140538692474
      vertex 0 92.29999999701977 277.1979026943445
    endloop
  endfacet
  facet normal -1 0 0
    outer loop
      vertex 0 91.39999999850988 278.75619461387396
      vertex 0 101.39999999850988 284.5296973064542
      vertex 0 92.29999999701977 277.1979026943445
    endloop
  endfacet
  facet normal -1 0 0
    outer loop
      vertex 0 91.39999999850988 278.75619461387396
      vertex 0 92.29999999701977 277.1979026943445
      vertex 0 80.5 282.97140538692474
    endloop
  endfacet
  facet normal -1 0 0
    outer loop
      vertex 0 79.60000000149012 284.5296973064542
      vertex 0 91.39999999850988 278.75619461387396
      vertex 0 80.5 282.97140538692474
    endloop
  endfacet
  facet normal -1 0 0
    outer loop
      vertex 0 79.60000000149012 284.5296973064542
      vertex 0 80.5 282.97140538692474
      vertex 0 70.5 277.1979026943445
    endloop
  endfacet
  facet normal -1 0 0
    outer loop
      vertex 0 69.60000000149012 278.75619461387396
      vertex 0 79.60000000149012 284.5296973064542
      vertex 0 70.5 277.1979026943445
    endloop
  endfacet
  facet normal -1 0 0
    outer loop
      vertex 0 69.60000000149012 278.75619461387396
      vertex 0 70.5 277.1979026943445
      vertex 0 58.70000000298023 282.97140538692474
    endloop
  endfacet
  facet normal -1 0 0
    outer loop
      vertex 0 57.79999999701977 284.5296973064542
      vertex 0 69.60000000149012 278.75619461387396
      vertex 0 58.70000000298023 282.97140538692474
    endloop
  endfacet
  facet normal -1 0 0
    outer loop
      vertex 0 57.79999999701977 284.5296973064542
      vertex 0 58.70000000298023 282.97140538692474
      vertex 0 48.70000000298023 277.1979026943445
    endloop
  endfacet
  facet normal -1 0 0
    outer loop
      vertex 0 47.79999999701977 278.75619461387396
      vertex 0 57.79999999701977 284.5296973064542
      vertex 0 48.70000000298023 277.1979026943445
    endloop
  endfacet
  facet normal -1 0 0
    outer loop
      vertex 0 47.79999999701977 278.75619461387396
      vertex 0 48.70000000298023 277.1979026943445
      vertex 0 36.899999998509884 282.97140538692474
    endloop
  endfacet
  facet normal -1 0 0
    outer loop
      vertex 0 36 284.5296973064542
      vertex 0 47.79999999701977 278.75619461387396
      vertex 0 36.899999998509884 282.97140538692474
    endloop
  endfacet
  facet normal -1 0 0
    outer loop
      vertex 0 36 284.5296973064542
      vertex 0 36.899999998509884 282.97140538692474
      vertex 0 26.899999998509884 277.1979026943445
    endloop
  endfacet
  facet normal -1 0 0
    outer loop
      vertex 0 26 278.75619461387396
      vertex 0 36 284.5296973064542
      vertex 0 26.899999998509884 277.1979026943445
    endloop
  endfacet
  facet normal -1 0 0
    outer loop
      vertex 0 26 278.75619461387396
      vertex 0 26.899999998509884 277.1979026943445
      vertex 0 16 258.31910268962383
    endloop
  endfacet
  facet normal -1 0 0
    outer loop
      vertex 0 16 284.5296973064542
      vertex 0 26 278.75619461387396
      vertex 0 16 258.31910268962383
    endloop
  endfacet
  facet normal -1 0 0
    outer loop
      vertex 0 178.60000000149012 14.452994614839554
      vertex 0 200.39999999850988 14.452994614839554
      vertex 0 250 0
    endloop
  endfacet
  facet normal -1 0 0
    outer loop
      vertex 0 232.20000000298023 107.28870268911123
      vertex 0 232.20000000298023 145.04630269110203
      vertex 0 250 0
    endloop
  endfacet
  facet normal -1 0 0
    outer loop
      vertex 0 232.20000000298023 95.74169731140137
      vertex 0 232.20000000298023 107.28870268911123
      vertex 0 250 0
    endloop
  endfacet
  facet normal -1 0 0
    outer loop
      vertex 0 232.20000000298023 95.74169731140137
      vertex 0 250 0
      vertex 0 232.20000000298023 69.53110269457102
    endloop
  endfacet
  facet normal -1 0 0
    outer loop
      vertex 0 232.20000000298023 95.74169731140137
      vertex 0 232.20000000298023 69.53110269457102
      vertex 0 222.20000000298023 75.30460538715124
    endloop
  endfacet
  facet normal -1 0 0
    outer loop
      vertex 0 221.29999999701977 76.86289730668068
      vertex 0 232.20000000298023 95.74169731140137
      vertex 0 222.20000000298023 75.30460538715124
    endloop
  endfacet
  facet normal -1 0 0
    outer loop
      vertex 0 221.29999999701977 76.86289730668068
      vertex 0 222.20000000298023 75.30460538715124
      vertex 0 212.20000000298023 69.53110269457102
    endloop
  endfacet
  facet normal -1 0 0
    outer loop
      vertex 0 211.29999999701977 71.08939461410046
      vertex 0 221.29999999701977 76.86289730668068
      vertex 0 212.20000000298023 69.53110269457102
    endloop
  endfacet
  facet normal -1 0 0
    outer loop
      vertex 0 211.29999999701977 71.08939461410046
      vertex 0 212.20000000298023 69.53110269457102
      vertex 0 200.39999999850988 75.30460538715124
    endloop
  endfacet
  facet normal -1 0 0
    outer loop
      vertex 0 199.5 76.86289730668068
      vertex 0 211.29999999701977 71.08939461410046
      vertex 0 200.39999999850988 75.30460538715124
    endloop
  endfacet
  facet normal -1 0 0
    outer loop
      vertex 0 199.5 76.86289730668068
      vertex 0 200.39999999850988 75.30460538715124
      vertex 0 190.39999999850988 69.53110269457102
    endloop
  endfacet
  facet normal -1 0 0
    outer loop
      vertex 0 189.5 71.08939461410046
      vertex 0 199.5 76.86289730668068
      vertex 0 190.39999999850988 69.53110269457102
    endloop
  endfacet
  facet normal -1 0 0
    outer loop
      vertex 0 189.5 71.08939461410046
      vertex 0 190.39999999850988 69.53110269457102
      vertex 0 178.60000000149012 75.30460538715124
    endloop
  endfacet
  facet normal -1 0 0
    outer loop
      vertex 0 177.70000000298023 76.86289730668068
      vertex 0 189.5 71.08939461410046
      vertex 0 178.60000000149012 75.30460538715124
    endloop
  endfacet
  facet normal -1 0 0
    outer loop
      vertex 0 177.70000000298023 76.86289730668068
      vertex 0 178.60000000149012 75.30460538715124
      vertex 0 168.60000000149012 69.53110269457102
    endloop
  endfacet
  facet normal -1 0 0
    outer loop
      vertex 0 167.70000000298023 71.08939461410046
      vertex 0 177.70000000298023 76.86289730668068
      vertex 0 168.60000000149012 69.53110269457102
    endloop
  endfacet
  facet normal -1 0 0
    outer loop
      vertex 0 167.70000000298023 71.08939461410046
      vertex 0 168.60000000149012 69.53110269457102
      vertex 0 156.79999999701977 75.30460538715124
    endloop
  endfacet
  facet normal -1 0 0
    outer loop
      vertex 0 155.89999999850988 76.86289730668068
      vertex 0 167.70000000298023 71.08939461410046
      vertex 0 156.79999999701977 75.30460538715124
    endloop
  endfacet
  facet normal -1 0 0
    outer loop
      vertex 0 155.89999999850988 76.86289730668068
      vertex 0 156.79999999701977 75.30460538715124
      vertex 0 146.79999999701977 69.53110269457102
    endloop
  endfacet
  facet normal -1 0 0
    outer loop
      vertex 0 145.89999999850988 71.08939461410046
      vertex 0 155.89999999850988 76.86289730668068
      vertex 0 146.79999999701977 69.53110269457102
    endloop
  endfacet
  facet normal -1 0 0
    outer loop
      vertex 0 145.89999999850988 71.08939461410046
      vertex 0 146.79999999701977 69.53110269457102
      vertex 0 135 75.30460538715124
    endloop
  endfacet
  facet normal -1 0 0
    outer loop
      vertex 0 134.10000000149012 76.86289730668068
      vertex 0 145.89999999850988 71.08939461410046
      vertex 0 135 75.30460538715124
    endloop
  endfacet
  facet normal -1 0 0
    outer loop
      vertex 0 134.10000000149012 76.86289730668068
      vertex 0 135 75.30460538715124
      vertex 0 125 69.53110269457102
    endloop
  endfacet
  facet normal -1 0 0
    outer loop
      vertex 0 124.10000000149012 71.08939461410046
      vertex 0 134.10000000149012 76.86289730668068
      vertex 0 125 69.53110269457102
    endloop
  endfacet
  facet normal -1 0 0
    outer loop
      vertex 0 124.10000000149012 71.08939461410046
      vertex 0 125 69.53110269457102
      vertex 0 113.20000000298023 75.30460538715124
    endloop
  endfacet
  facet normal -1 0 0
    outer loop
      vertex 0 112.29999999701977 76.86289730668068
      vertex 0 124.10000000149012 71.08939461410046
      vertex 0 113.20000000298023 75.30460538715124
    endloop
  endfacet
  facet normal -1 0 0
    outer loop
      vertex 0 112.29999999701977 76.86289730668068
      vertex 0 113.20000000298023 75.30460538715124
      vertex 0 103.20000000298023 69.53110269457102
    endloop
  endfacet
  facet normal -1 0 0
    outer loop
      vertex 0 102.29999999701977 71.08939461410046
      vertex 0 112.29999999701977 76.86289730668068
      vertex 0 103.20000000298023 69.53110269457102
    endloop
  endfacet
  facet normal -1 0 0
    outer loop
      vertex 0 102.29999999701977 71.08939461410046
      vertex 0 103.20000000298023 69.53110269457102
      vertex 0 91.39999999850988 75.30460538715124
    endloop
  endfacet
  facet normal -1 0 0
    outer loop
      vertex 0 90.5 76.86289730668068
      vertex 0 102.29999999701977 71.08939461410046
      vertex 0 91.39999999850988 75.30460538715124
    endloop
  endfacet
  facet normal -1 0 0
    outer loop
      vertex 0 90.5 76.86289730668068
      vertex 0 91.39999999850988 75.30460538715124
      vertex 0 81.39999999850988 69.53110269457102
    endloop
  endfacet
  facet normal -1 0 0
    outer loop
      vertex 0 80.5 71.08939461410046
      vertex 0 90.5 76.86289730668068
      vertex 0 81.39999999850988 69.53110269457102
    endloop
  endfacet
  facet normal -1 0 0
    outer loop
      vertex 0 80.5 71.08939461410046
      vertex 0 81.39999999850988 69.53110269457102
      vertex 0 69.60000000149012 75.30460538715124
    endloop
  endfacet
  facet normal -1 0 0
    outer loop
      vertex 0 68.70000000298023 76.86289730668068
      vertex 0 80.5 71.08939461410046
      vertex 0 69.60000000149012 75.30460538715124
    endloop
  endfacet
  facet normal -1 0 0
    outer loop
      vertex 0 68.70000000298023 76.86289730668068
      vertex 0 69.60000000149012 75.30460538715124
      vertex 0 59.600000001490116 69.53110269457102
    endloop
  endfacet
  facet normal -1 0 0
    outer loop
      vertex 0 58.70000000298023 71.08939461410046
      vertex 0 68.70000000298023 76.86289730668068
      vertex 0 59.600000001490116 69.53110269457102
    endloop
  endfacet
  facet normal -1 0 0
    outer loop
      vertex 0 58.70000000298023 71.08939461410046
      vertex 0 59.600000001490116 69.53110269457102
      vertex 0 47.79999999701977 75.30460538715124
    endloop
  endfacet
  facet normal -1 0 0
    outer loop
      vertex 0 46.899999998509884 76.86289730668068
      vertex 0 58.70000000298023 71.08939461410046
      vertex 0 47.79999999701977 75.30460538715124
    endloop
  endfacet
  facet normal -1 0 0
    outer loop
      vertex 0 46.899999998509884 76.86289730668068
      vertex 0 47.79999999701977 75.30460538715124
      vertex 0 37.79999999701977 69.53110269457102
    endloop
  endfacet
  facet normal -1 0 0
    outer loop
      vertex 0 36.899999998509884 71.08939461410046
      vertex 0 46.899999998509884 76.86289730668068
      vertex 0 37.79999999701977 69.53110269457102
    endloop
  endfacet
  facet normal -1 0 0
    outer loop
      vertex 0 36.899999998509884 71.08939461410046
      vertex 0 37.79999999701977 69.53110269457102
      vertex 0 26 75.30460538715124
    endloop
  endfacet
  facet normal -1 0 0
    outer loop
      vertex 0 26.899999998509884 76.86289730668068
      vertex 0 36.899999998509884 71.08939461410046
      vertex 0 26 75.30460538715124
    endloop
  endfacet
  facet normal -1 0 0
    outer loop
      vertex 0 16 95.74169731140137
      vertex 0 26.899999998509884 76.86289730668068
      vertex 0 26 75.30460538715124
    endloop
  endfacet
  facet normal -1 0 0
    outer loop
      vertex 0 16 95.74169731140137
      vertex 0 26 75.30460538715124
      vertex 0 16 69.53110269457102
    endloop
  endfacet
  facet normal -1 0 0
    outer loop
      vertex 0 250 350
      vertex 0 200.39999999850988 339.60780538618565
      vertex 0 178.60000000149012 339.60780538618565
    endloop
  endfacet
  facet normal -1 0 0
    outer loop
      vertex 0 156.79999999701977 14.452994614839554
      vertex 0 178.60000000149012 14.452994614839554
      vertex 0 250 0
    endloop
  endfacet
  facet normal -1 0 0
    outer loop
      vertex 0 156.79999999701977 14.452994614839554
      vertex 0 250 0
      vertex 0 0 0
    endloop
  endfacet
  facet normal -1 0 0
    outer loop
      vertex 0 232.20000000298023 246.7720973044634
      vertex 0 232.20000000298023 258.31910268962383
      vertex 0 250 350
    endloop
  endfacet
  facet normal -1 0 0
    outer loop
      vertex 0 232.20000000298023 246.7720973044634
      vertex 0 250 350
      vertex 0 232.20000000298023 220.56150269508362
    endloop
  endfacet
  facet normal -1 0 0
    outer loop
      vertex 0 222.20000000298023 240.99859461933374
      vertex 0 232.20000000298023 246.7720973044634
      vertex 0 232.20000000298023 220.56150269508362
    endloop
  endfacet
  facet normal -1 0 0
    outer loop
      vertex 0 222.20000000298023 240.99859461933374
      vertex 0 232.20000000298023 220.56150269508362
      vertex 0 221.29999999701977 239.44030269235373
    endloop
  endfacet
  facet normal -1 0 0
    outer loop
      vertex 0 222.20000000298023 240.99859461933374
      vertex 0 221.29999999701977 239.44030269235373
      vertex 0 211.29999999701977 245.21380538493395
    endloop
  endfacet
  facet normal -1 0 0
    outer loop
      vertex 0 210.39999999850988 246.7720973044634
      vertex 0 222.20000000298023 240.99859461933374
      vertex 0 211.29999999701977 245.21380538493395
    endloop
  endfacet
  facet normal -1 0 0
    outer loop
      vertex 0 210.39999999850988 246.7720973044634
      vertex 0 211.29999999701977 245.21380538493395
      vertex 0 201.29999999701977 239.44030269235373
    endloop
  endfacet
  facet normal -1 0 0
    outer loop
      vertex 0 200.39999999850988 240.99859461933374
      vertex 0 210.39999999850988 246.7720973044634
      vertex 0 201.29999999701977 239.44030269235373
    endloop
  endfacet
  facet normal -1 0 0
    outer loop
      vertex 0 200.39999999850988 240.99859461933374
      vertex 0 201.29999999701977 239.44030269235373
      vertex 0 189.5 245.21380538493395
    endloop
  endfacet
  facet normal -1 0 0
    outer loop
      vertex 0 188.60000000149012 246.7720973044634
      vertex 0 200.39999999850988 240.99859461933374
      vertex 0 189.5 245.21380538493395
    endloop
  endfacet
  facet normal -1 0 0
    outer loop
      vertex 0 188.60000000149012 246.7720973044634
      vertex 0 189.5 245.21380538493395
      vertex 0 179.5 239.44030269235373
    endloop
  endfacet
  facet normal -1 0 0
    outer loop
      vertex 0 178.60000000149012 240.99859461933374
      vertex 0 188.60000000149012 246.7720973044634
      vertex 0 179.5 239.44030269235373
    endloop
  endfacet
  facet normal -1 0 0
    outer loop
      vertex 0 178.60000000149012 240.99859461933374
      vertex 0 179.5 239.44030269235373
      vertex 0 167.70000000298023 245.21380538493395
    endloop
  endfacet
  facet normal -1 0 0
    outer loop
      vertex 0 166.79999999701977 246.7720973044634
      vertex 0 178.60000000149012 240.99859461933374
      vertex 0 167.70000000298023 245.21380538493395
    endloop
  endfacet
  facet normal -1 0 0
    outer loop
      vertex 0 166.79999999701977 246.7720973044634
      vertex 0 167.70000000298023 245.21380538493395
      vertex 0 157.70000000298023 239.44030269235373
    endloop
  endfacet
  facet normal -1 0 0
    outer loop
      vertex 0 156.79999999701977 240.99859461933374
      vertex 0 166.79999999701977 246.7720973044634
      vertex 0 157.70000000298023 239.44030269235373
    endloop
  endfacet
  facet normal -1 0 0
    outer loop
      vertex 0 156.79999999701977 240.99859461933374
      vertex 0 157.70000000298023 239.44030269235373
      vertex 0 145.89999999850988 245.21380538493395
    endloop
  endfacet
  facet normal -1 0 0
    outer loop
      vertex 0 145 246.7720973044634
      vertex 0 156.79999999701977 240.99859461933374
      vertex 0 145.89999999850988 245.21380538493395
    endloop
  endfacet
  facet normal -1 0 0
    outer loop
      vertex 0 145 246.7720973044634
      vertex 0 145.89999999850988 245.21380538493395
      vertex 0 135.89999999850988 239.44030269235373
    endloop
  endfacet
  facet normal -1 0 0
    outer loop
      vertex 0 135 240.99859461933374
      vertex 0 145 246.7720973044634
      vertex 0 135.89999999850988 239.44030269235373
    endloop
  endfacet
  facet normal -1 0 0
    outer loop
      vertex 0 135 240.99859461933374
      vertex 0 135.89999999850988 239.44030269235373
      vertex 0 124.10000000149012 245.21380538493395
    endloop
  endfacet
  facet normal -1 0 0
    outer loop
      vertex 0 123.20000000298023 246.7720973044634
      vertex 0 135 240.99859461933374
      vertex 0 124.10000000149012 245.21380538493395
    endloop
  endfacet
  facet normal -1 0 0
    outer loop
      vertex 0 123.20000000298023 246.7720973044634
      vertex 0 124.10000000149012 245.21380538493395
      vertex 0 114.10000000149012 239.44030269235373
    endloop
  endfacet
  facet normal -1 0 0
    outer loop
      vertex 0 113.20000000298023 240.99859461933374
      vertex 0 123.20000000298023 246.7720973044634
      vertex 0 114.10000000149012 239.44030269235373
    endloop
  endfacet
  facet normal -1 0 0
    outer loop
      vertex 0 113.20000000298023 240.99859461933374
      vertex 0 114.10000000149012 239.44030269235373
      vertex 0 102.29999999701977 245.21380538493395
    endloop
  endfacet
  facet normal -1 0 0
    outer loop
      vertex 0 101.39999999850988 246.7720973044634
      vertex 0 113.20000000298023 240.99859461933374
      vertex 0 102.29999999701977 245.21380538493395
    endloop
  endfacet
  facet normal -1 0 0
    outer loop
      vertex 0 101.39999999850988 246.7720973044634
      vertex 0 102.29999999701977 245.21380538493395
      vertex 0 92.29999999701977 239.44030269235373
    endloop
  endfacet
  facet normal -1 0 0
    outer loop
      vertex 0 91.39999999850988 240.99859461933374
      vertex 0 101.39999999850988 246.7720973044634
      vertex 0 92.29999999701977 239.44030269235373
    endloop
  endfacet
  facet normal -1 0 0
    outer loop
      vertex 0 91.39999999850988 240.99859461933374
      vertex 0 92.29999999701977 239.44030269235373
      vertex 0 80.5 245.21380538493395
    endloop
  endfacet
  facet normal -1 0 0
    outer loop
      vertex 0 79.60000000149012 246.7720973044634
      vertex 0 91.39999999850988 240.99859461933374
      vertex 0 80.5 245.21380538493395
    endloop
  endfacet
  facet normal -1 0 0
    outer loop
      vertex 0 79.60000000149012 246.7720973044634
      vertex 0 80.5 245.21380538493395
      vertex 0 70.5 239.44030269235373
    endloop
  endfacet
  facet normal -1 0 0
    outer loop
      vertex 0 69.60000000149012 240.99859461933374
      vertex 0 79.60000000149012 246.7720973044634
      vertex 0 70.5 239.44030269235373
    endloop
  endfacet
  facet normal -1 0 0
    outer loop
      vertex 0 69.60000000149012 240.99859461933374
      vertex 0 70.5 239.44030269235373
      vertex 0 58.70000000298023 245.21380538493395
    endloop
  endfacet
  facet normal -1 0 0
    outer loop
      vertex 0 57.79999999701977 246.7720973044634
      vertex 0 69.60000000149012 240.99859461933374
      vertex 0 58.70000000298023 245.21380538493395
    endloop
  endfacet
  facet normal -1 0 0
    outer loop
      vertex 0 57.79999999701977 246.7720973044634
      vertex 0 58.70000000298023 245.21380538493395
      vertex 0 48.70000000298023 239.44030269235373
    endloop
  endfacet
  facet normal -1 0 0
    outer loop
      vertex 0 47.79999999701977 240.99859461933374
      vertex 0 57.79999999701977 246.7720973044634
      vertex 0 48.70000000298023 239.44030269235373
    endloop
  endfacet
  facet normal -1 0 0
    outer loop
      vertex 0 47.79999999701977 240.99859461933374
      vertex 0 48.70000000298023 239.44030269235373
      vertex 0 36.899999998509884 245.21380538493395
    endloop
  endfacet
  facet normal -1 0 0
    outer loop
      vertex 0 36 246.7720973044634
      vertex 0 47.79999999701977 240.99859461933374
      vertex 0 36.899999998509884 245.21380538493395
    endloop
  endfacet
  facet normal -1 0 0
    outer loop
      vertex 0 36 246.7720973044634
      vertex 0 36.899999998509884 245.21380538493395
      vertex 0 26.899999998509884 239.44030269235373
    endloop
  endfacet
  facet normal -1 0 0
    outer loop
      vertex 0 26 240.99859461933374
      vertex 0 36 246.7720973044634
      vertex 0 26.899999998509884 239.44030269235373
    endloop
  endfacet
  facet normal -1 0 0
    outer loop
      vertex 0 26 240.99859461933374
      vertex 0 26.899999998509884 239.44030269235373
      vertex 0 16 220.56150269508362
    endloop
  endfacet
  facet normal -1 0 0
    outer loop
      vertex 0 16 246.7720973044634
      vertex 0 26 240.99859461933374
      vertex 0 16 220.56150269508362
    endloop
  endfacet
  facet normal -1 0 0
    outer loop
      vertex 0 135 14.452994614839554
      vertex 0 156.79999999701977 14.452994614839554
      vertex 0 0 0
    endloop
  endfacet
  facet normal -1 0 0
    outer loop
      vertex 0 113.20000000298023 14.452994614839554
      vertex 0 135 14.452994614839554
      vertex 0 0 0
    endloop
  endfacet
  facet normal -1 0 0
    outer loop
      vertex 0 91.39999999850988 14.452994614839554
      vertex 0 113.20000000298023 14.452994614839554
      vertex 0 0 0
    endloop
  endfacet
  facet normal -1 0 0
    outer loop
      vertex 0 69.60000000149012 14.452994614839554
      vertex 0 91.39999999850988 14.452994614839554
      vertex 0 0 0
    endloop
  endfacet
  facet normal -1 0 0
    outer loop
      vertex 0 47.79999999701977 14.452994614839554
      vertex 0 69.60000000149012 14.452994614839554
      vertex 0 0 0
    endloop
  endfacet
  facet normal -1 0 0
    outer loop
      vertex 0 26 14.452994614839554
      vertex 0 47.79999999701977 14.452994614839554
      vertex 0 0 0
    endloop
  endfacet
  facet normal -1 0 0
    outer loop
      vertex 0 16 20.226497307419777
      vertex 0 26 14.452994614839554
      vertex 0 0 0
    endloop
  endfacet
  facet normal -1 0 0
    outer loop
      vertex 0 16 31.773502692580223
      vertex 0 16 20.226497307419777
      vertex 0 0 0
    endloop
  endfacet
  facet normal -1 0 0
    outer loop
      vertex 0 16 57.98409730941057
      vertex 0 16 31.773502692580223
      vertex 0 0 0
    endloop
  endfacet
  facet normal -1 0 0
    outer loop
      vertex 0 16 69.53110269457102
      vertex 0 16 57.98409730941057
      vertex 0 0 0
    endloop
  endfacet
  facet normal -1 0 0
    outer loop
      vertex 0 16 95.74169731140137
      vertex 0 16 69.53110269457102
      vertex 0 0 0
    endloop
  endfacet
  facet normal -1 0 0
    outer loop
      vertex 0 16 107.28870268911123
      vertex 0 16 95.74169731140137
      vertex 0 0 0
    endloop
  endfacet
  facet normal -1 0 0
    outer loop
      vertex 0 232.20000000298023 182.80390269309282
      vertex 0 250 350
      vertex 0 250 0
    endloop
  endfacet
  facet normal -1 0 0
    outer loop
      vertex 0 232.20000000298023 171.25689730793238
      vertex 0 232.20000000298023 182.80390269309282
      vertex 0 250 0
    endloop
  endfacet
  facet normal -1 0 0
    outer loop
      vertex 0 232.20000000298023 171.25689730793238
      vertex 0 250 0
      vertex 0 232.20000000298023 145.04630269110203
    endloop
  endfacet
  facet normal -1 0 0
    outer loop
      vertex 0 222.20000000298023 165.48339461535215
      vertex 0 232.20000000298023 171.25689730793238
      vertex 0 232.20000000298023 145.04630269110203
    endloop
  endfacet
  facet normal -1 0 0
    outer loop
      vertex 0 222.20000000298023 165.48339461535215
      vertex 0 232.20000000298023 145.04630269110203
      vertex 0 221.29999999701977 163.92510268837214
    endloop
  endfacet
  facet normal -1 0 0
    outer loop
      vertex 0 222.20000000298023 165.48339461535215
      vertex 0 221.29999999701977 163.92510268837214
      vertex 0 211.29999999701977 169.69860538095236
    endloop
  endfacet
  facet normal -1 0 0
    outer loop
      vertex 0 210.39999999850988 171.25689730793238
      vertex 0 222.20000000298023 165.48339461535215
      vertex 0 211.29999999701977 169.69860538095236
    endloop
  endfacet
  facet normal -1 0 0
    outer loop
      vertex 0 210.39999999850988 171.25689730793238
      vertex 0 211.29999999701977 169.69860538095236
      vertex 0 201.29999999701977 163.92510268837214
    endloop
  endfacet
  facet normal -1 0 0
    outer loop
      vertex 0 200.39999999850988 165.48339461535215
      vertex 0 210.39999999850988 171.25689730793238
      vertex 0 201.29999999701977 163.92510268837214
    endloop
  endfacet
  facet normal -1 0 0
    outer loop
      vertex 0 200.39999999850988 165.48339461535215
      vertex 0 201.29999999701977 163.92510268837214
      vertex 0 189.5 169.69860538095236
    endloop
  endfacet
  facet normal -1 0 0
    outer loop
      vertex 0 188.60000000149012 171.25689730793238
      vertex 0 200.39999999850988 165.48339461535215
      vertex 0 189.5 169.69860538095236
    endloop
  endfacet
  facet normal -1 0 0
    outer loop
      vertex 0 188.60000000149012 171.25689730793238
      vertex 0 189.5 169.69860538095236
      vertex 0 179.5 163.92510268837214
    endloop
  endfacet
  facet normal -1 0 0
    outer loop
      vertex 0 178.60000000149012 165.48339461535215
      vertex 0 188.60000000149012 171.25689730793238
      vertex 0 179.5 163.92510268837214
    endloop
  endfacet
  facet normal -1 0 0
    outer loop
      vertex 0 178.60000000149012 165.48339461535215
      vertex 0 179.5 163.92510268837214
      vertex 0 167.70000000298023 169.69860538095236
    endloop
  endfacet
  facet normal -1 0 0
    outer loop
      vertex 0 166.79999999701977 171.25689730793238
      vertex 0 178.60000000149012 165.48339461535215
      vertex 0 167.70000000298023 169.69860538095236
    endloop
  endfacet
  facet normal -1 0 0
    outer loop
      vertex 0 166.79999999701977 171.25689730793238
      vertex 0 167.70000000298023 169.69860538095236
      vertex 0 157.70000000298023 163.92510268837214
    endloop
  endfacet
  facet normal -1 0 0
    outer loop
      vertex 0 156.79999999701977 165.48339461535215
      vertex 0 166.79999999701977 171.25689730793238
      vertex 0 157.70000000298023 163.92510268837214
    endloop
  endfacet
  facet normal -1 0 0
    outer loop
      vertex 0 156.79999999701977 165.48339461535215
      vertex 0 157.70000000298023 163.92510268837214
      vertex 0 145.89999999850988 169.69860538095236
    endloop
  endfacet
  facet normal -1 0 0
    outer loop
      vertex 0 145 171.25689730793238
      vertex 0 156.79999999701977 165.48339461535215
      vertex 0 145.89999999850988 169.69860538095236
    endloop
  endfacet
  facet normal -1 0 0
    outer loop
      vertex 0 145 171.25689730793238
      vertex 0 145.89999999850988 169.69860538095236
      vertex 0 135.89999999850988 163.92510268837214
    endloop
  endfacet
  facet normal -1 0 0
    outer loop
      vertex 0 135 165.48339461535215
      vertex 0 145 171.25689730793238
      vertex 0 135.89999999850988 163.92510268837214
    endloop
  endfacet
  facet normal -1 0 0
    outer loop
      vertex 0 135 165.48339461535215
      vertex 0 135.89999999850988 163.92510268837214
      vertex 0 124.10000000149012 169.69860538095236
    endloop
  endfacet
  facet normal -1 0 0
    outer loop
      vertex 0 123.20000000298023 171.25689730793238
      vertex 0 135 165.48339461535215
      vertex 0 124.10000000149012 169.69860538095236
    endloop
  endfacet
  facet normal -1 0 0
    outer loop
      vertex 0 123.20000000298023 171.25689730793238
      vertex 0 124.10000000149012 169.69860538095236
      vertex 0 114.10000000149012 163.92510268837214
    endloop
  endfacet
  facet normal -1 0 0
    outer loop
      vertex 0 113.20000000298023 165.48339461535215
      vertex 0 123.20000000298023 171.25689730793238
      vertex 0 114.10000000149012 163.92510268837214
    endloop
  endfacet
  facet normal -1 0 0
    outer loop
      vertex 0 113.20000000298023 165.48339461535215
      vertex 0 114.10000000149012 163.92510268837214
      vertex 0 102.29999999701977 169.69860538095236
    endloop
  endfacet
  facet normal -1 0 0
    outer loop
      vertex 0 101.39999999850988 171.25689730793238
      vertex 0 113.20000000298023 165.48339461535215
      vertex 0 102.29999999701977 169.69860538095236
    endloop
  endfacet
  facet normal -1 0 0
    outer loop
      vertex 0 101.39999999850988 171.25689730793238
      vertex 0 102.29999999701977 169.69860538095236
      vertex 0 92.29999999701977 163.92510268837214
    endloop
  endfacet
  facet normal -1 0 0
    outer loop
      vertex 0 91.39999999850988 165.48339461535215
      vertex 0 101.39999999850988 171.25689730793238
      vertex 0 92.29999999701977 163.92510268837214
    endloop
  endfacet
  facet normal -1 0 0
    outer loop
      vertex 0 91.39999999850988 165.48339461535215
      vertex 0 92.29999999701977 163.92510268837214
      vertex 0 80.5 169.69860538095236
    endloop
  endfacet
  facet normal -1 0 0
    outer loop
      vertex 0 79.60000000149012 171.25689730793238
      vertex 0 91.39999999850988 165.48339461535215
      vertex 0 80.5 169.69860538095236
    endloop
  endfacet
  facet normal -1 0 0
    outer loop
      vertex 0 79.60000000149012 171.25689730793238
      vertex 0 80.5 169.69860538095236
      vertex 0 70.5 163.92510268837214
    endloop
  endfacet
  facet normal -1 0 0
    outer loop
      vertex 0 69.60000000149012 165.48339461535215
      vertex 0 79.60000000149012 171.25689730793238
      vertex 0 70.5 163.92510268837214
    endloop
  endfacet
  facet normal -1 0 0
    outer loop
      vertex 0 69.60000000149012 165.48339461535215
      vertex 0 70.5 163.92510268837214
      vertex 0 58.70000000298023 169.69860538095236
    endloop
  endfacet
  facet normal -1 0 0
    outer loop
      vertex 0 57.79999999701977 171.25689730793238
      vertex 0 69.60000000149012 165.48339461535215
      vertex 0 58.70000000298023 169.69860538095236
    endloop
  endfacet
  facet normal -1 0 0
    outer loop
      vertex 0 57.79999999701977 171.25689730793238
      vertex 0 58.70000000298023 169.69860538095236
      vertex 0 48.70000000298023 163.92510268837214
    endloop
  endfacet
  facet normal -1 0 0
    outer loop
      vertex 0 47.79999999701977 165.48339461535215
      vertex 0 57.79999999701977 171.25689730793238
      vertex 0 48.70000000298023 163.92510268837214
    endloop
  endfacet
  facet normal -1 0 0
    outer loop
      vertex 0 47.79999999701977 165.48339461535215
      vertex 0 48.70000000298023 163.92510268837214
      vertex 0 36.899999998509884 169.69860538095236
    endloop
  endfacet
  facet normal -1 0 0
    outer loop
      vertex 0 36 171.25689730793238
      vertex 0 47.79999999701977 165.48339461535215
      vertex 0 36.899999998509884 169.69860538095236
    endloop
  endfacet
  facet normal -1 0 0
    outer loop
      vertex 0 36 171.25689730793238
      vertex 0 36.899999998509884 169.69860538095236
      vertex 0 26.899999998509884 163.92510268837214
    endloop
  endfacet
  facet normal -1 0 0
    outer loop
      vertex 0 26 165.48339461535215
      vertex 0 36 171.25689730793238
      vertex 0 26.899999998509884 163.92510268837214
    endloop
  endfacet
  facet normal -1 0 0
    outer loop
      vertex 0 26 165.48339461535215
      vertex 0 26.899999998509884 163.92510268837214
      vertex 0 16 145.04630269110203
    endloop
  endfacet
  facet normal -1 0 0
    outer loop
      vertex 0 16 171.25689730793238
      vertex 0 26 165.48339461535215
      vertex 0 16 145.04630269110203
    endloop
  endfacet
  facet normal -1 0 0
    outer loop
      vertex 0 16 133.49929730594158
      vertex 0 16 107.28870268911123
      vertex 0 0 0
    endloop
  endfacet
  facet normal -1 0 0
    outer loop
      vertex 0 250 350
      vertex 0 178.60000000149012 339.60780538618565
      vertex 0 156.79999999701977 339.60780538618565
    endloop
  endfacet
  facet normal -1 0 0
    outer loop
      vertex 0 0 350
      vertex 0 250 350
      vertex 0 156.79999999701977 339.60780538618565
    endloop
  endfacet
  facet normal -1 0 0
    outer loop
      vertex 0 232.20000000298023 209.01449730992317
      vertex 0 232.20000000298023 220.56150269508362
      vertex 0 250 350
    endloop
  endfacet
  facet normal -1 0 0
    outer loop
      vertex 0 232.20000000298023 209.01449730992317
      vertex 0 250 350
      vertex 0 232.20000000298023 182.80390269309282
    endloop
  endfacet
  facet normal -1 0 0
    outer loop
      vertex 0 222.20000000298023 203.24099461734295
      vertex 0 232.20000000298023 209.01449730992317
      vertex 0 232.20000000298023 182.80390269309282
    endloop
  endfacet
  facet normal -1 0 0
    outer loop
      vertex 0 222.20000000298023 203.24099461734295
      vertex 0 232.20000000298023 182.80390269309282
      vertex 0 221.29999999701977 201.68270269036293
    endloop
  endfacet
  facet normal -1 0 0
    outer loop
      vertex 0 222.20000000298023 203.24099461734295
      vertex 0 221.29999999701977 201.68270269036293
      vertex 0 211.29999999701977 207.45620538294315
    endloop
  endfacet
  facet normal -1 0 0
    outer loop
      vertex 0 210.39999999850988 209.01449730992317
      vertex 0 222.20000000298023 203.24099461734295
      vertex 0 211.29999999701977 207.45620538294315
    endloop
  endfacet
  facet normal -1 0 0
    outer loop
      vertex 0 210.39999999850988 209.01449730992317
      vertex 0 211.29999999701977 207.45620538294315
      vertex 0 201.29999999701977 201.68270269036293
    endloop
  endfacet
  facet normal -1 0 0
    outer loop
      vertex 0 200.39999999850988 203.24099461734295
      vertex 0 210.39999999850988 209.01449730992317
      vertex 0 201.29999999701977 201.68270269036293
    endloop
  endfacet
  facet normal -1 0 0
    outer loop
      vertex 0 200.39999999850988 203.24099461734295
      vertex 0 201.29999999701977 201.68270269036293
      vertex 0 189.5 207.45620538294315
    endloop
  endfacet
  facet normal -1 0 0
    outer loop
      vertex 0 188.60000000149012 209.01449730992317
      vertex 0 200.39999999850988 203.24099461734295
      vertex 0 189.5 207.45620538294315
    endloop
  endfacet
  facet normal -1 0 0
    outer loop
      vertex 0 188.60000000149012 209.01449730992317
      vertex 0 189.5 207.45620538294315
      vertex 0 179.5 201.68270269036293
    endloop
  endfacet
  facet normal -1 0 0
    outer loop
      vertex 0 178.60000000149012 203.24099461734295
      vertex 0 188.60000000149012 209.01449730992317
      vertex 0 179.5 201.68270269036293
    endloop
  endfacet
  facet normal -1 0 0
    outer loop
      vertex 0 178.60000000149012 203.24099461734295
      vertex 0 179.5 201.68270269036293
      vertex 0 167.70000000298023 207.45620538294315
    endloop
  endfacet
  facet normal -1 0 0
    outer loop
      vertex 0 166.79999999701977 209.01449730992317
      vertex 0 178.60000000149012 203.24099461734295
      vertex 0 167.70000000298023 207.45620538294315
    endloop
  endfacet
  facet normal -1 0 0
    outer loop
      vertex 0 166.79999999701977 209.01449730992317
      vertex 0 167.70000000298023 207.45620538294315
      vertex 0 157.70000000298023 201.68270269036293
    endloop
  endfacet
  facet normal -1 0 0
    outer loop
      vertex 0 156.79999999701977 203.24099461734295
      vertex 0 166.79999999701977 209.01449730992317
      vertex 0 157.70000000298023 201.68270269036293
    endloop
  endfacet
  facet normal -1 0 0
    outer loop
      vertex 0 156.79999999701977 203.24099461734295
      vertex 0 157.70000000298023 201.68270269036293
      vertex 0 145.89999999850988 207.45620538294315
    endloop
  endfacet
  facet normal -1 0 0
    outer loop
      vertex 0 145 209.01449730992317
      vertex 0 156.79999999701977 203.24099461734295
      vertex 0 145.89999999850988 207.45620538294315
    endloop
  endfacet
  facet normal -1 0 0
    outer loop
      vertex 0 145 209.01449730992317
      vertex 0 145.89999999850988 207.45620538294315
      vertex 0 135.89999999850988 201.68270269036293
    endloop
  endfacet
  facet normal -1 0 0
    outer loop
      vertex 0 135 203.24099461734295
      vertex 0 145 209.01449730992317
      vertex 0 135.89999999850988 201.68270269036293
    endloop
  endfacet
  facet normal -1 0 0
    outer loop
      vertex 0 135 203.24099461734295
      vertex 0 135.89999999850988 201.68270269036293
      vertex 0 124.10000000149012 207.45620538294315
    endloop
  endfacet
  facet normal -1 0 0
    outer loop
      vertex 0 123.20000000298023 209.01449730992317
      vertex 0 135 203.24099461734295
      vertex 0 124.10000000149012 207.45620538294315
    endloop
  endfacet
  facet normal -1 0 0
    outer loop
      vertex 0 123.20000000298023 209.01449730992317
      vertex 0 124.10000000149012 207.45620538294315
      vertex 0 114.10000000149012 201.68270269036293
    endloop
  endfacet
  facet normal -1 0 0
    outer loop
      vertex 0 113.20000000298023 203.24099461734295
      vertex 0 123.20000000298023 209.01449730992317
      vertex 0 114.10000000149012 201.68270269036293
    endloop
  endfacet
  facet normal -1 0 0
    outer loop
      vertex 0 113.20000000298023 203.24099461734295
      vertex 0 114.10000000149012 201.68270269036293
      vertex 0 102.29999999701977 207.45620538294315
    endloop
  endfacet
  facet normal -1 0 0
    outer loop
      vertex 0 101.39999999850988 209.01449730992317
      vertex 0 113.20000000298023 203.24099461734295
      vertex 0 102.29999999701977 207.45620538294315
    endloop
  endfacet
  facet normal -1 0 0
    outer loop
      vertex 0 101.39999999850988 209.01449730992317
      vertex 0 102.29999999701977 207.45620538294315
      vertex 0 92.29999999701977 201.68270269036293
    endloop
  endfacet
  facet normal -1 0 0
    outer loop
      vertex 0 91.39999999850988 203.24099461734295
      vertex 0 101.39999999850988 209.01449730992317
      vertex 0 92.29999999701977 201.68270269036293
    endloop
  endfacet
  facet normal -1 0 0
    outer loop
      vertex 0 91.39999999850988 203.24099461734295
      vertex 0 92.29999999701977 201.68270269036293
      vertex 0 80.5 207.45620538294315
    endloop
  endfacet
  facet normal -1 0 0
    outer loop
      vertex 0 79.60000000149012 209.01449730992317
      vertex 0 91.39999999850988 203.24099461734295
      vertex 0 80.5 207.45620538294315
    endloop
  endfacet
  facet normal -1 0 0
    outer loop
      vertex 0 79.60000000149012 209.01449730992317
      vertex 0 80.5 207.45620538294315
      vertex 0 70.5 201.68270269036293
    endloop
  endfacet
  facet normal -1 0 0
    outer loop
      vertex 0 69.60000000149012 203.24099461734295
      vertex 0 79.60000000149012 209.01449730992317
      vertex 0 70.5 201.68270269036293
    endloop
  endfacet
  facet normal -1 0 0
    outer loop
      vertex 0 69.60000000149012 203.24099461734295
      vertex 0 70.5 201.68270269036293
      vertex 0 58.70000000298023 207.45620538294315
    endloop
  endfacet
  facet normal -1 0 0
    outer loop
      vertex 0 57.79999999701977 209.01449730992317
      vertex 0 69.60000000149012 203.24099461734295
      vertex 0 58.70000000298023 207.45620538294315
    endloop
  endfacet
  facet normal -1 0 0
    outer loop
      vertex 0 57.79999999701977 209.01449730992317
      vertex 0 58.70000000298023 207.45620538294315
      vertex 0 48.70000000298023 201.68270269036293
    endloop
  endfacet
  facet normal -1 0 0
    outer loop
      vertex 0 47.79999999701977 203.24099461734295
      vertex 0 57.79999999701977 209.01449730992317
      vertex 0 48.70000000298023 201.68270269036293
    endloop
  endfacet
  facet normal -1 0 0
    outer loop
      vertex 0 47.79999999701977 203.24099461734295
      vertex 0 48.70000000298023 201.68270269036293
      vertex 0 36.899999998509884 207.45620538294315
    endloop
  endfacet
  facet normal -1 0 0
    outer loop
      vertex 0 36 209.01449730992317
      vertex 0 47.79999999701977 203.24099461734295
      vertex 0 36.899999998509884 207.45620538294315
    endloop
  endfacet
  facet normal -1 0 0
    outer loop
      vertex 0 36 209.01449730992317
      vertex 0 36.899999998509884 207.45620538294315
      vertex 0 26.899999998509884 201.68270269036293
    endloop
  endfacet
  facet normal -1 0 0
    outer loop
      vertex 0 26 203.24099461734295
      vertex 0 36 209.01449730992317
      vertex 0 26.899999998509884 201.68270269036293
    endloop
  endfacet
  facet normal -1 0 0
    outer loop
      vertex 0 26 203.24099461734295
      vertex 0 26.899999998509884 201.68270269036293
      vertex 0 16 182.80390269309282
    endloop
  endfacet
  facet normal -1 0 0
    outer loop
      vertex 0 16 209.01449730992317
      vertex 0 26 203.24099461734295
      vertex 0 16 182.80390269309282
    endloop
  endfacet
  facet normal -1 0 0
    outer loop
      vertex 0 16 133.49929730594158
      vertex 0 0 0
      vertex 0 0 350
    endloop
  endfacet
  facet normal -1 0 0
    outer loop
      vertex 0 0 350
      vertex 0 156.79999999701977 339.60780538618565
      vertex 0 135 339.60780538618565
    endloop
  endfacet
  facet normal -1 0 0
    outer loop
      vertex 0 0 350
      vertex 0 135 339.60780538618565
      vertex 0 113.20000000298023 339.60780538618565
    endloop
  endfacet
  facet normal -1 0 0
    outer loop
      vertex 0 0 350
      vertex 0 113.20000000298023 339.60780538618565
      vertex 0 91.39999999850988 339.60780538618565
    endloop
  endfacet
  facet normal -1 0 0
    outer loop
      vertex 0 0 350
      vertex 0 91.39999999850988 339.60780538618565
      vertex 0 69.60000000149012 339.60780538618565
    endloop
  endfacet
  facet normal -1 0 0
    outer loop
      vertex 0 0 350
      vertex 0 69.60000000149012 339.60780538618565
      vertex 0 47.79999999701977 339.60780538618565
    endloop
  endfacet
  facet normal -1 0 0
    outer loop
      vertex 0 0 350
      vertex 0 47.79999999701977 339.60780538618565
      vertex 0 26 339.60780538618565
    endloop
  endfacet
  facet normal -1 0 0
    outer loop
      vertex 0 0 350
      vertex 0 26 339.60780538618565
      vertex 0 16 333.8343026936054
    endloop
  endfacet
  facet normal -1 0 0
    outer loop
      vertex 0 0 350
      vertex 0 16 333.8343026936054
      vertex 0 16 322.287297308445
    endloop
  endfacet
  facet normal -1 0 0
    outer loop
      vertex 0 0 350
      vertex 0 16 322.287297308445
      vertex 0 16 296.0767026916146
    endloop
  endfacet
  facet normal -1 0 0
    outer loop
      vertex 0 0 350
      vertex 0 16 296.0767026916146
      vertex 0 16 284.5296973064542
    endloop
  endfacet
  facet normal -1 0 0
    outer loop
      vertex 0 0 350
      vertex 0 16 284.5296973064542
      vertex 0 16 258.31910268962383
    endloop
  endfacet
  facet normal -1 0 0
    outer loop
      vertex 0 0 350
      vertex 0 16 258.31910268962383
      vertex 0 16 246.7720973044634
    endloop
  endfacet
  facet normal -1 0 0
    outer loop
      vertex 0 0 350
      vertex 0 16 246.7720973044634
      vertex 0 16 220.56150269508362
    endloop
  endfacet
  facet normal -1 0 0
    outer loop
      vertex 0 0 350
      vertex 0 16 220.56150269508362
      vertex 0 16 209.01449730992317
    endloop
  endfacet
  facet normal -1 0 0
    outer loop
      vertex 0 0 350
      vertex 0 16 209.01449730992317
      vertex 0 16 182.80390269309282
    endloop
  endfacet
  facet normal -1 0 0
    outer loop
      vertex 0 16 145.04630269110203
      vertex 0 16 133.49929730594158
      vertex 0 0 350
    endloop
  endfacet
  facet normal -1 0 0
    outer loop
      vertex 0 16 171.25689730793238
      vertex 0 16 145.04630269110203
      vertex 0 0 350
    endloop
  endfacet
  facet normal -1 0 0
    outer loop
      vertex 0 16 171.25689730793238
      vertex 0 0 350
      vertex 0 16 182.80390269309282
    endloop
  endfacet
endsolid OpenSCAD_Model
