solid OpenSCAD_Model
  facet normal 0 -1 0
    outer loop
      vertex -10.984732165932655 -5 -6.713472254574299
      vertex -10 -5 -5
      vertex -10.996178172528744 -5 -6.607008777558804
    endloop
  endfacet
  facet normal 0 -1 0
    outer loop
      vertex -10.996178172528744 -5 -6.607008777558804
      vertex -10 -5 -5
      vertex -11 -5 -6.5
    endloop
  endfacet
  facet normal 0 -1 0
    outer loop
      vertex -11 -5 -6.5
      vertex -10 -5 -5
      vertex -11 -5 -6.207106783986092
    endloop
  endfacet
  facet normal 0 -1 0
    outer loop
      vertex -11 -5 -6.207106783986092
      vertex -10 -5 -5
      vertex -10.998726055026054 -5 -6.171437188982964
    endloop
  endfacet
  facet normal 0 -1 0
    outer loop
      vertex -10.998726055026054 -5 -6.171437188982964
      vertex -10 -5 -5
      vertex -10.994910724461079 -5 -6.135949358344078
    endloop
  endfacet
  facet normal 0 -1 0
    outer loop
      vertex -10.994910724461079 -5 -6.135949358344078
      vertex -10 -5 -5
      vertex -10.988573431968689 -5 -6.100824140012264
    endloop
  endfacet
  facet normal 0 -1 0
    outer loop
      vertex -10.700811862945557 -5 -7.398916497826576
      vertex -10.633624359965324 -5 -7.482291102409363
      vertex -10 -5 -5
    endloop
  endfacet
  facet normal 0 -1 0
    outer loop
      vertex -10.633624359965324 -5 -7.482291102409363
      vertex -10.560660168528557 -5 -7.560660168528557
      vertex -10 -5 -5
    endloop
  endfacet
  facet normal 0 -1 0
    outer loop
      vertex -10.560660168528557 -5 -7.560660168528557
      vertex -10.482291102409363 -5 -7.633624359965324
      vertex -10 -5 -5
    endloop
  endfacet
  facet normal 0 -1 0
    outer loop
      vertex -10.482291102409363 -5 -7.633624359965324
      vertex -10.398916497826576 -5 -7.700811862945557
      vertex -10 -5 -5
    endloop
  endfacet
  facet normal 0 -1 0
    outer loop
      vertex -10.398916497826576 -5 -7.700811862945557
      vertex -10.310961224138737 -5 -7.761880300939083
      vertex -10 -5 -5
    endloop
  endfacet
  facet normal 0 -1 0
    outer loop
      vertex -10.310961224138737 -5 -7.761880300939083
      vertex -10.218873478472233 -5 -7.816518485546112
      vertex -10 -5 -5
    endloop
  endfacet
  facet normal 0 -1 0
    outer loop
      vertex -10.218873478472233 -5 -7.816518485546112
      vertex -10.1231225207448 -5 -7.864447996020317
      vertex -10 -5 -5
    endloop
  endfacet
  facet normal 0 -1 0
    outer loop
      vertex -10.1231225207448 -5 -7.864447996020317
      vertex -10.02419626712799 -5 -7.90542458742857
      vertex -10 -5 -5
    endloop
  endfacet
  facet normal 0 -1 0
    outer loop
      vertex -10.02419626712799 -5 -7.90542458742857
      vertex -9.922598838806152 -5 -7.939239457249641
      vertex -10 -5 -5
    endloop
  endfacet
  facet normal 0 -1 0
    outer loop
      vertex -10.939239457249641 -5 -6.922598838806152
      vertex -10 -5 -5
      vertex -10.965720295906067 -5 -6.818847931921482
    endloop
  endfacet
  facet normal 0 -1 0
    outer loop
      vertex -10.939239457249641 -5 -6.922598838806152
      vertex -10.90542458742857 -5 -7.024196267127991
      vertex -10 -5 -5
    endloop
  endfacet
  facet normal 0 -1 0
    outer loop
      vertex -10.864447996020317 -5 -7.123122520744801
      vertex -10 -5 -5
      vertex -10.90542458742857 -5 -7.024196267127991
    endloop
  endfacet
  facet normal 0 -1 0
    outer loop
      vertex -10.864447996020317 -5 -7.123122520744801
      vertex -10.816518485546112 -5 -7.218873478472233
      vertex -10 -5 -5
    endloop
  endfacet
  facet normal 0 -1 0
    outer loop
      vertex -10.761880300939083 -5 -7.310961224138737
      vertex -10 -5 -5
      vertex -10.816518485546112 -5 -7.218873478472233
    endloop
  endfacet
  facet normal 0 -1 0
    outer loop
      vertex -10.761880300939083 -5 -7.310961224138737
      vertex -10.700811862945557 -5 -7.398916497826576
      vertex -10 -5 -5
    endloop
  endfacet
  facet normal 0 -1 0
    outer loop
      vertex -10.984732165932655 -5 -6.713472254574299
      vertex -10.965720295906067 -5 -6.818847931921482
      vertex -10 -5 -5
    endloop
  endfacet
  facet normal 0 -1 0
    outer loop
      vertex -10.988573431968689 -5 -6.100824140012264
      vertex -10 -5 -5
      vertex -10.979746483266354 -5 -6.066240504384041
    endloop
  endfacet
  facet normal 0 -1 0
    outer loop
      vertex -10.979746483266354 -5 -6.066240504384041
      vertex -10 -5 -5
      vertex -10.968474864959717 -5 -6.032374694943428
    endloop
  endfacet
  facet normal 0 -1 0
    outer loop
      vertex -10.968474864959717 -5 -6.032374694943428
      vertex -10 -5 -5
      vertex -10.954815998673439 -5 -5.999399274587631
    endloop
  endfacet
  facet normal 0 -1 0
    outer loop
      vertex -10.954815998673439 -5 -5.999399274587631
      vertex -10 -5 -5
      vertex -10.938839495182037 -5 -5.967482291162014
    endloop
  endfacet
  facet normal 0 -1 0
    outer loop
      vertex -10.938839495182037 -5 -5.967482291162014
      vertex -10 -5 -5
      vertex -10.920626766979694 -5 -5.936786375939846
    endloop
  endfacet
  facet normal 0 -1 0
    outer loop
      vertex -10.920626766979694 -5 -5.936786375939846
      vertex -10 -5 -5
      vertex -10.900270618498325 -5 -5.907467946410179
    endloop
  endfacet
  facet normal 0 -1 0
    outer loop
      vertex -10.900270618498325 -5 -5.907467946410179
      vertex -10 -5 -5
      vertex -10.877874784171581 -5 -5.879676416516304
    endloop
  endfacet
  facet normal 0 -1 0
    outer loop
      vertex -10.877874784171581 -5 -5.879676416516304
      vertex -10 -5 -5
      vertex -10.853553391993046 -5 -5.853553391993046
    endloop
  endfacet
  facet normal -0.9238795474178363 0 -0.38268339637749377
    outer loop
      vertex -10.864447996020317 -5 -7.123122520744801
      vertex -10.90542458742857 -5 -7.024196267127991
      vertex -10.864447996020317 5 -7.123122520744801
    endloop
  endfacet
  facet normal -0.96893730490943 0 -0.247306488299135
    outer loop
      vertex -10.939239457249641 -5 -6.922598838806152
      vertex -10.965720295906067 -5 -6.818847931921482
      vertex -10.939239457249641 5 -6.922598838806152
    endloop
  endfacet
  facet normal -0.9841111944067643 0 -0.1775532512889915
    outer loop
      vertex -10.984732165932655 -5 -6.713472254574299
      vertex -10.965720295906067 5 -6.818847931921482
      vertex -10.965720295906067 -5 -6.818847931921482
    endloop
  endfacet
  facet normal -0.9942703036541346 0 -0.10689510405773878
    outer loop
      vertex -10.984732165932655 -5 -6.713472254574299
      vertex -10.996178172528744 -5 -6.607008777558804
      vertex -10.984732165932655 5 -6.713472254574299
    endloop
  endfacet
  facet normal -0.9488259200994271 0 -0.3157995778139601
    outer loop
      vertex -10.939239457249641 -5 -6.922598838806152
      vertex -10.90542458742857 5 -7.024196267127991
      vertex -10.90542458742857 -5 -7.024196267127991
    endloop
  endfacet
  facet normal -0.8600142411827524 0 -0.5102700314175376
    outer loop
      vertex -10.761880300939083 -5 -7.310961224138737
      vertex -10.816518485546112 -5 -7.218873478472233
      vertex -10.761880300939083 5 -7.310961224138737
    endloop
  endfacet
  facet normal -0.8942252578234791 0 -0.44761723410804044
    outer loop
      vertex -10.864447996020317 -5 -7.123122520744801
      vertex -10.816518485546112 5 -7.218873478472233
      vertex -10.816518485546112 -5 -7.218873478472233
    endloop
  endfacet
  facet normal -0.8214207748538839 0 -0.5703226373189522
    outer loop
      vertex -10.761880300939083 -5 -7.310961224138737
      vertex -10.700811862945557 5 -7.398916497826576
      vertex -10.700811862945557 -5 -7.398916497826576
    endloop
  endfacet
  facet normal -0.9993628258941524 0 -0.035692327198633016
    outer loop
      vertex -10.996178172528744 -5 -6.607008777558804
      vertex -11 -5 -6.5
      vertex -10.996178172528744 5 -6.607008777558804
    endloop
  endfacet
  facet normal -1 0 0
    outer loop
      vertex -11 -5 -6.5
      vertex -11 -5 -6.207106783986092
      vertex -11 5 -6.5
    endloop
  endfacet
  facet normal -0.9993628235008493 0 0.03569239420956029
    outer loop
      vertex -11 -5 -6.207106783986092
      vertex -10.998726055026054 -5 -6.171437188982964
      vertex -11 5 -6.207106783986092
    endloop
  endfacet
  facet normal -0.9942703200348908 0 0.10689495169424826
    outer loop
      vertex -10.998726055026054 -5 -6.171437188982964
      vertex -10.994910724461079 -5 -6.135949358344078
      vertex -10.998726055026054 5 -6.171437188982964
    endloop
  endfacet
  facet normal -0.9841111756679222 0 0.1775533551513459
    outer loop
      vertex -10.994910724461079 -5 -6.135949358344078
      vertex -10.988573431968689 -5 -6.100824140012264
      vertex -10.994910724461079 5 -6.135949358344078
    endloop
  endfacet
  facet normal -0.9689372882359932 0 0.24730655362500997
    outer loop
      vertex -10.988573431968689 -5 -6.100824140012264
      vertex -10.979746483266354 -5 -6.066240504384041
      vertex -10.988573431968689 5 -6.100824140012264
    endloop
  endfacet
  facet normal -0.9488259617980734 0 0.31579945252954583
    outer loop
      vertex -10.979746483266354 -5 -6.066240504384041
      vertex -10.968474864959717 -5 -6.032374694943428
      vertex -10.979746483266354 5 -6.066240504384041
    endloop
  endfacet
  facet normal -0.9238795330070325 0 0.3826834311682539
    outer loop
      vertex -10.968474864959717 -5 -6.032374694943428
      vertex -10.954815998673439 -5 -5.999399274587631
      vertex -10.968474864959717 5 -6.032374694943428
    endloop
  endfacet
  facet normal -0.8942252438820415 0 0.447617261959482
    outer loop
      vertex -10.954815998673439 -5 -5.999399274587631
      vertex -10.938839495182037 -5 -5.967482291162014
      vertex -10.954815998673439 5 -5.999399274587631
    endloop
  endfacet
  facet normal -0.8600142411827524 0 0.5102700314175375
    outer loop
      vertex -10.938839495182037 -5 -5.967482291162014
      vertex -10.920626766979694 -5 -5.936786375939846
      vertex -10.938839495182037 5 -5.967482291162014
    endloop
  endfacet
  facet normal -0.82142078752196 0 0.5703226190734529
    outer loop
      vertex -10.920626766979694 -5 -5.936786375939846
      vertex -10.900270618498325 -5 -5.907467946410179
      vertex -10.920626766979694 5 -5.936786375939846
    endloop
  endfacet
  facet normal -0.7786414816185276 0 0.6274690774077271
    outer loop
      vertex -10.900270618498325 -5 -5.907467946410179
      vertex -10.877874784171581 -5 -5.879676416516304
      vertex -10.900270618498325 5 -5.907467946410179
    endloop
  endfacet
  facet normal -0.7318945954793982 0 0.6814178608666256
    outer loop
      vertex -10.877874784171581 -5 -5.879676416516304
      vertex -10.853553391993046 -5 -5.853553391993046
      vertex -10.877874784171581 5 -5.879676416516304
    endloop
  endfacet
  facet normal -0.778641536409439 0 -0.62746900941636
    outer loop
      vertex -10.700811862945557 -5 -7.398916497826576
      vertex -10.633624359965324 5 -7.482291102409363
      vertex -10.633624359965324 -5 -7.482291102409363
    endloop
  endfacet
  facet normal -0.7318944937663456 0 -0.6814179701141619
    outer loop
      vertex -10.633624359965324 -5 -7.482291102409363
      vertex -10.560660168528557 5 -7.560660168528557
      vertex -10.560660168528557 -5 -7.560660168528557
    endloop
  endfacet
  facet normal -0.6814179701141619 0 -0.7318944937663456
    outer loop
      vertex -10.560660168528557 -5 -7.560660168528557
      vertex -10.482291102409363 5 -7.633624359965324
      vertex -10.482291102409363 -5 -7.633624359965324
    endloop
  endfacet
  facet normal -0.62746900941636 0 -0.778641536409439
    outer loop
      vertex -10.482291102409363 -5 -7.633624359965324
      vertex -10.398916497826576 5 -7.700811862945557
      vertex -10.398916497826576 -5 -7.700811862945557
    endloop
  endfacet
  facet normal -0.5703226373189522 0 -0.8214207748538839
    outer loop
      vertex -10.398916497826576 -5 -7.700811862945557
      vertex -10.310961224138737 5 -7.761880300939083
      vertex -10.310961224138737 -5 -7.761880300939083
    endloop
  endfacet
  facet normal -0.44761723410804044 0 -0.8942252578234791
    outer loop
      vertex -10.218873478472233 -5 -7.816518485546112
      vertex -10.1231225207448 5 -7.864447996020317
      vertex -10.1231225207448 -5 -7.864447996020317
    endloop
  endfacet
  facet normal -0.5102700314175376 0 -0.8600142411827524
    outer loop
      vertex -10.310961224138737 -5 -7.761880300939083
      vertex -10.218873478472233 5 -7.816518485546112
      vertex -10.218873478472233 -5 -7.816518485546112
    endloop
  endfacet
  facet normal -0.38268339637749377 0 -0.9238795474178363
    outer loop
      vertex -10.1231225207448 -5 -7.864447996020317
      vertex -10.02419626712799 5 -7.90542458742857
      vertex -10.02419626712799 -5 -7.90542458742857
    endloop
  endfacet
  facet normal -0.3157995778139601 0 -0.9488259200994271
    outer loop
      vertex -10.02419626712799 -5 -7.90542458742857
      vertex -9.922598838806152 5 -7.939239457249641
      vertex -9.922598838806152 -5 -7.939239457249641
    endloop
  endfacet
  facet normal -0.7071067811865476 0 0.7071067811865476
    outer loop
      vertex -10.853553391993046 -5 -5.853553391993046
      vertex -10 -5 -5
      vertex -10.853553391993046 5 -5.853553391993046
    endloop
  endfacet
  facet normal 0 -1 0
    outer loop
      vertex -9.922598838806152 -5 -7.939239457249641
      vertex -9.818847931921482 -5 -7.965720295906067
      vertex -10 -5 -5
    endloop
  endfacet
  facet normal 0 -1 0
    outer loop
      vertex -9.818847931921482 -5 -7.965720295906067
      vertex -9.713472254574299 -5 -7.984732165932655
      vertex -10 -5 -5
    endloop
  endfacet
  facet normal 0 -1 0
    outer loop
      vertex -9.713472254574299 -5 -7.984732165932655
      vertex -9.607008777558804 -5 -7.996178172528744
      vertex -10 -5 -5
    endloop
  endfacet
  facet normal 0 -1 0
    outer loop
      vertex -9.607008777558804 -5 -7.996178172528744
      vertex -9.5 -5 -8
      vertex -10 -5 -5
    endloop
  endfacet
  facet normal 0 -1 0
    outer loop
      vertex -9.5 -5 -8
      vertex -7.312886498868465 -5 -4.860989831387997
      vertex -10 -5 -5
    endloop
  endfacet
  facet normal -0.247306488299135 0 -0.96893730490943
    outer loop
      vertex -9.922598838806152 -5 -7.939239457249641
      vertex -9.818847931921482 5 -7.965720295906067
      vertex -9.818847931921482 -5 -7.965720295906067
    endloop
  endfacet
  facet normal -0.1775532512889915 0 -0.9841111944067643
    outer loop
      vertex -9.818847931921482 -5 -7.965720295906067
      vertex -9.713472254574299 5 -7.984732165932655
      vertex -9.713472254574299 -5 -7.984732165932655
    endloop
  endfacet
  facet normal -0.10689510405773878 0 -0.9942703036541346
    outer loop
      vertex -9.713472254574299 -5 -7.984732165932655
      vertex -9.607008777558804 5 -7.996178172528744
      vertex -9.607008777558804 -5 -7.996178172528744
    endloop
  endfacet
  facet normal -0.035692327198633016 0 -0.9993628258941524
    outer loop
      vertex -9.607008777558804 -5 -7.996178172528744
      vertex -9.5 5 -8
      vertex -9.5 -5 -8
    endloop
  endfacet
  facet normal 0 0 -1
    outer loop
      vertex -9.5 -5 -8
      vertex -8.210520759224892 5 -8
      vertex -8.210520759224892 -5 -8
    endloop
  endfacet
  facet normal 0 -1 0
    outer loop
      vertex -9.5 -5 -8
      vertex -8.210520759224892 -5 -8
      vertex -7.203869022428989 -5 -4.955004125833511
    endloop
  endfacet
  facet normal 0 -1 0
    outer loop
      vertex -9.5 -5 -8
      vertex -7.203869022428989 -5 -4.955004125833511
      vertex -7.312886498868465 -5 -4.860989831387997
    endloop
  endfacet
  facet normal 0 -1 0
    outer loop
      vertex -8.210520759224892 -5 -8
      vertex -7.951769009232521 -5 -7.990422256290913
      vertex -7.088371343910694 -5 -5.040933080017567
    endloop
  endfacet
  facet normal 0 -1 0
    outer loop
      vertex -7.951769009232521 -5 -7.990422256290913
      vertex -7.694433398544788 -5 -7.9617414474487305
      vertex -7.088371343910694 -5 -5.040933080017567
    endloop
  endfacet
  facet normal 0 -1 0
    outer loop
      vertex -7.694433398544788 -5 -7.9617414474487305
      vertex -7.4399223402142525 -5 -7.914114534854889
      vertex -6.966991849243641 -5 -5.118331491947174
    endloop
  endfacet
  facet normal 0 -1 0
    outer loop
      vertex -7.4399223402142525 -5 -7.914114534854889
      vertex -7.189628757536411 -5 -7.8478021919727325
      vertex -6.966991849243641 -5 -5.118331491947174
    endloop
  endfacet
  facet normal 0 -1 0
    outer loop
      vertex -8.210520759224892 -5 -8
      vertex -7.088371343910694 -5 -5.040933080017567
      vertex -7.203869022428989 -5 -4.955004125833511
    endloop
  endfacet
  facet normal 0 -1 0
    outer loop
      vertex -7.694433398544788 -5 -7.9617414474487305
      vertex -6.966991849243641 -5 -5.118331491947174
      vertex -7.088371343910694 -5 -5.040933080017567
    endloop
  endfacet
  facet normal 0.036989852615292584 0 -0.9993156412282852
    outer loop
      vertex -8.210520759224892 -5 -8
      vertex -7.951769009232521 5 -7.990422256290913
      vertex -7.951769009232521 -5 -7.990422256290913
    endloop
  endfacet
  facet normal 0.11076709633668742 0 -0.9938463917372438
    outer loop
      vertex -7.951769009232521 -5 -7.990422256290913
      vertex -7.694433398544788 5 -7.9617414474487305
      vertex -7.694433398544788 -5 -7.9617414474487305
    endloop
  endfacet
  facet normal 0.18393815148030898 0 -0.9829378192083196
    outer loop
      vertex -7.694433398544788 -5 -7.9617414474487305
      vertex -7.4399223402142525 5 -7.914114534854889
      vertex -7.4399223402142525 -5 -7.914114534854889
    endloop
  endfacet
  facet normal 0.2561024609243542 0 -0.9666496415498687
    outer loop
      vertex -7.4399223402142525 -5 -7.914114534854889
      vertex -7.189628757536411 5 -7.8478021919727325
      vertex -7.189628757536411 -5 -7.8478021919727325
    endloop
  endfacet
  facet normal 0 -1 0
    outer loop
      vertex -7.189628757536411 -5 -7.8478021919727325
      vertex -6.944922514259815 -5 -7.7631673365831375
      vertex -6.840359382331371 -5 -5.186798386275768
    endloop
  endfacet
  facet normal 0 -1 0
    outer loop
      vertex -6.944922514259815 -5 -7.7631673365831375
      vertex -6.707142889499664 -5 -7.660673186182976
      vertex -6.709130011498928 -5 -5.245979033410549
    endloop
  endfacet
  facet normal 0 -1 0
    outer loop
      vertex -6.707142889499664 -5 -7.660673186182976
      vertex -6.47759123891592 -5 -7.5408806800842285
      vertex -6.709130011498928 -5 -5.245979033410549
    endloop
  endfacet
  facet normal 0 -1 0
    outer loop
      vertex -6.47759123891592 -5 -7.5408806800842285
      vertex -6.257523909211159 -5 -7.404445439577103
      vertex -6.573983617126942 -5 -5.295566827058792
    endloop
  endfacet
  facet normal 0 -1 0
    outer loop
      vertex -7.189628757536411 -5 -7.8478021919727325
      vertex -6.840359382331371 -5 -5.186798386275768
      vertex -6.966991849243641 -5 -5.118331491947174
    endloop
  endfacet
  facet normal 0 -1 0
    outer loop
      vertex -6.944922514259815 -5 -7.7631673365831375
      vertex -6.709130011498928 -5 -5.245979033410549
      vertex -6.840359382331371 -5 -5.186798386275768
    endloop
  endfacet
  facet normal 0 -1 0
    outer loop
      vertex -6.47759123891592 -5 -7.5408806800842285
      vertex -6.573983617126942 -5 -5.295566827058792
      vertex -6.709130011498928 -5 -5.245979033410549
    endloop
  endfacet
  facet normal 0 -1 0
    outer loop
      vertex -6.573983617126942 -5 -5.295566827058792
      vertex -6.257523909211159 -5 -7.404445439577103
      vertex -6.435620374977589 -5 -5.335304871201515
    endloop
  endfacet
  facet normal 0 -1 0
    outer loop
      vertex -6.435620374977589 -5 -5.335304871201515
      vertex -6.257523909211159 -5 -7.404445439577103
      vertex -6.0481453239917755 -5 -7.252114184200764
    endloop
  endfacet
  facet normal 0 -1 0
    outer loop
      vertex -6.435620374977589 -5 -5.335304871201515
      vertex -6.0481453239917755 -5 -7.252114184200764
      vertex -6.294757135212421 -5 -5.364987269043922
    endloop
  endfacet
  facet normal 0 -1 0
    outer loop
      vertex -6.0481453239917755 -5 -7.252114184200764
      vertex -6.152123689651489 -5 -5.3844602555036545
      vertex -6.294757135212421 -5 -5.364987269043922
    endloop
  endfacet
  facet normal 0 -1 0
    outer loop
      vertex -6.0481453239917755 -5 -7.252114184200764
      vertex -6.008459001779556 -5 -5.393622934818268
      vertex -6.152123689651489 -5 -5.3844602555036545
    endloop
  endfacet
  facet normal 0 -1 0
    outer loop
      vertex -6.0481453239917755 -5 -7.252114184200764
      vertex -5.864507377147675 -5 -5.39242784678936
      vertex -6.008459001779556 -5 -5.393622934818268
    endloop
  endfacet
  facet normal 0 -1 0
    outer loop
      vertex -6.0481453239917755 -5 -7.252114184200764
      vertex -5.721014626324177 -5 -5.380881167948246
      vertex -5.864507377147675 -5 -5.39242784678936
    endloop
  endfacet
  facet normal 0 -1 0
    outer loop
      vertex -6.0481453239917755 -5 -7.252114184200764
      vertex -5.578724145889282 -5 -5.359042726457119
      vertex -5.721014626324177 -5 -5.380881167948246
    endloop
  endfacet
  facet normal 0 -1 0
    outer loop
      vertex -6.0481453239917755 -5 -7.252114184200764
      vertex -5.438373140990734 -5 -5.327025666832924
      vertex -5.578724145889282 -5 -5.359042726457119
    endloop
  endfacet
  facet normal 0.32686516295163215 0 -0.9450709842380111
    outer loop
      vertex -7.189628757536411 -5 -7.8478021919727325
      vertex -6.944922514259815 5 -7.7631673365831375
      vertex -6.944922514259815 -5 -7.7631673365831375
    endloop
  endfacet
  facet normal 0.39583889964021957 0 -0.9183199690367297
    outer loop
      vertex -6.944922514259815 -5 -7.7631673365831375
      vertex -6.707142889499664 5 -7.660673186182976
      vertex -6.707142889499664 -5 -7.660673186182976
    endloop
  endfacet
  facet normal 0.46264623107378927 0 -0.8865429853499591
    outer loop
      vertex -6.707142889499664 -5 -7.660673186182976
      vertex -6.47759123891592 5 -7.5408806800842285
      vertex -6.47759123891592 -5 -7.5408806800842285
    endloop
  endfacet
  facet normal 0.5376511018382224 0 0.8431674167638035
    outer loop
      vertex -7.088371343910694 -5 -5.040933080017567
      vertex -6.966991849243641 -5 -5.118331491947174
      vertex -7.088371343910694 5 -5.040933080017567
    endloop
  endfacet
  facet normal 0.4756079487120109 0 0.8796573646153105
    outer loop
      vertex -6.966991849243641 -5 -5.118331491947174
      vertex -6.840359382331371 -5 -5.186798386275768
      vertex -6.966991849243641 5 -5.118331491947174
    endloop
  endfacet
  facet normal 0.4111006760827557 0 0.9115899484550612
    outer loop
      vertex -6.840359382331371 -5 -5.186798386275768
      vertex -6.709130011498928 -5 -5.245979033410549
      vertex -6.840359382331371 5 -5.186798386275768
    endloop
  endfacet
  facet normal 0.34446354123424555 0 0.9387996957606897
    outer loop
      vertex -6.709130011498928 -5 -5.245979033410549
      vertex -6.573983617126942 -5 -5.295566827058792
      vertex -6.709130011498928 5 -5.245979033410549
    endloop
  endfacet
  facet normal 0.2760418608188916 0 0.9611456138773373
    outer loop
      vertex -6.573983617126942 -5 -5.295566827058792
      vertex -6.435620374977589 -5 -5.335304871201515
      vertex -6.573983617126942 5 -5.295566827058792
    endloop
  endfacet
  facet normal 0.5269215247724066 0 -0.8499139407796075
    outer loop
      vertex -6.47759123891592 -5 -7.5408806800842285
      vertex -6.257523909211159 5 -7.404445439577103
      vertex -6.257523909211159 -5 -7.404445439577103
    endloop
  endfacet
  facet normal 0.5883129442146311 0 -0.8086333406863165
    outer loop
      vertex -6.257523909211159 -5 -7.404445439577103
      vertex -6.0481453239917755 5 -7.252114184200764
      vertex -6.0481453239917755 -5 -7.252114184200764
    endloop
  endfacet
  facet normal 0.20618993412311 0 0.9785119882077621
    outer loop
      vertex -6.435620374977589 -5 -5.335304871201515
      vertex -6.294757135212421 -5 -5.364987269043922
      vertex -6.435620374977589 5 -5.335304871201515
    endloop
  endfacet
  facet normal 0.13526986003236777 0 0.9908087933435108
    outer loop
      vertex -6.294757135212421 -5 -5.364987269043922
      vertex -6.152123689651489 -5 -5.3844602555036545
      vertex -6.294757135212421 5 -5.364987269043922
    endloop
  endfacet
  facet normal 0.06364890890340018 0 0.9979723525205528
    outer loop
      vertex -6.152123689651489 -5 -5.3844602555036545
      vertex -6.008459001779556 -5 -5.393622934818268
      vertex -6.152123689651489 5 -5.3844602555036545
    endloop
  endfacet
  facet normal -0.008301725314538759 0 0.9999655400846581
    outer loop
      vertex -6.008459001779556 -5 -5.393622934818268
      vertex -5.864507377147675 -5 -5.39242784678936
      vertex -6.008459001779556 5 -5.393622934818268
    endloop
  endfacet
  facet normal -0.08020945819374582 0 0.9967780308655814
    outer loop
      vertex -5.864507377147675 -5 -5.39242784678936
      vertex -5.721014626324177 -5 -5.380881167948246
      vertex -5.864507377147675 5 -5.39242784678936
    endloop
  endfacet
  facet normal -1 0 0
    outer loop
      vertex -10 -5 -5
      vertex -10 -5 -0.10000000149011612
      vertex -10 5 -5
    endloop
  endfacet
  facet normal -0.1775540345919869 0 -0.9841110530829879
    outer loop
      vertex -10.085768513381481 -5 -0.0010178536176681519
      vertex -10.07874347269535 5 -0.002285316586494446
      vertex -10.07874347269535 -5 -0.002285316586494446
    endloop
  endfacet
  facet normal -0.1068949738801406 0 -0.9942703176496642
    outer loop
      vertex -10.085768513381481 -5 -0.0010178536176681519
      vertex -10.092866078019142 -5 -0.00025478750467300415
      vertex -10.085768513381481 5 -0.0010178536176681519
    endloop
  endfacet
  facet normal -0.035692163393554445 0 -0.999362831744451
    outer loop
      vertex -10.092866078019142 -5 -0.00025478750467300415
      vertex -10.100000001490116 -5 0
      vertex -10.092866078019142 5 -0.00025478750467300415
    endloop
  endfacet
  facet normal -0.3826840394943096 0 -0.9238792810298961
    outer loop
      vertex -10.058458499610424 -5 -0.009036801755428314
      vertex -10.065053582191467 -5 -0.006305024027824402
      vertex -10.058458499610424 5 -0.009036801755428314
    endloop
  endfacet
  facet normal -0.3157993896988017 0 -0.9488259827101407
    outer loop
      vertex -10.065053582191467 -5 -0.006305024027824402
      vertex -10.071826741099358 -5 -0.004050701856613159
      vertex -10.065053582191467 5 -0.006305024027824402
    endloop
  endfacet
  facet normal -0.24730581563146334 0 -0.9689374765973586
    outer loop
      vertex -10.071826741099358 -5 -0.004050701856613159
      vertex -10.07874347269535 -5 -0.002285316586494446
      vertex -10.071826741099358 5 -0.004050701856613159
    endloop
  endfacet
  facet normal -0.5703222826437171 0 -0.8214210211091875
    outer loop
      vertex -10.040072232484818 -5 -0.01994587481021881
      vertex -10.045935921370983 -5 -0.015874646604061127
      vertex -10.040072232484818 5 -0.01994587481021881
    endloop
  endfacet
  facet normal -0.6274694325110747 0 -0.7786411954579786
    outer loop
      vertex -10.040072232484818 -5 -0.01994587481021881
      vertex -10.034513927996159 5 -0.024425044655799866
      vertex -10.034513927996159 -5 -0.024425044655799866
    endloop
  endfacet
  facet normal -0.5102699686302845 0 -0.8600142784361482
    outer loop
      vertex -10.045935921370983 -5 -0.015874646604061127
      vertex -10.0520751029253 -5 -0.012232102453708649
      vertex -10.045935921370983 5 -0.015874646604061127
    endloop
  endfacet
  facet normal -0.4476172619594819 0 -0.8942252438820414
    outer loop
      vertex -10.058458499610424 -5 -0.009036801755428314
      vertex -10.0520751029253 5 -0.012232102453708649
      vertex -10.0520751029253 -5 -0.012232102453708649
    endloop
  endfacet
  facet normal -0.8214210211091875 0 -0.5703222826437171
    outer loop
      vertex -10.019945874810219 -5 -0.040072232484817505
      vertex -10.015874646604061 5 -0.045935921370983124
      vertex -10.015874646604061 -5 -0.045935921370983124
    endloop
  endfacet
  facet normal -0.8600142784361482 0 -0.5102699686302845
    outer loop
      vertex -10.015874646604061 -5 -0.045935921370983124
      vertex -10.012232102453709 5 -0.0520751029253006
      vertex -10.012232102453709 -5 -0.0520751029253006
    endloop
  endfacet
  facet normal -0.7786411954579786 0 -0.6274694325110747
    outer loop
      vertex -10.019945874810219 -5 -0.040072232484817505
      vertex -10.0244250446558 -5 -0.0345139279961586
      vertex -10.019945874810219 5 -0.040072232484817505
    endloop
  endfacet
  facet normal -0.7318949975448411 0 -0.6814174290175127
    outer loop
      vertex -10.0244250446558 -5 -0.0345139279961586
      vertex -10.029289320111275 -5 -0.02928932011127472
      vertex -10.0244250446558 5 -0.0345139279961586
    endloop
  endfacet
  facet normal -0.6814174290175127 0 -0.7318949975448411
    outer loop
      vertex -10.029289320111275 -5 -0.02928932011127472
      vertex -10.034513927996159 -5 -0.024425044655799866
      vertex -10.029289320111275 5 -0.02928932011127472
    endloop
  endfacet
  facet normal -0.999362831744451 0 -0.035692163393554445
    outer loop
      vertex -10 -5 -0.10000000149011612
      vertex -10.000254787504673 -5 -0.09286607801914215
      vertex -10 5 -0.10000000149011612
    endloop
  endfacet
  facet normal -0.9942703176496642 0 -0.1068949738801406
    outer loop
      vertex -10.000254787504673 -5 -0.09286607801914215
      vertex -10.001017853617668 -5 -0.08576851338148117
      vertex -10.000254787504673 5 -0.09286607801914215
    endloop
  endfacet
  facet normal -0.9841110530829879 0 -0.1775540345919869
    outer loop
      vertex -10.001017853617668 -5 -0.08576851338148117
      vertex -10.002285316586494 -5 -0.07874347269535065
      vertex -10.001017853617668 5 -0.08576851338148117
    endloop
  endfacet
  facet normal -0.9689374765973586 0 -0.24730581563146334
    outer loop
      vertex -10.002285316586494 -5 -0.07874347269535065
      vertex -10.004050701856613 -5 -0.0718267410993576
      vertex -10.002285316586494 5 -0.07874347269535065
    endloop
  endfacet
  facet normal -0.9488259827101407 0 -0.3157993896988017
    outer loop
      vertex -10.004050701856613 -5 -0.0718267410993576
      vertex -10.006305024027824 -5 -0.06505358219146729
      vertex -10.004050701856613 5 -0.0718267410993576
    endloop
  endfacet
  facet normal -0.9238792810298961 0 -0.3826840394943096
    outer loop
      vertex -10.006305024027824 -5 -0.06505358219146729
      vertex -10.009036801755428 -5 -0.05845849961042404
      vertex -10.006305024027824 5 -0.06505358219146729
    endloop
  endfacet
  facet normal -0.8942252438820414 0 -0.4476172619594819
    outer loop
      vertex -10.009036801755428 -5 -0.05845849961042404
      vertex -10.012232102453709 -5 -0.0520751029253006
      vertex -10.009036801755428 5 -0.05845849961042404
    endloop
  endfacet
  facet normal 0 -1 0
    outer loop
      vertex -10 -5 -5
      vertex -8.048449896275997 -5 -2.7562130987644196
      vertex -10 -5 -0.10000000149011612
    endloop
  endfacet
  facet normal 0 -1 0
    outer loop
      vertex -10 -5 -5
      vertex -7.801980413496494 -5 -4.156985722482204
      vertex -7.852045722305775 -5 -4.022015497088432
    endloop
  endfacet
  facet normal 0 -1 0
    outer loop
      vertex -10 -5 -5
      vertex -8.05584591627121 -5 -3.4053892716765404
      vertex -8.076318681240082 -5 -3.3348503485322
    endloop
  endfacet
  facet normal 0 -1 0
    outer loop
      vertex -10 -5 -5
      vertex -8.091558650135994 -5 -3.26299899071455
      vertex -8.101483598351479 -5 -3.190222829580307
    endloop
  endfacet
  facet normal 0 -1 0
    outer loop
      vertex -10 -5 -5
      vertex -8.076318681240082 -5 -3.3348503485322
      vertex -8.091558650135994 -5 -3.26299899071455
    endloop
  endfacet
  facet normal 0 -1 0
    outer loop
      vertex -10 -5 -5
      vertex -8.101483598351479 -5 -3.190222829580307
      vertex -8.106039986014366 -5 -3.1169144809246063
    endloop
  endfacet
  facet normal 0 -1 0
    outer loop
      vertex -10 -5 -5
      vertex -8.106039986014366 -5 -3.1169144809246063
      vertex -8.105203226208687 -5 -3.0434694439172745
    endloop
  endfacet
  facet normal 0 -1 0
    outer loop
      vertex -10 -5 -5
      vertex -8.105203226208687 -5 -3.0434694439172745
      vertex -8.098977848887444 -5 -2.9702839329838753
    endloop
  endfacet
  facet normal 0 -1 0
    outer loop
      vertex -10 -5 -5
      vertex -8.098977848887444 -5 -2.9702839329838753
      vertex -8.087397418916225 -5 -2.8977527767419815
    endloop
  endfacet
  facet normal 0 -1 0
    outer loop
      vertex -10 -5 -5
      vertex -8.087397418916225 -5 -2.8977527767419815
      vertex -8.07052443176508 -5 -2.8262672796845436
    endloop
  endfacet
  facet normal 0 -1 0
    outer loop
      vertex -10 -5 -5
      vertex -8.07052443176508 -5 -2.8262672796845436
      vertex -8.048449896275997 -5 -2.7562130987644196
    endloop
  endfacet
  facet normal 0 -1 0
    outer loop
      vertex -10 -5 -5
      vertex -7.852045722305775 -5 -4.022015497088432
      vertex -8.05584591627121 -5 -3.4053892716765404
    endloop
  endfacet
  facet normal 0 -1 0
    outer loop
      vertex -10 -5 -0.10000000149011612
      vertex -8.048449896275997 -5 -2.7562130987644196
      vertex -8.02129290997982 -5 -2.687968149781227
    endloop
  endfacet
  facet normal 0 -1 0
    outer loop
      vertex -10 -5 -0.10000000149011612
      vertex -8.02129290997982 -5 -2.687968149781227
      vertex -7.989199981093407 -5 -2.621900625526905
    endloop
  endfacet
  facet normal 0 -1 0
    outer loop
      vertex -10 -5 -0.10000000149011612
      vertex -7.989199981093407 -5 -2.621900625526905
      vertex -7.952344253659248 -5 -2.5583669394254684
    endloop
  endfacet
  facet normal 0 -1 0
    outer loop
      vertex -10 -5 -0.10000000149011612
      vertex -7.761631891131401 -5 -2.3361824601888657
      vertex -10.000254787504673 -5 -0.09286607801914215
    endloop
  endfacet
  facet normal 0 -1 0
    outer loop
      vertex -10.001017853617668 -5 -0.08576851338148117
      vertex -7.70441821962595 -5 -2.290123037993908
      vertex -10.002285316586494 -5 -0.07874347269535065
    endloop
  endfacet
  facet normal 0 -1 0
    outer loop
      vertex -10.029289320111275 -5 -0.02928932011127472
      vertex -7.643978111445904 -5 -2.2483873516321182
      vertex -10.034513927996159 -5 -0.024425044655799866
    endloop
  endfacet
  facet normal 0 -1 0
    outer loop
      vertex -10.000254787504673 -5 -0.09286607801914215
      vertex -7.70441821962595 -5 -2.290123037993908
      vertex -10.001017853617668 -5 -0.08576851338148117
    endloop
  endfacet
  facet normal 0 -1 0
    outer loop
      vertex -10.002285316586494 -5 -0.07874347269535065
      vertex -7.643978111445904 -5 -2.2483873516321182
      vertex -10.004050701856613 -5 -0.0718267410993576
    endloop
  endfacet
  facet normal 0 -1 0
    outer loop
      vertex -10.004050701856613 -5 -0.0718267410993576
      vertex -7.643978111445904 -5 -2.2483873516321182
      vertex -10.006305024027824 -5 -0.06505358219146729
    endloop
  endfacet
  facet normal 0 -1 0
    outer loop
      vertex -10.006305024027824 -5 -0.06505358219146729
      vertex -7.643978111445904 -5 -2.2483873516321182
      vertex -10.009036801755428 -5 -0.05845849961042404
    endloop
  endfacet
  facet normal 0 -1 0
    outer loop
      vertex -10.009036801755428 -5 -0.05845849961042404
      vertex -7.643978111445904 -5 -2.2483873516321182
      vertex -10.012232102453709 -5 -0.0520751029253006
    endloop
  endfacet
  facet normal 0 -1 0
    outer loop
      vertex -10.015874646604061 -5 -0.045935921370983124
      vertex -10.012232102453709 -5 -0.0520751029253006
      vertex -7.643978111445904 -5 -2.2483873516321182
    endloop
  endfacet
  facet normal 0 -1 0
    outer loop
      vertex -10.019945874810219 -5 -0.040072232484817505
      vertex -7.643978111445904 -5 -2.2483873516321182
      vertex -10.0244250446558 -5 -0.0345139279961586
    endloop
  endfacet
  facet normal 0 -1 0
    outer loop
      vertex -10.019945874810219 -5 -0.040072232484817505
      vertex -10.015874646604061 -5 -0.045935921370983124
      vertex -7.643978111445904 -5 -2.2483873516321182
    endloop
  endfacet
  facet normal 0 -1 0
    outer loop
      vertex -10.0244250446558 -5 -0.0345139279961586
      vertex -7.643978111445904 -5 -2.2483873516321182
      vertex -10.029289320111275 -5 -0.02928932011127472
    endloop
  endfacet
  facet normal 0 -1 0
    outer loop
      vertex -10 -5 -0.10000000149011612
      vertex -7.952344253659248 -5 -2.5583669394254684
      vertex -7.910924546420574 -5 -2.497709847986698
    endloop
  endfacet
  facet normal 0 -1 0
    outer loop
      vertex -10 -5 -0.10000000149011612
      vertex -7.910924546420574 -5 -2.497709847986698
      vertex -7.865164324641228 -5 -2.4402565956115723
    endloop
  endfacet
  facet normal 0 -1 0
    outer loop
      vertex -10 -5 -0.10000000149011612
      vertex -7.865164324641228 -5 -2.4402565956115723
      vertex -7.815310455858707 -5 -2.3863171339035034
    endloop
  endfacet
  facet normal 0 -1 0
    outer loop
      vertex -10 -5 -0.10000000149011612
      vertex -7.815310455858707 -5 -2.3863171339035034
      vertex -7.761631891131401 -5 -2.3361824601888657
    endloop
  endfacet
  facet normal 0 -1 0
    outer loop
      vertex -10 -5 -5
      vertex -7.595594882965088 -5 -4.535499729216099
      vertex -7.673421964049339 -5 -4.41439463943243
    endloop
  endfacet
  facet normal 0 -1 0
    outer loop
      vertex -10 -5 -5
      vertex -7.509258113801479 -5 -4.650692872703075
      vertex -7.595594882965088 -5 -4.535499729216099
    endloop
  endfacet
  facet normal 0 -1 0
    outer loop
      vertex -10 -5 -5
      vertex -7.74233615398407 -5 -4.288005039095879
      vertex -7.801980413496494 -5 -4.156985722482204
    endloop
  endfacet
  facet normal 0 -1 0
    outer loop
      vertex -10 -5 -5
      vertex -7.673421964049339 -5 -4.41439463943243
      vertex -7.74233615398407 -5 -4.288005039095879
    endloop
  endfacet
  facet normal 0 -1 0
    outer loop
      vertex -10 -5 -5
      vertex -7.414858959615231 -5 -4.759377263486385
      vertex -7.509258113801479 -5 -4.650692872703075
    endloop
  endfacet
  facet normal 0 -1 0
    outer loop
      vertex -10 -5 -5
      vertex -7.312886498868465 -5 -4.860989831387997
      vertex -7.414858959615231 -5 -4.759377263486385
    endloop
  endfacet
  facet normal 0 -1 0
    outer loop
      vertex -10.000254787504673 -5 -0.09286607801914215
      vertex -7.761631891131401 -5 -2.3361824601888657
      vertex -7.70441821962595 -5 -2.290123037993908
    endloop
  endfacet
  facet normal 0 -1 0
    outer loop
      vertex -10.002285316586494 -5 -0.07874347269535065
      vertex -7.70441821962595 -5 -2.290123037993908
      vertex -7.643978111445904 -5 -2.2483873516321182
    endloop
  endfacet
  facet normal 0 -1 0
    outer loop
      vertex -10.092866078019142 -5 -0.00025478750467300415
      vertex -4.117647059261799 -5 0
      vertex -10.100000001490116 -5 0
    endloop
  endfacet
  facet normal 0 -1 0
    outer loop
      vertex -10.085768513381481 -5 -0.0010178536176681519
      vertex -4.117647059261799 -5 0
      vertex -10.092866078019142 -5 -0.00025478750467300415
    endloop
  endfacet
  facet normal 0 -1 0
    outer loop
      vertex -10.085768513381481 -5 -0.0010178536176681519
      vertex -10.07874347269535 -5 -0.002285316586494446
      vertex -4.117647059261799 -5 0
    endloop
  endfacet
  facet normal 0 -1 0
    outer loop
      vertex -10.071826741099358 -5 -0.004050701856613159
      vertex -4.117647059261799 -5 0
      vertex -10.07874347269535 -5 -0.002285316586494446
    endloop
  endfacet
  facet normal 0 -1 0
    outer loop
      vertex -10.065053582191467 -5 -0.006305024027824402
      vertex -4.117647059261799 -5 0
      vertex -10.071826741099358 -5 -0.004050701856613159
    endloop
  endfacet
  facet normal 0 -1 0
    outer loop
      vertex -10.045935921370983 -5 -0.015874646604061127
      vertex -4.117647059261799 -5 0
      vertex -10.0520751029253 -5 -0.012232102453708649
    endloop
  endfacet
  facet normal 0 -1 0
    outer loop
      vertex -10.040072232484818 -5 -0.01994587481021881
      vertex -4.117647059261799 -5 0
      vertex -10.045935921370983 -5 -0.015874646604061127
    endloop
  endfacet
  facet normal 0 -1 0
    outer loop
      vertex -10.040072232484818 -5 -0.01994587481021881
      vertex -10.034513927996159 -5 -0.024425044655799866
      vertex -4.117647059261799 -5 0
    endloop
  endfacet
  facet normal 0 -1 0
    outer loop
      vertex -10.058458499610424 -5 -0.009036801755428314
      vertex -4.117647059261799 -5 0
      vertex -10.065053582191467 -5 -0.006305024027824402
    endloop
  endfacet
  facet normal 0 -1 0
    outer loop
      vertex -10.058458499610424 -5 -0.009036801755428314
      vertex -10.0520751029253 -5 -0.012232102453708649
      vertex -4.117647059261799 -5 0
    endloop
  endfacet
  facet normal 0 -1 0
    outer loop
      vertex -10.034513927996159 -5 -0.024425044655799866
      vertex -7.643978111445904 -5 -2.2483873516321182
      vertex -4.117647059261799 -5 0
    endloop
  endfacet
  facet normal 0.9375759379107454 0 0.3477806214422911
    outer loop
      vertex -7.852045722305775 -5 -4.022015497088432
      vertex -7.801980413496494 -5 -4.156985722482204
      vertex -7.852045722305775 5 -4.022015497088432
    endloop
  endfacet
  facet normal 0.9494848747017745 0 0.3138127988348395
    outer loop
      vertex -8.05584591627121 -5 -3.4053892716765404
      vertex -7.852045722305775 -5 -4.022015497088432
      vertex -8.05584591627121 5 -3.4053892716765404
    endloop
  endfacet
  facet normal 0.9782375193020962 0 0.20748820648335883
    outer loop
      vertex -8.091558650135994 -5 -3.26299899071455
      vertex -8.076318681240082 -5 -3.3348503485322
      vertex -8.091558650135994 5 -3.26299899071455
    endloop
  endfacet
  facet normal 0.9908284797388673 0 0.1351255850620637
    outer loop
      vertex -8.091558650135994 -5 -3.26299899071455
      vertex -8.101483598351479 5 -3.190222829580307
      vertex -8.101483598351479 -5 -3.190222829580307
    endloop
  endfacet
  facet normal 0.9980740349581964 0 0.06203402890563284
    outer loop
      vertex -8.101483598351479 -5 -3.190222829580307
      vertex -8.106039986014366 5 -3.1169144809246063
      vertex -8.106039986014366 -5 -3.1169144809246063
    endloop
  endfacet
  facet normal 0.9999351060154757 0 -0.011392267457335676
    outer loop
      vertex -8.106039986014366 -5 -3.1169144809246063
      vertex -8.105203226208687 5 -3.0434694439172745
      vertex -8.105203226208687 -5 -3.0434694439172745
    endloop
  endfacet
  facet normal 0.9964016607737913 0 -0.08475689002807103
    outer loop
      vertex -8.105203226208687 -5 -3.0434694439172745
      vertex -8.098977848887444 5 -2.9702839329838753
      vertex -8.098977848887444 -5 -2.9702839329838753
    endloop
  endfacet
  facet normal 0.9603691065834041 0 0.27873137448122726
    outer loop
      vertex -8.05584591627121 -5 -3.4053892716765404
      vertex -8.076318681240082 5 -3.3348503485322
      vertex -8.076318681240082 -5 -3.3348503485322
    endloop
  endfacet
  facet normal 0.9874927326041466 0 -0.15766452693613572
    outer loop
      vertex -8.098977848887444 -5 -2.9702839329838753
      vertex -8.087397418916225 5 -2.8977527767419815
      vertex -8.087397418916225 -5 -2.8977527767419815
    endloop
  endfacet
  facet normal 0.9732564462683871 0 -0.22972133074016032
    outer loop
      vertex -8.087397418916225 -5 -2.8977527767419815
      vertex -8.07052443176508 5 -2.8262672796845436
      vertex -8.07052443176508 -5 -2.8262672796845436
    endloop
  endfacet
  facet normal 0.9537695027473011 0 -0.3005390750454359
    outer loop
      vertex -8.07052443176508 -5 -2.8262672796845436
      vertex -8.048449896275997 5 -2.7562130987644196
      vertex -8.048449896275997 -5 -2.7562130987644196
    endloop
  endfacet
  facet normal 0.9291371427143884 0 -0.36973527019820857
    outer loop
      vertex -8.048449896275997 -5 -2.7562130987644196
      vertex -8.02129290997982 5 -2.687968149781227
      vertex -8.02129290997982 -5 -2.687968149781227
    endloop
  endfacet
  facet normal 0.8994921675970098 0 -0.4369368838077563
    outer loop
      vertex -8.02129290997982 -5 -2.687968149781227
      vertex -7.989199981093407 5 -2.621900625526905
      vertex -7.989199981093407 -5 -2.621900625526905
    endloop
  endfacet
  facet normal 0.8649946143399686 0 -0.501781144686455
    outer loop
      vertex -7.989199981093407 -5 -2.621900625526905
      vertex -7.952344253659248 5 -2.5583669394254684
      vertex -7.952344253659248 -5 -2.5583669394254684
    endloop
  endfacet
  facet normal 0.8258304514248306 0 -0.5639184918935187
    outer loop
      vertex -7.952344253659248 -5 -2.5583669394254684
      vertex -7.910924546420574 5 -2.497709847986698
      vertex -7.910924546420574 -5 -2.497709847986698
    endloop
  endfacet
  facet normal 0.7822110764942102 0 -0.623013508529124
    outer loop
      vertex -7.910924546420574 -5 -2.497709847986698
      vertex -7.865164324641228 5 -2.4402565956115723
      vertex -7.865164324641228 -5 -2.4402565956115723
    endloop
  endfacet
  facet normal 0.734371754574086 0 -0.6787474685652818
    outer loop
      vertex -7.865164324641228 -5 -2.4402565956115723
      vertex -7.815310455858707 5 -2.3863171339035034
      vertex -7.815310455858707 -5 -2.3863171339035034
    endloop
  endfacet
  facet normal 0.9101307491200185 0 0.4143211550310145
    outer loop
      vertex -7.74233615398407 -5 -4.288005039095879
      vertex -7.801980413496494 5 -4.156985722482204
      vertex -7.801980413496494 -5 -4.156985722482204
    endloop
  endfacet
  facet normal 0.8412612235278414 0 0.5406288503108573
    outer loop
      vertex -7.673421964049339 -5 -4.41439463943243
      vertex -7.595594882965088 -5 -4.535499729216099
      vertex -7.673421964049339 5 -4.41439463943243
    endloop
  endfacet
  facet normal 0.87797029620589 0 0.4787151125462218
    outer loop
      vertex -7.74233615398407 -5 -4.288005039095879
      vertex -7.673421964049339 -5 -4.41439463943243
      vertex -7.74233615398407 5 -4.288005039095879
    endloop
  endfacet
  facet normal 0.7549803579405706 0 0.6557474049692671
    outer loop
      vertex -7.509258113801479 -5 -4.650692872703075
      vertex -7.414858959615231 -5 -4.759377263486385
      vertex -7.509258113801479 5 -4.650692872703075
    endloop
  endfacet
  facet normal 0.8001936448861006 0 0.5997417199794403
    outer loop
      vertex -7.509258113801479 -5 -4.650692872703075
      vertex -7.595594882965088 5 -4.535499729216099
      vertex -7.595594882965088 -5 -4.535499729216099
    endloop
  endfacet
  facet normal 0.7058556714704113 0 0.7083556811751105
    outer loop
      vertex -7.414858959615231 -5 -4.759377263486385
      vertex -7.312886498868465 -5 -4.860989831387997
      vertex -7.414858959615231 5 -4.759377263486385
    endloop
  endfacet
  facet normal 0.6530739520329485 0 0.7572941391401801
    outer loop
      vertex -7.312886498868465 -5 -4.860989831387997
      vertex -7.203869022428989 -5 -4.955004125833511
      vertex -7.312886498868465 5 -4.860989831387997
    endloop
  endfacet
  facet normal 0.5969088045071334 0 0.8023090919975076
    outer loop
      vertex -7.088371343910694 -5 -5.040933080017567
      vertex -7.203869022428989 5 -4.955004125833511
      vertex -7.203869022428989 -5 -4.955004125833511
    endloop
  endfacet
  facet normal 0.682570551095591 0 -0.7308197060678245
    outer loop
      vertex -7.815310455858707 -5 -2.3863171339035034
      vertex -7.761631891131401 5 -2.3361824601888657
      vertex -7.761631891131401 -5 -2.3361824601888657
    endloop
  endfacet
  facet normal 0.6270870167430652 0 -0.7789492110736634
    outer loop
      vertex -7.761631891131401 -5 -2.3361824601888657
      vertex -7.70441821962595 5 -2.290123037993908
      vertex -7.70441821962595 -5 -2.290123037993908
    endloop
  endfacet
  facet normal 0.5682205017828896 0 -0.8228763341800523
    outer loop
      vertex -7.70441821962595 -5 -2.290123037993908
      vertex -7.643978111445904 5 -2.2483873516321182
      vertex -7.643978111445904 -5 -2.2483873516321182
    endloop
  endfacet
  facet normal -0.9238795474178363 0 -0.38268339637749377
    outer loop
      vertex -10.90542458742857 -5 -7.024196267127991
      vertex -10.90542458742857 5 -7.024196267127991
      vertex -10.864447996020317 5 -7.123122520744801
    endloop
  endfacet
  facet normal -0.8942252578234791 0 -0.44761723410804044
    outer loop
      vertex -10.864447996020317 -5 -7.123122520744801
      vertex -10.864447996020317 5 -7.123122520744801
      vertex -10.816518485546112 5 -7.218873478472233
    endloop
  endfacet
  facet normal -0.9488259200994271 0 -0.3157995778139601
    outer loop
      vertex -10.939239457249641 -5 -6.922598838806152
      vertex -10.939239457249641 5 -6.922598838806152
      vertex -10.90542458742857 5 -7.024196267127991
    endloop
  endfacet
  facet normal -0.96893730490943 0 -0.247306488299135
    outer loop
      vertex -10.965720295906067 -5 -6.818847931921482
      vertex -10.965720295906067 5 -6.818847931921482
      vertex -10.939239457249641 5 -6.922598838806152
    endloop
  endfacet
  facet normal -0.9841111944067643 0 -0.1775532512889915
    outer loop
      vertex -10.984732165932655 -5 -6.713472254574299
      vertex -10.984732165932655 5 -6.713472254574299
      vertex -10.965720295906067 5 -6.818847931921482
    endloop
  endfacet
  facet normal -0.9942703036541346 0 -0.10689510405773878
    outer loop
      vertex -10.996178172528744 -5 -6.607008777558804
      vertex -10.996178172528744 5 -6.607008777558804
      vertex -10.984732165932655 5 -6.713472254574299
    endloop
  endfacet
  facet normal -0.8600142411827524 0 -0.5102700314175376
    outer loop
      vertex -10.816518485546112 -5 -7.218873478472233
      vertex -10.816518485546112 5 -7.218873478472233
      vertex -10.761880300939083 5 -7.310961224138737
    endloop
  endfacet
  facet normal -0.8214207748538839 0 -0.5703226373189522
    outer loop
      vertex -10.761880300939083 -5 -7.310961224138737
      vertex -10.761880300939083 5 -7.310961224138737
      vertex -10.700811862945557 5 -7.398916497826576
    endloop
  endfacet
  facet normal -0.778641536409439 0 -0.62746900941636
    outer loop
      vertex -10.700811862945557 -5 -7.398916497826576
      vertex -10.700811862945557 5 -7.398916497826576
      vertex -10.633624359965324 5 -7.482291102409363
    endloop
  endfacet
  facet normal -0.9993628258941524 0 -0.035692327198633016
    outer loop
      vertex -11 -5 -6.5
      vertex -11 5 -6.5
      vertex -10.996178172528744 5 -6.607008777558804
    endloop
  endfacet
  facet normal -1 0 0
    outer loop
      vertex -11 -5 -6.207106783986092
      vertex -11 5 -6.207106783986092
      vertex -11 5 -6.5
    endloop
  endfacet
  facet normal -0.9993628235008493 0 0.03569239420956029
    outer loop
      vertex -10.998726055026054 -5 -6.171437188982964
      vertex -10.998726055026054 5 -6.171437188982964
      vertex -11 5 -6.207106783986092
    endloop
  endfacet
  facet normal -0.9942703200348908 0 0.10689495169424826
    outer loop
      vertex -10.994910724461079 -5 -6.135949358344078
      vertex -10.994910724461079 5 -6.135949358344078
      vertex -10.998726055026054 5 -6.171437188982964
    endloop
  endfacet
  facet normal -0.9841111756679222 0 0.1775533551513459
    outer loop
      vertex -10.988573431968689 -5 -6.100824140012264
      vertex -10.988573431968689 5 -6.100824140012264
      vertex -10.994910724461079 5 -6.135949358344078
    endloop
  endfacet
  facet normal -0.9689372882359932 0 0.24730655362500997
    outer loop
      vertex -10.979746483266354 -5 -6.066240504384041
      vertex -10.979746483266354 5 -6.066240504384041
      vertex -10.988573431968689 5 -6.100824140012264
    endloop
  endfacet
  facet normal -0.9488259617980734 0 0.31579945252954583
    outer loop
      vertex -10.968474864959717 -5 -6.032374694943428
      vertex -10.968474864959717 5 -6.032374694943428
      vertex -10.979746483266354 5 -6.066240504384041
    endloop
  endfacet
  facet normal -0.9238795330070325 0 0.3826834311682539
    outer loop
      vertex -10.954815998673439 -5 -5.999399274587631
      vertex -10.954815998673439 5 -5.999399274587631
      vertex -10.968474864959717 5 -6.032374694943428
    endloop
  endfacet
  facet normal -0.8942252438820415 0 0.447617261959482
    outer loop
      vertex -10.938839495182037 -5 -5.967482291162014
      vertex -10.938839495182037 5 -5.967482291162014
      vertex -10.954815998673439 5 -5.999399274587631
    endloop
  endfacet
  facet normal -0.8600142411827524 0 0.5102700314175375
    outer loop
      vertex -10.920626766979694 -5 -5.936786375939846
      vertex -10.920626766979694 5 -5.936786375939846
      vertex -10.938839495182037 5 -5.967482291162014
    endloop
  endfacet
  facet normal -0.82142078752196 0 0.5703226190734529
    outer loop
      vertex -10.900270618498325 -5 -5.907467946410179
      vertex -10.900270618498325 5 -5.907467946410179
      vertex -10.920626766979694 5 -5.936786375939846
    endloop
  endfacet
  facet normal -0.7786414816185276 0 0.6274690774077271
    outer loop
      vertex -10.877874784171581 -5 -5.879676416516304
      vertex -10.877874784171581 5 -5.879676416516304
      vertex -10.900270618498325 5 -5.907467946410179
    endloop
  endfacet
  facet normal -0.7318945954793982 0 0.6814178608666256
    outer loop
      vertex -10.853553391993046 -5 -5.853553391993046
      vertex -10.853553391993046 5 -5.853553391993046
      vertex -10.877874784171581 5 -5.879676416516304
    endloop
  endfacet
  facet normal -0.7318944937663456 0 -0.6814179701141619
    outer loop
      vertex -10.633624359965324 -5 -7.482291102409363
      vertex -10.633624359965324 5 -7.482291102409363
      vertex -10.560660168528557 5 -7.560660168528557
    endloop
  endfacet
  facet normal -0.6814179701141619 0 -0.7318944937663456
    outer loop
      vertex -10.560660168528557 -5 -7.560660168528557
      vertex -10.560660168528557 5 -7.560660168528557
      vertex -10.482291102409363 5 -7.633624359965324
    endloop
  endfacet
  facet normal -0.62746900941636 0 -0.778641536409439
    outer loop
      vertex -10.482291102409363 -5 -7.633624359965324
      vertex -10.482291102409363 5 -7.633624359965324
      vertex -10.398916497826576 5 -7.700811862945557
    endloop
  endfacet
  facet normal -0.5703226373189522 0 -0.8214207748538839
    outer loop
      vertex -10.398916497826576 -5 -7.700811862945557
      vertex -10.398916497826576 5 -7.700811862945557
      vertex -10.310961224138737 5 -7.761880300939083
    endloop
  endfacet
  facet normal -0.5102700314175376 0 -0.8600142411827524
    outer loop
      vertex -10.310961224138737 -5 -7.761880300939083
      vertex -10.310961224138737 5 -7.761880300939083
      vertex -10.218873478472233 5 -7.816518485546112
    endloop
  endfacet
  facet normal -0.44761723410804044 0 -0.8942252578234791
    outer loop
      vertex -10.218873478472233 -5 -7.816518485546112
      vertex -10.218873478472233 5 -7.816518485546112
      vertex -10.1231225207448 5 -7.864447996020317
    endloop
  endfacet
  facet normal -0.38268339637749377 0 -0.9238795474178363
    outer loop
      vertex -10.1231225207448 -5 -7.864447996020317
      vertex -10.1231225207448 5 -7.864447996020317
      vertex -10.02419626712799 5 -7.90542458742857
    endloop
  endfacet
  facet normal -0.3157995778139601 0 -0.9488259200994271
    outer loop
      vertex -10.02419626712799 -5 -7.90542458742857
      vertex -10.02419626712799 5 -7.90542458742857
      vertex -9.922598838806152 5 -7.939239457249641
    endloop
  endfacet
  facet normal -0.7071067811865476 0 0.7071067811865476
    outer loop
      vertex -10 -5 -5
      vertex -10 5 -5
      vertex -10.853553391993046 5 -5.853553391993046
    endloop
  endfacet
  facet normal -0.247306488299135 0 -0.96893730490943
    outer loop
      vertex -9.922598838806152 -5 -7.939239457249641
      vertex -9.922598838806152 5 -7.939239457249641
      vertex -9.818847931921482 5 -7.965720295906067
    endloop
  endfacet
  facet normal -0.1775532512889915 0 -0.9841111944067643
    outer loop
      vertex -9.818847931921482 -5 -7.965720295906067
      vertex -9.818847931921482 5 -7.965720295906067
      vertex -9.713472254574299 5 -7.984732165932655
    endloop
  endfacet
  facet normal -0.10689510405773878 0 -0.9942703036541346
    outer loop
      vertex -9.713472254574299 -5 -7.984732165932655
      vertex -9.713472254574299 5 -7.984732165932655
      vertex -9.607008777558804 5 -7.996178172528744
    endloop
  endfacet
  facet normal -0.035692327198633016 0 -0.9993628258941524
    outer loop
      vertex -9.607008777558804 -5 -7.996178172528744
      vertex -9.607008777558804 5 -7.996178172528744
      vertex -9.5 5 -8
    endloop
  endfacet
  facet normal 0 0 -1
    outer loop
      vertex -9.5 -5 -8
      vertex -9.5 5 -8
      vertex -8.210520759224892 5 -8
    endloop
  endfacet
  facet normal 0 1 0
    outer loop
      vertex -10.984732165932655 5 -6.713472254574299
      vertex -10.996178172528744 5 -6.607008777558804
      vertex -10 5 -5
    endloop
  endfacet
  facet normal 0 1 0
    outer loop
      vertex -10.996178172528744 5 -6.607008777558804
      vertex -11 5 -6.5
      vertex -10 5 -5
    endloop
  endfacet
  facet normal 0 1 0
    outer loop
      vertex -11 5 -6.5
      vertex -11 5 -6.207106783986092
      vertex -10 5 -5
    endloop
  endfacet
  facet normal 0 1 0
    outer loop
      vertex -11 5 -6.207106783986092
      vertex -10.998726055026054 5 -6.171437188982964
      vertex -10 5 -5
    endloop
  endfacet
  facet normal 0 1 0
    outer loop
      vertex -10.998726055026054 5 -6.171437188982964
      vertex -10.994910724461079 5 -6.135949358344078
      vertex -10 5 -5
    endloop
  endfacet
  facet normal 0 1 0
    outer loop
      vertex -10.994910724461079 5 -6.135949358344078
      vertex -10.988573431968689 5 -6.100824140012264
      vertex -10 5 -5
    endloop
  endfacet
  facet normal 0 1 0
    outer loop
      vertex -10.700811862945557 5 -7.398916497826576
      vertex -10 5 -5
      vertex -10.633624359965324 5 -7.482291102409363
    endloop
  endfacet
  facet normal 0 1 0
    outer loop
      vertex -10.633624359965324 5 -7.482291102409363
      vertex -10 5 -5
      vertex -10.560660168528557 5 -7.560660168528557
    endloop
  endfacet
  facet normal 0 1 0
    outer loop
      vertex -10.560660168528557 5 -7.560660168528557
      vertex -10 5 -5
      vertex -10.482291102409363 5 -7.633624359965324
    endloop
  endfacet
  facet normal 0 1 0
    outer loop
      vertex -10.482291102409363 5 -7.633624359965324
      vertex -10 5 -5
      vertex -10.398916497826576 5 -7.700811862945557
    endloop
  endfacet
  facet normal 0 1 0
    outer loop
      vertex -10.398916497826576 5 -7.700811862945557
      vertex -10 5 -5
      vertex -10.310961224138737 5 -7.761880300939083
    endloop
  endfacet
  facet normal 0 1 0
    outer loop
      vertex -10.310961224138737 5 -7.761880300939083
      vertex -10 5 -5
      vertex -10.218873478472233 5 -7.816518485546112
    endloop
  endfacet
  facet normal 0 1 0
    outer loop
      vertex -10.218873478472233 5 -7.816518485546112
      vertex -10 5 -5
      vertex -10.1231225207448 5 -7.864447996020317
    endloop
  endfacet
  facet normal 0 1 0
    outer loop
      vertex -10.1231225207448 5 -7.864447996020317
      vertex -10 5 -5
      vertex -10.02419626712799 5 -7.90542458742857
    endloop
  endfacet
  facet normal 0 1 0
    outer loop
      vertex -10.02419626712799 5 -7.90542458742857
      vertex -10 5 -5
      vertex -9.922598838806152 5 -7.939239457249641
    endloop
  endfacet
  facet normal 0 1 0
    outer loop
      vertex -10.939239457249641 5 -6.922598838806152
      vertex -10.965720295906067 5 -6.818847931921482
      vertex -10 5 -5
    endloop
  endfacet
  facet normal 0 1 0
    outer loop
      vertex -10.939239457249641 5 -6.922598838806152
      vertex -10 5 -5
      vertex -10.90542458742857 5 -7.024196267127991
    endloop
  endfacet
  facet normal 0 1 0
    outer loop
      vertex -10.864447996020317 5 -7.123122520744801
      vertex -10.90542458742857 5 -7.024196267127991
      vertex -10 5 -5
    endloop
  endfacet
  facet normal 0 1 0
    outer loop
      vertex -10.864447996020317 5 -7.123122520744801
      vertex -10 5 -5
      vertex -10.816518485546112 5 -7.218873478472233
    endloop
  endfacet
  facet normal 0 1 0
    outer loop
      vertex -10.761880300939083 5 -7.310961224138737
      vertex -10.816518485546112 5 -7.218873478472233
      vertex -10 5 -5
    endloop
  endfacet
  facet normal 0 1 0
    outer loop
      vertex -10.761880300939083 5 -7.310961224138737
      vertex -10 5 -5
      vertex -10.700811862945557 5 -7.398916497826576
    endloop
  endfacet
  facet normal 0 1 0
    outer loop
      vertex -10.984732165932655 5 -6.713472254574299
      vertex -10 5 -5
      vertex -10.965720295906067 5 -6.818847931921482
    endloop
  endfacet
  facet normal 0 1 0
    outer loop
      vertex -10.988573431968689 5 -6.100824140012264
      vertex -10.979746483266354 5 -6.066240504384041
      vertex -10 5 -5
    endloop
  endfacet
  facet normal 0 1 0
    outer loop
      vertex -10.979746483266354 5 -6.066240504384041
      vertex -10.968474864959717 5 -6.032374694943428
      vertex -10 5 -5
    endloop
  endfacet
  facet normal 0 1 0
    outer loop
      vertex -10.968474864959717 5 -6.032374694943428
      vertex -10.954815998673439 5 -5.999399274587631
      vertex -10 5 -5
    endloop
  endfacet
  facet normal 0 1 0
    outer loop
      vertex -10.954815998673439 5 -5.999399274587631
      vertex -10.938839495182037 5 -5.967482291162014
      vertex -10 5 -5
    endloop
  endfacet
  facet normal 0 1 0
    outer loop
      vertex -10.938839495182037 5 -5.967482291162014
      vertex -10.920626766979694 5 -5.936786375939846
      vertex -10 5 -5
    endloop
  endfacet
  facet normal 0 1 0
    outer loop
      vertex -10.920626766979694 5 -5.936786375939846
      vertex -10.900270618498325 5 -5.907467946410179
      vertex -10 5 -5
    endloop
  endfacet
  facet normal 0 1 0
    outer loop
      vertex -10.900270618498325 5 -5.907467946410179
      vertex -10.877874784171581 5 -5.879676416516304
      vertex -10 5 -5
    endloop
  endfacet
  facet normal 0 1 0
    outer loop
      vertex -10.877874784171581 5 -5.879676416516304
      vertex -10.853553391993046 5 -5.853553391993046
      vertex -10 5 -5
    endloop
  endfacet
  facet normal 0 1 0
    outer loop
      vertex -9.922598838806152 5 -7.939239457249641
      vertex -10 5 -5
      vertex -9.818847931921482 5 -7.965720295906067
    endloop
  endfacet
  facet normal 0 1 0
    outer loop
      vertex -9.818847931921482 5 -7.965720295906067
      vertex -10 5 -5
      vertex -9.713472254574299 5 -7.984732165932655
    endloop
  endfacet
  facet normal 0 1 0
    outer loop
      vertex -9.713472254574299 5 -7.984732165932655
      vertex -10 5 -5
      vertex -9.607008777558804 5 -7.996178172528744
    endloop
  endfacet
  facet normal 0 1 0
    outer loop
      vertex -9.607008777558804 5 -7.996178172528744
      vertex -10 5 -5
      vertex -9.5 5 -8
    endloop
  endfacet
  facet normal 0 1 0
    outer loop
      vertex -9.5 5 -8
      vertex -10 5 -5
      vertex -7.312886498868465 5 -4.860989831387997
    endloop
  endfacet
  facet normal 0.036989852615292584 0 -0.9993156412282852
    outer loop
      vertex -8.210520759224892 -5 -8
      vertex -8.210520759224892 5 -8
      vertex -7.951769009232521 5 -7.990422256290913
    endloop
  endfacet
  facet normal 0.11076709633668742 0 -0.9938463917372438
    outer loop
      vertex -7.951769009232521 -5 -7.990422256290913
      vertex -7.951769009232521 5 -7.990422256290913
      vertex -7.694433398544788 5 -7.9617414474487305
    endloop
  endfacet
  facet normal 0.18393815148030898 0 -0.9829378192083196
    outer loop
      vertex -7.694433398544788 -5 -7.9617414474487305
      vertex -7.694433398544788 5 -7.9617414474487305
      vertex -7.4399223402142525 5 -7.914114534854889
    endloop
  endfacet
  facet normal 0.2561024609243542 0 -0.9666496415498687
    outer loop
      vertex -7.4399223402142525 -5 -7.914114534854889
      vertex -7.4399223402142525 5 -7.914114534854889
      vertex -7.189628757536411 5 -7.8478021919727325
    endloop
  endfacet
  facet normal 0.32686516295163215 0 -0.9450709842380111
    outer loop
      vertex -7.189628757536411 -5 -7.8478021919727325
      vertex -7.189628757536411 5 -7.8478021919727325
      vertex -6.944922514259815 5 -7.7631673365831375
    endloop
  endfacet
  facet normal 0.5969088045071334 0 0.8023090919975076
    outer loop
      vertex -7.088371343910694 -5 -5.040933080017567
      vertex -7.088371343910694 5 -5.040933080017567
      vertex -7.203869022428989 5 -4.955004125833511
    endloop
  endfacet
  facet normal 0.39583889964021957 0 -0.9183199690367297
    outer loop
      vertex -6.944922514259815 -5 -7.7631673365831375
      vertex -6.944922514259815 5 -7.7631673365831375
      vertex -6.707142889499664 5 -7.660673186182976
    endloop
  endfacet
  facet normal 0.46264623107378927 0 -0.8865429853499591
    outer loop
      vertex -6.707142889499664 -5 -7.660673186182976
      vertex -6.707142889499664 5 -7.660673186182976
      vertex -6.47759123891592 5 -7.5408806800842285
    endloop
  endfacet
  facet normal 0.5269215247724066 0 -0.8499139407796075
    outer loop
      vertex -6.47759123891592 -5 -7.5408806800842285
      vertex -6.47759123891592 5 -7.5408806800842285
      vertex -6.257523909211159 5 -7.404445439577103
    endloop
  endfacet
  facet normal 0.5376511018382224 0 0.8431674167638035
    outer loop
      vertex -6.966991849243641 -5 -5.118331491947174
      vertex -6.966991849243641 5 -5.118331491947174
      vertex -7.088371343910694 5 -5.040933080017567
    endloop
  endfacet
  facet normal 0.4756079487120109 0 0.8796573646153105
    outer loop
      vertex -6.840359382331371 -5 -5.186798386275768
      vertex -6.840359382331371 5 -5.186798386275768
      vertex -6.966991849243641 5 -5.118331491947174
    endloop
  endfacet
  facet normal 0.4111006760827557 0 0.9115899484550612
    outer loop
      vertex -6.709130011498928 -5 -5.245979033410549
      vertex -6.709130011498928 5 -5.245979033410549
      vertex -6.840359382331371 5 -5.186798386275768
    endloop
  endfacet
  facet normal 0.34446354123424555 0 0.9387996957606897
    outer loop
      vertex -6.573983617126942 -5 -5.295566827058792
      vertex -6.573983617126942 5 -5.295566827058792
      vertex -6.709130011498928 5 -5.245979033410549
    endloop
  endfacet
  facet normal 0.2760418608188916 0 0.9611456138773373
    outer loop
      vertex -6.435620374977589 -5 -5.335304871201515
      vertex -6.435620374977589 5 -5.335304871201515
      vertex -6.573983617126942 5 -5.295566827058792
    endloop
  endfacet
  facet normal 0.5883129442146311 0 -0.8086333406863165
    outer loop
      vertex -6.257523909211159 -5 -7.404445439577103
      vertex -6.257523909211159 5 -7.404445439577103
      vertex -6.0481453239917755 5 -7.252114184200764
    endloop
  endfacet
  facet normal 0.20618993412311 0 0.9785119882077621
    outer loop
      vertex -6.294757135212421 -5 -5.364987269043922
      vertex -6.294757135212421 5 -5.364987269043922
      vertex -6.435620374977589 5 -5.335304871201515
    endloop
  endfacet
  facet normal 0.13526986003236777 0 0.9908087933435108
    outer loop
      vertex -6.152123689651489 -5 -5.3844602555036545
      vertex -6.152123689651489 5 -5.3844602555036545
      vertex -6.294757135212421 5 -5.364987269043922
    endloop
  endfacet
  facet normal 0.06364890890340018 0 0.9979723525205528
    outer loop
      vertex -6.008459001779556 -5 -5.393622934818268
      vertex -6.008459001779556 5 -5.393622934818268
      vertex -6.152123689651489 5 -5.3844602555036545
    endloop
  endfacet
  facet normal -0.008301725314538759 0 0.9999655400846581
    outer loop
      vertex -5.864507377147675 -5 -5.39242784678936
      vertex -5.864507377147675 5 -5.39242784678936
      vertex -6.008459001779556 5 -5.393622934818268
    endloop
  endfacet
  facet normal -0.08020945819374582 0 0.9967780308655814
    outer loop
      vertex -5.721014626324177 -5 -5.380881167948246
      vertex -5.721014626324177 5 -5.380881167948246
      vertex -5.864507377147675 5 -5.39242784678936
    endloop
  endfacet
  facet normal 0 1 0
    outer loop
      vertex -9.5 5 -8
      vertex -7.203869022428989 5 -4.955004125833511
      vertex -8.210520759224892 5 -8
    endloop
  endfacet
  facet normal 0 1 0
    outer loop
      vertex -9.5 5 -8
      vertex -7.312886498868465 5 -4.860989831387997
      vertex -7.203869022428989 5 -4.955004125833511
    endloop
  endfacet
  facet normal 0 1 0
    outer loop
      vertex -8.210520759224892 5 -8
      vertex -7.088371343910694 5 -5.040933080017567
      vertex -7.951769009232521 5 -7.990422256290913
    endloop
  endfacet
  facet normal 0 1 0
    outer loop
      vertex -7.951769009232521 5 -7.990422256290913
      vertex -7.088371343910694 5 -5.040933080017567
      vertex -7.694433398544788 5 -7.9617414474487305
    endloop
  endfacet
  facet normal 0 1 0
    outer loop
      vertex -7.694433398544788 5 -7.9617414474487305
      vertex -6.966991849243641 5 -5.118331491947174
      vertex -7.4399223402142525 5 -7.914114534854889
    endloop
  endfacet
  facet normal 0 1 0
    outer loop
      vertex -7.4399223402142525 5 -7.914114534854889
      vertex -6.966991849243641 5 -5.118331491947174
      vertex -7.189628757536411 5 -7.8478021919727325
    endloop
  endfacet
  facet normal 0 1 0
    outer loop
      vertex -8.210520759224892 5 -8
      vertex -7.203869022428989 5 -4.955004125833511
      vertex -7.088371343910694 5 -5.040933080017567
    endloop
  endfacet
  facet normal 0 1 0
    outer loop
      vertex -7.694433398544788 5 -7.9617414474487305
      vertex -7.088371343910694 5 -5.040933080017567
      vertex -6.966991849243641 5 -5.118331491947174
    endloop
  endfacet
  facet normal 0 1 0
    outer loop
      vertex -7.189628757536411 5 -7.8478021919727325
      vertex -6.840359382331371 5 -5.186798386275768
      vertex -6.944922514259815 5 -7.7631673365831375
    endloop
  endfacet
  facet normal 0 1 0
    outer loop
      vertex -6.944922514259815 5 -7.7631673365831375
      vertex -6.709130011498928 5 -5.245979033410549
      vertex -6.707142889499664 5 -7.660673186182976
    endloop
  endfacet
  facet normal 0 1 0
    outer loop
      vertex -6.707142889499664 5 -7.660673186182976
      vertex -6.709130011498928 5 -5.245979033410549
      vertex -6.47759123891592 5 -7.5408806800842285
    endloop
  endfacet
  facet normal 0 1 0
    outer loop
      vertex -6.47759123891592 5 -7.5408806800842285
      vertex -6.573983617126942 5 -5.295566827058792
      vertex -6.257523909211159 5 -7.404445439577103
    endloop
  endfacet
  facet normal 0 1 0
    outer loop
      vertex -7.189628757536411 5 -7.8478021919727325
      vertex -6.966991849243641 5 -5.118331491947174
      vertex -6.840359382331371 5 -5.186798386275768
    endloop
  endfacet
  facet normal 0 1 0
    outer loop
      vertex -6.944922514259815 5 -7.7631673365831375
      vertex -6.840359382331371 5 -5.186798386275768
      vertex -6.709130011498928 5 -5.245979033410549
    endloop
  endfacet
  facet normal 0 1 0
    outer loop
      vertex -6.47759123891592 5 -7.5408806800842285
      vertex -6.709130011498928 5 -5.245979033410549
      vertex -6.573983617126942 5 -5.295566827058792
    endloop
  endfacet
  facet normal 0 1 0
    outer loop
      vertex -6.573983617126942 5 -5.295566827058792
      vertex -6.435620374977589 5 -5.335304871201515
      vertex -6.257523909211159 5 -7.404445439577103
    endloop
  endfacet
  facet normal 0 1 0
    outer loop
      vertex -6.435620374977589 5 -5.335304871201515
      vertex -6.0481453239917755 5 -7.252114184200764
      vertex -6.257523909211159 5 -7.404445439577103
    endloop
  endfacet
  facet normal 0 1 0
    outer loop
      vertex -6.435620374977589 5 -5.335304871201515
      vertex -6.294757135212421 5 -5.364987269043922
      vertex -6.0481453239917755 5 -7.252114184200764
    endloop
  endfacet
  facet normal 0 1 0
    outer loop
      vertex -6.0481453239917755 5 -7.252114184200764
      vertex -6.294757135212421 5 -5.364987269043922
      vertex -6.152123689651489 5 -5.3844602555036545
    endloop
  endfacet
  facet normal 0 1 0
    outer loop
      vertex -6.0481453239917755 5 -7.252114184200764
      vertex -6.152123689651489 5 -5.3844602555036545
      vertex -6.008459001779556 5 -5.393622934818268
    endloop
  endfacet
  facet normal 0 1 0
    outer loop
      vertex -6.0481453239917755 5 -7.252114184200764
      vertex -6.008459001779556 5 -5.393622934818268
      vertex -5.864507377147675 5 -5.39242784678936
    endloop
  endfacet
  facet normal 0 1 0
    outer loop
      vertex -6.0481453239917755 5 -7.252114184200764
      vertex -5.864507377147675 5 -5.39242784678936
      vertex -5.721014626324177 5 -5.380881167948246
    endloop
  endfacet
  facet normal 0 1 0
    outer loop
      vertex -6.0481453239917755 5 -7.252114184200764
      vertex -5.721014626324177 5 -5.380881167948246
      vertex -5.578724145889282 5 -5.359042726457119
    endloop
  endfacet
  facet normal 0 1 0
    outer loop
      vertex -6.0481453239917755 5 -7.252114184200764
      vertex -5.578724145889282 5 -5.359042726457119
      vertex -5.438373140990734 5 -5.327025666832924
    endloop
  endfacet
  facet normal -1 0 0
    outer loop
      vertex -10 -5 -0.10000000149011612
      vertex -10 5 -0.10000000149011612
      vertex -10 5 -5
    endloop
  endfacet
  facet normal -0.1775540345919869 0 -0.9841110530829879
    outer loop
      vertex -10.085768513381481 -5 -0.0010178536176681519
      vertex -10.085768513381481 5 -0.0010178536176681519
      vertex -10.07874347269535 5 -0.002285316586494446
    endloop
  endfacet
  facet normal -0.1068949738801406 0 -0.9942703176496642
    outer loop
      vertex -10.092866078019142 -5 -0.00025478750467300415
      vertex -10.092866078019142 5 -0.00025478750467300415
      vertex -10.085768513381481 5 -0.0010178536176681519
    endloop
  endfacet
  facet normal -0.035692163393554445 0 -0.999362831744451
    outer loop
      vertex -10.100000001490116 -5 0
      vertex -10.100000001490116 5 0
      vertex -10.092866078019142 5 -0.00025478750467300415
    endloop
  endfacet
  facet normal -0.3826840394943096 0 -0.9238792810298961
    outer loop
      vertex -10.065053582191467 -5 -0.006305024027824402
      vertex -10.065053582191467 5 -0.006305024027824402
      vertex -10.058458499610424 5 -0.009036801755428314
    endloop
  endfacet
  facet normal -0.3157993896988017 0 -0.9488259827101407
    outer loop
      vertex -10.071826741099358 -5 -0.004050701856613159
      vertex -10.071826741099358 5 -0.004050701856613159
      vertex -10.065053582191467 5 -0.006305024027824402
    endloop
  endfacet
  facet normal -0.24730581563146334 0 -0.9689374765973586
    outer loop
      vertex -10.07874347269535 -5 -0.002285316586494446
      vertex -10.07874347269535 5 -0.002285316586494446
      vertex -10.071826741099358 5 -0.004050701856613159
    endloop
  endfacet
  facet normal -0.6274694325110747 0 -0.7786411954579786
    outer loop
      vertex -10.040072232484818 -5 -0.01994587481021881
      vertex -10.040072232484818 5 -0.01994587481021881
      vertex -10.034513927996159 5 -0.024425044655799866
    endloop
  endfacet
  facet normal -0.5703222826437171 0 -0.8214210211091875
    outer loop
      vertex -10.045935921370983 -5 -0.015874646604061127
      vertex -10.045935921370983 5 -0.015874646604061127
      vertex -10.040072232484818 5 -0.01994587481021881
    endloop
  endfacet
  facet normal -0.5102699686302845 0 -0.8600142784361482
    outer loop
      vertex -10.0520751029253 -5 -0.012232102453708649
      vertex -10.0520751029253 5 -0.012232102453708649
      vertex -10.045935921370983 5 -0.015874646604061127
    endloop
  endfacet
  facet normal -0.4476172619594819 0 -0.8942252438820414
    outer loop
      vertex -10.058458499610424 -5 -0.009036801755428314
      vertex -10.058458499610424 5 -0.009036801755428314
      vertex -10.0520751029253 5 -0.012232102453708649
    endloop
  endfacet
  facet normal -0.8214210211091875 0 -0.5703222826437171
    outer loop
      vertex -10.019945874810219 -5 -0.040072232484817505
      vertex -10.019945874810219 5 -0.040072232484817505
      vertex -10.015874646604061 5 -0.045935921370983124
    endloop
  endfacet
  facet normal -0.8600142784361482 0 -0.5102699686302845
    outer loop
      vertex -10.015874646604061 -5 -0.045935921370983124
      vertex -10.015874646604061 5 -0.045935921370983124
      vertex -10.012232102453709 5 -0.0520751029253006
    endloop
  endfacet
  facet normal -0.7786411954579786 0 -0.6274694325110747
    outer loop
      vertex -10.0244250446558 -5 -0.0345139279961586
      vertex -10.0244250446558 5 -0.0345139279961586
      vertex -10.019945874810219 5 -0.040072232484817505
    endloop
  endfacet
  facet normal -0.7318949975448411 0 -0.6814174290175127
    outer loop
      vertex -10.029289320111275 -5 -0.02928932011127472
      vertex -10.029289320111275 5 -0.02928932011127472
      vertex -10.0244250446558 5 -0.0345139279961586
    endloop
  endfacet
  facet normal -0.6814174290175127 0 -0.7318949975448411
    outer loop
      vertex -10.034513927996159 -5 -0.024425044655799866
      vertex -10.034513927996159 5 -0.024425044655799866
      vertex -10.029289320111275 5 -0.02928932011127472
    endloop
  endfacet
  facet normal -0.999362831744451 0 -0.035692163393554445
    outer loop
      vertex -10.000254787504673 -5 -0.09286607801914215
      vertex -10.000254787504673 5 -0.09286607801914215
      vertex -10 5 -0.10000000149011612
    endloop
  endfacet
  facet normal -0.9942703176496642 0 -0.1068949738801406
    outer loop
      vertex -10.001017853617668 -5 -0.08576851338148117
      vertex -10.001017853617668 5 -0.08576851338148117
      vertex -10.000254787504673 5 -0.09286607801914215
    endloop
  endfacet
  facet normal -0.9841110530829879 0 -0.1775540345919869
    outer loop
      vertex -10.002285316586494 -5 -0.07874347269535065
      vertex -10.002285316586494 5 -0.07874347269535065
      vertex -10.001017853617668 5 -0.08576851338148117
    endloop
  endfacet
  facet normal -0.9689374765973586 0 -0.24730581563146334
    outer loop
      vertex -10.004050701856613 -5 -0.0718267410993576
      vertex -10.004050701856613 5 -0.0718267410993576
      vertex -10.002285316586494 5 -0.07874347269535065
    endloop
  endfacet
  facet normal -0.9488259827101407 0 -0.3157993896988017
    outer loop
      vertex -10.006305024027824 -5 -0.06505358219146729
      vertex -10.006305024027824 5 -0.06505358219146729
      vertex -10.004050701856613 5 -0.0718267410993576
    endloop
  endfacet
  facet normal -0.9238792810298961 0 -0.3826840394943096
    outer loop
      vertex -10.009036801755428 -5 -0.05845849961042404
      vertex -10.009036801755428 5 -0.05845849961042404
      vertex -10.006305024027824 5 -0.06505358219146729
    endloop
  endfacet
  facet normal -0.8942252438820414 0 -0.4476172619594819
    outer loop
      vertex -10.012232102453709 -5 -0.0520751029253006
      vertex -10.012232102453709 5 -0.0520751029253006
      vertex -10.009036801755428 5 -0.05845849961042404
    endloop
  endfacet
  facet normal 0 1 0
    outer loop
      vertex -10 5 -5
      vertex -10 5 -0.10000000149011612
      vertex -8.048449896275997 5 -2.7562130987644196
    endloop
  endfacet
  facet normal 0 1 0
    outer loop
      vertex -10 5 -5
      vertex -7.852045722305775 5 -4.022015497088432
      vertex -7.801980413496494 5 -4.156985722482204
    endloop
  endfacet
  facet normal 0 1 0
    outer loop
      vertex -10 5 -5
      vertex -8.076318681240082 5 -3.3348503485322
      vertex -8.05584591627121 5 -3.4053892716765404
    endloop
  endfacet
  facet normal 0 1 0
    outer loop
      vertex -10 5 -5
      vertex -8.101483598351479 5 -3.190222829580307
      vertex -8.091558650135994 5 -3.26299899071455
    endloop
  endfacet
  facet normal 0 1 0
    outer loop
      vertex -10 5 -5
      vertex -8.091558650135994 5 -3.26299899071455
      vertex -8.076318681240082 5 -3.3348503485322
    endloop
  endfacet
  facet normal 0 1 0
    outer loop
      vertex -10 5 -5
      vertex -8.106039986014366 5 -3.1169144809246063
      vertex -8.101483598351479 5 -3.190222829580307
    endloop
  endfacet
  facet normal 0 1 0
    outer loop
      vertex -10 5 -5
      vertex -8.105203226208687 5 -3.0434694439172745
      vertex -8.106039986014366 5 -3.1169144809246063
    endloop
  endfacet
  facet normal 0 1 0
    outer loop
      vertex -10 5 -5
      vertex -8.098977848887444 5 -2.9702839329838753
      vertex -8.105203226208687 5 -3.0434694439172745
    endloop
  endfacet
  facet normal 0 1 0
    outer loop
      vertex -10 5 -5
      vertex -8.087397418916225 5 -2.8977527767419815
      vertex -8.098977848887444 5 -2.9702839329838753
    endloop
  endfacet
  facet normal 0 1 0
    outer loop
      vertex -10 5 -5
      vertex -8.07052443176508 5 -2.8262672796845436
      vertex -8.087397418916225 5 -2.8977527767419815
    endloop
  endfacet
  facet normal 0 1 0
    outer loop
      vertex -10 5 -5
      vertex -8.048449896275997 5 -2.7562130987644196
      vertex -8.07052443176508 5 -2.8262672796845436
    endloop
  endfacet
  facet normal 0 1 0
    outer loop
      vertex -10 5 -5
      vertex -8.05584591627121 5 -3.4053892716765404
      vertex -7.852045722305775 5 -4.022015497088432
    endloop
  endfacet
  facet normal 0 1 0
    outer loop
      vertex -10 5 -0.10000000149011612
      vertex -8.02129290997982 5 -2.687968149781227
      vertex -8.048449896275997 5 -2.7562130987644196
    endloop
  endfacet
  facet normal 0 1 0
    outer loop
      vertex -10 5 -0.10000000149011612
      vertex -7.989199981093407 5 -2.621900625526905
      vertex -8.02129290997982 5 -2.687968149781227
    endloop
  endfacet
  facet normal 0 1 0
    outer loop
      vertex -10 5 -0.10000000149011612
      vertex -7.952344253659248 5 -2.5583669394254684
      vertex -7.989199981093407 5 -2.621900625526905
    endloop
  endfacet
  facet normal 0 1 0
    outer loop
      vertex -10 5 -0.10000000149011612
      vertex -10.000254787504673 5 -0.09286607801914215
      vertex -7.761631891131401 5 -2.3361824601888657
    endloop
  endfacet
  facet normal 0 1 0
    outer loop
      vertex -10.001017853617668 5 -0.08576851338148117
      vertex -10.002285316586494 5 -0.07874347269535065
      vertex -7.70441821962595 5 -2.290123037993908
    endloop
  endfacet
  facet normal 0 1 0
    outer loop
      vertex -10.029289320111275 5 -0.02928932011127472
      vertex -10.034513927996159 5 -0.024425044655799866
      vertex -7.643978111445904 5 -2.2483873516321182
    endloop
  endfacet
  facet normal 0 1 0
    outer loop
      vertex -10.000254787504673 5 -0.09286607801914215
      vertex -10.001017853617668 5 -0.08576851338148117
      vertex -7.70441821962595 5 -2.290123037993908
    endloop
  endfacet
  facet normal 0 1 0
    outer loop
      vertex -10.002285316586494 5 -0.07874347269535065
      vertex -10.004050701856613 5 -0.0718267410993576
      vertex -7.643978111445904 5 -2.2483873516321182
    endloop
  endfacet
  facet normal 0 1 0
    outer loop
      vertex -10.004050701856613 5 -0.0718267410993576
      vertex -10.006305024027824 5 -0.06505358219146729
      vertex -7.643978111445904 5 -2.2483873516321182
    endloop
  endfacet
  facet normal 0 1 0
    outer loop
      vertex -10.006305024027824 5 -0.06505358219146729
      vertex -10.009036801755428 5 -0.05845849961042404
      vertex -7.643978111445904 5 -2.2483873516321182
    endloop
  endfacet
  facet normal 0 1 0
    outer loop
      vertex -10.009036801755428 5 -0.05845849961042404
      vertex -10.012232102453709 5 -0.0520751029253006
      vertex -7.643978111445904 5 -2.2483873516321182
    endloop
  endfacet
  facet normal 0 1 0
    outer loop
      vertex -10.015874646604061 5 -0.045935921370983124
      vertex -7.643978111445904 5 -2.2483873516321182
      vertex -10.012232102453709 5 -0.0520751029253006
    endloop
  endfacet
  facet normal 0 1 0
    outer loop
      vertex -10.019945874810219 5 -0.040072232484817505
      vertex -10.0244250446558 5 -0.0345139279961586
      vertex -7.643978111445904 5 -2.2483873516321182
    endloop
  endfacet
  facet normal 0 1 0
    outer loop
      vertex -10.019945874810219 5 -0.040072232484817505
      vertex -7.643978111445904 5 -2.2483873516321182
      vertex -10.015874646604061 5 -0.045935921370983124
    endloop
  endfacet
  facet normal 0 1 0
    outer loop
      vertex -10.0244250446558 5 -0.0345139279961586
      vertex -10.029289320111275 5 -0.02928932011127472
      vertex -7.643978111445904 5 -2.2483873516321182
    endloop
  endfacet
  facet normal 0 1 0
    outer loop
      vertex -10 5 -0.10000000149011612
      vertex -7.910924546420574 5 -2.497709847986698
      vertex -7.952344253659248 5 -2.5583669394254684
    endloop
  endfacet
  facet normal 0 1 0
    outer loop
      vertex -10 5 -0.10000000149011612
      vertex -7.865164324641228 5 -2.4402565956115723
      vertex -7.910924546420574 5 -2.497709847986698
    endloop
  endfacet
  facet normal 0 1 0
    outer loop
      vertex -10 5 -0.10000000149011612
      vertex -7.815310455858707 5 -2.3863171339035034
      vertex -7.865164324641228 5 -2.4402565956115723
    endloop
  endfacet
  facet normal 0 1 0
    outer loop
      vertex -10 5 -0.10000000149011612
      vertex -7.761631891131401 5 -2.3361824601888657
      vertex -7.815310455858707 5 -2.3863171339035034
    endloop
  endfacet
  facet normal 0.9603691065834041 0 0.27873137448122726
    outer loop
      vertex -8.05584591627121 -5 -3.4053892716765404
      vertex -8.05584591627121 5 -3.4053892716765404
      vertex -8.076318681240082 5 -3.3348503485322
    endloop
  endfacet
  facet normal 0.9494848747017745 0 0.3138127988348395
    outer loop
      vertex -7.852045722305775 -5 -4.022015497088432
      vertex -7.852045722305775 5 -4.022015497088432
      vertex -8.05584591627121 5 -3.4053892716765404
    endloop
  endfacet
  facet normal 0.9375759379107454 0 0.3477806214422911
    outer loop
      vertex -7.801980413496494 -5 -4.156985722482204
      vertex -7.801980413496494 5 -4.156985722482204
      vertex -7.852045722305775 5 -4.022015497088432
    endloop
  endfacet
  facet normal 0.9782375193020962 0 0.20748820648335883
    outer loop
      vertex -8.076318681240082 -5 -3.3348503485322
      vertex -8.076318681240082 5 -3.3348503485322
      vertex -8.091558650135994 5 -3.26299899071455
    endloop
  endfacet
  facet normal 0.9908284797388673 0 0.1351255850620637
    outer loop
      vertex -8.091558650135994 -5 -3.26299899071455
      vertex -8.091558650135994 5 -3.26299899071455
      vertex -8.101483598351479 5 -3.190222829580307
    endloop
  endfacet
  facet normal 0.9999351060154757 0 -0.011392267457335676
    outer loop
      vertex -8.106039986014366 -5 -3.1169144809246063
      vertex -8.106039986014366 5 -3.1169144809246063
      vertex -8.105203226208687 5 -3.0434694439172745
    endloop
  endfacet
  facet normal 0.9980740349581964 0 0.06203402890563284
    outer loop
      vertex -8.101483598351479 -5 -3.190222829580307
      vertex -8.101483598351479 5 -3.190222829580307
      vertex -8.106039986014366 5 -3.1169144809246063
    endloop
  endfacet
  facet normal 0.9964016607737913 0 -0.08475689002807103
    outer loop
      vertex -8.105203226208687 -5 -3.0434694439172745
      vertex -8.105203226208687 5 -3.0434694439172745
      vertex -8.098977848887444 5 -2.9702839329838753
    endloop
  endfacet
  facet normal 0.9874927326041466 0 -0.15766452693613572
    outer loop
      vertex -8.098977848887444 -5 -2.9702839329838753
      vertex -8.098977848887444 5 -2.9702839329838753
      vertex -8.087397418916225 5 -2.8977527767419815
    endloop
  endfacet
  facet normal 0.9732564462683871 0 -0.22972133074016032
    outer loop
      vertex -8.087397418916225 -5 -2.8977527767419815
      vertex -8.087397418916225 5 -2.8977527767419815
      vertex -8.07052443176508 5 -2.8262672796845436
    endloop
  endfacet
  facet normal 0.9537695027473011 0 -0.3005390750454359
    outer loop
      vertex -8.07052443176508 -5 -2.8262672796845436
      vertex -8.07052443176508 5 -2.8262672796845436
      vertex -8.048449896275997 5 -2.7562130987644196
    endloop
  endfacet
  facet normal 0.9291371427143884 0 -0.36973527019820857
    outer loop
      vertex -8.048449896275997 -5 -2.7562130987644196
      vertex -8.048449896275997 5 -2.7562130987644196
      vertex -8.02129290997982 5 -2.687968149781227
    endloop
  endfacet
  facet normal 0.8994921675970098 0 -0.4369368838077563
    outer loop
      vertex -8.02129290997982 -5 -2.687968149781227
      vertex -8.02129290997982 5 -2.687968149781227
      vertex -7.989199981093407 5 -2.621900625526905
    endloop
  endfacet
  facet normal 0.8649946143399686 0 -0.501781144686455
    outer loop
      vertex -7.989199981093407 -5 -2.621900625526905
      vertex -7.989199981093407 5 -2.621900625526905
      vertex -7.952344253659248 5 -2.5583669394254684
    endloop
  endfacet
  facet normal 0.8258304514248306 0 -0.5639184918935187
    outer loop
      vertex -7.952344253659248 -5 -2.5583669394254684
      vertex -7.952344253659248 5 -2.5583669394254684
      vertex -7.910924546420574 5 -2.497709847986698
    endloop
  endfacet
  facet normal 0.7822110764942102 0 -0.623013508529124
    outer loop
      vertex -7.910924546420574 -5 -2.497709847986698
      vertex -7.910924546420574 5 -2.497709847986698
      vertex -7.865164324641228 5 -2.4402565956115723
    endloop
  endfacet
  facet normal 0.734371754574086 0 -0.6787474685652818
    outer loop
      vertex -7.865164324641228 -5 -2.4402565956115723
      vertex -7.865164324641228 5 -2.4402565956115723
      vertex -7.815310455858707 5 -2.3863171339035034
    endloop
  endfacet
  facet normal 0.9101307491200185 0 0.4143211550310145
    outer loop
      vertex -7.74233615398407 -5 -4.288005039095879
      vertex -7.74233615398407 5 -4.288005039095879
      vertex -7.801980413496494 5 -4.156985722482204
    endloop
  endfacet
  facet normal 0.87797029620589 0 0.4787151125462218
    outer loop
      vertex -7.673421964049339 -5 -4.41439463943243
      vertex -7.673421964049339 5 -4.41439463943243
      vertex -7.74233615398407 5 -4.288005039095879
    endloop
  endfacet
  facet normal 0.8001936448861006 0 0.5997417199794403
    outer loop
      vertex -7.509258113801479 -5 -4.650692872703075
      vertex -7.509258113801479 5 -4.650692872703075
      vertex -7.595594882965088 5 -4.535499729216099
    endloop
  endfacet
  facet normal 0.8412612235278414 0 0.5406288503108573
    outer loop
      vertex -7.595594882965088 -5 -4.535499729216099
      vertex -7.595594882965088 5 -4.535499729216099
      vertex -7.673421964049339 5 -4.41439463943243
    endloop
  endfacet
  facet normal 0.7549803579405706 0 0.6557474049692671
    outer loop
      vertex -7.414858959615231 -5 -4.759377263486385
      vertex -7.414858959615231 5 -4.759377263486385
      vertex -7.509258113801479 5 -4.650692872703075
    endloop
  endfacet
  facet normal 0.7058556714704113 0 0.7083556811751105
    outer loop
      vertex -7.312886498868465 -5 -4.860989831387997
      vertex -7.312886498868465 5 -4.860989831387997
      vertex -7.414858959615231 5 -4.759377263486385
    endloop
  endfacet
  facet normal 0.6530739520329485 0 0.7572941391401801
    outer loop
      vertex -7.203869022428989 -5 -4.955004125833511
      vertex -7.203869022428989 5 -4.955004125833511
      vertex -7.312886498868465 5 -4.860989831387997
    endloop
  endfacet
  facet normal 0.682570551095591 0 -0.7308197060678245
    outer loop
      vertex -7.815310455858707 -5 -2.3863171339035034
      vertex -7.815310455858707 5 -2.3863171339035034
      vertex -7.761631891131401 5 -2.3361824601888657
    endloop
  endfacet
  facet normal 0.6270870167430652 0 -0.7789492110736634
    outer loop
      vertex -7.761631891131401 -5 -2.3361824601888657
      vertex -7.761631891131401 5 -2.3361824601888657
      vertex -7.70441821962595 5 -2.290123037993908
    endloop
  endfacet
  facet normal 0.5682205017828896 0 -0.8228763341800523
    outer loop
      vertex -7.70441821962595 -5 -2.290123037993908
      vertex -7.70441821962595 5 -2.290123037993908
      vertex -7.643978111445904 5 -2.2483873516321182
    endloop
  endfacet
  facet normal 0.5376170652138814 0 -0.843189119468944
    outer loop
      vertex -7.643978111445904 -5 -2.2483873516321182
      vertex -7.643978111445904 5 -2.2483873516321182
      vertex -4.117647059261799 5 0
    endloop
  endfacet
  facet normal 0 1 0
    outer loop
      vertex -10 5 -5
      vertex -7.673421964049339 5 -4.41439463943243
      vertex -7.595594882965088 5 -4.535499729216099
    endloop
  endfacet
  facet normal 0 1 0
    outer loop
      vertex -10 5 -5
      vertex -7.595594882965088 5 -4.535499729216099
      vertex -7.509258113801479 5 -4.650692872703075
    endloop
  endfacet
  facet normal 0 1 0
    outer loop
      vertex -10 5 -5
      vertex -7.801980413496494 5 -4.156985722482204
      vertex -7.74233615398407 5 -4.288005039095879
    endloop
  endfacet
  facet normal 0 1 0
    outer loop
      vertex -10 5 -5
      vertex -7.74233615398407 5 -4.288005039095879
      vertex -7.673421964049339 5 -4.41439463943243
    endloop
  endfacet
  facet normal 0 1 0
    outer loop
      vertex -10 5 -5
      vertex -7.509258113801479 5 -4.650692872703075
      vertex -7.414858959615231 5 -4.759377263486385
    endloop
  endfacet
  facet normal 0 1 0
    outer loop
      vertex -10 5 -5
      vertex -7.414858959615231 5 -4.759377263486385
      vertex -7.312886498868465 5 -4.860989831387997
    endloop
  endfacet
  facet normal 0 1 0
    outer loop
      vertex -10.000254787504673 5 -0.09286607801914215
      vertex -7.70441821962595 5 -2.290123037993908
      vertex -7.761631891131401 5 -2.3361824601888657
    endloop
  endfacet
  facet normal 0 1 0
    outer loop
      vertex -10.002285316586494 5 -0.07874347269535065
      vertex -7.643978111445904 5 -2.2483873516321182
      vertex -7.70441821962595 5 -2.290123037993908
    endloop
  endfacet
  facet normal 0 1 0
    outer loop
      vertex -10.092866078019142 5 -0.00025478750467300415
      vertex -10.100000001490116 5 0
      vertex -4.117647059261799 5 0
    endloop
  endfacet
  facet normal 0 1 0
    outer loop
      vertex -10.085768513381481 5 -0.0010178536176681519
      vertex -10.092866078019142 5 -0.00025478750467300415
      vertex -4.117647059261799 5 0
    endloop
  endfacet
  facet normal 0 1 0
    outer loop
      vertex -10.085768513381481 5 -0.0010178536176681519
      vertex -4.117647059261799 5 0
      vertex -10.07874347269535 5 -0.002285316586494446
    endloop
  endfacet
  facet normal 0 1 0
    outer loop
      vertex -10.071826741099358 5 -0.004050701856613159
      vertex -10.07874347269535 5 -0.002285316586494446
      vertex -4.117647059261799 5 0
    endloop
  endfacet
  facet normal 0 1 0
    outer loop
      vertex -10.065053582191467 5 -0.006305024027824402
      vertex -10.071826741099358 5 -0.004050701856613159
      vertex -4.117647059261799 5 0
    endloop
  endfacet
  facet normal 0 1 0
    outer loop
      vertex -10.045935921370983 5 -0.015874646604061127
      vertex -10.0520751029253 5 -0.012232102453708649
      vertex -4.117647059261799 5 0
    endloop
  endfacet
  facet normal 0 1 0
    outer loop
      vertex -10.040072232484818 5 -0.01994587481021881
      vertex -10.045935921370983 5 -0.015874646604061127
      vertex -4.117647059261799 5 0
    endloop
  endfacet
  facet normal 0 1 0
    outer loop
      vertex -10.040072232484818 5 -0.01994587481021881
      vertex -4.117647059261799 5 0
      vertex -10.034513927996159 5 -0.024425044655799866
    endloop
  endfacet
  facet normal 0 1 0
    outer loop
      vertex -10.058458499610424 5 -0.009036801755428314
      vertex -10.065053582191467 5 -0.006305024027824402
      vertex -4.117647059261799 5 0
    endloop
  endfacet
  facet normal 0 1 0
    outer loop
      vertex -10.058458499610424 5 -0.009036801755428314
      vertex -4.117647059261799 5 0
      vertex -10.0520751029253 5 -0.012232102453708649
    endloop
  endfacet
  facet normal 0 1 0
    outer loop
      vertex -10.034513927996159 5 -0.024425044655799866
      vertex -4.117647059261799 5 0
      vertex -7.643978111445904 5 -2.2483873516321182
    endloop
  endfacet
  facet normal 0 -1 0
    outer loop
      vertex -6.0481453239917755 -5 -7.252114184200764
      vertex -5.300688743591309 -5 -5.284995868802071
      vertex -5.438373140990734 -5 -5.327025666832924
    endloop
  endfacet
  facet normal 0 -1 0
    outer loop
      vertex -6.0481453239917755 -5 -7.252114184200764
      vertex -5.166384279727936 -5 -5.233171075582504
      vertex -5.300688743591309 -5 -5.284995868802071
    endloop
  endfacet
  facet normal 0 -1 0
    outer loop
      vertex -6.0481453239917755 -5 -7.252114184200764
      vertex -5.036155574023724 -5 -5.171819783747196
      vertex -5.166384279727936 -5 -5.233171075582504
    endloop
  endfacet
  facet normal 0 -1 0
    outer loop
      vertex -6.0481453239917755 -5 -7.252114184200764
      vertex -4.9106773138046265 -5 -5.101259857416153
      vertex -5.036155574023724 -5 -5.171819783747196
    endloop
  endfacet
  facet normal 0 -1 0
    outer loop
      vertex -6.0481453239917755 -5 -7.252114184200764
      vertex -4.790599584579468 -5 -5.021856844425201
      vertex -4.9106773138046265 -5 -5.101259857416153
    endloop
  endfacet
  facet normal 0 -1 0
    outer loop
      vertex -6.0481453239917755 -5 -7.252114184200764
      vertex -3.089107759296894 -5 -4.92715609818697
      vertex -4.790599584579468 -5 -5.021856844425201
    endloop
  endfacet
  facet normal -0.15170158071896073 0 0.9884263404054795
    outer loop
      vertex -5.721014626324177 -5 -5.380881167948246
      vertex -5.578724145889282 -5 -5.359042726457119
      vertex -5.721014626324177 5 -5.380881167948246
    endloop
  endfacet
  facet normal -0.2224077552506166 0 0.974953737571369
    outer loop
      vertex -5.578724145889282 -5 -5.359042726457119
      vertex -5.438373140990734 -5 -5.327025666832924
      vertex -5.578724145889282 5 -5.359042726457119
    endloop
  endfacet
  facet normal -0.29196162997476394 0 0.9564300322671174
    outer loop
      vertex -5.438373140990734 -5 -5.327025666832924
      vertex -5.300688743591309 -5 -5.284995868802071
      vertex -5.438373140990734 5 -5.327025666832924
    endloop
  endfacet
  facet normal -0.36000293712411385 0 0.932951169816519
    outer loop
      vertex -5.300688743591309 -5 -5.284995868802071
      vertex -5.166384279727936 -5 -5.233171075582504
      vertex -5.300688743591309 5 -5.284995868802071
    endloop
  endfacet
  facet normal -0.42617914389101424 0 0.9046387883085282
    outer loop
      vertex -5.166384279727936 -5 -5.233171075582504
      vertex -5.036155574023724 -5 -5.171819783747196
      vertex -5.166384279727936 5 -5.233171075582504
    endloop
  endfacet
  facet normal -0.49014728064820756 0 0.8716396292466098
    outer loop
      vertex -5.036155574023724 -5 -5.171819783747196
      vertex -4.9106773138046265 -5 -5.101259857416153
      vertex -5.036155574023724 5 -5.171819783747196
    endloop
  endfacet
  facet normal -0.5515760933257303 0 0.8341245789877704
    outer loop
      vertex -4.9106773138046265 -5 -5.101259857416153
      vertex -4.790599584579468 -5 -5.021856844425201
      vertex -4.9106773138046265 5 -5.101259857416153
    endloop
  endfacet
  facet normal 0.6178215518444641 0 -0.7863183388911249
    outer loop
      vertex -6.0481453239917755 -5 -7.252114184200764
      vertex -3.089107759296894 5 -4.92715609818697
      vertex -3.089107759296894 -5 -4.92715609818697
    endloop
  endfacet
  facet normal -0.5812381928772191 0 0.813733471808076
    outer loop
      vertex -4.790599584579468 -5 -5.021856844425201
      vertex -3.428152061998844 -5 -4.048680044710636
      vertex -4.790599584579468 5 -5.021856844425201
    endloop
  endfacet
  facet normal 0.5376170652138814 0 -0.843189119468944
    outer loop
      vertex -7.643978111445904 -5 -2.2483873516321182
      vertex -4.117647059261799 5 0
      vertex -4.117647059261799 -5 0
    endloop
  endfacet
  facet normal 0 -1 0
    outer loop
      vertex -4.790599584579468 -5 -5.021856844425201
      vertex -3.089107759296894 -5 -4.92715609818697
      vertex -3.428152061998844 -5 -4.048680044710636
    endloop
  endfacet
  facet normal 0 -1 0
    outer loop
      vertex -3.428152061998844 -5 -4.048680044710636
      vertex -3.089107759296894 -5 -4.92715609818697
      vertex -2.80613362044096 -5 -4.720437251031399
    endloop
  endfacet
  facet normal 0 -1 0
    outer loop
      vertex -3.428152061998844 -5 -4.048680044710636
      vertex -2.80613362044096 -5 -4.720437251031399
      vertex -3.0677885711193085 -5 -3.810391440987587
    endloop
  endfacet
  facet normal -0.5515654641129589 0 0.8341316076002971
    outer loop
      vertex -3.428152061998844 -5 -4.048680044710636
      vertex -3.0677885711193085 -5 -3.810391440987587
      vertex -3.428152061998844 5 -4.048680044710636
    endloop
  endfacet
  facet normal 0.5898864679723443 0 -0.8074861948684402
    outer loop
      vertex -3.089107759296894 -5 -4.92715609818697
      vertex -2.80613362044096 5 -4.720437251031399
      vertex -2.80613362044096 -5 -4.720437251031399
    endloop
  endfacet
  facet normal -0.4901140284409618 0 0.8716583270556029
    outer loop
      vertex -3.0677885711193085 -5 -3.810391440987587
      vertex -2.691212698817253 -5 -3.5986512303352356
      vertex -3.0677885711193085 5 -3.810391440987587
    endloop
  endfacet
  facet normal 0 -1 0
    outer loop
      vertex -3.0677885711193085 -5 -3.810391440987587
      vertex -2.80613362044096 -5 -4.720437251031399
      vertex -2.509374961256981 -5 -4.534046955406666
    endloop
  endfacet
  facet normal 0 -1 0
    outer loop
      vertex -3.0677885711193085 -5 -3.810391440987587
      vertex -2.509374961256981 -5 -4.534046955406666
      vertex -2.691212698817253 -5 -3.5986512303352356
    endloop
  endfacet
  facet normal 0 -1 0
    outer loop
      vertex -2.509374961256981 -5 -4.534046955406666
      vertex -2.20028954744339 -5 -4.368900813162327
      vertex -2.691212698817253 -5 -3.5986512303352356
    endloop
  endfacet
  facet normal 0 -1 0
    outer loop
      vertex -2.691212698817253 -5 -3.5986512303352356
      vertex -2.20028954744339 -5 -4.368900813162327
      vertex -2.300376817584038 -5 -3.4145572036504745
    endloop
  endfacet
  facet normal 0 -1 0
    outer loop
      vertex -2.20028954744339 -5 -4.368900813162327
      vertex -1.880395695567131 -5 -4.225810058414936
      vertex -2.300376817584038 -5 -3.4145572036504745
    endloop
  endfacet
  facet normal 0 -1 0
    outer loop
      vertex -2.300376817584038 -5 -3.4145572036504745
      vertex -1.880395695567131 -5 -4.225810058414936
      vertex -1.8973072171211243 -5 -3.2590637877583504
    endloop
  endfacet
  facet normal 0 -1 0
    outer loop
      vertex -1.880395695567131 -5 -4.225810058414936
      vertex -1.5512648075819016 -5 -4.105477601289749
      vertex -1.8973072171211243 -5 -3.2590637877583504
    endloop
  endfacet
  facet normal 0 -1 0
    outer loop
      vertex -1.5512648075819016 -5 -4.105477601289749
      vertex -1.4840936437249184 -5 -3.1329771503806114
      vertex -1.8973072171211243 -5 -3.2590637877583504
    endloop
  endfacet
  facet normal 0.5318775480716026 0 -0.846821276219097
    outer loop
      vertex -2.80613362044096 -5 -4.720437251031399
      vertex -2.509374961256981 5 -4.534046955406666
      vertex -2.509374961256981 -5 -4.534046955406666
    endloop
  endfacet
  facet normal -0.42612155060383383 0 0.9046659185085864
    outer loop
      vertex -2.691212698817253 -5 -3.5986512303352356
      vertex -2.300376817584038 -5 -3.4145572036504745
      vertex -2.691212698817253 5 -3.5986512303352356
    endloop
  endfacet
  facet normal 0.47125589831687514 0 -0.8819965296425802
    outer loop
      vertex -2.509374961256981 -5 -4.534046955406666
      vertex -2.20028954744339 5 -4.368900813162327
      vertex -2.20028954744339 -5 -4.368900813162327
    endloop
  endfacet
  facet normal -0.3599198473527313 0 0.9329832278672465
    outer loop
      vertex -2.300376817584038 -5 -3.4145572036504745
      vertex -1.8973072171211243 -5 -3.2590637877583504
      vertex -2.300376817584038 5 -3.4145572036504745
    endloop
  endfacet
  facet normal 0.40831933137397375 0 -0.9128391553972207
    outer loop
      vertex -2.20028954744339 -5 -4.368900813162327
      vertex -1.880395695567131 5 -4.225810058414936
      vertex -1.880395695567131 -5 -4.225810058414936
    endloop
  endfacet
  facet normal 0.34337695892630415 0 -0.9391976703966654
    outer loop
      vertex -1.880395695567131 -5 -4.225810058414936
      vertex -1.5512648075819016 5 -4.105477601289749
      vertex -1.5512648075819016 -5 -4.105477601289749
    endloop
  endfacet
  facet normal -0.29185212744123495 0 0.956463452363981
    outer loop
      vertex -1.8973072171211243 -5 -3.2590637877583504
      vertex -1.4840936437249184 -5 -3.1329771503806114
      vertex -1.8973072171211243 5 -3.2590637877583504
    endloop
  endfacet
  facet normal 0 -1 0
    outer loop
      vertex -1.5512648075819016 -5 -4.105477601289749
      vertex -1.2145136669278145 -5 -4.008494541049004
      vertex -1.4840936437249184 -5 -3.1329771503806114
    endloop
  endfacet
  facet normal 0 -1 0
    outer loop
      vertex -1.4840936437249184 -5 -3.1329771503806114
      vertex -1.2145136669278145 -5 -4.008494541049004
      vertex -1.0628784000873566 -5 -3.0369509905576706
    endloop
  endfacet
  facet normal 0 -1 0
    outer loop
      vertex -1.2145136669278145 -5 -4.008494541049004
      vertex -0.8717964962124825 -5 -3.935337297618389
      vertex -1.0628784000873566 -5 -3.0369509905576706
    endloop
  endfacet
  facet normal 0 -1 0
    outer loop
      vertex -0.8717964962124825 -5 -3.935337297618389
      vertex -0.6358453035354614 -5 -2.971483163535595
      vertex -1.0628784000873566 -5 -3.0369509905576706
    endloop
  endfacet
  facet normal 0 -1 0
    outer loop
      vertex -0.8717964962124825 -5 -3.935337297618389
      vertex -0.5247968137264252 -5 -3.886365234851837
      vertex -0.6358453035354614 -5 -2.971483163535595
    endloop
  endfacet
  facet normal 0 -1 0
    outer loop
      vertex -0.5247968137264252 -5 -3.886365234851837
      vertex -0.17521917819976807 -5 -3.8618189096450806
      vertex -0.20520831644535065 -5 -2.9369130805134773
    endloop
  endfacet
  facet normal 0 -1 0
    outer loop
      vertex -0.17521917819976807 -5 -3.8618189096450806
      vertex 0.17521917819976807 -5 -3.8618189096450806
      vertex -0.20520831644535065 -5 -2.9369130805134773
    endloop
  endfacet
  facet normal 0 -1 0
    outer loop
      vertex -0.5247968137264252 -5 -3.886365234851837
      vertex -0.20520831644535065 -5 -2.9369130805134773
      vertex -0.6358453035354614 -5 -2.971483163535595
    endloop
  endfacet
  facet normal 0.276747842402734 0 -0.9609425746242236
    outer loop
      vertex -1.5512648075819016 -5 -4.105477601289749
      vertex -1.2145136669278145 5 -4.008494541049004
      vertex -1.2145136669278145 -5 -4.008494541049004
    endloop
  endfacet
  facet normal 0.2087592358942347 0 -0.9779670656156347
    outer loop
      vertex -1.2145136669278145 -5 -4.008494541049004
      vertex -0.8717964962124825 5 -3.935337297618389
      vertex -0.8717964962124825 -5 -3.935337297618389
    endloop
  endfacet
  facet normal -0.22227128152271258 0 0.974984860092838
    outer loop
      vertex -1.4840936437249184 -5 -3.1329771503806114
      vertex -1.0628784000873566 -5 -3.0369509905576706
      vertex -1.4840936437249184 5 -3.1329771503806114
    endloop
  endfacet
  facet normal -0.15153805953771993 0 0.9884514234455541
    outer loop
      vertex -1.0628784000873566 -5 -3.0369509905576706
      vertex -0.6358453035354614 -5 -2.971483163535595
      vertex -1.0628784000873566 5 -3.0369509905576706
    endloop
  endfacet
  facet normal 0.13974515541640894 0 -0.9901875032223159
    outer loop
      vertex -0.8717964962124825 -5 -3.935337297618389
      vertex -0.5247968137264252 5 -3.886365234851837
      vertex -0.5247968137264252 -5 -3.886365234851837
    endloop
  endfacet
  facet normal 0.07004462949952661 0 -0.9975438586239073
    outer loop
      vertex -0.5247968137264252 -5 -3.886365234851837
      vertex -0.17521917819976807 5 -3.8618189096450806
      vertex -0.17521917819976807 -5 -3.8618189096450806
    endloop
  endfacet
  facet normal -0.08001920164916633 0 0.996793322292756
    outer loop
      vertex -0.6358453035354614 -5 -2.971483163535595
      vertex -0.20520831644535065 -5 -2.9369130805134773
      vertex -0.6358453035354614 5 -2.971483163535595
    endloop
  endfacet
  facet normal -0.008085462514576347 0 0.9999673121137138
    outer loop
      vertex -0.20520831644535065 -5 -2.9369130805134773
      vertex 0.22679989784955978 -5 -2.933419980108738
      vertex -0.20520831644535065 5 -2.9369130805134773
    endloop
  endfacet
  facet normal -0.15170158071896073 0 0.9884263404054795
    outer loop
      vertex -5.721014626324177 5 -5.380881167948246
      vertex -5.578724145889282 -5 -5.359042726457119
      vertex -5.578724145889282 5 -5.359042726457119
    endloop
  endfacet
  facet normal -0.2224077552506166 0 0.974953737571369
    outer loop
      vertex -5.438373140990734 -5 -5.327025666832924
      vertex -5.438373140990734 5 -5.327025666832924
      vertex -5.578724145889282 5 -5.359042726457119
    endloop
  endfacet
  facet normal -0.29196162997476394 0 0.9564300322671174
    outer loop
      vertex -5.300688743591309 -5 -5.284995868802071
      vertex -5.300688743591309 5 -5.284995868802071
      vertex -5.438373140990734 5 -5.327025666832924
    endloop
  endfacet
  facet normal 0.6178215518444641 0 -0.7863183388911249
    outer loop
      vertex -6.0481453239917755 -5 -7.252114184200764
      vertex -6.0481453239917755 5 -7.252114184200764
      vertex -3.089107759296894 5 -4.92715609818697
    endloop
  endfacet
  facet normal -0.36000293712411385 0 0.932951169816519
    outer loop
      vertex -5.166384279727936 -5 -5.233171075582504
      vertex -5.166384279727936 5 -5.233171075582504
      vertex -5.300688743591309 5 -5.284995868802071
    endloop
  endfacet
  facet normal -0.42617914389101424 0 0.9046387883085282
    outer loop
      vertex -5.036155574023724 -5 -5.171819783747196
      vertex -5.036155574023724 5 -5.171819783747196
      vertex -5.166384279727936 5 -5.233171075582504
    endloop
  endfacet
  facet normal -0.49014728064820756 0 0.8716396292466098
    outer loop
      vertex -4.9106773138046265 -5 -5.101259857416153
      vertex -4.9106773138046265 5 -5.101259857416153
      vertex -5.036155574023724 5 -5.171819783747196
    endloop
  endfacet
  facet normal -0.5515760933257303 0 0.8341245789877704
    outer loop
      vertex -4.790599584579468 -5 -5.021856844425201
      vertex -4.790599584579468 5 -5.021856844425201
      vertex -4.9106773138046265 5 -5.101259857416153
    endloop
  endfacet
  facet normal 0 1 0
    outer loop
      vertex -6.0481453239917755 5 -7.252114184200764
      vertex -5.438373140990734 5 -5.327025666832924
      vertex -5.300688743591309 5 -5.284995868802071
    endloop
  endfacet
  facet normal 0 1 0
    outer loop
      vertex -6.0481453239917755 5 -7.252114184200764
      vertex -5.300688743591309 5 -5.284995868802071
      vertex -5.166384279727936 5 -5.233171075582504
    endloop
  endfacet
  facet normal 0 1 0
    outer loop
      vertex -6.0481453239917755 5 -7.252114184200764
      vertex -5.166384279727936 5 -5.233171075582504
      vertex -5.036155574023724 5 -5.171819783747196
    endloop
  endfacet
  facet normal 0 1 0
    outer loop
      vertex -6.0481453239917755 5 -7.252114184200764
      vertex -5.036155574023724 5 -5.171819783747196
      vertex -4.9106773138046265 5 -5.101259857416153
    endloop
  endfacet
  facet normal 0 1 0
    outer loop
      vertex -6.0481453239917755 5 -7.252114184200764
      vertex -4.9106773138046265 5 -5.101259857416153
      vertex -4.790599584579468 5 -5.021856844425201
    endloop
  endfacet
  facet normal 0 1 0
    outer loop
      vertex -6.0481453239917755 5 -7.252114184200764
      vertex -4.790599584579468 5 -5.021856844425201
      vertex -3.089107759296894 5 -4.92715609818697
    endloop
  endfacet
  facet normal -0.5812381928772191 0 0.813733471808076
    outer loop
      vertex -3.428152061998844 -5 -4.048680044710636
      vertex -3.428152061998844 5 -4.048680044710636
      vertex -4.790599584579468 5 -5.021856844425201
    endloop
  endfacet
  facet normal 0.5898864679723443 0 -0.8074861948684402
    outer loop
      vertex -3.089107759296894 -5 -4.92715609818697
      vertex -3.089107759296894 5 -4.92715609818697
      vertex -2.80613362044096 5 -4.720437251031399
    endloop
  endfacet
  facet normal -0.5515654641129589 0 0.8341316076002971
    outer loop
      vertex -3.0677885711193085 -5 -3.810391440987587
      vertex -3.0677885711193085 5 -3.810391440987587
      vertex -3.428152061998844 5 -4.048680044710636
    endloop
  endfacet
  facet normal 0 1 0
    outer loop
      vertex -4.790599584579468 5 -5.021856844425201
      vertex -3.428152061998844 5 -4.048680044710636
      vertex -3.089107759296894 5 -4.92715609818697
    endloop
  endfacet
  facet normal 0 1 0
    outer loop
      vertex -3.428152061998844 5 -4.048680044710636
      vertex -2.80613362044096 5 -4.720437251031399
      vertex -3.089107759296894 5 -4.92715609818697
    endloop
  endfacet
  facet normal 0 1 0
    outer loop
      vertex -3.428152061998844 5 -4.048680044710636
      vertex -3.0677885711193085 5 -3.810391440987587
      vertex -2.80613362044096 5 -4.720437251031399
    endloop
  endfacet
  facet normal 0.5318775480716026 0 -0.846821276219097
    outer loop
      vertex -2.80613362044096 -5 -4.720437251031399
      vertex -2.80613362044096 5 -4.720437251031399
      vertex -2.509374961256981 5 -4.534046955406666
    endloop
  endfacet
  facet normal -0.4901140284409618 0 0.8716583270556029
    outer loop
      vertex -2.691212698817253 -5 -3.5986512303352356
      vertex -2.691212698817253 5 -3.5986512303352356
      vertex -3.0677885711193085 5 -3.810391440987587
    endloop
  endfacet
  facet normal 0.47125589831687514 0 -0.8819965296425802
    outer loop
      vertex -2.509374961256981 -5 -4.534046955406666
      vertex -2.509374961256981 5 -4.534046955406666
      vertex -2.20028954744339 5 -4.368900813162327
    endloop
  endfacet
  facet normal -0.42612155060383383 0 0.9046659185085864
    outer loop
      vertex -2.300376817584038 -5 -3.4145572036504745
      vertex -2.300376817584038 5 -3.4145572036504745
      vertex -2.691212698817253 5 -3.5986512303352356
    endloop
  endfacet
  facet normal 0.40831933137397375 0 -0.9128391553972207
    outer loop
      vertex -2.20028954744339 -5 -4.368900813162327
      vertex -2.20028954744339 5 -4.368900813162327
      vertex -1.880395695567131 5 -4.225810058414936
    endloop
  endfacet
  facet normal 0.34337695892630415 0 -0.9391976703966654
    outer loop
      vertex -1.880395695567131 -5 -4.225810058414936
      vertex -1.880395695567131 5 -4.225810058414936
      vertex -1.5512648075819016 5 -4.105477601289749
    endloop
  endfacet
  facet normal 0.276747842402734 0 -0.9609425746242236
    outer loop
      vertex -1.5512648075819016 -5 -4.105477601289749
      vertex -1.5512648075819016 5 -4.105477601289749
      vertex -1.2145136669278145 5 -4.008494541049004
    endloop
  endfacet
  facet normal -0.3599198473527313 0 0.9329832278672465
    outer loop
      vertex -1.8973072171211243 -5 -3.2590637877583504
      vertex -1.8973072171211243 5 -3.2590637877583504
      vertex -2.300376817584038 5 -3.4145572036504745
    endloop
  endfacet
  facet normal -0.29185212744123495 0 0.956463452363981
    outer loop
      vertex -1.4840936437249184 -5 -3.1329771503806114
      vertex -1.4840936437249184 5 -3.1329771503806114
      vertex -1.8973072171211243 5 -3.2590637877583504
    endloop
  endfacet
  facet normal 0.2087592358942347 0 -0.9779670656156347
    outer loop
      vertex -1.2145136669278145 -5 -4.008494541049004
      vertex -1.2145136669278145 5 -4.008494541049004
      vertex -0.8717964962124825 5 -3.935337297618389
    endloop
  endfacet
  facet normal 0.13974515541640894 0 -0.9901875032223159
    outer loop
      vertex -0.8717964962124825 -5 -3.935337297618389
      vertex -0.8717964962124825 5 -3.935337297618389
      vertex -0.5247968137264252 5 -3.886365234851837
    endloop
  endfacet
  facet normal -0.22227128152271258 0 0.974984860092838
    outer loop
      vertex -1.0628784000873566 -5 -3.0369509905576706
      vertex -1.0628784000873566 5 -3.0369509905576706
      vertex -1.4840936437249184 5 -3.1329771503806114
    endloop
  endfacet
  facet normal -0.15153805953771993 0 0.9884514234455541
    outer loop
      vertex -0.6358453035354614 -5 -2.971483163535595
      vertex -0.6358453035354614 5 -2.971483163535595
      vertex -1.0628784000873566 5 -3.0369509905576706
    endloop
  endfacet
  facet normal 0.07004462949952661 0 -0.9975438586239073
    outer loop
      vertex -0.5247968137264252 -5 -3.886365234851837
      vertex -0.5247968137264252 5 -3.886365234851837
      vertex -0.17521917819976807 5 -3.8618189096450806
    endloop
  endfacet
  facet normal 0 0 -1
    outer loop
      vertex -0.17521917819976807 -5 -3.8618189096450806
      vertex -0.17521917819976807 5 -3.8618189096450806
      vertex 0.17521917819976807 5 -3.8618189096450806
    endloop
  endfacet
  facet normal -0.08001920164916633 0 0.996793322292756
    outer loop
      vertex -0.20520831644535065 -5 -2.9369130805134773
      vertex -0.20520831644535065 5 -2.9369130805134773
      vertex -0.6358453035354614 5 -2.971483163535595
    endloop
  endfacet
  facet normal 0 1 0
    outer loop
      vertex -3.0677885711193085 5 -3.810391440987587
      vertex -2.509374961256981 5 -4.534046955406666
      vertex -2.80613362044096 5 -4.720437251031399
    endloop
  endfacet
  facet normal 0 1 0
    outer loop
      vertex -3.0677885711193085 5 -3.810391440987587
      vertex -2.691212698817253 5 -3.5986512303352356
      vertex -2.509374961256981 5 -4.534046955406666
    endloop
  endfacet
  facet normal 0 1 0
    outer loop
      vertex -2.509374961256981 5 -4.534046955406666
      vertex -2.691212698817253 5 -3.5986512303352356
      vertex -2.20028954744339 5 -4.368900813162327
    endloop
  endfacet
  facet normal 0 1 0
    outer loop
      vertex -2.691212698817253 5 -3.5986512303352356
      vertex -2.300376817584038 5 -3.4145572036504745
      vertex -2.20028954744339 5 -4.368900813162327
    endloop
  endfacet
  facet normal 0 1 0
    outer loop
      vertex -2.20028954744339 5 -4.368900813162327
      vertex -2.300376817584038 5 -3.4145572036504745
      vertex -1.880395695567131 5 -4.225810058414936
    endloop
  endfacet
  facet normal 0 1 0
    outer loop
      vertex -2.300376817584038 5 -3.4145572036504745
      vertex -1.8973072171211243 5 -3.2590637877583504
      vertex -1.880395695567131 5 -4.225810058414936
    endloop
  endfacet
  facet normal 0 1 0
    outer loop
      vertex -1.880395695567131 5 -4.225810058414936
      vertex -1.8973072171211243 5 -3.2590637877583504
      vertex -1.5512648075819016 5 -4.105477601289749
    endloop
  endfacet
  facet normal 0 1 0
    outer loop
      vertex -1.5512648075819016 5 -4.105477601289749
      vertex -1.8973072171211243 5 -3.2590637877583504
      vertex -1.4840936437249184 5 -3.1329771503806114
    endloop
  endfacet
  facet normal 0 1 0
    outer loop
      vertex -1.5512648075819016 5 -4.105477601289749
      vertex -1.4840936437249184 5 -3.1329771503806114
      vertex -1.2145136669278145 5 -4.008494541049004
    endloop
  endfacet
  facet normal 0 1 0
    outer loop
      vertex -1.4840936437249184 5 -3.1329771503806114
      vertex -1.0628784000873566 5 -3.0369509905576706
      vertex -1.2145136669278145 5 -4.008494541049004
    endloop
  endfacet
  facet normal 0 1 0
    outer loop
      vertex -1.2145136669278145 5 -4.008494541049004
      vertex -1.0628784000873566 5 -3.0369509905576706
      vertex -0.8717964962124825 5 -3.935337297618389
    endloop
  endfacet
  facet normal 0 1 0
    outer loop
      vertex -0.8717964962124825 5 -3.935337297618389
      vertex -1.0628784000873566 5 -3.0369509905576706
      vertex -0.6358453035354614 5 -2.971483163535595
    endloop
  endfacet
  facet normal 0 1 0
    outer loop
      vertex -0.8717964962124825 5 -3.935337297618389
      vertex -0.6358453035354614 5 -2.971483163535595
      vertex -0.5247968137264252 5 -3.886365234851837
    endloop
  endfacet
  facet normal 0 1 0
    outer loop
      vertex -0.5247968137264252 5 -3.886365234851837
      vertex -0.20520831644535065 5 -2.9369130805134773
      vertex -0.17521917819976807 5 -3.8618189096450806
    endloop
  endfacet
  facet normal 0 1 0
    outer loop
      vertex -0.17521917819976807 5 -3.8618189096450806
      vertex -0.20520831644535065 5 -2.9369130805134773
      vertex 0.17521917819976807 5 -3.8618189096450806
    endloop
  endfacet
  facet normal 0 1 0
    outer loop
      vertex -0.5247968137264252 5 -3.886365234851837
      vertex -0.6358453035354614 5 -2.971483163535595
      vertex -0.20520831644535065 5 -2.9369130805134773
    endloop
  endfacet
  facet normal 0 -1 0
    outer loop
      vertex 3.089107759296894 -5 -4.92715609818697
      vertex 6.0481453239917755 -5 -7.252114184200764
      vertex 6.446016453206539 -5 -6.045557163655758
    endloop
  endfacet
  facet normal 0 -1 0
    outer loop
      vertex 3.089107759296894 -5 -4.92715609818697
      vertex 6.446016453206539 -5 -6.045557163655758
      vertex 6.3857924193143845 -5 -6.00709617882967
    endloop
  endfacet
  facet normal -0.6178215518444641 0 -0.7863183388911249
    outer loop
      vertex 3.089107759296894 -5 -4.92715609818697
      vertex 6.0481453239917755 5 -7.252114184200764
      vertex 6.0481453239917755 -5 -7.252114184200764
    endloop
  endfacet
  facet normal 0 -1 0
    outer loop
      vertex 0.17521917819976807 -5 -3.8618189096450806
      vertex 0.5247968137264252 -5 -3.886365234851837
      vertex 0.22679989784955978 -5 -2.933419980108738
    endloop
  endfacet
  facet normal 0 -1 0
    outer loop
      vertex 0.5247968137264252 -5 -3.886365234851837
      vertex 0.8717964962124825 -5 -3.935337297618389
      vertex 0.6579395905137062 -5 -2.961021974682808
    endloop
  endfacet
  facet normal 0 -1 0
    outer loop
      vertex -0.20520831644535065 -5 -2.9369130805134773
      vertex 0.17521917819976807 -5 -3.8618189096450806
      vertex 0.22679989784955978 -5 -2.933419980108738
    endloop
  endfacet
  facet normal 0 -1 0
    outer loop
      vertex 0.5247968137264252 -5 -3.886365234851837
      vertex 0.6579395905137062 -5 -2.961021974682808
      vertex 0.22679989784955978 -5 -2.933419980108738
    endloop
  endfacet
  facet normal 0 -1 0
    outer loop
      vertex 0.8717964962124825 -5 -3.935337297618389
      vertex 1.2145136669278145 -5 -4.008494541049004
      vertex 1.0859754905104637 -5 -3.0195759534835815
    endloop
  endfacet
  facet normal 0 -1 0
    outer loop
      vertex 1.2145136669278145 -5 -4.008494541049004
      vertex 1.508688434958458 -5 -3.1087783351540565
      vertex 1.0859754905104637 -5 -3.0195759534835815
    endloop
  endfacet
  facet normal 0 -1 0
    outer loop
      vertex 0.6579395905137062 -5 -2.961021974682808
      vertex 0.8717964962124825 -5 -3.935337297618389
      vertex 1.0859754905104637 -5 -3.0195759534835815
    endloop
  endfacet
  facet normal 0 0 -1
    outer loop
      vertex -0.17521917819976807 -5 -3.8618189096450806
      vertex 0.17521917819976807 5 -3.8618189096450806
      vertex 0.17521917819976807 -5 -3.8618189096450806
    endloop
  endfacet
  facet normal -0.07004462949952661 0 -0.9975438586239073
    outer loop
      vertex 0.17521917819976807 -5 -3.8618189096450806
      vertex 0.5247968137264252 5 -3.886365234851837
      vertex 0.5247968137264252 -5 -3.886365234851837
    endloop
  endfacet
  facet normal 0.06389020158992215 0 0.997956934011082
    outer loop
      vertex 0.22679989784955978 -5 -2.933419980108738
      vertex 0.6579395905137062 -5 -2.961021974682808
      vertex 0.22679989784955978 5 -2.933419980108738
    endloop
  endfacet
  facet normal -0.13974515541640894 0 -0.9901875032223159
    outer loop
      vertex 0.5247968137264252 -5 -3.886365234851837
      vertex 0.8717964962124825 5 -3.935337297618389
      vertex 0.8717964962124825 -5 -3.935337297618389
    endloop
  endfacet
  facet normal -0.2087592358942347 0 -0.9779670656156347
    outer loop
      vertex 0.8717964962124825 -5 -3.935337297618389
      vertex 1.2145136669278145 5 -4.008494541049004
      vertex 1.2145136669278145 -5 -4.008494541049004
    endloop
  endfacet
  facet normal 0.13553460947505386 0 0.9907726124769722
    outer loop
      vertex 0.6579395905137062 -5 -2.961021974682808
      vertex 1.0859754905104637 -5 -3.0195759534835815
      vertex 0.6579395905137062 5 -2.961021974682808
    endloop
  endfacet
  facet normal 0.20647631929556184 0 0.9784515979700567
    outer loop
      vertex 1.0859754905104637 -5 -3.0195759534835815
      vertex 1.508688434958458 -5 -3.1087783351540565
      vertex 1.0859754905104637 5 -3.0195759534835815
    endloop
  endfacet
  facet normal 0 -1 0
    outer loop
      vertex 1.2145136669278145 -5 -4.008494541049004
      vertex 1.5512648075819016 -5 -4.105477601289749
      vertex 1.508688434958458 -5 -3.1087783351540565
    endloop
  endfacet
  facet normal 0 -1 0
    outer loop
      vertex 1.5512648075819016 -5 -4.105477601289749
      vertex 1.9238868579268456 -5 -3.228166662156582
      vertex 1.508688434958458 -5 -3.1087783351540565
    endloop
  endfacet
  facet normal 0 -1 0
    outer loop
      vertex 1.5512648075819016 -5 -4.105477601289749
      vertex 1.880395695567131 -5 -4.225810058414936
      vertex 1.9238868579268456 -5 -3.228166662156582
    endloop
  endfacet
  facet normal 0 -1 0
    outer loop
      vertex 1.880395695567131 -5 -4.225810058414936
      vertex 2.329418145120144 -5 -3.3771219551563263
      vertex 1.9238868579268456 -5 -3.228166662156582
    endloop
  endfacet
  facet normal 0 -1 0
    outer loop
      vertex 1.880395695567131 -5 -4.225810058414936
      vertex 2.20028954744339 -5 -4.368900813162327
      vertex 2.329418145120144 -5 -3.3771219551563263
    endloop
  endfacet
  facet normal 0 -1 0
    outer loop
      vertex 2.20028954744339 -5 -4.368900813162327
      vertex 2.509374961256981 -5 -4.534046955406666
      vertex 2.723179802298546 -5 -3.5548719465732574
    endloop
  endfacet
  facet normal 0 -1 0
    outer loop
      vertex 2.20028954744339 -5 -4.368900813162327
      vertex 2.723179802298546 -5 -3.5548719465732574
      vertex 2.329418145120144 -5 -3.3771219551563263
    endloop
  endfacet
  facet normal 0 -1 0
    outer loop
      vertex 2.509374961256981 -5 -4.534046955406666
      vertex 2.80613362044096 -5 -4.720437251031399
      vertex 3.103130355477333 -5 -3.760495088994503
    endloop
  endfacet
  facet normal 0 -1 0
    outer loop
      vertex 2.509374961256981 -5 -4.534046955406666
      vertex 3.103130355477333 -5 -3.760495088994503
      vertex 2.723179802298546 -5 -3.5548719465732574
    endloop
  endfacet
  facet normal -0.276747842402734 0 -0.9609425746242236
    outer loop
      vertex 1.2145136669278145 -5 -4.008494541049004
      vertex 1.5512648075819016 5 -4.105477601289749
      vertex 1.5512648075819016 -5 -4.105477601289749
    endloop
  endfacet
  facet normal -0.34337695892630415 0 -0.9391976703966654
    outer loop
      vertex 1.5512648075819016 -5 -4.105477601289749
      vertex 1.880395695567131 5 -4.225810058414936
      vertex 1.880395695567131 -5 -4.225810058414936
    endloop
  endfacet
  facet normal -0.40831933137397375 0 -0.9128391553972207
    outer loop
      vertex 1.880395695567131 -5 -4.225810058414936
      vertex 2.20028954744339 5 -4.368900813162327
      vertex 2.20028954744339 -5 -4.368900813162327
    endloop
  endfacet
  facet normal 0.27634757671651455 0 0.9610577593687645
    outer loop
      vertex 1.508688434958458 -5 -3.1087783351540565
      vertex 1.9238868579268456 -5 -3.228166662156582
      vertex 1.508688434958458 5 -3.1087783351540565
    endloop
  endfacet
  facet normal 0.3447860872730122 0 0.9386812845811761
    outer loop
      vertex 1.9238868579268456 -5 -3.228166662156582
      vertex 2.329418145120144 -5 -3.3771219551563263
      vertex 1.9238868579268456 5 -3.228166662156582
    endloop
  endfacet
  facet normal -0.47125589831687514 0 -0.8819965296425802
    outer loop
      vertex 2.20028954744339 -5 -4.368900813162327
      vertex 2.509374961256981 5 -4.534046955406666
      vertex 2.509374961256981 -5 -4.534046955406666
    endloop
  endfacet
  facet normal 0.41143703699831596 0 0.9114381847311678
    outer loop
      vertex 2.329418145120144 -5 -3.3771219551563263
      vertex 2.723179802298546 -5 -3.5548719465732574
      vertex 2.329418145120144 5 -3.3771219551563263
    endloop
  endfacet
  facet normal -0.5318775480716026 0 -0.846821276219097
    outer loop
      vertex 2.509374961256981 -5 -4.534046955406666
      vertex 2.80613362044096 5 -4.720437251031399
      vertex 2.80613362044096 -5 -4.720437251031399
    endloop
  endfacet
  facet normal 0 -1 0
    outer loop
      vertex 2.80613362044096 -5 -4.720437251031399
      vertex 3.089107759296894 -5 -4.92715609818697
      vertex 3.467299945652485 -5 -3.992925316095352
    endloop
  endfacet
  facet normal 0 -1 0
    outer loop
      vertex 2.80613362044096 -5 -4.720437251031399
      vertex 3.467299945652485 -5 -3.992925316095352
      vertex 3.103130355477333 -5 -3.760495088994503
    endloop
  endfacet
  facet normal -0.5898864679723443 0 -0.8074861948684402
    outer loop
      vertex 2.80613362044096 -5 -4.720437251031399
      vertex 3.089107759296894 5 -4.92715609818697
      vertex 3.089107759296894 -5 -4.92715609818697
    endloop
  endfacet
  facet normal 0.47595488674958014 0 0.8794696957708061
    outer loop
      vertex 2.723179802298546 -5 -3.5548719465732574
      vertex 3.103130355477333 -5 -3.760495088994503
      vertex 2.723179802298546 5 -3.5548719465732574
    endloop
  endfacet
  facet normal 0.5380051132552147 0 0.8429415745538025
    outer loop
      vertex 3.103130355477333 -5 -3.760495088994503
      vertex 3.467299945652485 -5 -3.992925316095352
      vertex 3.103130355477333 5 -3.760495088994503
    endloop
  endfacet
  facet normal 0 -1 0
    outer loop
      vertex 3.089107759296894 -5 -4.92715609818697
      vertex 6.3857924193143845 -5 -6.00709617882967
      vertex 3.467299945652485 -5 -3.992925316095352
    endloop
  endfacet
  facet normal 0.5680038079586465 0 0.8230259255603539
    outer loop
      vertex 3.467299945652485 -5 -3.992925316095352
      vertex 6.3857924193143845 -5 -6.00709617882967
      vertex 3.467299945652485 5 -3.992925316095352
    endloop
  endfacet
  facet normal -0.6178215518444641 0 -0.7863183388911249
    outer loop
      vertex 3.089107759296894 -5 -4.92715609818697
      vertex 3.089107759296894 5 -4.92715609818697
      vertex 6.0481453239917755 5 -7.252114184200764
    endloop
  endfacet
  facet normal 0.5680038079586465 0 0.8230259255603539
    outer loop
      vertex 3.467299945652485 5 -3.992925316095352
      vertex 6.3857924193143845 -5 -6.00709617882967
      vertex 6.3857924193143845 5 -6.00709617882967
    endloop
  endfacet
  facet normal 0 1 0
    outer loop
      vertex 3.089107759296894 5 -4.92715609818697
      vertex 6.446016453206539 5 -6.045557163655758
      vertex 6.0481453239917755 5 -7.252114184200764
    endloop
  endfacet
  facet normal 0 1 0
    outer loop
      vertex 3.089107759296894 5 -4.92715609818697
      vertex 6.3857924193143845 5 -6.00709617882967
      vertex 6.446016453206539 5 -6.045557163655758
    endloop
  endfacet
  facet normal -0.07004462949952661 0 -0.9975438586239073
    outer loop
      vertex 0.17521917819976807 -5 -3.8618189096450806
      vertex 0.17521917819976807 5 -3.8618189096450806
      vertex 0.5247968137264252 5 -3.886365234851837
    endloop
  endfacet
  facet normal -0.13974515541640894 0 -0.9901875032223159
    outer loop
      vertex 0.5247968137264252 -5 -3.886365234851837
      vertex 0.5247968137264252 5 -3.886365234851837
      vertex 0.8717964962124825 5 -3.935337297618389
    endloop
  endfacet
  facet normal -0.008085462514576347 0 0.9999673121137138
    outer loop
      vertex -0.20520831644535065 5 -2.9369130805134773
      vertex 0.22679989784955978 -5 -2.933419980108738
      vertex 0.22679989784955978 5 -2.933419980108738
    endloop
  endfacet
  facet normal 0.06389020158992215 0 0.997956934011082
    outer loop
      vertex 0.6579395905137062 -5 -2.961021974682808
      vertex 0.6579395905137062 5 -2.961021974682808
      vertex 0.22679989784955978 5 -2.933419980108738
    endloop
  endfacet
  facet normal -0.2087592358942347 0 -0.9779670656156347
    outer loop
      vertex 0.8717964962124825 -5 -3.935337297618389
      vertex 0.8717964962124825 5 -3.935337297618389
      vertex 1.2145136669278145 5 -4.008494541049004
    endloop
  endfacet
  facet normal -0.276747842402734 0 -0.9609425746242236
    outer loop
      vertex 1.2145136669278145 -5 -4.008494541049004
      vertex 1.2145136669278145 5 -4.008494541049004
      vertex 1.5512648075819016 5 -4.105477601289749
    endloop
  endfacet
  facet normal 0.13553460947505386 0 0.9907726124769722
    outer loop
      vertex 1.0859754905104637 -5 -3.0195759534835815
      vertex 1.0859754905104637 5 -3.0195759534835815
      vertex 0.6579395905137062 5 -2.961021974682808
    endloop
  endfacet
  facet normal 0.20647631929556184 0 0.9784515979700567
    outer loop
      vertex 1.508688434958458 -5 -3.1087783351540565
      vertex 1.508688434958458 5 -3.1087783351540565
      vertex 1.0859754905104637 5 -3.0195759534835815
    endloop
  endfacet
  facet normal -0.34337695892630415 0 -0.9391976703966654
    outer loop
      vertex 1.5512648075819016 -5 -4.105477601289749
      vertex 1.5512648075819016 5 -4.105477601289749
      vertex 1.880395695567131 5 -4.225810058414936
    endloop
  endfacet
  facet normal -0.40831933137397375 0 -0.9128391553972207
    outer loop
      vertex 1.880395695567131 -5 -4.225810058414936
      vertex 1.880395695567131 5 -4.225810058414936
      vertex 2.20028954744339 5 -4.368900813162327
    endloop
  endfacet
  facet normal 0.27634757671651455 0 0.9610577593687645
    outer loop
      vertex 1.9238868579268456 -5 -3.228166662156582
      vertex 1.9238868579268456 5 -3.228166662156582
      vertex 1.508688434958458 5 -3.1087783351540565
    endloop
  endfacet
  facet normal -0.47125589831687514 0 -0.8819965296425802
    outer loop
      vertex 2.20028954744339 -5 -4.368900813162327
      vertex 2.20028954744339 5 -4.368900813162327
      vertex 2.509374961256981 5 -4.534046955406666
    endloop
  endfacet
  facet normal -0.5318775480716026 0 -0.846821276219097
    outer loop
      vertex 2.509374961256981 -5 -4.534046955406666
      vertex 2.509374961256981 5 -4.534046955406666
      vertex 2.80613362044096 5 -4.720437251031399
    endloop
  endfacet
  facet normal 0.41143703699831596 0 0.9114381847311678
    outer loop
      vertex 2.723179802298546 -5 -3.5548719465732574
      vertex 2.723179802298546 5 -3.5548719465732574
      vertex 2.329418145120144 5 -3.3771219551563263
    endloop
  endfacet
  facet normal 0.3447860872730122 0 0.9386812845811761
    outer loop
      vertex 2.329418145120144 -5 -3.3771219551563263
      vertex 2.329418145120144 5 -3.3771219551563263
      vertex 1.9238868579268456 5 -3.228166662156582
    endloop
  endfacet
  facet normal 0 1 0
    outer loop
      vertex 0.17521917819976807 5 -3.8618189096450806
      vertex 0.22679989784955978 5 -2.933419980108738
      vertex 0.5247968137264252 5 -3.886365234851837
    endloop
  endfacet
  facet normal 0 1 0
    outer loop
      vertex 0.5247968137264252 5 -3.886365234851837
      vertex 0.6579395905137062 5 -2.961021974682808
      vertex 0.8717964962124825 5 -3.935337297618389
    endloop
  endfacet
  facet normal 0 1 0
    outer loop
      vertex -0.20520831644535065 5 -2.9369130805134773
      vertex 0.22679989784955978 5 -2.933419980108738
      vertex 0.17521917819976807 5 -3.8618189096450806
    endloop
  endfacet
  facet normal 0 1 0
    outer loop
      vertex 0.5247968137264252 5 -3.886365234851837
      vertex 0.22679989784955978 5 -2.933419980108738
      vertex 0.6579395905137062 5 -2.961021974682808
    endloop
  endfacet
  facet normal 0 1 0
    outer loop
      vertex 0.8717964962124825 5 -3.935337297618389
      vertex 1.0859754905104637 5 -3.0195759534835815
      vertex 1.2145136669278145 5 -4.008494541049004
    endloop
  endfacet
  facet normal 0 1 0
    outer loop
      vertex 1.2145136669278145 5 -4.008494541049004
      vertex 1.0859754905104637 5 -3.0195759534835815
      vertex 1.508688434958458 5 -3.1087783351540565
    endloop
  endfacet
  facet normal 0 1 0
    outer loop
      vertex 0.6579395905137062 5 -2.961021974682808
      vertex 1.0859754905104637 5 -3.0195759534835815
      vertex 0.8717964962124825 5 -3.935337297618389
    endloop
  endfacet
  facet normal 0 1 0
    outer loop
      vertex 1.2145136669278145 5 -4.008494541049004
      vertex 1.508688434958458 5 -3.1087783351540565
      vertex 1.5512648075819016 5 -4.105477601289749
    endloop
  endfacet
  facet normal 0 1 0
    outer loop
      vertex 1.5512648075819016 5 -4.105477601289749
      vertex 1.508688434958458 5 -3.1087783351540565
      vertex 1.9238868579268456 5 -3.228166662156582
    endloop
  endfacet
  facet normal 0 1 0
    outer loop
      vertex 1.5512648075819016 5 -4.105477601289749
      vertex 1.9238868579268456 5 -3.228166662156582
      vertex 1.880395695567131 5 -4.225810058414936
    endloop
  endfacet
  facet normal 0 1 0
    outer loop
      vertex 1.880395695567131 5 -4.225810058414936
      vertex 1.9238868579268456 5 -3.228166662156582
      vertex 2.329418145120144 5 -3.3771219551563263
    endloop
  endfacet
  facet normal 0 1 0
    outer loop
      vertex 1.880395695567131 5 -4.225810058414936
      vertex 2.329418145120144 5 -3.3771219551563263
      vertex 2.20028954744339 5 -4.368900813162327
    endloop
  endfacet
  facet normal 0 1 0
    outer loop
      vertex 2.20028954744339 5 -4.368900813162327
      vertex 2.723179802298546 5 -3.5548719465732574
      vertex 2.509374961256981 5 -4.534046955406666
    endloop
  endfacet
  facet normal 0 1 0
    outer loop
      vertex 2.20028954744339 5 -4.368900813162327
      vertex 2.329418145120144 5 -3.3771219551563263
      vertex 2.723179802298546 5 -3.5548719465732574
    endloop
  endfacet
  facet normal 0 1 0
    outer loop
      vertex 2.509374961256981 5 -4.534046955406666
      vertex 3.103130355477333 5 -3.760495088994503
      vertex 2.80613362044096 5 -4.720437251031399
    endloop
  endfacet
  facet normal 0 1 0
    outer loop
      vertex 2.509374961256981 5 -4.534046955406666
      vertex 2.723179802298546 5 -3.5548719465732574
      vertex 3.103130355477333 5 -3.760495088994503
    endloop
  endfacet
  facet normal -0.5898864679723443 0 -0.8074861948684402
    outer loop
      vertex 2.80613362044096 -5 -4.720437251031399
      vertex 2.80613362044096 5 -4.720437251031399
      vertex 3.089107759296894 5 -4.92715609818697
    endloop
  endfacet
  facet normal 0.47595488674958014 0 0.8794696957708061
    outer loop
      vertex 3.103130355477333 -5 -3.760495088994503
      vertex 3.103130355477333 5 -3.760495088994503
      vertex 2.723179802298546 5 -3.5548719465732574
    endloop
  endfacet
  facet normal 0.5380051132552147 0 0.8429415745538025
    outer loop
      vertex 3.467299945652485 -5 -3.992925316095352
      vertex 3.467299945652485 5 -3.992925316095352
      vertex 3.103130355477333 5 -3.760495088994503
    endloop
  endfacet
  facet normal 0 1 0
    outer loop
      vertex 2.80613362044096 5 -4.720437251031399
      vertex 3.467299945652485 5 -3.992925316095352
      vertex 3.089107759296894 5 -4.92715609818697
    endloop
  endfacet
  facet normal 0 1 0
    outer loop
      vertex 2.80613362044096 5 -4.720437251031399
      vertex 3.103130355477333 5 -3.760495088994503
      vertex 3.467299945652485 5 -3.992925316095352
    endloop
  endfacet
  facet normal 0 1 0
    outer loop
      vertex 3.089107759296894 5 -4.92715609818697
      vertex 3.467299945652485 5 -3.992925316095352
      vertex 6.3857924193143845 5 -6.00709617882967
    endloop
  endfacet
  facet normal 0 -1 0
    outer loop
      vertex 6.0481453239917755 -5 -7.252114184200764
      vertex 6.257523909211159 -5 -7.404445439577103
      vertex 6.70957688242197 -5 -6.153790265321732
    endloop
  endfacet
  facet normal 0 -1 0
    outer loop
      vertex 6.0481453239917755 -5 -7.252114184200764
      vertex 6.508833296597004 -5 -6.0796192437410355
      vertex 6.446016453206539 -5 -6.045557163655758
    endloop
  endfacet
  facet normal 0 -1 0
    outer loop
      vertex 6.0481453239917755 -5 -7.252114184200764
      vertex 6.573922209441662 -5 -6.109108485281467
      vertex 6.508833296597004 -5 -6.0796192437410355
    endloop
  endfacet
  facet normal 0 -1 0
    outer loop
      vertex 6.257523909211159 -5 -7.404445439577103
      vertex 6.47759123891592 -5 -7.5408806800842285
      vertex 6.8502133041620255 -5 -6.178691074252129
    endloop
  endfacet
  facet normal 0 -1 0
    outer loop
      vertex 6.47759123891592 -5 -7.5408806800842285
      vertex 6.707142889499664 -5 -7.660673186182976
      vertex 6.992962673306465 -5 -6.183302953839302
    endloop
  endfacet
  facet normal 0 -1 0
    outer loop
      vertex 6.707142889499664 -5 -7.660673186182976
      vertex 6.944922514259815 -5 -7.7631673365831375
      vertex 7.064219810068607 -5 -6.177954867482185
    endloop
  endfacet
  facet normal 0 -1 0
    outer loop
      vertex 6.47759123891592 -5 -7.5408806800842285
      vertex 6.92150554805994 -5 -6.183548770844936
      vertex 6.8502133041620255 -5 -6.178691074252129
    endloop
  endfacet
  facet normal 0 -1 0
    outer loop
      vertex 6.47759123891592 -5 -7.5408806800842285
      vertex 6.992962673306465 -5 -6.183302953839302
      vertex 6.92150554805994 -5 -6.183548770844936
    endloop
  endfacet
  facet normal 0 -1 0
    outer loop
      vertex 6.707142889499664 -5 -7.660673186182976
      vertex 7.064219810068607 -5 -6.177954867482185
      vertex 6.992962673306465 -5 -6.183302953839302
    endloop
  endfacet
  facet normal 0 -1 0
    outer loop
      vertex 6.944922514259815 -5 -7.7631673365831375
      vertex 7.134913109242916 -5 -6.167531833052635
      vertex 7.064219810068607 -5 -6.177954867482185
    endloop
  endfacet
  facet normal 0 -1 0
    outer loop
      vertex 6.944922514259815 -5 -7.7631673365831375
      vertex 7.20468158274889 -5 -6.152087055146694
      vertex 7.134913109242916 -5 -6.167531833052635
    endloop
  endfacet
  facet normal 0 -1 0
    outer loop
      vertex 6.0481453239917755 -5 -7.252114184200764
      vertex 6.640950821340084 -5 -6.13387431204319
      vertex 6.573922209441662 -5 -6.109108485281467
    endloop
  endfacet
  facet normal 0 -1 0
    outer loop
      vertex 6.0481453239917755 -5 -7.252114184200764
      vertex 6.70957688242197 -5 -6.153790265321732
      vertex 6.640950821340084 -5 -6.13387431204319
    endloop
  endfacet
  facet normal 0 -1 0
    outer loop
      vertex 6.257523909211159 -5 -7.404445439577103
      vertex 6.779449969530106 -5 -6.168754659593105
      vertex 6.70957688242197 -5 -6.153790265321732
    endloop
  endfacet
  facet normal 0 -1 0
    outer loop
      vertex 6.257523909211159 -5 -7.404445439577103
      vertex 6.8502133041620255 -5 -6.178691074252129
      vertex 6.779449969530106 -5 -6.168754659593105
    endloop
  endfacet
  facet normal -0.5883129442146311 0 -0.8086333406863165
    outer loop
      vertex 6.0481453239917755 -5 -7.252114184200764
      vertex 6.257523909211159 5 -7.404445439577103
      vertex 6.257523909211159 -5 -7.404445439577103
    endloop
  endfacet
  facet normal -0.5269215247724066 0 -0.8499139407796075
    outer loop
      vertex 6.257523909211159 -5 -7.404445439577103
      vertex 6.47759123891592 5 -7.5408806800842285
      vertex 6.47759123891592 -5 -7.5408806800842285
    endloop
  endfacet
  facet normal -0.46264623107378927 0 -0.8865429853499591
    outer loop
      vertex 6.47759123891592 -5 -7.5408806800842285
      vertex 6.707142889499664 5 -7.660673186182976
      vertex 6.707142889499664 -5 -7.660673186182976
    endloop
  endfacet
  facet normal -0.39583889964021957 0 -0.9183199690367297
    outer loop
      vertex 6.707142889499664 -5 -7.660673186182976
      vertex 6.944922514259815 5 -7.7631673365831375
      vertex 6.944922514259815 -5 -7.7631673365831375
    endloop
  endfacet
  facet normal 0.5382354170186736 0 0.8427945395330552
    outer loop
      vertex 6.3857924193143845 -5 -6.00709617882967
      vertex 6.446016453206539 -5 -6.045557163655758
      vertex 6.3857924193143845 5 -6.00709617882967
    endloop
  endfacet
  facet normal 0.47667574965908255 0 0.8790791942066151
    outer loop
      vertex 6.446016453206539 -5 -6.045557163655758
      vertex 6.508833296597004 -5 -6.0796192437410355
      vertex 6.446016453206539 5 -6.045557163655758
    endloop
  endfacet
  facet normal 0.4126819366983343 0 0.9108751940430215
    outer loop
      vertex 6.508833296597004 -5 -6.0796192437410355
      vertex 6.573922209441662 -5 -6.109108485281467
      vertex 6.508833296597004 5 -6.0796192437410355
    endloop
  endfacet
  facet normal 0.34658098250543595 0 0.9380200544580946
    outer loop
      vertex 6.573922209441662 -5 -6.109108485281467
      vertex 6.640950821340084 -5 -6.13387431204319
      vertex 6.573922209441662 5 -6.109108485281467
    endloop
  endfacet
  facet normal 0.2787102730706648 0 0.9603752306702186
    outer loop
      vertex 6.640950821340084 -5 -6.13387431204319
      vertex 6.70957688242197 -5 -6.153790265321732
      vertex 6.640950821340084 5 -6.13387431204319
    endloop
  endfacet
  facet normal 0.20941656060985975 0 0.977826520474024
    outer loop
      vertex 6.70957688242197 -5 -6.153790265321732
      vertex 6.779449969530106 -5 -6.168754659593105
      vertex 6.70957688242197 5 -6.153790265321732
    endloop
  endfacet
  facet normal 0.1390533856487792 0 0.9902848862522401
    outer loop
      vertex 6.779449969530106 -5 -6.168754659593105
      vertex 6.8502133041620255 -5 -6.178691074252129
      vertex 6.779449969530106 5 -6.168754659593105
    endloop
  endfacet
  facet normal 0.06798017404669933 0 0.9976866722255944
    outer loop
      vertex 6.8502133041620255 -5 -6.178691074252129
      vertex 6.92150554805994 -5 -6.183548770844936
      vertex 6.8502133041620255 5 -6.178691074252129
    endloop
  endfacet
  facet normal -0.0034400425471345438 0 0.9999940830361318
    outer loop
      vertex 6.92150554805994 -5 -6.183548770844936
      vertex 6.992962673306465 -5 -6.183302953839302
      vertex 6.92150554805994 5 -6.183548770844936
    endloop
  endfacet
  facet normal -0.07484284441291077 0 0.9971953412647819
    outer loop
      vertex 6.992962673306465 -5 -6.183302953839302
      vertex 7.064219810068607 -5 -6.177954867482185
      vertex 6.992962673306465 5 -6.183302953839302
    endloop
  endfacet
  facet normal -0.14586329466039932 0 0.9893047555080352
    outer loop
      vertex 7.064219810068607 -5 -6.177954867482185
      vertex 7.134913109242916 -5 -6.167531833052635
      vertex 7.064219810068607 5 -6.177954867482185
    endloop
  endfacet
  facet normal 0 -1 0
    outer loop
      vertex 6.944922514259815 -5 -7.7631673365831375
      vertex 7.189628757536411 -5 -7.8478021919727325
      vertex 7.20468158274889 -5 -6.152087055146694
    endloop
  endfacet
  facet normal 0 -1 0
    outer loop
      vertex 7.189628757536411 -5 -7.8478021919727325
      vertex 7.273168995976448 -5 -6.131699420511723
      vertex 7.20468158274889 -5 -6.152087055146694
    endloop
  endfacet
  facet normal 0 -1 0
    outer loop
      vertex 7.189628757536411 -5 -7.8478021919727325
      vertex 7.4399223402142525 -5 -7.914114534854889
      vertex 7.273168995976448 -5 -6.131699420511723
    endloop
  endfacet
  facet normal 0 -1 0
    outer loop
      vertex 7.4399223402142525 -5 -7.914114534854889
      vertex 7.340025633573532 -5 -6.106473006308079
      vertex 7.273168995976448 -5 -6.131699420511723
    endloop
  endfacet
  facet normal 0 -1 0
    outer loop
      vertex 7.4399223402142525 -5 -7.914114534854889
      vertex 7.404910109937191 -5 -6.076536647975445
      vertex 7.340025633573532 -5 -6.106473006308079
    endloop
  endfacet
  facet normal 0 -1 0
    outer loop
      vertex 7.4399223402142525 -5 -7.914114534854889
      vertex 7.694433398544788 -5 -7.9617414474487305
      vertex 7.404910109937191 -5 -6.076536647975445
    endloop
  endfacet
  facet normal 0 -1 0
    outer loop
      vertex 7.694433398544788 -5 -7.9617414474487305
      vertex 7.467491120100021 -5 -6.042043186724186
      vertex 7.404910109937191 -5 -6.076536647975445
    endloop
  endfacet
  facet normal 0 -1 0
    outer loop
      vertex 7.694433398544788 -5 -7.9617414474487305
      vertex 7.951769009232521 -5 -7.990422256290913
      vertex 7.467491120100021 -5 -6.042043186724186
    endloop
  endfacet
  facet normal 0 -1 0
    outer loop
      vertex 7.467491120100021 -5 -6.042043186724186
      vertex 7.951769009232521 -5 -7.990422256290913
      vertex 7.527449108660221 -5 -6.003168761730194
    endloop
  endfacet
  facet normal 0 -1 0
    outer loop
      vertex 7.527449108660221 -5 -6.003168761730194
      vertex 7.951769009232521 -5 -7.990422256290913
      vertex 7.584477923810482 -5 -5.9601118713617325
    endloop
  endfacet
  facet normal 0 -1 0
    outer loop
      vertex 7.584477923810482 -5 -5.9601118713617325
      vertex 8.210520759224892 -5 -8
      vertex 7.638286367058754 -5 -5.913092374801636
    endloop
  endfacet
  facet normal 0 -1 0
    outer loop
      vertex 7.584477923810482 -5 -5.9601118713617325
      vertex 7.951769009232521 -5 -7.990422256290913
      vertex 8.210520759224892 -5 -8
    endloop
  endfacet
  facet normal 0 -1 0
    outer loop
      vertex 7.688599675893784 -5 -5.8623503521084785
      vertex 8.210520759224892 -5 -8
      vertex 8.763932019472122 -5 -8
    endloop
  endfacet
  facet normal 0 -1 0
    outer loop
      vertex 7.688599675893784 -5 -5.8623503521084785
      vertex 8.763932019472122 -5 -8
      vertex 8.911417849361897 -5 -7.9945545718073845
    endloop
  endfacet
  facet normal 0 -1 0
    outer loop
      vertex 7.638286367058754 -5 -5.913092374801636
      vertex 8.210520759224892 -5 -8
      vertex 7.688599675893784 -5 -5.8623503521084785
    endloop
  endfacet
  facet normal -0.32686516295163215 0 -0.9450709842380111
    outer loop
      vertex 6.944922514259815 -5 -7.7631673365831375
      vertex 7.189628757536411 5 -7.8478021919727325
      vertex 7.189628757536411 -5 -7.8478021919727325
    endloop
  endfacet
  facet normal -0.2561024609243542 0 -0.9666496415498687
    outer loop
      vertex 7.189628757536411 -5 -7.8478021919727325
      vertex 7.4399223402142525 5 -7.914114534854889
      vertex 7.4399223402142525 -5 -7.914114534854889
    endloop
  endfacet
  facet normal -0.18393815148030898 0 -0.9829378192083196
    outer loop
      vertex 7.4399223402142525 -5 -7.914114534854889
      vertex 7.694433398544788 5 -7.9617414474487305
      vertex 7.694433398544788 -5 -7.9617414474487305
    endloop
  endfacet
  facet normal -0.21613921130678113 0 0.9763625562953973
    outer loop
      vertex 7.134913109242916 -5 -6.167531833052635
      vertex 7.20468158274889 -5 -6.152087055146694
      vertex 7.134913109242916 5 -6.167531833052635
    endloop
  endfacet
  facet normal -0.2853111351512231 0 0.9584349514488297
    outer loop
      vertex 7.20468158274889 -5 -6.152087055146694
      vertex 7.273168995976448 -5 -6.131699420511723
      vertex 7.20468158274889 5 -6.152087055146694
    endloop
  endfacet
  facet normal -0.3530265582576316 0 0.9356133010837175
    outer loop
      vertex 7.273168995976448 -5 -6.131699420511723
      vertex 7.340025633573532 -5 -6.106473006308079
      vertex 7.273168995976448 5 -6.131699420511723
    endloop
  endfacet
  facet normal -0.4189390788779911 0 0.9080143436030405
    outer loop
      vertex 7.340025633573532 -5 -6.106473006308079
      vertex 7.404910109937191 -5 -6.076536647975445
      vertex 7.340025633573532 5 -6.106473006308079
    endloop
  endfacet
  facet normal -0.48271260918616465 0 0.8757788173578334
    outer loop
      vertex 7.404910109937191 -5 -6.076536647975445
      vertex 7.467491120100021 -5 -6.042043186724186
      vertex 7.404910109937191 5 -6.076536647975445
    endloop
  endfacet
  facet normal -0.5440212480206705 0 0.839071440165873
    outer loop
      vertex 7.467491120100021 -5 -6.042043186724186
      vertex 7.527449108660221 -5 -6.003168761730194
      vertex 7.467491120100021 5 -6.042043186724186
    endloop
  endfacet
  facet normal -0.6025520031029628 0 0.7980796223163497
    outer loop
      vertex 7.527449108660221 -5 -6.003168761730194
      vertex 7.584477923810482 -5 -5.9601118713617325
      vertex 7.527449108660221 5 -6.003168761730194
    endloop
  endfacet
  facet normal -0.658005987882179 0 0.7530126957171424
    outer loop
      vertex 7.584477923810482 -5 -5.9601118713617325
      vertex 7.638286367058754 -5 -5.913092374801636
      vertex 7.584477923810482 5 -5.9601118713617325
    endloop
  endfacet
  facet normal -0.7101001979915829 0 0.7041006382700664
    outer loop
      vertex 7.638286367058754 -5 -5.913092374801636
      vertex 7.688599675893784 -5 -5.8623503521084785
      vertex 7.638286367058754 5 -5.913092374801636
    endloop
  endfacet
  facet normal -0.7348034446274879 0 0.6782801027330658
    outer loop
      vertex 7.688599675893784 -5 -5.8623503521084785
      vertex 7.902205169200897 -5 -5.630944401025772
      vertex 7.688599675893784 5 -5.8623503521084785
    endloop
  endfacet
  facet normal -0.11076709633668742 0 -0.9938463917372438
    outer loop
      vertex 7.694433398544788 -5 -7.9617414474487305
      vertex 7.951769009232521 5 -7.990422256290913
      vertex 7.951769009232521 -5 -7.990422256290913
    endloop
  endfacet
  facet normal -0.036989852615292584 0 -0.9993156412282852
    outer loop
      vertex 7.951769009232521 -5 -7.990422256290913
      vertex 8.210520759224892 5 -8
      vertex 8.210520759224892 -5 -8
    endloop
  endfacet
  facet normal -0.7595674345654254 0 0.6504285605258262
    outer loop
      vertex 7.902205169200897 -5 -5.630944401025772
      vertex 7.974914647638798 -5 -5.54603461176157
      vertex 7.902205169200897 5 -5.630944401025772
    endloop
  endfacet
  facet normal -0.8058974862113583 0 0.5920551002383255
    outer loop
      vertex 7.974914647638798 -5 -5.54603461176157
      vertex 8.041098736226559 -5 -5.455945715308189
      vertex 7.974914647638798 5 -5.54603461176157
    endloop
  endfacet
  facet normal -0.8477516117908194 0 0.5303934433098395
    outer loop
      vertex 8.041098736226559 -5 -5.455945715308189
      vertex 8.10038984566927 -5 -5.3611780777573586
      vertex 8.041098736226559 5 -5.455945715308189
    endloop
  endfacet
  facet normal -0.8848973894664726 0 0.4657860132243365
    outer loop
      vertex 8.10038984566927 -5 -5.3611780777573586
      vertex 8.152458682656288 -5 -5.262258023023605
      vertex 8.10038984566927 5 -5.3611780777573586
    endloop
  endfacet
  facet normal -0.9171285159383071 0 0.39859162717347496
    outer loop
      vertex 8.152458682656288 -5 -5.262258023023605
      vertex 8.197016060352325 -5 -5.159734942018986
      vertex 8.152458682656288 5 -5.262258023023605
    endloop
  endfacet
  facet normal -0.9442659670440673 0 0.3291835103438997
    outer loop
      vertex 8.197016060352325 -5 -5.159734942018986
      vertex 8.233814507722855 -5 -5.0541782528162
      vertex 8.197016060352325 5 -5.159734942018986
    endloop
  endfacet
  facet normal -0.9661590287023574 0 0.25794714818527703
    outer loop
      vertex 8.233814507722855 -5 -5.0541782528162
      vertex 8.262649655342102 -5 -4.946174196898937
      vertex 8.233814507722855 5 -5.0541782528162
    endloop
  endfacet
  facet normal 0 -1 0
    outer loop
      vertex 7.688599675893784 -5 -5.8623503521084785
      vertex 8.911417849361897 -5 -7.9945545718073845
      vertex 9.058100558817387 -5 -7.978247933089733
    endloop
  endfacet
  facet normal 0 -1 0
    outer loop
      vertex 7.688599675893784 -5 -5.8623503521084785
      vertex 9.058100558817387 -5 -7.978247933089733
      vertex 9.203181385993958 -5 -7.9511688798666
    endloop
  endfacet
  facet normal 0 -1 0
    outer loop
      vertex 7.688599675893784 -5 -5.8623503521084785
      vertex 9.203181385993958 -5 -7.9511688798666
      vertex 9.345870316028595 -5 -7.9134648740291595
    endloop
  endfacet
  facet normal 0 -1 0
    outer loop
      vertex 7.688599675893784 -5 -5.8623503521084785
      vertex 9.345870316028595 -5 -7.9134648740291595
      vertex 9.485390342772007 -5 -7.8653412237763405
    endloop
  endfacet
  facet normal 0 -1 0
    outer loop
      vertex 7.688599675893784 -5 -5.8623503521084785
      vertex 9.485390342772007 -5 -7.8653412237763405
      vertex 9.620981715619564 -5 -7.807059995830059
    endloop
  endfacet
  facet normal 0 -1 0
    outer loop
      vertex 7.688599675893784 -5 -5.8623503521084785
      vertex 9.620981715619564 -5 -7.807059995830059
      vertex 9.751906082034111 -5 -7.738938540220261
    endloop
  endfacet
  facet normal 0 -1 0
    outer loop
      vertex 7.688599675893784 -5 -5.8623503521084785
      vertex 9.751906082034111 -5 -7.738938540220261
      vertex 9.877450503408909 -5 -7.661347821354866
    endloop
  endfacet
  facet normal 0 -1 0
    outer loop
      vertex 7.688599675893784 -5 -5.8623503521084785
      vertex 9.877450503408909 -5 -7.661347821354866
      vertex 9.996931344270706 -5 -7.574710346758366
    endloop
  endfacet
  facet normal 0 -1 0
    outer loop
      vertex 7.688599675893784 -5 -5.8623503521084785
      vertex 10.745173133909702 -5 -5.745173133909702
      vertex 7.902205169200897 -5 -5.630944401025772
    endloop
  endfacet
  facet normal 0 -1 0
    outer loop
      vertex 7.902205169200897 -5 -5.630944401025772
      vertex 10.745173133909702 -5 -5.745173133909702
      vertex 7.974914647638798 -5 -5.54603461176157
    endloop
  endfacet
  facet normal 0 -1 0
    outer loop
      vertex 8.10038984566927 -5 -5.3611780777573586
      vertex 10 -5 -5
      vertex 8.152458682656288 -5 -5.262258023023605
    endloop
  endfacet
  facet normal 0 -1 0
    outer loop
      vertex 8.152458682656288 -5 -5.262258023023605
      vertex 10 -5 -5
      vertex 8.197016060352325 -5 -5.159734942018986
    endloop
  endfacet
  facet normal 0 -1 0
    outer loop
      vertex 8.197016060352325 -5 -5.159734942018986
      vertex 10 -5 -5
      vertex 8.233814507722855 -5 -5.0541782528162
    endloop
  endfacet
  facet normal 0 -1 0
    outer loop
      vertex 8.233814507722855 -5 -5.0541782528162
      vertex 10 -5 -5
      vertex 8.262649655342102 -5 -4.946174196898937
    endloop
  endfacet
  facet normal 0 -1 0
    outer loop
      vertex 7.974914647638798 -5 -5.54603461176157
      vertex 10.745173133909702 -5 -5.745173133909702
      vertex 8.041098736226559 -5 -5.455945715308189
    endloop
  endfacet
  facet normal 0 -1 0
    outer loop
      vertex 8.041098736226559 -5 -5.455945715308189
      vertex 10.745173133909702 -5 -5.745173133909702
      vertex 8.10038984566927 -5 -5.3611780777573586
    endloop
  endfacet
  facet normal 0 -1 0
    outer loop
      vertex 7.688599675893784 -5 -5.8623503521084785
      vertex 9.996931344270706 -5 -7.574710346758366
      vertex 10.109697967767715 -5 -7.479497894644737
    endloop
  endfacet
  facet normal 0 -1 0
    outer loop
      vertex 7.688599675893784 -5 -5.8623503521084785
      vertex 10.109697967767715 -5 -7.479497894644737
      vertex 10.21513631939888 -5 -7.37622894346714
    endloop
  endfacet
  facet normal 0 -1 0
    outer loop
      vertex 7.688599675893784 -5 -5.8623503521084785
      vertex 10.21513631939888 -5 -7.37622894346714
      vertex 10.312672235071659 -5 -7.265465825796127
    endloop
  endfacet
  facet normal 0 -1 0
    outer loop
      vertex 7.688599675893784 -5 -5.8623503521084785
      vertex 10.312672235071659 -5 -7.265465825796127
      vertex 10.40177459269762 -5 -7.147811703383923
    endloop
  endfacet
  facet normal 0 -1 0
    outer loop
      vertex 7.688599675893784 -5 -5.8623503521084785
      vertex 10.40177459269762 -5 -7.147811703383923
      vertex 10.481958195567131 -5 -7.023907259106636
    endloop
  endfacet
  facet normal 0 -1 0
    outer loop
      vertex 7.688599675893784 -5 -5.8623503521084785
      vertex 10.481958195567131 -5 -7.023907259106636
      vertex 10.552786402404308 -5 -6.894427187740803
    endloop
  endfacet
  facet normal 0 -1 0
    outer loop
      vertex 7.688599675893784 -5 -5.8623503521084785
      vertex 10.552786402404308 -5 -6.894427187740803
      vertex 10.838833339512348 -5 -6.322333320975304
    endloop
  endfacet
  facet normal 0 -1 0
    outer loop
      vertex 7.688599675893784 -5 -5.8623503521084785
      vertex 10.813919849693775 -5 -5.831027768552303
      vertex 10.793129488825798 -5 -5.800750143826008
    endloop
  endfacet
  facet normal 0 -1 0
    outer loop
      vertex 7.688599675893784 -5 -5.8623503521084785
      vertex 10.838833339512348 -5 -6.322333320975304
      vertex 10.854041129350662 -5 -6.288901351392269
    endloop
  endfacet
  facet normal 0 -1 0
    outer loop
      vertex 7.688599675893784 -5 -5.8623503521084785
      vertex 10.854041129350662 -5 -6.288901351392269
      vertex 10.866753742098808 -5 -6.25444321334362
    endloop
  endfacet
  facet normal 0 -1 0
    outer loop
      vertex 7.688599675893784 -5 -5.8623503521084785
      vertex 10.866753742098808 -5 -6.25444321334362
      vertex 10.87690258026123 -5 -6.219144843518734
    endloop
  endfacet
  facet normal 0 -1 0
    outer loop
      vertex 7.688599675893784 -5 -5.8623503521084785
      vertex 10.87690258026123 -5 -6.219144843518734
      vertex 10.884432882070541 -5 -6.18319670855999
    endloop
  endfacet
  facet normal 0 -1 0
    outer loop
      vertex 7.688599675893784 -5 -5.8623503521084785
      vertex 10.884432882070541 -5 -6.18319670855999
      vertex 10.889304012060165 -5 -6.146792784333229
    endloop
  endfacet
  facet normal 0 -1 0
    outer loop
      vertex 7.688599675893784 -5 -5.8623503521084785
      vertex 10.889304012060165 -5 -6.146792784333229
      vertex 10.891489699482918 -5 -6.110129497945309
    endloop
  endfacet
  facet normal 0 -1 0
    outer loop
      vertex 7.688599675893784 -5 -5.8623503521084785
      vertex 10.873360179364681 -5 -5.964837945997715
      vertex 10.862232081592083 -5 -5.929835952818394
    endloop
  endfacet
  facet normal 0 -1 0
    outer loop
      vertex 7.688599675893784 -5 -5.8623503521084785
      vertex 10.848564617335796 -5 -5.895745284855366
      vertex 10.832431517541409 -5 -5.862749874591827
    endloop
  endfacet
  facet normal 0 -1 0
    outer loop
      vertex 7.688599675893784 -5 -5.8623503521084785
      vertex 10.832431517541409 -5 -5.862749874591827
      vertex 10.813919849693775 -5 -5.831027768552303
    endloop
  endfacet
  facet normal 0 -1 0
    outer loop
      vertex 7.688599675893784 -5 -5.8623503521084785
      vertex 10.862232081592083 -5 -5.929835952818394
      vertex 10.848564617335796 -5 -5.895745284855366
    endloop
  endfacet
  facet normal 0 -1 0
    outer loop
      vertex 7.688599675893784 -5 -5.8623503521084785
      vertex 10.891489699482918 -5 -6.110129497945309
      vertex 10.890978135168552 -5 -6.073404684662819
    endloop
  endfacet
  facet normal 0 -1 0
    outer loop
      vertex 7.688599675893784 -5 -5.8623503521084785
      vertex 10.890978135168552 -5 -6.073404684662819
      vertex 10.887772090733051 -5 -6.0368165001273155
    endloop
  endfacet
  facet normal 0 -1 0
    outer loop
      vertex 7.688599675893784 -5 -5.8623503521084785
      vertex 10.887772090733051 -5 -6.0368165001273155
      vertex 10.8818888515234 -5 -6.000562384724617
    endloop
  endfacet
  facet normal 0 -1 0
    outer loop
      vertex 7.688599675893784 -5 -5.8623503521084785
      vertex 10.8818888515234 -5 -6.000562384724617
      vertex 10.873360179364681 -5 -5.964837945997715
    endloop
  endfacet
  facet normal 0 -1 0
    outer loop
      vertex 7.688599675893784 -5 -5.8623503521084785
      vertex 10.770172625780106 -5 -5.772080361843109
      vertex 10.745173133909702 -5 -5.745173133909702
    endloop
  endfacet
  facet normal 0 -1 0
    outer loop
      vertex 7.688599675893784 -5 -5.8623503521084785
      vertex 10.793129488825798 -5 -5.800750143826008
      vertex 10.770172625780106 -5 -5.772080361843109
    endloop
  endfacet
  facet normal 0 -1 0
    outer loop
      vertex 8.10038984566927 -5 -5.3611780777573586
      vertex 10.745173133909702 -5 -5.745173133909702
      vertex 10 -5 -5
    endloop
  endfacet
  facet normal 0 0 -1
    outer loop
      vertex 8.210520759224892 -5 -8
      vertex 8.763932019472122 5 -8
      vertex 8.763932019472122 -5 -8
    endloop
  endfacet
  facet normal 0.03689656389358316 0 -0.9993190899671871
    outer loop
      vertex 8.763932019472122 -5 -8
      vertex 8.911417849361897 5 -7.9945545718073845
      vertex 8.911417849361897 -5 -7.9945545718073845
    endloop
  endfacet
  facet normal 0.11048881778676806 0 -0.9938773672561835
    outer loop
      vertex 8.911417849361897 -5 -7.9945545718073845
      vertex 9.058100558817387 5 -7.978247933089733
      vertex 9.058100558817387 -5 -7.978247933089733
    endloop
  endfacet
  facet normal 0.18347942694126013 0 -0.983023550017652
    outer loop
      vertex 9.058100558817387 -5 -7.978247933089733
      vertex 9.203181385993958 5 -7.9511688798666
      vertex 9.203181385993958 -5 -7.9511688798666
    endloop
  endfacet
  facet normal 0.2554708661820186 0 -0.9668167543708627
    outer loop
      vertex 9.203181385993958 -5 -7.9511688798666
      vertex 9.345870316028595 5 -7.9134648740291595
      vertex 9.345870316028595 -5 -7.9134648740291595
    endloop
  endfacet
  facet normal 0.3260711991955051 0 -0.9453452136945558
    outer loop
      vertex 9.345870316028595 -5 -7.9134648740291595
      vertex 9.485390342772007 5 -7.8653412237763405
      vertex 9.485390342772007 -5 -7.8653412237763405
    endloop
  endfacet
  facet normal 0.39489586739478527 0 -0.9187258861676426
    outer loop
      vertex 9.485390342772007 -5 -7.8653412237763405
      vertex 9.620981715619564 5 -7.807059995830059
      vertex 9.620981715619564 -5 -7.807059995830059
    endloop
  endfacet
  facet normal 0.4615702505225546 0 -0.8871036601393021
    outer loop
      vertex 9.620981715619564 -5 -7.807059995830059
      vertex 9.751906082034111 5 -7.738938540220261
      vertex 9.751906082034111 -5 -7.738938540220261
    endloop
  endfacet
  facet normal 0.5257311089706166 0 -0.8506508102979305
    outer loop
      vertex 9.751906082034111 -5 -7.738938540220261
      vertex 9.877450503408909 5 -7.661347821354866
      vertex 9.877450503408909 -5 -7.661347821354866
    endloop
  endfacet
  facet normal 0.5870291476912023 0 -0.8095657970547796
    outer loop
      vertex 9.877450503408909 -5 -7.661347821354866
      vertex 9.996931344270706 5 -7.574710346758366
      vertex 9.996931344270706 -5 -7.574710346758366
    endloop
  endfacet
  facet normal 0.6451305980590055 0 -0.7640723208231208
    outer loop
      vertex 9.996931344270706 -5 -7.574710346758366
      vertex 10.109697967767715 5 -7.479497894644737
      vertex 10.109697967767715 -5 -7.479497894644737
    endloop
  endfacet
  facet normal 0.6997189860137033 0 -0.7144181832876001
    outer loop
      vertex 10.109697967767715 -5 -7.479497894644737
      vertex 10.21513631939888 5 -7.37622894346714
      vertex 10.21513631939888 -5 -7.37622894346714
    endloop
  endfacet
  facet normal 0.7504971635625287 0 -0.6608736698375863
    outer loop
      vertex 10.21513631939888 -5 -7.37622894346714
      vertex 10.312672235071659 5 -7.265465825796127
      vertex 10.312672235071659 -5 -7.265465825796127
    endloop
  endfacet
  facet normal 0.7971885215441273 0 -0.6037304540258746
    outer loop
      vertex 10.312672235071659 -5 -7.265465825796127
      vertex 10.40177459269762 5 -7.147811703383923
      vertex 10.40177459269762 -5 -7.147811703383923
    endloop
  endfacet
  facet normal 0.8395388226404006 0 -0.5432997011591023
    outer loop
      vertex 10.40177459269762 -5 -7.147811703383923
      vertex 10.481958195567131 5 -7.023907259106636
      vertex 10.481958195567131 -5 -7.023907259106636
    endloop
  endfacet
  facet normal 0.8773175296897971 0 -0.47991035839934926
    outer loop
      vertex 10.481958195567131 -5 -7.023907259106636
      vertex 10.552786402404308 5 -6.894427187740803
      vertex 10.552786402404308 -5 -6.894427187740803
    endloop
  endfacet
  facet normal 0.7071067811865476 0 0.7071067811865476
    outer loop
      vertex 10.745173133909702 -5 -5.745173133909702
      vertex 10 5 -5
      vertex 10 -5 -5
    endloop
  endfacet
  facet normal 0.8944271886702276 0 -0.4472136001593345
    outer loop
      vertex 10.552786402404308 -5 -6.894427187740803
      vertex 10.838833339512348 5 -6.322333320975304
      vertex 10.838833339512348 -5 -6.322333320975304
    endloop
  endfacet
  facet normal 0.8636946824794404 0 0.5040153722424929
    outer loop
      vertex 10.832431517541409 -5 -5.862749874591827
      vertex 10.813919849693775 5 -5.831027768552303
      vertex 10.813919849693775 -5 -5.831027768552303
    endloop
  endfacet
  facet normal 0.9102491038009086 0 -0.4140610692031343
    outer loop
      vertex 10.838833339512348 -5 -6.322333320975304
      vertex 10.854041129350662 5 -6.288901351392269
      vertex 10.854041129350662 -5 -6.288901351392269
    endloop
  endfacet
  facet normal 0.938188378699797 0 -0.34612507287488775
    outer loop
      vertex 10.854041129350662 -5 -6.288901351392269
      vertex 10.866753742098808 5 -6.25444321334362
      vertex 10.866753742098808 -5 -6.25444321334362
    endloop
  endfacet
  facet normal 0.9610652778240375 0 -0.27632142834207724
    outer loop
      vertex 10.866753742098808 -5 -6.25444321334362
      vertex 10.87690258026123 5 -6.219144843518734
      vertex 10.87690258026123 -5 -6.219144843518734
    endloop
  endfacet
  facet normal 0.9787563611383955 0 -0.20502679222756898
    outer loop
      vertex 10.87690258026123 -5 -6.219144843518734
      vertex 10.884432882070541 5 -6.18319670855999
      vertex 10.884432882070541 -5 -6.18319670855999
    endloop
  endfacet
  facet normal 0.9911661813693317 0 -0.13262579277703515
    outer loop
      vertex 10.884432882070541 -5 -6.18319670855999
      vertex 10.889304012060165 5 -6.146792784333229
      vertex 10.889304012060165 -5 -6.146792784333229
    endloop
  endfacet
  facet normal 0.9982277392938582 0 -0.059509499277620136
    outer loop
      vertex 10.889304012060165 -5 -6.146792784333229
      vertex 10.891489699482918 5 -6.110129497945309
      vertex 10.891489699482918 -5 -6.110129497945309
    endloop
  endfacet
  facet normal 0.9999029963449629 0 0.013928312904479623
    outer loop
      vertex 10.891489699482918 -5 -6.110129497945309
      vertex 10.890978135168552 5 -6.073404684662819
      vertex 10.890978135168552 -5 -6.073404684662819
    endloop
  endfacet
  facet normal 0.9961828855847655 0 0.08729065510127597
    outer loop
      vertex 10.890978135168552 -5 -6.073404684662819
      vertex 10.887772090733051 5 -6.0368165001273155
      vertex 10.887772090733051 -5 -6.0368165001273155
    endloop
  endfacet
  facet normal 0.9726658349493201 0 0.2322093312559638
    outer loop
      vertex 10.873360179364681 -5 -5.964837945997715
      vertex 10.8818888515234 -5 -6.000562384724617
      vertex 10.873360179364681 5 -5.964837945997715
    endloop
  endfacet
  facet normal 0.9529957685456386 0 0.30298360538832414
    outer loop
      vertex 10.873360179364681 -5 -5.964837945997715
      vertex 10.862232081592083 5 -5.929835952818394
      vertex 10.862232081592083 -5 -5.929835952818394
    endloop
  endfacet
  facet normal 0.9281835056596971 0 0.3721228020711375
    outer loop
      vertex 10.862232081592083 -5 -5.929835952818394
      vertex 10.848564617335796 5 -5.895745284855366
      vertex 10.848564617335796 -5 -5.895745284855366
    endloop
  endfacet
  facet normal 0.8983627624776861 0 0.43925430788264397
    outer loop
      vertex 10.832431517541409 -5 -5.862749874591827
      vertex 10.848564617335796 -5 -5.895745284855366
      vertex 10.832431517541409 5 -5.862749874591827
    endloop
  endfacet
  facet normal 0.9870874309871283 0 0.160182407233851
    outer loop
      vertex 10.887772090733051 -5 -6.0368165001273155
      vertex 10.8818888515234 5 -6.000562384724617
      vertex 10.8818888515234 -5 -6.000562384724617
    endloop
  endfacet
  facet normal 0.7326005614421001 0 0.6806588112811879
    outer loop
      vertex 10.745173133909702 -5 -5.745173133909702
      vertex 10.770172625780106 -5 -5.772080361843109
      vertex 10.745173133909702 5 -5.745173133909702
    endloop
  endfacet
  facet normal 0.7805893241024703 0 0.6250442441117656
    outer loop
      vertex 10.770172625780106 -5 -5.772080361843109
      vertex 10.793129488825798 -5 -5.800750143826008
      vertex 10.770172625780106 5 -5.772080361843109
    endloop
  endfacet
  facet normal 0.8243659901393844 0 0.5660571652240721
    outer loop
      vertex 10.813919849693775 -5 -5.831027768552303
      vertex 10.793129488825798 5 -5.800750143826008
      vertex 10.793129488825798 -5 -5.800750143826008
    endloop
  endfacet
  facet normal -0.982686126658966 0 0.18527810575456177
    outer loop
      vertex 8.262649655342102 -5 -4.946174196898937
      vertex 8.283361345529556 -5 -4.836322627961636
      vertex 8.262649655342102 5 -4.946174196898937
    endloop
  endfacet
  facet normal -0.9937554414602154 0 0.11158011726204733
    outer loop
      vertex 8.283361345529556 -5 -4.836322627961636
      vertex 8.295834556221962 -5 -4.725233651697636
      vertex 8.283361345529556 5 -4.836322627961636
    endloop
  endfacet
  facet normal -0.9993055197588484 0 0.037262288972874695
    outer loop
      vertex 8.295834556221962 -5 -4.725233651697636
      vertex 8.299999997019768 -5 -4.613524250686169
      vertex 8.295834556221962 5 -4.725233651697636
    endloop
  endfacet
  facet normal -1 0 0
    outer loop
      vertex 8.299999997019768 -5 -4.613524250686169
      vertex 8.299999997019768 -5 -0.9142135605216026
      vertex 8.299999997019768 5 -4.613524250686169
    endloop
  endfacet
  facet normal -0.7071067811865476 0 -0.7071067811865476
    outer loop
      vertex 7.799999997019768 -5 0
      vertex 8.00710678100586 5 -0.2071067839860916
      vertex 8.00710678100586 -5 -0.2071067839860916
    endloop
  endfacet
  facet normal -0.7318944949629951 0 -0.6814179688288697
    outer loop
      vertex 8.00710678100586 -5 -0.2071067839860916
      vertex 8.055749572813511 5 -0.25935282558202744
      vertex 8.055749572813511 -5 -0.25935282558202744
    endloop
  endfacet
  facet normal -0.8214208024687972 0 -0.5703225975459127
    outer loop
      vertex 8.141253530979156 -5 -0.3735727444291115
      vertex 8.100541241466999 -5 -0.3149358928203583
      vertex 8.141253530979156 5 -0.3735727444291115
    endloop
  endfacet
  facet normal -0.8600142411827524 0 -0.5102700314175375
    outer loop
      vertex 8.141253530979156 -5 -0.3735727444291115
      vertex 8.177678987383842 5 -0.4349645748734474
      vertex 8.177678987383842 -5 -0.4349645748734474
    endloop
  endfacet
  facet normal -0.7786415227117128 0 -0.6274690264142009
    outer loop
      vertex 8.055749572813511 -5 -0.25935282558202744
      vertex 8.100541241466999 5 -0.3149358928203583
      vertex 8.100541241466999 -5 -0.3149358928203583
    endloop
  endfacet
  facet normal -0.9238795177220653 0 -0.38268346806942677
    outer loop
      vertex 8.236949726939201 -5 -0.5647493824362755
      vertex 8.209631994366646 -5 -0.49879854917526245
      vertex 8.236949726939201 5 -0.5647493824362755
    endloop
  endfacet
  facet normal -0.9488259409330692 0 -0.3157995152188739
    outer loop
      vertex 8.236949726939201 -5 -0.5647493824362755
      vertex 8.259492971003056 5 -0.6324810087680817
      vertex 8.259492971003056 -5 -0.6324810087680817
    endloop
  endfacet
  facet normal -0.9993628270908023 0 -0.03569229369316569
    outer loop
      vertex 8.299999997019768 -5 -0.9142135605216026
      vertex 8.297452114522457 -5 -0.8428743779659271
      vertex 8.299999997019768 5 -0.9142135605216026
    endloop
  endfacet
  facet normal -0.9942702966563645 0 -0.10689516914652898
    outer loop
      vertex 8.297452114522457 -5 -0.8428743779659271
      vertex 8.289821438491344 -5 -0.7718987241387367
      vertex 8.297452114522457 5 -0.8428743779659271
    endloop
  endfacet
  facet normal -0.9841112187230118 0 -0.17755311651308375
    outer loop
      vertex 8.289821438491344 -5 -0.7718987241387367
      vertex 8.277146868407726 -5 -0.7016482725739479
      vertex 8.289821438491344 5 -0.7718987241387367
    endloop
  endfacet
  facet normal -0.9689372818525285 0 -0.2473065786351706
    outer loop
      vertex 8.277146868407726 -5 -0.7016482725739479
      vertex 8.259492971003056 -5 -0.6324810087680817
      vertex 8.277146868407726 5 -0.7016482725739479
    endloop
  endfacet
  facet normal -0.894225264794197 0 -0.4476172201823208
    outer loop
      vertex 8.177678987383842 -5 -0.4349645748734474
      vertex 8.209631994366646 5 -0.49879854917526245
      vertex 8.209631994366646 -5 -0.49879854917526245
    endloop
  endfacet
  facet normal 0 -1 0
    outer loop
      vertex 8.262649655342102 -5 -4.946174196898937
      vertex 10 -5 -5
      vertex 8.283361345529556 -5 -4.836322627961636
    endloop
  endfacet
  facet normal 0 -1 0
    outer loop
      vertex 8.283361345529556 -5 -4.836322627961636
      vertex 10 -5 -5
      vertex 8.295834556221962 -5 -4.725233651697636
    endloop
  endfacet
  facet normal 0 -1 0
    outer loop
      vertex 8.295834556221962 -5 -4.725233651697636
      vertex 10 -5 -5
      vertex 8.299999997019768 -5 -4.613524250686169
    endloop
  endfacet
  facet normal 0 -1 0
    outer loop
      vertex 8.299999997019768 -5 -4.613524250686169
      vertex 10 -5 -5
      vertex 8.299999997019768 -5 -0.9142135605216026
    endloop
  endfacet
  facet normal 0 -1 0
    outer loop
      vertex 8.299999997019768 -5 -0.9142135605216026
      vertex 10 -5 -5
      vertex 8.297452114522457 -5 -0.8428743779659271
    endloop
  endfacet
  facet normal 0 -1 0
    outer loop
      vertex 8.297452114522457 -5 -0.8428743779659271
      vertex 10 -5 -5
      vertex 10 -5 -0.1414213553071022
    endloop
  endfacet
  facet normal 0 -1 0
    outer loop
      vertex 8.289821438491344 -5 -0.7718987241387367
      vertex 10 -5 -0.1414213553071022
      vertex 8.277146868407726 -5 -0.7016482725739479
    endloop
  endfacet
  facet normal 0 -1 0
    outer loop
      vertex 8.297452114522457 -5 -0.8428743779659271
      vertex 10 -5 -0.1414213553071022
      vertex 8.289821438491344 -5 -0.7718987241387367
    endloop
  endfacet
  facet normal 0 -1 0
    outer loop
      vertex 8.00710678100586 -5 -0.2071067839860916
      vertex 8.055749572813511 -5 -0.25935282558202744
      vertex 10.100000001490116 -5 0
    endloop
  endfacet
  facet normal 0 -1 0
    outer loop
      vertex 8.055749572813511 -5 -0.25935282558202744
      vertex 8.100541241466999 -5 -0.3149358928203583
      vertex 10.029289320111275 -5 -0.0707106813788414
    endloop
  endfacet
  facet normal 0 -1 0
    outer loop
      vertex 8.141253530979156 -5 -0.3735727444291115
      vertex 10.029289320111275 -5 -0.0707106813788414
      vertex 8.100541241466999 -5 -0.3149358928203583
    endloop
  endfacet
  facet normal 0 -1 0
    outer loop
      vertex 8.141253530979156 -5 -0.3735727444291115
      vertex 8.177678987383842 -5 -0.4349645748734474
      vertex 10.029289320111275 -5 -0.0707106813788414
    endloop
  endfacet
  facet normal 0 -1 0
    outer loop
      vertex 8.236949726939201 -5 -0.5647493824362755
      vertex 8.259492971003056 -5 -0.6324810087680817
      vertex 10.000254787504673 -5 -0.13428743928670883
    endloop
  endfacet
  facet normal 0 -1 0
    outer loop
      vertex 8.177678987383842 -5 -0.4349645748734474
      vertex 8.209631994366646 -5 -0.49879854917526245
      vertex 10.012232102453709 -5 -0.09349645674228668
    endloop
  endfacet
  facet normal 0 -1 0
    outer loop
      vertex 8.236949726939201 -5 -0.5647493824362755
      vertex 10.002285316586494 -5 -0.12016482651233673
      vertex 8.209631994366646 -5 -0.49879854917526245
    endloop
  endfacet
  facet normal 0 -1 0
    outer loop
      vertex 8.277146868407726 -5 -0.7016482725739479
      vertex 10 -5 -0.1414213553071022
      vertex 8.259492971003056 -5 -0.6324810087680817
    endloop
  endfacet
  facet normal 0 -1 0
    outer loop
      vertex 7.799999997019768 -5 0
      vertex 8.00710678100586 -5 -0.2071067839860916
      vertex 10.100000001490116 -5 0
    endloop
  endfacet
  facet normal 0 -1 0
    outer loop
      vertex 8.236949726939201 -5 -0.5647493824362755
      vertex 10.000254787504673 -5 -0.13428743928670883
      vertex 10.001017853617668 -5 -0.12718987464904785
    endloop
  endfacet
  facet normal 0 -1 0
    outer loop
      vertex 8.209631994366646 -5 -0.49879854917526245
      vertex 10.002285316586494 -5 -0.12016482651233673
      vertex 10.004050701856613 -5 -0.11324810236692429
    endloop
  endfacet
  facet normal 0 -1 0
    outer loop
      vertex 8.209631994366646 -5 -0.49879854917526245
      vertex 10.006305024027824 -5 -0.10647493600845337
      vertex 10.009036801755428 -5 -0.09987985342741013
    endloop
  endfacet
  facet normal 0 -1 0
    outer loop
      vertex 8.209631994366646 -5 -0.49879854917526245
      vertex 10.004050701856613 -5 -0.11324810236692429
      vertex 10.006305024027824 -5 -0.10647493600845337
    endloop
  endfacet
  facet normal 0 -1 0
    outer loop
      vertex 8.209631994366646 -5 -0.49879854917526245
      vertex 10.009036801755428 -5 -0.09987985342741013
      vertex 10.012232102453709 -5 -0.09349645674228668
    endloop
  endfacet
  facet normal 0 -1 0
    outer loop
      vertex 8.177678987383842 -5 -0.4349645748734474
      vertex 10.012232102453709 -5 -0.09349645674228668
      vertex 10.015874646604061 -5 -0.08735727518796921
    endloop
  endfacet
  facet normal 0 -1 0
    outer loop
      vertex 8.177678987383842 -5 -0.4349645748734474
      vertex 10.015874646604061 -5 -0.08735727518796921
      vertex 10.019945874810219 -5 -0.08149358630180359
    endloop
  endfacet
  facet normal 0 -1 0
    outer loop
      vertex 8.177678987383842 -5 -0.4349645748734474
      vertex 10.019945874810219 -5 -0.08149358630180359
      vertex 10.0244250446558 -5 -0.07593528181314468
    endloop
  endfacet
  facet normal 0 -1 0
    outer loop
      vertex 8.177678987383842 -5 -0.4349645748734474
      vertex 10.0244250446558 -5 -0.07593528181314468
      vertex 10.029289320111275 -5 -0.0707106813788414
    endloop
  endfacet
  facet normal 0 -1 0
    outer loop
      vertex 8.259492971003056 -5 -0.6324810087680817
      vertex 10 -5 -0.1414213553071022
      vertex 10.000254787504673 -5 -0.13428743928670883
    endloop
  endfacet
  facet normal 0 -1 0
    outer loop
      vertex 8.236949726939201 -5 -0.5647493824362755
      vertex 10.001017853617668 -5 -0.12718987464904785
      vertex 10.002285316586494 -5 -0.12016482651233673
    endloop
  endfacet
  facet normal 0 -1 0
    outer loop
      vertex 8.055749572813511 -5 -0.25935282558202744
      vertex 10.029289320111275 -5 -0.0707106813788414
      vertex 10.100000001490116 -5 0
    endloop
  endfacet
  facet normal 1 0 0
    outer loop
      vertex 10 -5 -5
      vertex 10 5 -0.1414213553071022
      vertex 10 -5 -0.1414213553071022
    endloop
  endfacet
  facet normal 0.9993628304148194 0 -0.03569220062255543
    outer loop
      vertex 10 -5 -0.1414213553071022
      vertex 10.000254787504673 5 -0.13428743928670883
      vertex 10.000254787504673 -5 -0.13428743928670883
    endloop
  endfacet
  facet normal 0.9942703176496642 0 -0.1068949738801406
    outer loop
      vertex 10.000254787504673 -5 -0.13428743928670883
      vertex 10.001017853617668 5 -0.12718987464904785
      vertex 10.001017853617668 -5 -0.12718987464904785
    endloop
  endfacet
  facet normal 0.9841110859867688 0 -0.177553852219383
    outer loop
      vertex 10.001017853617668 -5 -0.12718987464904785
      vertex 10.002285316586494 5 -0.12016482651233673
      vertex 10.002285316586494 -5 -0.12016482651233673
    endloop
  endfacet
  facet normal 0.9689374127630341 0 -0.24730606573247924
    outer loop
      vertex 10.002285316586494 -5 -0.12016482651233673
      vertex 10.004050701856613 5 -0.11324810236692429
      vertex 10.004050701856613 -5 -0.11324810236692429
    endloop
  endfacet
  facet normal 0.9488260867997429 0 -0.3157990769592062
    outer loop
      vertex 10.004050701856613 -5 -0.11324810236692429
      vertex 10.006305024027824 5 -0.10647493600845337
      vertex 10.006305024027824 -5 -0.10647493600845337
    endloop
  endfacet
  facet normal 0.9238792810298961 0 -0.3826840394943096
    outer loop
      vertex 10.006305024027824 -5 -0.10647493600845337
      vertex 10.009036801755428 5 -0.09987985342741013
      vertex 10.009036801755428 -5 -0.09987985342741013
    endloop
  endfacet
  facet normal 0.8942252438820414 0 -0.4476172619594819
    outer loop
      vertex 10.009036801755428 -5 -0.09987985342741013
      vertex 10.012232102453709 5 -0.09349645674228668
      vertex 10.012232102453709 -5 -0.09349645674228668
    endloop
  endfacet
  facet normal 0.8600142784361482 0 -0.5102699686302845
    outer loop
      vertex 10.012232102453709 -5 -0.09349645674228668
      vertex 10.015874646604061 5 -0.08735727518796921
      vertex 10.015874646604061 -5 -0.08735727518796921
    endloop
  endfacet
  facet normal 0.8214210211091875 0 -0.5703222826437171
    outer loop
      vertex 10.015874646604061 -5 -0.08735727518796921
      vertex 10.019945874810219 5 -0.08149358630180359
      vertex 10.019945874810219 -5 -0.08149358630180359
    endloop
  endfacet
  facet normal 0.7786411954579786 0 -0.6274694325110747
    outer loop
      vertex 10.019945874810219 -5 -0.08149358630180359
      vertex 10.0244250446558 5 -0.07593528181314468
      vertex 10.0244250446558 -5 -0.07593528181314468
    endloop
  endfacet
  facet normal 0.7318945129127518 0 -0.6814179495494714
    outer loop
      vertex 10.0244250446558 -5 -0.07593528181314468
      vertex 10.029289320111275 5 -0.0707106813788414
      vertex 10.029289320111275 -5 -0.0707106813788414
    endloop
  endfacet
  facet normal 0.7071067811865476 0 -0.7071067811865476
    outer loop
      vertex 10.029289320111275 -5 -0.0707106813788414
      vertex 10.100000001490116 5 0
      vertex 10.100000001490116 -5 0
    endloop
  endfacet
  facet normal -0.5269215247724066 0 -0.8499139407796075
    outer loop
      vertex 6.257523909211159 -5 -7.404445439577103
      vertex 6.257523909211159 5 -7.404445439577103
      vertex 6.47759123891592 5 -7.5408806800842285
    endloop
  endfacet
  facet normal -0.5883129442146311 0 -0.8086333406863165
    outer loop
      vertex 6.0481453239917755 -5 -7.252114184200764
      vertex 6.0481453239917755 5 -7.252114184200764
      vertex 6.257523909211159 5 -7.404445439577103
    endloop
  endfacet
  facet normal -0.46264623107378927 0 -0.8865429853499591
    outer loop
      vertex 6.47759123891592 -5 -7.5408806800842285
      vertex 6.47759123891592 5 -7.5408806800842285
      vertex 6.707142889499664 5 -7.660673186182976
    endloop
  endfacet
  facet normal -0.39583889964021957 0 -0.9183199690367297
    outer loop
      vertex 6.707142889499664 -5 -7.660673186182976
      vertex 6.707142889499664 5 -7.660673186182976
      vertex 6.944922514259815 5 -7.7631673365831375
    endloop
  endfacet
  facet normal -0.32686516295163215 0 -0.9450709842380111
    outer loop
      vertex 6.944922514259815 -5 -7.7631673365831375
      vertex 6.944922514259815 5 -7.7631673365831375
      vertex 7.189628757536411 5 -7.8478021919727325
    endloop
  endfacet
  facet normal 0.5382354170186736 0 0.8427945395330552
    outer loop
      vertex 6.446016453206539 -5 -6.045557163655758
      vertex 6.446016453206539 5 -6.045557163655758
      vertex 6.3857924193143845 5 -6.00709617882967
    endloop
  endfacet
  facet normal 0.47667574965908255 0 0.8790791942066151
    outer loop
      vertex 6.508833296597004 -5 -6.0796192437410355
      vertex 6.508833296597004 5 -6.0796192437410355
      vertex 6.446016453206539 5 -6.045557163655758
    endloop
  endfacet
  facet normal 0.4126819366983343 0 0.9108751940430215
    outer loop
      vertex 6.573922209441662 -5 -6.109108485281467
      vertex 6.573922209441662 5 -6.109108485281467
      vertex 6.508833296597004 5 -6.0796192437410355
    endloop
  endfacet
  facet normal 0.34658098250543595 0 0.9380200544580946
    outer loop
      vertex 6.640950821340084 -5 -6.13387431204319
      vertex 6.640950821340084 5 -6.13387431204319
      vertex 6.573922209441662 5 -6.109108485281467
    endloop
  endfacet
  facet normal 0.2787102730706648 0 0.9603752306702186
    outer loop
      vertex 6.70957688242197 -5 -6.153790265321732
      vertex 6.70957688242197 5 -6.153790265321732
      vertex 6.640950821340084 5 -6.13387431204319
    endloop
  endfacet
  facet normal 0.20941656060985975 0 0.977826520474024
    outer loop
      vertex 6.779449969530106 -5 -6.168754659593105
      vertex 6.779449969530106 5 -6.168754659593105
      vertex 6.70957688242197 5 -6.153790265321732
    endloop
  endfacet
  facet normal 0.1390533856487792 0 0.9902848862522401
    outer loop
      vertex 6.8502133041620255 -5 -6.178691074252129
      vertex 6.8502133041620255 5 -6.178691074252129
      vertex 6.779449969530106 5 -6.168754659593105
    endloop
  endfacet
  facet normal 0.06798017404669933 0 0.9976866722255944
    outer loop
      vertex 6.92150554805994 -5 -6.183548770844936
      vertex 6.92150554805994 5 -6.183548770844936
      vertex 6.8502133041620255 5 -6.178691074252129
    endloop
  endfacet
  facet normal -0.0034400425471345438 0 0.9999940830361318
    outer loop
      vertex 6.992962673306465 -5 -6.183302953839302
      vertex 6.992962673306465 5 -6.183302953839302
      vertex 6.92150554805994 5 -6.183548770844936
    endloop
  endfacet
  facet normal -0.07484284441291077 0 0.9971953412647819
    outer loop
      vertex 7.064219810068607 -5 -6.177954867482185
      vertex 7.064219810068607 5 -6.177954867482185
      vertex 6.992962673306465 5 -6.183302953839302
    endloop
  endfacet
  facet normal -0.2561024609243542 0 -0.9666496415498687
    outer loop
      vertex 7.189628757536411 -5 -7.8478021919727325
      vertex 7.189628757536411 5 -7.8478021919727325
      vertex 7.4399223402142525 5 -7.914114534854889
    endloop
  endfacet
  facet normal -0.18393815148030898 0 -0.9829378192083196
    outer loop
      vertex 7.4399223402142525 -5 -7.914114534854889
      vertex 7.4399223402142525 5 -7.914114534854889
      vertex 7.694433398544788 5 -7.9617414474487305
    endloop
  endfacet
  facet normal -0.11076709633668742 0 -0.9938463917372438
    outer loop
      vertex 7.694433398544788 -5 -7.9617414474487305
      vertex 7.694433398544788 5 -7.9617414474487305
      vertex 7.951769009232521 5 -7.990422256290913
    endloop
  endfacet
  facet normal -0.14586329466039932 0 0.9893047555080352
    outer loop
      vertex 7.134913109242916 -5 -6.167531833052635
      vertex 7.134913109242916 5 -6.167531833052635
      vertex 7.064219810068607 5 -6.177954867482185
    endloop
  endfacet
  facet normal -0.21613921130678113 0 0.9763625562953973
    outer loop
      vertex 7.20468158274889 -5 -6.152087055146694
      vertex 7.20468158274889 5 -6.152087055146694
      vertex 7.134913109242916 5 -6.167531833052635
    endloop
  endfacet
  facet normal -0.2853111351512231 0 0.9584349514488297
    outer loop
      vertex 7.273168995976448 -5 -6.131699420511723
      vertex 7.273168995976448 5 -6.131699420511723
      vertex 7.20468158274889 5 -6.152087055146694
    endloop
  endfacet
  facet normal -0.3530265582576316 0 0.9356133010837175
    outer loop
      vertex 7.340025633573532 -5 -6.106473006308079
      vertex 7.340025633573532 5 -6.106473006308079
      vertex 7.273168995976448 5 -6.131699420511723
    endloop
  endfacet
  facet normal -0.4189390788779911 0 0.9080143436030405
    outer loop
      vertex 7.404910109937191 -5 -6.076536647975445
      vertex 7.404910109937191 5 -6.076536647975445
      vertex 7.340025633573532 5 -6.106473006308079
    endloop
  endfacet
  facet normal -0.48271260918616465 0 0.8757788173578334
    outer loop
      vertex 7.467491120100021 -5 -6.042043186724186
      vertex 7.467491120100021 5 -6.042043186724186
      vertex 7.404910109937191 5 -6.076536647975445
    endloop
  endfacet
  facet normal -0.5440212480206705 0 0.839071440165873
    outer loop
      vertex 7.527449108660221 -5 -6.003168761730194
      vertex 7.527449108660221 5 -6.003168761730194
      vertex 7.467491120100021 5 -6.042043186724186
    endloop
  endfacet
  facet normal -0.6025520031029628 0 0.7980796223163497
    outer loop
      vertex 7.584477923810482 -5 -5.9601118713617325
      vertex 7.584477923810482 5 -5.9601118713617325
      vertex 7.527449108660221 5 -6.003168761730194
    endloop
  endfacet
  facet normal -0.658005987882179 0 0.7530126957171424
    outer loop
      vertex 7.638286367058754 -5 -5.913092374801636
      vertex 7.638286367058754 5 -5.913092374801636
      vertex 7.584477923810482 5 -5.9601118713617325
    endloop
  endfacet
  facet normal -0.7101001979915829 0 0.7041006382700664
    outer loop
      vertex 7.688599675893784 -5 -5.8623503521084785
      vertex 7.688599675893784 5 -5.8623503521084785
      vertex 7.638286367058754 5 -5.913092374801636
    endloop
  endfacet
  facet normal -0.036989852615292584 0 -0.9993156412282852
    outer loop
      vertex 7.951769009232521 -5 -7.990422256290913
      vertex 7.951769009232521 5 -7.990422256290913
      vertex 8.210520759224892 5 -8
    endloop
  endfacet
  facet normal 0 0 -1
    outer loop
      vertex 8.210520759224892 -5 -8
      vertex 8.210520759224892 5 -8
      vertex 8.763932019472122 5 -8
    endloop
  endfacet
  facet normal -0.7348034446274879 0 0.6782801027330658
    outer loop
      vertex 7.902205169200897 -5 -5.630944401025772
      vertex 7.902205169200897 5 -5.630944401025772
      vertex 7.688599675893784 5 -5.8623503521084785
    endloop
  endfacet
  facet normal -0.7595674345654254 0 0.6504285605258262
    outer loop
      vertex 7.974914647638798 -5 -5.54603461176157
      vertex 7.974914647638798 5 -5.54603461176157
      vertex 7.902205169200897 5 -5.630944401025772
    endloop
  endfacet
  facet normal -0.8058974862113583 0 0.5920551002383255
    outer loop
      vertex 8.041098736226559 -5 -5.455945715308189
      vertex 8.041098736226559 5 -5.455945715308189
      vertex 7.974914647638798 5 -5.54603461176157
    endloop
  endfacet
  facet normal -0.8477516117908194 0 0.5303934433098395
    outer loop
      vertex 8.10038984566927 -5 -5.3611780777573586
      vertex 8.10038984566927 5 -5.3611780777573586
      vertex 8.041098736226559 5 -5.455945715308189
    endloop
  endfacet
  facet normal -0.8848973894664726 0 0.4657860132243365
    outer loop
      vertex 8.152458682656288 -5 -5.262258023023605
      vertex 8.152458682656288 5 -5.262258023023605
      vertex 8.10038984566927 5 -5.3611780777573586
    endloop
  endfacet
  facet normal -0.9171285159383071 0 0.39859162717347496
    outer loop
      vertex 8.197016060352325 -5 -5.159734942018986
      vertex 8.197016060352325 5 -5.159734942018986
      vertex 8.152458682656288 5 -5.262258023023605
    endloop
  endfacet
  facet normal -0.9442659670440673 0 0.3291835103438997
    outer loop
      vertex 8.233814507722855 -5 -5.0541782528162
      vertex 8.233814507722855 5 -5.0541782528162
      vertex 8.197016060352325 5 -5.159734942018986
    endloop
  endfacet
  facet normal 0 1 0
    outer loop
      vertex 6.0481453239917755 5 -7.252114184200764
      vertex 6.70957688242197 5 -6.153790265321732
      vertex 6.257523909211159 5 -7.404445439577103
    endloop
  endfacet
  facet normal 0 1 0
    outer loop
      vertex 6.0481453239917755 5 -7.252114184200764
      vertex 6.446016453206539 5 -6.045557163655758
      vertex 6.508833296597004 5 -6.0796192437410355
    endloop
  endfacet
  facet normal 0 1 0
    outer loop
      vertex 6.0481453239917755 5 -7.252114184200764
      vertex 6.508833296597004 5 -6.0796192437410355
      vertex 6.573922209441662 5 -6.109108485281467
    endloop
  endfacet
  facet normal 0 1 0
    outer loop
      vertex 6.257523909211159 5 -7.404445439577103
      vertex 6.8502133041620255 5 -6.178691074252129
      vertex 6.47759123891592 5 -7.5408806800842285
    endloop
  endfacet
  facet normal 0 1 0
    outer loop
      vertex 6.47759123891592 5 -7.5408806800842285
      vertex 6.992962673306465 5 -6.183302953839302
      vertex 6.707142889499664 5 -7.660673186182976
    endloop
  endfacet
  facet normal 0 1 0
    outer loop
      vertex 6.707142889499664 5 -7.660673186182976
      vertex 7.064219810068607 5 -6.177954867482185
      vertex 6.944922514259815 5 -7.7631673365831375
    endloop
  endfacet
  facet normal 0 1 0
    outer loop
      vertex 6.47759123891592 5 -7.5408806800842285
      vertex 6.8502133041620255 5 -6.178691074252129
      vertex 6.92150554805994 5 -6.183548770844936
    endloop
  endfacet
  facet normal 0 1 0
    outer loop
      vertex 6.47759123891592 5 -7.5408806800842285
      vertex 6.92150554805994 5 -6.183548770844936
      vertex 6.992962673306465 5 -6.183302953839302
    endloop
  endfacet
  facet normal 0 1 0
    outer loop
      vertex 6.707142889499664 5 -7.660673186182976
      vertex 6.992962673306465 5 -6.183302953839302
      vertex 7.064219810068607 5 -6.177954867482185
    endloop
  endfacet
  facet normal 0 1 0
    outer loop
      vertex 6.944922514259815 5 -7.7631673365831375
      vertex 7.064219810068607 5 -6.177954867482185
      vertex 7.134913109242916 5 -6.167531833052635
    endloop
  endfacet
  facet normal 0 1 0
    outer loop
      vertex 6.944922514259815 5 -7.7631673365831375
      vertex 7.134913109242916 5 -6.167531833052635
      vertex 7.20468158274889 5 -6.152087055146694
    endloop
  endfacet
  facet normal 0 1 0
    outer loop
      vertex 6.0481453239917755 5 -7.252114184200764
      vertex 6.573922209441662 5 -6.109108485281467
      vertex 6.640950821340084 5 -6.13387431204319
    endloop
  endfacet
  facet normal 0 1 0
    outer loop
      vertex 6.0481453239917755 5 -7.252114184200764
      vertex 6.640950821340084 5 -6.13387431204319
      vertex 6.70957688242197 5 -6.153790265321732
    endloop
  endfacet
  facet normal 0 1 0
    outer loop
      vertex 6.257523909211159 5 -7.404445439577103
      vertex 6.70957688242197 5 -6.153790265321732
      vertex 6.779449969530106 5 -6.168754659593105
    endloop
  endfacet
  facet normal 0 1 0
    outer loop
      vertex 6.257523909211159 5 -7.404445439577103
      vertex 6.779449969530106 5 -6.168754659593105
      vertex 6.8502133041620255 5 -6.178691074252129
    endloop
  endfacet
  facet normal 0 1 0
    outer loop
      vertex 6.944922514259815 5 -7.7631673365831375
      vertex 7.20468158274889 5 -6.152087055146694
      vertex 7.189628757536411 5 -7.8478021919727325
    endloop
  endfacet
  facet normal 0 1 0
    outer loop
      vertex 7.189628757536411 5 -7.8478021919727325
      vertex 7.20468158274889 5 -6.152087055146694
      vertex 7.273168995976448 5 -6.131699420511723
    endloop
  endfacet
  facet normal 0 1 0
    outer loop
      vertex 7.189628757536411 5 -7.8478021919727325
      vertex 7.273168995976448 5 -6.131699420511723
      vertex 7.4399223402142525 5 -7.914114534854889
    endloop
  endfacet
  facet normal 0 1 0
    outer loop
      vertex 7.4399223402142525 5 -7.914114534854889
      vertex 7.273168995976448 5 -6.131699420511723
      vertex 7.340025633573532 5 -6.106473006308079
    endloop
  endfacet
  facet normal 0 1 0
    outer loop
      vertex 7.4399223402142525 5 -7.914114534854889
      vertex 7.340025633573532 5 -6.106473006308079
      vertex 7.404910109937191 5 -6.076536647975445
    endloop
  endfacet
  facet normal 0 1 0
    outer loop
      vertex 7.4399223402142525 5 -7.914114534854889
      vertex 7.404910109937191 5 -6.076536647975445
      vertex 7.694433398544788 5 -7.9617414474487305
    endloop
  endfacet
  facet normal 0 1 0
    outer loop
      vertex 7.694433398544788 5 -7.9617414474487305
      vertex 7.404910109937191 5 -6.076536647975445
      vertex 7.467491120100021 5 -6.042043186724186
    endloop
  endfacet
  facet normal 0 1 0
    outer loop
      vertex 7.694433398544788 5 -7.9617414474487305
      vertex 7.467491120100021 5 -6.042043186724186
      vertex 7.951769009232521 5 -7.990422256290913
    endloop
  endfacet
  facet normal 0 1 0
    outer loop
      vertex 7.467491120100021 5 -6.042043186724186
      vertex 7.527449108660221 5 -6.003168761730194
      vertex 7.951769009232521 5 -7.990422256290913
    endloop
  endfacet
  facet normal 0 1 0
    outer loop
      vertex 7.527449108660221 5 -6.003168761730194
      vertex 7.584477923810482 5 -5.9601118713617325
      vertex 7.951769009232521 5 -7.990422256290913
    endloop
  endfacet
  facet normal 0 1 0
    outer loop
      vertex 7.584477923810482 5 -5.9601118713617325
      vertex 7.638286367058754 5 -5.913092374801636
      vertex 8.210520759224892 5 -8
    endloop
  endfacet
  facet normal 0 1 0
    outer loop
      vertex 7.584477923810482 5 -5.9601118713617325
      vertex 8.210520759224892 5 -8
      vertex 7.951769009232521 5 -7.990422256290913
    endloop
  endfacet
  facet normal 0 1 0
    outer loop
      vertex 7.688599675893784 5 -5.8623503521084785
      vertex 8.763932019472122 5 -8
      vertex 8.210520759224892 5 -8
    endloop
  endfacet
  facet normal 0 1 0
    outer loop
      vertex 7.688599675893784 5 -5.8623503521084785
      vertex 8.911417849361897 5 -7.9945545718073845
      vertex 8.763932019472122 5 -8
    endloop
  endfacet
  facet normal 0 1 0
    outer loop
      vertex 7.638286367058754 5 -5.913092374801636
      vertex 7.688599675893784 5 -5.8623503521084785
      vertex 8.210520759224892 5 -8
    endloop
  endfacet
  facet normal 0.03689656389358316 0 -0.9993190899671871
    outer loop
      vertex 8.763932019472122 -5 -8
      vertex 8.763932019472122 5 -8
      vertex 8.911417849361897 5 -7.9945545718073845
    endloop
  endfacet
  facet normal 0.11048881778676806 0 -0.9938773672561835
    outer loop
      vertex 8.911417849361897 -5 -7.9945545718073845
      vertex 8.911417849361897 5 -7.9945545718073845
      vertex 9.058100558817387 5 -7.978247933089733
    endloop
  endfacet
  facet normal 0.18347942694126013 0 -0.983023550017652
    outer loop
      vertex 9.058100558817387 -5 -7.978247933089733
      vertex 9.058100558817387 5 -7.978247933089733
      vertex 9.203181385993958 5 -7.9511688798666
    endloop
  endfacet
  facet normal 0.2554708661820186 0 -0.9668167543708627
    outer loop
      vertex 9.203181385993958 -5 -7.9511688798666
      vertex 9.203181385993958 5 -7.9511688798666
      vertex 9.345870316028595 5 -7.9134648740291595
    endloop
  endfacet
  facet normal 0.3260711991955051 0 -0.9453452136945558
    outer loop
      vertex 9.345870316028595 -5 -7.9134648740291595
      vertex 9.345870316028595 5 -7.9134648740291595
      vertex 9.485390342772007 5 -7.8653412237763405
    endloop
  endfacet
  facet normal 0.39489586739478527 0 -0.9187258861676426
    outer loop
      vertex 9.485390342772007 -5 -7.8653412237763405
      vertex 9.485390342772007 5 -7.8653412237763405
      vertex 9.620981715619564 5 -7.807059995830059
    endloop
  endfacet
  facet normal 0.4615702505225546 0 -0.8871036601393021
    outer loop
      vertex 9.620981715619564 -5 -7.807059995830059
      vertex 9.620981715619564 5 -7.807059995830059
      vertex 9.751906082034111 5 -7.738938540220261
    endloop
  endfacet
  facet normal 0.5257311089706166 0 -0.8506508102979305
    outer loop
      vertex 9.751906082034111 -5 -7.738938540220261
      vertex 9.751906082034111 5 -7.738938540220261
      vertex 9.877450503408909 5 -7.661347821354866
    endloop
  endfacet
  facet normal 0.5870291476912023 0 -0.8095657970547796
    outer loop
      vertex 9.877450503408909 -5 -7.661347821354866
      vertex 9.877450503408909 5 -7.661347821354866
      vertex 9.996931344270706 5 -7.574710346758366
    endloop
  endfacet
  facet normal 0.6451305980590055 0 -0.7640723208231208
    outer loop
      vertex 9.996931344270706 -5 -7.574710346758366
      vertex 9.996931344270706 5 -7.574710346758366
      vertex 10.109697967767715 5 -7.479497894644737
    endloop
  endfacet
  facet normal 0.6997189860137033 0 -0.7144181832876001
    outer loop
      vertex 10.109697967767715 -5 -7.479497894644737
      vertex 10.109697967767715 5 -7.479497894644737
      vertex 10.21513631939888 5 -7.37622894346714
    endloop
  endfacet
  facet normal 0.7504971635625287 0 -0.6608736698375863
    outer loop
      vertex 10.21513631939888 -5 -7.37622894346714
      vertex 10.21513631939888 5 -7.37622894346714
      vertex 10.312672235071659 5 -7.265465825796127
    endloop
  endfacet
  facet normal 0.7971885215441273 0 -0.6037304540258746
    outer loop
      vertex 10.312672235071659 -5 -7.265465825796127
      vertex 10.312672235071659 5 -7.265465825796127
      vertex 10.40177459269762 5 -7.147811703383923
    endloop
  endfacet
  facet normal 0.8395388226404006 0 -0.5432997011591023
    outer loop
      vertex 10.40177459269762 -5 -7.147811703383923
      vertex 10.40177459269762 5 -7.147811703383923
      vertex 10.481958195567131 5 -7.023907259106636
    endloop
  endfacet
  facet normal 0.8773175296897971 0 -0.47991035839934926
    outer loop
      vertex 10.481958195567131 -5 -7.023907259106636
      vertex 10.481958195567131 5 -7.023907259106636
      vertex 10.552786402404308 5 -6.894427187740803
    endloop
  endfacet
  facet normal 0.8944271886702276 0 -0.4472136001593345
    outer loop
      vertex 10.552786402404308 -5 -6.894427187740803
      vertex 10.552786402404308 5 -6.894427187740803
      vertex 10.838833339512348 5 -6.322333320975304
    endloop
  endfacet
  facet normal 0.7071067811865476 0 0.7071067811865476
    outer loop
      vertex 10.745173133909702 -5 -5.745173133909702
      vertex 10.745173133909702 5 -5.745173133909702
      vertex 10 5 -5
    endloop
  endfacet
  facet normal 0.8243659901393844 0 0.5660571652240721
    outer loop
      vertex 10.813919849693775 -5 -5.831027768552303
      vertex 10.813919849693775 5 -5.831027768552303
      vertex 10.793129488825798 5 -5.800750143826008
    endloop
  endfacet
  facet normal 0.8636946824794404 0 0.5040153722424929
    outer loop
      vertex 10.832431517541409 -5 -5.862749874591827
      vertex 10.832431517541409 5 -5.862749874591827
      vertex 10.813919849693775 5 -5.831027768552303
    endloop
  endfacet
  facet normal 0.9102491038009086 0 -0.4140610692031343
    outer loop
      vertex 10.838833339512348 -5 -6.322333320975304
      vertex 10.838833339512348 5 -6.322333320975304
      vertex 10.854041129350662 5 -6.288901351392269
    endloop
  endfacet
  facet normal 0.938188378699797 0 -0.34612507287488775
    outer loop
      vertex 10.854041129350662 -5 -6.288901351392269
      vertex 10.854041129350662 5 -6.288901351392269
      vertex 10.866753742098808 5 -6.25444321334362
    endloop
  endfacet
  facet normal 0.9610652778240375 0 -0.27632142834207724
    outer loop
      vertex 10.866753742098808 -5 -6.25444321334362
      vertex 10.866753742098808 5 -6.25444321334362
      vertex 10.87690258026123 5 -6.219144843518734
    endloop
  endfacet
  facet normal 0.9787563611383955 0 -0.20502679222756898
    outer loop
      vertex 10.87690258026123 -5 -6.219144843518734
      vertex 10.87690258026123 5 -6.219144843518734
      vertex 10.884432882070541 5 -6.18319670855999
    endloop
  endfacet
  facet normal 0.9911661813693317 0 -0.13262579277703515
    outer loop
      vertex 10.884432882070541 -5 -6.18319670855999
      vertex 10.884432882070541 5 -6.18319670855999
      vertex 10.889304012060165 5 -6.146792784333229
    endloop
  endfacet
  facet normal 0.9982277392938582 0 -0.059509499277620136
    outer loop
      vertex 10.889304012060165 -5 -6.146792784333229
      vertex 10.889304012060165 5 -6.146792784333229
      vertex 10.891489699482918 5 -6.110129497945309
    endloop
  endfacet
  facet normal 0.9999029963449629 0 0.013928312904479623
    outer loop
      vertex 10.891489699482918 -5 -6.110129497945309
      vertex 10.891489699482918 5 -6.110129497945309
      vertex 10.890978135168552 5 -6.073404684662819
    endloop
  endfacet
  facet normal 0.9961828855847655 0 0.08729065510127597
    outer loop
      vertex 10.890978135168552 -5 -6.073404684662819
      vertex 10.890978135168552 5 -6.073404684662819
      vertex 10.887772090733051 5 -6.0368165001273155
    endloop
  endfacet
  facet normal 0.9870874309871283 0 0.160182407233851
    outer loop
      vertex 10.887772090733051 -5 -6.0368165001273155
      vertex 10.887772090733051 5 -6.0368165001273155
      vertex 10.8818888515234 5 -6.000562384724617
    endloop
  endfacet
  facet normal 0.9529957685456386 0 0.30298360538832414
    outer loop
      vertex 10.873360179364681 -5 -5.964837945997715
      vertex 10.873360179364681 5 -5.964837945997715
      vertex 10.862232081592083 5 -5.929835952818394
    endloop
  endfacet
  facet normal 0.9281835056596971 0 0.3721228020711375
    outer loop
      vertex 10.862232081592083 -5 -5.929835952818394
      vertex 10.862232081592083 5 -5.929835952818394
      vertex 10.848564617335796 5 -5.895745284855366
    endloop
  endfacet
  facet normal 0.8983627624776861 0 0.43925430788264397
    outer loop
      vertex 10.848564617335796 -5 -5.895745284855366
      vertex 10.848564617335796 5 -5.895745284855366
      vertex 10.832431517541409 5 -5.862749874591827
    endloop
  endfacet
  facet normal 0.9726658349493201 0 0.2322093312559638
    outer loop
      vertex 10.8818888515234 -5 -6.000562384724617
      vertex 10.8818888515234 5 -6.000562384724617
      vertex 10.873360179364681 5 -5.964837945997715
    endloop
  endfacet
  facet normal 0.7326005614421001 0 0.6806588112811879
    outer loop
      vertex 10.770172625780106 -5 -5.772080361843109
      vertex 10.770172625780106 5 -5.772080361843109
      vertex 10.745173133909702 5 -5.745173133909702
    endloop
  endfacet
  facet normal 0.7805893241024703 0 0.6250442441117656
    outer loop
      vertex 10.793129488825798 -5 -5.800750143826008
      vertex 10.793129488825798 5 -5.800750143826008
      vertex 10.770172625780106 5 -5.772080361843109
    endloop
  endfacet
  facet normal 0 1 0
    outer loop
      vertex 7.688599675893784 5 -5.8623503521084785
      vertex 9.058100558817387 5 -7.978247933089733
      vertex 8.911417849361897 5 -7.9945545718073845
    endloop
  endfacet
  facet normal 0 1 0
    outer loop
      vertex 7.688599675893784 5 -5.8623503521084785
      vertex 9.203181385993958 5 -7.9511688798666
      vertex 9.058100558817387 5 -7.978247933089733
    endloop
  endfacet
  facet normal 0 1 0
    outer loop
      vertex 7.688599675893784 5 -5.8623503521084785
      vertex 9.345870316028595 5 -7.9134648740291595
      vertex 9.203181385993958 5 -7.9511688798666
    endloop
  endfacet
  facet normal 0 1 0
    outer loop
      vertex 7.688599675893784 5 -5.8623503521084785
      vertex 9.485390342772007 5 -7.8653412237763405
      vertex 9.345870316028595 5 -7.9134648740291595
    endloop
  endfacet
  facet normal 0 1 0
    outer loop
      vertex 7.688599675893784 5 -5.8623503521084785
      vertex 9.620981715619564 5 -7.807059995830059
      vertex 9.485390342772007 5 -7.8653412237763405
    endloop
  endfacet
  facet normal 0 1 0
    outer loop
      vertex 7.688599675893784 5 -5.8623503521084785
      vertex 9.751906082034111 5 -7.738938540220261
      vertex 9.620981715619564 5 -7.807059995830059
    endloop
  endfacet
  facet normal 0 1 0
    outer loop
      vertex 7.688599675893784 5 -5.8623503521084785
      vertex 9.877450503408909 5 -7.661347821354866
      vertex 9.751906082034111 5 -7.738938540220261
    endloop
  endfacet
  facet normal 0 1 0
    outer loop
      vertex 7.688599675893784 5 -5.8623503521084785
      vertex 9.996931344270706 5 -7.574710346758366
      vertex 9.877450503408909 5 -7.661347821354866
    endloop
  endfacet
  facet normal 0 1 0
    outer loop
      vertex 7.688599675893784 5 -5.8623503521084785
      vertex 7.902205169200897 5 -5.630944401025772
      vertex 10.745173133909702 5 -5.745173133909702
    endloop
  endfacet
  facet normal 0 1 0
    outer loop
      vertex 7.902205169200897 5 -5.630944401025772
      vertex 7.974914647638798 5 -5.54603461176157
      vertex 10.745173133909702 5 -5.745173133909702
    endloop
  endfacet
  facet normal 0 1 0
    outer loop
      vertex 8.10038984566927 5 -5.3611780777573586
      vertex 8.152458682656288 5 -5.262258023023605
      vertex 10 5 -5
    endloop
  endfacet
  facet normal 0 1 0
    outer loop
      vertex 8.152458682656288 5 -5.262258023023605
      vertex 8.197016060352325 5 -5.159734942018986
      vertex 10 5 -5
    endloop
  endfacet
  facet normal 0 1 0
    outer loop
      vertex 8.197016060352325 5 -5.159734942018986
      vertex 8.233814507722855 5 -5.0541782528162
      vertex 10 5 -5
    endloop
  endfacet
  facet normal 0 1 0
    outer loop
      vertex 8.233814507722855 5 -5.0541782528162
      vertex 8.262649655342102 5 -4.946174196898937
      vertex 10 5 -5
    endloop
  endfacet
  facet normal 0 1 0
    outer loop
      vertex 7.974914647638798 5 -5.54603461176157
      vertex 8.041098736226559 5 -5.455945715308189
      vertex 10.745173133909702 5 -5.745173133909702
    endloop
  endfacet
  facet normal 0 1 0
    outer loop
      vertex 8.041098736226559 5 -5.455945715308189
      vertex 8.10038984566927 5 -5.3611780777573586
      vertex 10.745173133909702 5 -5.745173133909702
    endloop
  endfacet
  facet normal 0 1 0
    outer loop
      vertex 7.688599675893784 5 -5.8623503521084785
      vertex 10.109697967767715 5 -7.479497894644737
      vertex 9.996931344270706 5 -7.574710346758366
    endloop
  endfacet
  facet normal 0 1 0
    outer loop
      vertex 7.688599675893784 5 -5.8623503521084785
      vertex 10.21513631939888 5 -7.37622894346714
      vertex 10.109697967767715 5 -7.479497894644737
    endloop
  endfacet
  facet normal 0 1 0
    outer loop
      vertex 7.688599675893784 5 -5.8623503521084785
      vertex 10.312672235071659 5 -7.265465825796127
      vertex 10.21513631939888 5 -7.37622894346714
    endloop
  endfacet
  facet normal 0 1 0
    outer loop
      vertex 7.688599675893784 5 -5.8623503521084785
      vertex 10.40177459269762 5 -7.147811703383923
      vertex 10.312672235071659 5 -7.265465825796127
    endloop
  endfacet
  facet normal 0 1 0
    outer loop
      vertex 7.688599675893784 5 -5.8623503521084785
      vertex 10.481958195567131 5 -7.023907259106636
      vertex 10.40177459269762 5 -7.147811703383923
    endloop
  endfacet
  facet normal 0 1 0
    outer loop
      vertex 7.688599675893784 5 -5.8623503521084785
      vertex 10.552786402404308 5 -6.894427187740803
      vertex 10.481958195567131 5 -7.023907259106636
    endloop
  endfacet
  facet normal 0 1 0
    outer loop
      vertex 7.688599675893784 5 -5.8623503521084785
      vertex 10.838833339512348 5 -6.322333320975304
      vertex 10.552786402404308 5 -6.894427187740803
    endloop
  endfacet
  facet normal 0 1 0
    outer loop
      vertex 7.688599675893784 5 -5.8623503521084785
      vertex 10.793129488825798 5 -5.800750143826008
      vertex 10.813919849693775 5 -5.831027768552303
    endloop
  endfacet
  facet normal 0 1 0
    outer loop
      vertex 7.688599675893784 5 -5.8623503521084785
      vertex 10.854041129350662 5 -6.288901351392269
      vertex 10.838833339512348 5 -6.322333320975304
    endloop
  endfacet
  facet normal 0 1 0
    outer loop
      vertex 7.688599675893784 5 -5.8623503521084785
      vertex 10.866753742098808 5 -6.25444321334362
      vertex 10.854041129350662 5 -6.288901351392269
    endloop
  endfacet
  facet normal 0 1 0
    outer loop
      vertex 7.688599675893784 5 -5.8623503521084785
      vertex 10.87690258026123 5 -6.219144843518734
      vertex 10.866753742098808 5 -6.25444321334362
    endloop
  endfacet
  facet normal 0 1 0
    outer loop
      vertex 7.688599675893784 5 -5.8623503521084785
      vertex 10.884432882070541 5 -6.18319670855999
      vertex 10.87690258026123 5 -6.219144843518734
    endloop
  endfacet
  facet normal 0 1 0
    outer loop
      vertex 7.688599675893784 5 -5.8623503521084785
      vertex 10.889304012060165 5 -6.146792784333229
      vertex 10.884432882070541 5 -6.18319670855999
    endloop
  endfacet
  facet normal 0 1 0
    outer loop
      vertex 7.688599675893784 5 -5.8623503521084785
      vertex 10.891489699482918 5 -6.110129497945309
      vertex 10.889304012060165 5 -6.146792784333229
    endloop
  endfacet
  facet normal 0 1 0
    outer loop
      vertex 7.688599675893784 5 -5.8623503521084785
      vertex 10.862232081592083 5 -5.929835952818394
      vertex 10.873360179364681 5 -5.964837945997715
    endloop
  endfacet
  facet normal 0 1 0
    outer loop
      vertex 7.688599675893784 5 -5.8623503521084785
      vertex 10.832431517541409 5 -5.862749874591827
      vertex 10.848564617335796 5 -5.895745284855366
    endloop
  endfacet
  facet normal 0 1 0
    outer loop
      vertex 7.688599675893784 5 -5.8623503521084785
      vertex 10.813919849693775 5 -5.831027768552303
      vertex 10.832431517541409 5 -5.862749874591827
    endloop
  endfacet
  facet normal 0 1 0
    outer loop
      vertex 7.688599675893784 5 -5.8623503521084785
      vertex 10.848564617335796 5 -5.895745284855366
      vertex 10.862232081592083 5 -5.929835952818394
    endloop
  endfacet
  facet normal 0 1 0
    outer loop
      vertex 7.688599675893784 5 -5.8623503521084785
      vertex 10.890978135168552 5 -6.073404684662819
      vertex 10.891489699482918 5 -6.110129497945309
    endloop
  endfacet
  facet normal 0 1 0
    outer loop
      vertex 7.688599675893784 5 -5.8623503521084785
      vertex 10.887772090733051 5 -6.0368165001273155
      vertex 10.890978135168552 5 -6.073404684662819
    endloop
  endfacet
  facet normal 0 1 0
    outer loop
      vertex 7.688599675893784 5 -5.8623503521084785
      vertex 10.8818888515234 5 -6.000562384724617
      vertex 10.887772090733051 5 -6.0368165001273155
    endloop
  endfacet
  facet normal 0 1 0
    outer loop
      vertex 7.688599675893784 5 -5.8623503521084785
      vertex 10.873360179364681 5 -5.964837945997715
      vertex 10.8818888515234 5 -6.000562384724617
    endloop
  endfacet
  facet normal 0 1 0
    outer loop
      vertex 7.688599675893784 5 -5.8623503521084785
      vertex 10.745173133909702 5 -5.745173133909702
      vertex 10.770172625780106 5 -5.772080361843109
    endloop
  endfacet
  facet normal 0 1 0
    outer loop
      vertex 7.688599675893784 5 -5.8623503521084785
      vertex 10.770172625780106 5 -5.772080361843109
      vertex 10.793129488825798 5 -5.800750143826008
    endloop
  endfacet
  facet normal 0 1 0
    outer loop
      vertex 8.10038984566927 5 -5.3611780777573586
      vertex 10 5 -5
      vertex 10.745173133909702 5 -5.745173133909702
    endloop
  endfacet
  facet normal -0.9661590287023574 0 0.25794714818527703
    outer loop
      vertex 8.262649655342102 -5 -4.946174196898937
      vertex 8.262649655342102 5 -4.946174196898937
      vertex 8.233814507722855 5 -5.0541782528162
    endloop
  endfacet
  facet normal -0.982686126658966 0 0.18527810575456177
    outer loop
      vertex 8.283361345529556 -5 -4.836322627961636
      vertex 8.283361345529556 5 -4.836322627961636
      vertex 8.262649655342102 5 -4.946174196898937
    endloop
  endfacet
  facet normal -0.9937554414602154 0 0.11158011726204733
    outer loop
      vertex 8.295834556221962 -5 -4.725233651697636
      vertex 8.295834556221962 5 -4.725233651697636
      vertex 8.283361345529556 5 -4.836322627961636
    endloop
  endfacet
  facet normal -0.9993055197588484 0 0.037262288972874695
    outer loop
      vertex 8.299999997019768 -5 -4.613524250686169
      vertex 8.299999997019768 5 -4.613524250686169
      vertex 8.295834556221962 5 -4.725233651697636
    endloop
  endfacet
  facet normal -1 0 0
    outer loop
      vertex 8.299999997019768 -5 -0.9142135605216026
      vertex 8.299999997019768 5 -0.9142135605216026
      vertex 8.299999997019768 5 -4.613524250686169
    endloop
  endfacet
  facet normal -0.7318944949629951 0 -0.6814179688288697
    outer loop
      vertex 8.00710678100586 -5 -0.2071067839860916
      vertex 8.00710678100586 5 -0.2071067839860916
      vertex 8.055749572813511 5 -0.25935282558202744
    endloop
  endfacet
  facet normal -0.7786415227117128 0 -0.6274690264142009
    outer loop
      vertex 8.055749572813511 -5 -0.25935282558202744
      vertex 8.055749572813511 5 -0.25935282558202744
      vertex 8.100541241466999 5 -0.3149358928203583
    endloop
  endfacet
  facet normal -0.8214208024687972 0 -0.5703225975459127
    outer loop
      vertex 8.100541241466999 -5 -0.3149358928203583
      vertex 8.100541241466999 5 -0.3149358928203583
      vertex 8.141253530979156 5 -0.3735727444291115
    endloop
  endfacet
  facet normal -0.8600142411827524 0 -0.5102700314175375
    outer loop
      vertex 8.141253530979156 -5 -0.3735727444291115
      vertex 8.141253530979156 5 -0.3735727444291115
      vertex 8.177678987383842 5 -0.4349645748734474
    endloop
  endfacet
  facet normal -0.9488259409330692 0 -0.3157995152188739
    outer loop
      vertex 8.236949726939201 -5 -0.5647493824362755
      vertex 8.236949726939201 5 -0.5647493824362755
      vertex 8.259492971003056 5 -0.6324810087680817
    endloop
  endfacet
  facet normal -0.9993628270908023 0 -0.03569229369316569
    outer loop
      vertex 8.297452114522457 -5 -0.8428743779659271
      vertex 8.297452114522457 5 -0.8428743779659271
      vertex 8.299999997019768 5 -0.9142135605216026
    endloop
  endfacet
  facet normal -0.9942702966563645 0 -0.10689516914652898
    outer loop
      vertex 8.289821438491344 -5 -0.7718987241387367
      vertex 8.289821438491344 5 -0.7718987241387367
      vertex 8.297452114522457 5 -0.8428743779659271
    endloop
  endfacet
  facet normal -0.9689372818525285 0 -0.2473065786351706
    outer loop
      vertex 8.259492971003056 -5 -0.6324810087680817
      vertex 8.259492971003056 5 -0.6324810087680817
      vertex 8.277146868407726 5 -0.7016482725739479
    endloop
  endfacet
  facet normal -0.9841112187230118 0 -0.17755311651308375
    outer loop
      vertex 8.277146868407726 -5 -0.7016482725739479
      vertex 8.277146868407726 5 -0.7016482725739479
      vertex 8.289821438491344 5 -0.7718987241387367
    endloop
  endfacet
  facet normal -0.894225264794197 0 -0.4476172201823208
    outer loop
      vertex 8.177678987383842 -5 -0.4349645748734474
      vertex 8.177678987383842 5 -0.4349645748734474
      vertex 8.209631994366646 5 -0.49879854917526245
    endloop
  endfacet
  facet normal -0.9238795177220653 0 -0.38268346806942677
    outer loop
      vertex 8.209631994366646 -5 -0.49879854917526245
      vertex 8.209631994366646 5 -0.49879854917526245
      vertex 8.236949726939201 5 -0.5647493824362755
    endloop
  endfacet
  facet normal -0.7071067811865476 0 -0.7071067811865476
    outer loop
      vertex 7.799999997019768 -5 0
      vertex 7.799999997019768 5 0
      vertex 8.00710678100586 5 -0.2071067839860916
    endloop
  endfacet
  facet normal 1 0 0
    outer loop
      vertex 10 -5 -5
      vertex 10 5 -5
      vertex 10 5 -0.1414213553071022
    endloop
  endfacet
  facet normal 0.9993628304148194 0 -0.03569220062255543
    outer loop
      vertex 10 -5 -0.1414213553071022
      vertex 10 5 -0.1414213553071022
      vertex 10.000254787504673 5 -0.13428743928670883
    endloop
  endfacet
  facet normal 0.9942703176496642 0 -0.1068949738801406
    outer loop
      vertex 10.000254787504673 -5 -0.13428743928670883
      vertex 10.000254787504673 5 -0.13428743928670883
      vertex 10.001017853617668 5 -0.12718987464904785
    endloop
  endfacet
  facet normal 0.9841110859867688 0 -0.177553852219383
    outer loop
      vertex 10.001017853617668 -5 -0.12718987464904785
      vertex 10.001017853617668 5 -0.12718987464904785
      vertex 10.002285316586494 5 -0.12016482651233673
    endloop
  endfacet
  facet normal 0.9689374127630341 0 -0.24730606573247924
    outer loop
      vertex 10.002285316586494 -5 -0.12016482651233673
      vertex 10.002285316586494 5 -0.12016482651233673
      vertex 10.004050701856613 5 -0.11324810236692429
    endloop
  endfacet
  facet normal 0.9488260867997429 0 -0.3157990769592062
    outer loop
      vertex 10.004050701856613 -5 -0.11324810236692429
      vertex 10.004050701856613 5 -0.11324810236692429
      vertex 10.006305024027824 5 -0.10647493600845337
    endloop
  endfacet
  facet normal 0.9238792810298961 0 -0.3826840394943096
    outer loop
      vertex 10.006305024027824 -5 -0.10647493600845337
      vertex 10.006305024027824 5 -0.10647493600845337
      vertex 10.009036801755428 5 -0.09987985342741013
    endloop
  endfacet
  facet normal 0.8942252438820414 0 -0.4476172619594819
    outer loop
      vertex 10.009036801755428 -5 -0.09987985342741013
      vertex 10.009036801755428 5 -0.09987985342741013
      vertex 10.012232102453709 5 -0.09349645674228668
    endloop
  endfacet
  facet normal 0.8600142784361482 0 -0.5102699686302845
    outer loop
      vertex 10.012232102453709 -5 -0.09349645674228668
      vertex 10.012232102453709 5 -0.09349645674228668
      vertex 10.015874646604061 5 -0.08735727518796921
    endloop
  endfacet
  facet normal 0.8214210211091875 0 -0.5703222826437171
    outer loop
      vertex 10.015874646604061 -5 -0.08735727518796921
      vertex 10.015874646604061 5 -0.08735727518796921
      vertex 10.019945874810219 5 -0.08149358630180359
    endloop
  endfacet
  facet normal 0.7786411954579786 0 -0.6274694325110747
    outer loop
      vertex 10.019945874810219 -5 -0.08149358630180359
      vertex 10.019945874810219 5 -0.08149358630180359
      vertex 10.0244250446558 5 -0.07593528181314468
    endloop
  endfacet
  facet normal 0.7318945129127518 0 -0.6814179495494714
    outer loop
      vertex 10.0244250446558 -5 -0.07593528181314468
      vertex 10.0244250446558 5 -0.07593528181314468
      vertex 10.029289320111275 5 -0.0707106813788414
    endloop
  endfacet
  facet normal 0.7071067811865476 0 -0.7071067811865476
    outer loop
      vertex 10.029289320111275 -5 -0.0707106813788414
      vertex 10.029289320111275 5 -0.0707106813788414
      vertex 10.100000001490116 5 0
    endloop
  endfacet
  facet normal 0 1 0
    outer loop
      vertex 8.262649655342102 5 -4.946174196898937
      vertex 8.283361345529556 5 -4.836322627961636
      vertex 10 5 -5
    endloop
  endfacet
  facet normal 0 1 0
    outer loop
      vertex 8.283361345529556 5 -4.836322627961636
      vertex 8.295834556221962 5 -4.725233651697636
      vertex 10 5 -5
    endloop
  endfacet
  facet normal 0 1 0
    outer loop
      vertex 8.295834556221962 5 -4.725233651697636
      vertex 8.299999997019768 5 -4.613524250686169
      vertex 10 5 -5
    endloop
  endfacet
  facet normal 0 1 0
    outer loop
      vertex 8.299999997019768 5 -4.613524250686169
      vertex 8.299999997019768 5 -0.9142135605216026
      vertex 10 5 -5
    endloop
  endfacet
  facet normal 0 1 0
    outer loop
      vertex 8.299999997019768 5 -0.9142135605216026
      vertex 8.297452114522457 5 -0.8428743779659271
      vertex 10 5 -5
    endloop
  endfacet
  facet normal 0 1 0
    outer loop
      vertex 8.297452114522457 5 -0.8428743779659271
      vertex 10 5 -0.1414213553071022
      vertex 10 5 -5
    endloop
  endfacet
  facet normal 0 1 0
    outer loop
      vertex 8.289821438491344 5 -0.7718987241387367
      vertex 8.277146868407726 5 -0.7016482725739479
      vertex 10 5 -0.1414213553071022
    endloop
  endfacet
  facet normal 0 1 0
    outer loop
      vertex 8.297452114522457 5 -0.8428743779659271
      vertex 8.289821438491344 5 -0.7718987241387367
      vertex 10 5 -0.1414213553071022
    endloop
  endfacet
  facet normal 0 1 0
    outer loop
      vertex 8.00710678100586 5 -0.2071067839860916
      vertex 10.100000001490116 5 0
      vertex 8.055749572813511 5 -0.25935282558202744
    endloop
  endfacet
  facet normal 0 1 0
    outer loop
      vertex 8.055749572813511 5 -0.25935282558202744
      vertex 10.029289320111275 5 -0.0707106813788414
      vertex 8.100541241466999 5 -0.3149358928203583
    endloop
  endfacet
  facet normal 0 1 0
    outer loop
      vertex 8.141253530979156 5 -0.3735727444291115
      vertex 8.100541241466999 5 -0.3149358928203583
      vertex 10.029289320111275 5 -0.0707106813788414
    endloop
  endfacet
  facet normal 0 1 0
    outer loop
      vertex 8.141253530979156 5 -0.3735727444291115
      vertex 10.029289320111275 5 -0.0707106813788414
      vertex 8.177678987383842 5 -0.4349645748734474
    endloop
  endfacet
  facet normal 0 1 0
    outer loop
      vertex 8.236949726939201 5 -0.5647493824362755
      vertex 10.000254787504673 5 -0.13428743928670883
      vertex 8.259492971003056 5 -0.6324810087680817
    endloop
  endfacet
  facet normal 0 1 0
    outer loop
      vertex 8.177678987383842 5 -0.4349645748734474
      vertex 10.012232102453709 5 -0.09349645674228668
      vertex 8.209631994366646 5 -0.49879854917526245
    endloop
  endfacet
  facet normal 0 1 0
    outer loop
      vertex 8.236949726939201 5 -0.5647493824362755
      vertex 8.209631994366646 5 -0.49879854917526245
      vertex 10.002285316586494 5 -0.12016482651233673
    endloop
  endfacet
  facet normal 0 1 0
    outer loop
      vertex 8.277146868407726 5 -0.7016482725739479
      vertex 8.259492971003056 5 -0.6324810087680817
      vertex 10 5 -0.1414213553071022
    endloop
  endfacet
  facet normal 0 1 0
    outer loop
      vertex 7.799999997019768 5 0
      vertex 10.100000001490116 5 0
      vertex 8.00710678100586 5 -0.2071067839860916
    endloop
  endfacet
  facet normal 0 1 0
    outer loop
      vertex 8.236949726939201 5 -0.5647493824362755
      vertex 10.001017853617668 5 -0.12718987464904785
      vertex 10.000254787504673 5 -0.13428743928670883
    endloop
  endfacet
  facet normal 0 1 0
    outer loop
      vertex 8.209631994366646 5 -0.49879854917526245
      vertex 10.004050701856613 5 -0.11324810236692429
      vertex 10.002285316586494 5 -0.12016482651233673
    endloop
  endfacet
  facet normal 0 1 0
    outer loop
      vertex 8.209631994366646 5 -0.49879854917526245
      vertex 10.009036801755428 5 -0.09987985342741013
      vertex 10.006305024027824 5 -0.10647493600845337
    endloop
  endfacet
  facet normal 0 1 0
    outer loop
      vertex 8.209631994366646 5 -0.49879854917526245
      vertex 10.006305024027824 5 -0.10647493600845337
      vertex 10.004050701856613 5 -0.11324810236692429
    endloop
  endfacet
  facet normal 0 1 0
    outer loop
      vertex 8.209631994366646 5 -0.49879854917526245
      vertex 10.012232102453709 5 -0.09349645674228668
      vertex 10.009036801755428 5 -0.09987985342741013
    endloop
  endfacet
  facet normal 0 1 0
    outer loop
      vertex 8.177678987383842 5 -0.4349645748734474
      vertex 10.015874646604061 5 -0.08735727518796921
      vertex 10.012232102453709 5 -0.09349645674228668
    endloop
  endfacet
  facet normal 0 1 0
    outer loop
      vertex 8.177678987383842 5 -0.4349645748734474
      vertex 10.019945874810219 5 -0.08149358630180359
      vertex 10.015874646604061 5 -0.08735727518796921
    endloop
  endfacet
  facet normal 0 1 0
    outer loop
      vertex 8.177678987383842 5 -0.4349645748734474
      vertex 10.0244250446558 5 -0.07593528181314468
      vertex 10.019945874810219 5 -0.08149358630180359
    endloop
  endfacet
  facet normal 0 1 0
    outer loop
      vertex 8.177678987383842 5 -0.4349645748734474
      vertex 10.029289320111275 5 -0.0707106813788414
      vertex 10.0244250446558 5 -0.07593528181314468
    endloop
  endfacet
  facet normal 0 1 0
    outer loop
      vertex 8.259492971003056 5 -0.6324810087680817
      vertex 10.000254787504673 5 -0.13428743928670883
      vertex 10 5 -0.1414213553071022
    endloop
  endfacet
  facet normal 0 1 0
    outer loop
      vertex 8.236949726939201 5 -0.5647493824362755
      vertex 10.002285316586494 5 -0.12016482651233673
      vertex 10.001017853617668 5 -0.12718987464904785
    endloop
  endfacet
  facet normal 0 1 0
    outer loop
      vertex 8.055749572813511 5 -0.25935282558202744
      vertex 10.100000001490116 5 0
      vertex 10.029289320111275 5 -0.0707106813788414
    endloop
  endfacet
  facet normal -1 0 -1.0443248877758671e-15
    outer loop
      vertex -11.366987298107782 -6.562733176437585 0
      vertex -11.366987298107784 -6.562733176437586 1.7009618943233422
      vertex -11.366987298107784 6.562733176437584 1.7009618943233422
    endloop
  endfacet
  facet normal 0 0 -1
    outer loop
      vertex -11.366987298107782 -6.562733176437585 0
      vertex -11.366987298107782 6.562733176437584 0
      vertex -10.100000001490116 -5 0
    endloop
  endfacet
  facet normal -0.9238795325112859 0 0.3826834323650919
    outer loop
      vertex -11.366987298107784 -6.562733176437586 1.7009618943233422
      vertex -10.986507845974815 -6.343063262327496 2.619520547867034
      vertex -10.986507845974815 6.343063262327495 2.619520547867034
    endloop
  endfacet
  facet normal -0.38268343236508995 0 0.9238795325112867
    outer loop
      vertex -10.986507845974815 -6.343063262327496 2.619520547867034
      vertex -10.067949192431124 -5.812733176437585 3
      vertex -10.067949192431124 5.812733176437584 3
    endloop
  endfacet
  facet normal -0.5 -0.8660254037844386 -9.743683851970503e-16
    outer loop
      vertex -11.366987298107782 -6.562733176437585 0
      vertex 0 -13.12546635287517 0
      vertex -11.366987298107784 -6.562733176437586 1.7009618943233422
    endloop
  endfacet
  facet normal 0 0 -1
    outer loop
      vertex -11.366987298107782 -6.562733176437585 0
      vertex -10.100000001490116 -5 0
      vertex 0 -13.12546635287517 0
    endloop
  endfacet
  facet normal -0.46193976625564287 -0.8001031451912649 0.38268343236509156
    outer loop
      vertex -11.366987298107784 -6.562733176437586 1.7009618943233422
      vertex 0 -13.12546635287517 1.7009618943233422
      vertex -10.986507845974815 -6.343063262327496 2.619520547867034
    endloop
  endfacet
  facet normal -0.19134171618254486 -0.3314135740355917 0.9238795325112867
    outer loop
      vertex -10.986507845974815 -6.343063262327496 2.619520547867034
      vertex 0 -12.686126524654991 2.619520547867034
      vertex -10.067949192431124 -5.812733176437585 3
    endloop
  endfacet
  facet normal -1 0 -1.0443248877758671e-15
    outer loop
      vertex -11.366987298107782 -6.562733176437585 0
      vertex -11.366987298107784 6.562733176437584 1.7009618943233422
      vertex -11.366987298107782 6.562733176437584 0
    endloop
  endfacet
  facet normal 0 0 -1
    outer loop
      vertex -10.100000001490116 -5 0
      vertex -11.366987298107782 6.562733176437584 0
      vertex -10.100000001490116 5 0
    endloop
  endfacet
  facet normal -0.9238795325112859 0 0.3826834323650919
    outer loop
      vertex -11.366987298107784 -6.562733176437586 1.7009618943233422
      vertex -10.986507845974815 6.343063262327495 2.619520547867034
      vertex -11.366987298107784 6.562733176437584 1.7009618943233422
    endloop
  endfacet
  facet normal -0.3826834323650898 0 0.9238795325112867
    outer loop
      vertex -10.986507845974815 -6.343063262327496 2.619520547867034
      vertex -10.067949192431124 5.812733176437584 3
      vertex -10.986507845974815 6.343063262327495 2.619520547867034
    endloop
  endfacet
  facet normal 0 0 1
    outer loop
      vertex -10.067949192431124 -5.812733176437585 3
      vertex -10 4 3
      vertex -10.067949192431124 5.812733176437584 3
    endloop
  endfacet
  facet normal 0 0 -1
    outer loop
      vertex -11.366987298107782 6.562733176437584 0
      vertex -4.117647059261799 5 0
      vertex -10.100000001490116 5 0
    endloop
  endfacet
  facet normal 0 0 1
    outer loop
      vertex -10 4 3
      vertex -10 5.851963660978911 3
      vertex -10.067949192431124 5.812733176437584 3
    endloop
  endfacet
  facet normal -0.19134171618254414 0.3314135740355929 0.9238795325112864
    outer loop
      vertex -10.986507845974815 6.343063262327495 2.619520547867034
      vertex -10.067949192431124 5.812733176437584 3
      vertex -10 5.851963660978911 3
    endloop
  endfacet
  facet normal 0 0 1
    outer loop
      vertex -10.067949192431124 -5.812733176437585 3
      vertex 0 0 3
      vertex -10 4 3
    endloop
  endfacet
  facet normal -0.5 0.8660254037844386 -5.221624438879335e-16
    outer loop
      vertex -11.366987298107782 6.562733176437584 0
      vertex -11.366987298107784 6.562733176437584 1.7009618943233422
      vertex 0 13.12546635287517 1.7009618943233422
    endloop
  endfacet
  facet normal -0.46193976625564326 0.800103145191265 0.38268343236509095
    outer loop
      vertex -11.366987298107784 6.562733176437584 1.7009618943233422
      vertex -10.986507845974815 6.343063262327495 2.619520547867034
      vertex 0 12.686126524654991 2.619520547867034
    endloop
  endfacet
  facet normal -0.19134171618254492 0.3314135740355917 0.9238795325112868
    outer loop
      vertex -10.986507845974815 6.343063262327495 2.619520547867034
      vertex -10 5.851963660978911 3
      vertex 0 11.62546635287517 3
    endloop
  endfacet
  facet normal 0 0 -1
    outer loop
      vertex -10.100000001490116 -5 0
      vertex -4.117647059261799 -5 0
      vertex 0 -13.12546635287517 0
    endloop
  endfacet
  facet normal -0.49999999999999994 -0.8660254037844387 0
    outer loop
      vertex -11.366987298107784 -6.562733176437586 1.7009618943233422
      vertex 0 -13.12546635287517 0
      vertex 0 -13.12546635287517 1.7009618943233422
    endloop
  endfacet
  facet normal -0.46193976625564326 -0.8001031451912652 0.3826834323650905
    outer loop
      vertex -10.986507845974815 -6.343063262327496 2.619520547867034
      vertex 0 -13.12546635287517 1.7009618943233422
      vertex 0 -12.686126524654991 2.619520547867034
    endloop
  endfacet
  facet normal -0.19134171618254492 -0.3314135740355918 0.9238795325112867
    outer loop
      vertex -10.067949192431124 -5.812733176437585 3
      vertex 0 -12.686126524654991 2.619520547867034
      vertex 0 -11.62546635287517 3
    endloop
  endfacet
  facet normal 0 0 1
    outer loop
      vertex -10.067949192431124 -5.812733176437585 3
      vertex 0 -11.62546635287517 3
      vertex 0 0 3
    endloop
  endfacet
  facet normal 0 0 -1
    outer loop
      vertex -4.117647059261799 -5 0
      vertex 0 0 0
      vertex 0 -13.12546635287517 0
    endloop
  endfacet
  facet normal 0 0 -1
    outer loop
      vertex -11.366987298107782 6.562733176437584 0
      vertex 0 13.12546635287517 0
      vertex -4.117647059261799 5 0
    endloop
  endfacet
  facet normal 0 0 -1
    outer loop
      vertex -4.117647059261799 -5 0
      vertex -4.117647059261799 5 0
      vertex 0 0 0
    endloop
  endfacet
  facet normal 0 0 -1
    outer loop
      vertex -4.117647059261799 5 0
      vertex 0 13.12546635287517 0
      vertex 0 0 0
    endloop
  endfacet
  facet normal -0.5000000000000001 0.8660254037844386 0
    outer loop
      vertex -11.366987298107782 6.562733176437584 0
      vertex 0 13.12546635287517 1.7009618943233422
      vertex 0 13.12546635287517 0
    endloop
  endfacet
  facet normal -0.19134171618254484 0.33141357403559163 0.923879532511287
    outer loop
      vertex -10.986507845974815 6.343063262327495 2.619520547867034
      vertex 0 11.62546635287517 3
      vertex 0 12.686126524654991 2.619520547867034
    endloop
  endfacet
  facet normal -0.46193976625564326 0.8001031451912654 0.38268343236509056
    outer loop
      vertex -11.366987298107784 6.562733176437584 1.7009618943233422
      vertex 0 12.686126524654991 2.619520547867034
      vertex 0 13.12546635287517 1.7009618943233422
    endloop
  endfacet
  facet normal 0 0 -1
    outer loop
      vertex 0 -13.12546635287517 0
      vertex 0 0 0
      vertex 7.799999997019768 5 0
    endloop
  endfacet
  facet normal 0.5000000000000001 -0.8660254037844386 0
    outer loop
      vertex 0 -13.12546635287517 0
      vertex 11.366987298107782 -6.562733176437584 0
      vertex 0 -13.12546635287517 1.7009618943233422
    endloop
  endfacet
  facet normal 0.4619397662556433 -0.8001031451912655 0.38268343236509
    outer loop
      vertex 0 -13.12546635287517 1.7009618943233422
      vertex 11.366987298107784 -6.562733176437584 1.7009618943233422
      vertex 0 -12.686126524654991 2.619520547867034
    endloop
  endfacet
  facet normal 0.19134171618254486 -0.33141357403559163 0.9238795325112867
    outer loop
      vertex 0 -12.686126524654991 2.619520547867034
      vertex 10.986507845974815 -6.343063262327495 2.619520547867034
      vertex 0 -11.62546635287517 3
    endloop
  endfacet
  facet normal 0 0 -1
    outer loop
      vertex 0 -13.12546635287517 0
      vertex 7.799999997019768 5 0
      vertex 7.799999997019768 -5 0
    endloop
  endfacet
  facet normal 0 0 1
    outer loop
      vertex 0 -11.62546635287517 3
      vertex 10.067949192431124 -5.812733176437584 3
      vertex 0 0 3
    endloop
  endfacet
  facet normal 0 0 1
    outer loop
      vertex -10 4 3
      vertex 0 0 3
      vertex 10 4 3
    endloop
  endfacet
  facet normal 0 0 -1
    outer loop
      vertex 0 0 0
      vertex 0 13.12546635287517 0
      vertex 7.799999997019768 5 0
    endloop
  endfacet
  facet normal 0 0 -1
    outer loop
      vertex 0 -13.12546635287517 0
      vertex 7.799999997019768 -5 0
      vertex 11.366987298107782 -6.562733176437584 0
    endloop
  endfacet
  facet normal 0.5 -0.8660254037844386 -6.365182674348814e-16
    outer loop
      vertex 0 -13.12546635287517 1.7009618943233422
      vertex 11.366987298107782 -6.562733176437584 0
      vertex 11.366987298107784 -6.562733176437584 1.7009618943233422
    endloop
  endfacet
  facet normal 0.1913417161825448 -0.3314135740355916 0.9238795325112868
    outer loop
      vertex 0 -11.62546635287517 3
      vertex 10.986507845974815 -6.343063262327495 2.619520547867034
      vertex 10.067949192431124 -5.812733176437584 3
    endloop
  endfacet
  facet normal 0.4619397662556433 -0.8001031451912652 0.3826834323650905
    outer loop
      vertex 0 -12.686126524654991 2.619520547867034
      vertex 11.366987298107784 -6.562733176437584 1.7009618943233422
      vertex 10.986507845974815 -6.343063262327495 2.619520547867034
    endloop
  endfacet
  facet normal 0 0 -1
    outer loop
      vertex 7.799999997019768 -5 0
      vertex 10.100000001490116 -5 0
      vertex 11.366987298107782 -6.562733176437584 0
    endloop
  endfacet
  facet normal 0 0 -1
    outer loop
      vertex 10.100000001490116 -5 0
      vertex 10.100000001490116 5 0
      vertex 11.366987298107782 -6.562733176437584 0
    endloop
  endfacet
  facet normal 1 0 -1.0443248877758671e-15
    outer loop
      vertex 11.366987298107782 -6.562733176437584 0
      vertex 11.366987298107782 6.562733176437585 0
      vertex 11.366987298107784 -6.562733176437584 1.7009618943233422
    endloop
  endfacet
  facet normal 0.38268343236508984 0 0.9238795325112867
    outer loop
      vertex 10.067949192431124 -5.812733176437584 3
      vertex 10.986507845974815 -6.343063262327495 2.619520547867034
      vertex 10.986507845974815 6.343063262327496 2.619520547867034
    endloop
  endfacet
  facet normal 0.9238795325112859 0 0.38268343236509195
    outer loop
      vertex 10.986507845974815 -6.343063262327495 2.619520547867034
      vertex 11.366987298107784 -6.562733176437584 1.7009618943233422
      vertex 11.366987298107784 6.562733176437586 1.7009618943233422
    endloop
  endfacet
  facet normal 0 0 1
    outer loop
      vertex 0 0 3
      vertex 10.067949192431124 -5.812733176437584 3
      vertex 10 4 3
    endloop
  endfacet
  facet normal 0 0 -1
    outer loop
      vertex 7.799999997019768 5 0
      vertex 0 13.12546635287517 0
      vertex 10.100000001490116 5 0
    endloop
  endfacet
  facet normal 0 0 -1
    outer loop
      vertex 10.100000001490116 5 0
      vertex 0 13.12546635287517 0
      vertex 11.366987298107782 6.562733176437585 0
    endloop
  endfacet
  facet normal 0.5 0.8660254037844386 -9.743683851970503e-16
    outer loop
      vertex 11.366987298107782 6.562733176437585 0
      vertex 0 13.12546635287517 0
      vertex 11.366987298107784 6.562733176437586 1.7009618943233422
    endloop
  endfacet
  facet normal 0.19134171618254026 0.33141357403558513 0.9238795325112902
    outer loop
      vertex 10 5.851963660978912 3
      vertex 10.067949192431124 5.812733176437585 3
      vertex 0 12.686126524654991 2.619520547867034
    endloop
  endfacet
  facet normal 0.1913417161825449 0.33141357403559174 0.9238795325112867
    outer loop
      vertex 10.067949192431124 5.812733176437585 3
      vertex 10.986507845974815 6.343063262327496 2.619520547867034
      vertex 0 12.686126524654991 2.619520547867034
    endloop
  endfacet
  facet normal 0.46193976625564287 0.8001031451912649 0.38268343236509156
    outer loop
      vertex 10.986507845974815 6.343063262327496 2.619520547867034
      vertex 11.366987298107784 6.562733176437586 1.7009618943233422
      vertex 0 13.12546635287517 1.7009618943233422
    endloop
  endfacet
  facet normal 0 0 -1
    outer loop
      vertex 11.366987298107782 -6.562733176437584 0
      vertex 10.100000001490116 5 0
      vertex 11.366987298107782 6.562733176437585 0
    endloop
  endfacet
  facet normal 1 0 -1.044324887775867e-15
    outer loop
      vertex 11.366987298107784 -6.562733176437584 1.7009618943233422
      vertex 11.366987298107782 6.562733176437585 0
      vertex 11.366987298107784 6.562733176437586 1.7009618943233422
    endloop
  endfacet
  facet normal 0 0 1
    outer loop
      vertex 10.067949192431124 -5.812733176437584 3
      vertex 10.067949192431124 5.812733176437585 3
      vertex 10 4 3
    endloop
  endfacet
  facet normal 0.38268343236508984 0 0.9238795325112867
    outer loop
      vertex 10.067949192431124 -5.812733176437584 3
      vertex 10.986507845974815 6.343063262327496 2.619520547867034
      vertex 10.067949192431124 5.812733176437585 3
    endloop
  endfacet
  facet normal 0.923879532511286 0 0.3826834323650919
    outer loop
      vertex 10.986507845974815 -6.343063262327495 2.619520547867034
      vertex 11.366987298107784 6.562733176437586 1.7009618943233422
      vertex 10.986507845974815 6.343063262327496 2.619520547867034
    endloop
  endfacet
  facet normal 0 0 1
    outer loop
      vertex 10 4 3
      vertex 10.067949192431124 5.812733176437585 3
      vertex 10 5.851963660978912 3
    endloop
  endfacet
  facet normal 0.49999999999999994 0.8660254037844387 0
    outer loop
      vertex 11.366987298107784 6.562733176437586 1.7009618943233422
      vertex 0 13.12546635287517 0
      vertex 0 13.12546635287517 1.7009618943233422
    endloop
  endfacet
  facet normal 0.1913417161825449 0.3314135740355918 0.9238795325112867
    outer loop
      vertex 10 5.851963660978912 3
      vertex 0 12.686126524654991 2.619520547867034
      vertex 0 11.62546635287517 3
    endloop
  endfacet
  facet normal 0.46193976625564326 0.8001031451912652 0.3826834323650905
    outer loop
      vertex 10.986507845974815 6.343063262327496 2.619520547867034
      vertex 0 13.12546635287517 1.7009618943233422
      vertex 0 12.686126524654991 2.619520547867034
    endloop
  endfacet
  facet normal 0 -1 0
    outer loop
      vertex -10 4 3
      vertex 10 4 8
      vertex -10 4 8
    endloop
  endfacet
  facet normal -1 0 0
    outer loop
      vertex -10 4 3
      vertex -10 32 8
      vertex -10 5.851963660978911 3
    endloop
  endfacet
  facet normal -1 0 0
    outer loop
      vertex -10 4 3
      vertex -10 4 8
      vertex -10 32 8
    endloop
  endfacet
  facet normal 0 0 -1
    outer loop
      vertex -10 5.851963660978911 3
      vertex -10 32 3
      vertex 0 11.62546635287517 3
    endloop
  endfacet
  facet normal -1 0 0
    outer loop
      vertex -10 5.851963660978911 3
      vertex -10 32 8
      vertex -10 32 3
    endloop
  endfacet
  facet normal 0 1 0
    outer loop
      vertex -10 32 3
      vertex -10 32 8
      vertex -6 32 3
    endloop
  endfacet
  facet normal 0 0 -1
    outer loop
      vertex -10 32 3
      vertex -6 32 3
      vertex -6 25 3
    endloop
  endfacet
  facet normal 0 1 0
    outer loop
      vertex -10 32 8
      vertex -6 32 8
      vertex -6 32 3
    endloop
  endfacet
  facet normal 0 0 1
    outer loop
      vertex -10 4 8
      vertex 10 4 8
      vertex -10 32 8
    endloop
  endfacet
  facet normal 0 0 -1
    outer loop
      vertex -10 32 3
      vertex -6 25 3
      vertex 0 11.62546635287517 3
    endloop
  endfacet
  facet normal 0 0 1
    outer loop
      vertex -10 32 8
      vertex 10 4 8
      vertex -6 32 8
    endloop
  endfacet
  facet normal 0 -1 0
    outer loop
      vertex -10 4 3
      vertex 10 4 3
      vertex 10 4 8
    endloop
  endfacet
  facet normal 1 0 0
    outer loop
      vertex 10 4 3
      vertex 10 5.851963660978912 3
      vertex 10 4 8
    endloop
  endfacet
  facet normal 0 0 -1
    outer loop
      vertex 0 11.62546635287517 3
      vertex -6 25 3
      vertex 6 25 3
    endloop
  endfacet
  facet normal 0 0 1
    outer loop
      vertex 10 4 8
      vertex 6 32 8
      vertex -6 32 8
    endloop
  endfacet
  facet normal 0 0 -1
    outer loop
      vertex 0 11.62546635287517 3
      vertex 6 25 3
      vertex 10 32 3
    endloop
  endfacet
  facet normal 0 0 -1
    outer loop
      vertex 10 5.851963660978912 3
      vertex 0 11.62546635287517 3
      vertex 10 32 3
    endloop
  endfacet
  facet normal 1 0 0
    outer loop
      vertex 10 5.851963660978912 3
      vertex 10 32 3
      vertex 10 4 8
    endloop
  endfacet
  facet normal 0 0 -1
    outer loop
      vertex 10 32 3
      vertex 6 25 3
      vertex 6 32 3
    endloop
  endfacet
  facet normal 0 1 0
    outer loop
      vertex 10 32 3
      vertex 6 32 3
      vertex 6 32 8
    endloop
  endfacet
  facet normal 0 0 1
    outer loop
      vertex 10 4 8
      vertex 10 32 8
      vertex 6 32 8
    endloop
  endfacet
  facet normal 1 0 0
    outer loop
      vertex 10 4 8
      vertex 10 32 3
      vertex 10 32 8
    endloop
  endfacet
  facet normal 0 1 0
    outer loop
      vertex 10 32 3
      vertex 6 32 8
      vertex 10 32 8
    endloop
  endfacet
  facet normal -1 0 0
    outer loop
      vertex -6 25 -39
      vertex -6 32 3
      vertex -6 25 -44
    endloop
  endfacet
  facet normal -1 0 0
    outer loop
      vertex -6 33 -44
      vertex -6 25 -44
      vertex -6 33 8
    endloop
  endfacet
  facet normal 0 0 -1
    outer loop
      vertex -6 33 -44
      vertex 6 33 -44
      vertex -6 25 -44
    endloop
  endfacet
  facet normal 0 1 0
    outer loop
      vertex -6 33 -44
      vertex -6 33 8
      vertex 6 33 -44
    endloop
  endfacet
  facet normal -1 0 0
    outer loop
      vertex -6 32 3
      vertex -6 25 -39
      vertex -6 25 3
    endloop
  endfacet
  facet normal -1 0 0
    outer loop
      vertex -6 33 8
      vertex -6 25 -44
      vertex -6 32 3
    endloop
  endfacet
  facet normal -1 0 0
    outer loop
      vertex -6 33 8
      vertex -6 32 3
      vertex -6 32 8
    endloop
  endfacet
  facet normal 0 -1 0
    outer loop
      vertex -6 25 3
      vertex -6 25 -39
      vertex 6 25 3
    endloop
  endfacet
  facet normal 0 0 1
    outer loop
      vertex -6 33 8
      vertex -6 32 8
      vertex 6 33 8
    endloop
  endfacet
  facet normal 0 0 -1
    outer loop
      vertex 6 33 -44
      vertex 6 25 -44
      vertex -6 25 -44
    endloop
  endfacet
  facet normal 0 -1 0
    outer loop
      vertex -6 25 -39
      vertex 6 25 -39
      vertex 6 25 3
    endloop
  endfacet
  facet normal 1 0 0
    outer loop
      vertex 6 25 -44
      vertex 6 33 -44
      vertex 6 25 -39
    endloop
  endfacet
  facet normal 1 0 0
    outer loop
      vertex 6 33 -44
      vertex 6 32 3
      vertex 6 25 -39
    endloop
  endfacet
  facet normal 0 1 0
    outer loop
      vertex -6 33 8
      vertex 6 33 8
      vertex 6 33 -44
    endloop
  endfacet
  facet normal 0 0 1
    outer loop
      vertex 6 33 8
      vertex -6 32 8
      vertex 6 32 8
    endloop
  endfacet
  facet normal 1 0 0
    outer loop
      vertex 6 25 -39
      vertex 6 32 3
      vertex 6 25 3
    endloop
  endfacet
  facet normal 1 0 0
    outer loop
      vertex 6 33 -44
      vertex 6 32 8
      vertex 6 32 3
    endloop
  endfacet
  facet normal 1 0 0
    outer loop
      vertex 6 33 -44
      vertex 6 33 8
      vertex 6 32 8
    endloop
  endfacet
  facet normal -1 0 0
    outer loop
      vertex -6 13 -44
      vertex -6 13 -39
      vertex -6 25 -39
    endloop
  endfacet
  facet normal -1 0 0
    outer loop
      vertex -6 13 -44
      vertex -6 25 -39
      vertex -6 25 -44
    endloop
  endfacet
  facet normal 0 -1 0
    outer loop
      vertex -6 13 -44
      vertex 6 13 -39
      vertex -6 13 -39
    endloop
  endfacet
  facet normal 0 0 1
    outer loop
      vertex -6 13 -39
      vertex 6 13 -39
      vertex -6 25 -39
    endloop
  endfacet
  facet normal 0 0 -1
    outer loop
      vertex -6 13 -44
      vertex -6 25 -44
      vertex 6 25 -44
    endloop
  endfacet
  facet normal 0 -1 0
    outer loop
      vertex -6 13 -44
      vertex 6 13 -44
      vertex 6 13 -39
    endloop
  endfacet
  facet normal 0 0 -1
    outer loop
      vertex -6 13 -44
      vertex 6 25 -44
      vertex 6 13 -44
    endloop
  endfacet
  facet normal 0 0 1
    outer loop
      vertex 6 13 -39
      vertex 6 25 -39
      vertex -6 25 -39
    endloop
  endfacet
  facet normal 1 0 0
    outer loop
      vertex 6 13 -44
      vertex 6 25 -44
      vertex 6 13 -39
    endloop
  endfacet
  facet normal 1 0 0
    outer loop
      vertex 6 13 -39
      vertex 6 25 -44
      vertex 6 25 -39
    endloop
  endfacet
endsolid OpenSCAD_Model
