solid OpenSCAD_Model
  facet normal 0 0 -1
    outer loop
      vertex -11.8 0 -5
      vertex -10.049999997019768 0 -5
      vertex 11.790000000000001 -0.009999999999999787 -5
    endloop
  endfacet
  facet normal 0 0 -1
    outer loop
      vertex -10.049999997019768 0 -5
      vertex -7.75 0 -5
      vertex 11.790000000000001 -0.009999999999999787 -5
    endloop
  endfacet
  facet normal 0 0 -1
    outer loop
      vertex -11.8 0 -5
      vertex -11.702524364028124 -2.0319073305638033 -5
      vertex -11.8 -1.5 -5
    endloop
  endfacet
  facet normal -0.9981755542233176 -0.060378497422284856 0
    outer loop
      vertex -11.8 -1.5 -5
      vertex -11.789063311147082 -1.680805020382984 -5
      vertex -11.789063311147082 -1.680805020382984 -4.99
    endloop
  endfacet
  facet normal 0 0 -1
    outer loop
      vertex -11.8 -1.5 -5
      vertex -11.702524364028124 -2.0319073305638033 -5
      vertex -11.789063311147082 -1.680805020382984 -5
    endloop
  endfacet
  facet normal -0.9836199069471435 -0.1802550378139062 0
    outer loop
      vertex -11.789063311147082 -1.680805020382984 -5
      vertex -11.756412726139079 -1.8589734964313371 -4.99
      vertex -11.789063311147082 -1.680805020382984 -4.99
    endloop
  endfacet
  facet normal 0 0 -1
    outer loop
      vertex -11.8 0 -5
      vertex -10.480805020382986 -2.9890633111470812 -5
      vertex -11.702524364028124 -2.0319073305638033 -5
    endloop
  endfacet
  facet normal -0.9836199069471435 -0.1802550378139062 0
    outer loop
      vertex -11.789063311147082 -1.680805020382984 -5
      vertex -11.756412726139079 -1.8589734964313371 -5
      vertex -11.756412726139079 -1.8589734964313371 -4.99
    endloop
  endfacet
  facet normal 0 0 -1
    outer loop
      vertex -11.789063311147082 -1.680805020382984 -5
      vertex -11.702524364028124 -2.0319073305638033 -5
      vertex -11.756412726139079 -1.8589734964313371 -5
    endloop
  endfacet
  facet normal -0.9547208665085464 -0.2975030538552006 0
    outer loop
      vertex -11.756412726139079 -1.8589734964313371 -5
      vertex -11.702524364028124 -2.0319073305638033 -5
      vertex -11.756412726139079 -1.8589734964313371 -4.99
    endloop
  endfacet
  facet normal -0.911899845992089 -0.4104128054527592 0
    outer loop
      vertex -11.702524364028124 -2.0319073305638033 -5
      vertex -11.628184038479816 -2.1970847580656523 -5
      vertex -11.628184038479816 -2.1970847580656523 -4.99
    endloop
  endfacet
  facet normal 0 0 -1
    outer loop
      vertex -11.702524364028124 -2.0319073305638033 -5
      vertex -11.534475798840486 -2.3520971200967336 -5
      vertex -11.628184038479816 -2.1970847580656523 -5
    endloop
  endfacet
  facet normal -0.8557812723014485 -0.517337814177655 0
    outer loop
      vertex -11.628184038479816 -2.1970847580656523 -5
      vertex -11.534475798840486 -2.3520971200967336 -5
      vertex -11.534475798840486 -2.3520971200967336 -4.99
    endloop
  endfacet
  facet normal 0 0 -1
    outer loop
      vertex -11.702524364028124 -2.0319073305638033 -5
      vertex -11.294683987361193 -2.6227661222566514 -5
      vertex -11.534475798840486 -2.3520971200967336 -5
    endloop
  endfacet
  facet normal -0.7871834806090489 -0.6167188726285446 0
    outer loop
      vertex -11.534475798840486 -2.3520971200967336 -5
      vertex -11.422766122256652 -2.494683987361193 -4.99
      vertex -11.534475798840486 -2.3520971200967336 -4.99
    endloop
  endfacet
  facet normal -0.7871834806090489 -0.6167188726285446 0
    outer loop
      vertex -11.534475798840486 -2.3520971200967336 -5
      vertex -11.422766122256652 -2.494683987361193 -5
      vertex -11.422766122256652 -2.494683987361193 -4.99
    endloop
  endfacet
  facet normal 0 0 -1
    outer loop
      vertex -11.534475798840486 -2.3520971200967336 -5
      vertex -11.294683987361193 -2.6227661222566514 -5
      vertex -11.422766122256652 -2.494683987361193 -5
    endloop
  endfacet
  facet normal -0.7071067811865451 -0.70710678118655 0
    outer loop
      vertex -11.422766122256652 -2.494683987361193 -5
      vertex -11.294683987361193 -2.6227661222566514 -5
      vertex -11.422766122256652 -2.494683987361193 -4.99
    endloop
  endfacet
  facet normal 0 0 -1
    outer loop
      vertex -11.702524364028124 -2.0319073305638033 -5
      vertex -10.480805020382986 -2.9890633111470812 -5
      vertex -11.294683987361193 -2.6227661222566514 -5
    endloop
  endfacet
  facet normal -0.7071067811865451 -0.70710678118655 0
    outer loop
      vertex -11.422766122256652 -2.494683987361193 -4.99
      vertex -11.294683987361193 -2.6227661222566514 -5
      vertex -11.294683987361193 -2.6227661222566514 -4.99
    endloop
  endfacet
  facet normal -0.6167188726285443 -0.7871834806090492 0
    outer loop
      vertex -11.294683987361193 -2.6227661222566514 -5
      vertex -11.152097120096734 -2.7344757988404846 -4.99
      vertex -11.294683987361193 -2.6227661222566514 -4.99
    endloop
  endfacet
  facet normal -0.6167188726285443 -0.7871834806090492 0
    outer loop
      vertex -11.294683987361193 -2.6227661222566514 -5
      vertex -11.152097120096734 -2.7344757988404846 -5
      vertex -11.152097120096734 -2.7344757988404846 -4.99
    endloop
  endfacet
  facet normal 0 0 -1
    outer loop
      vertex -11.294683987361193 -2.6227661222566514 -5
      vertex -10.997084758065654 -2.828184038479815 -5
      vertex -11.152097120096734 -2.7344757988404846 -5
    endloop
  endfacet
  facet normal -0.5173378141776601 -0.8557812723014455 0
    outer loop
      vertex -11.152097120096734 -2.7344757988404846 -5
      vertex -10.997084758065654 -2.828184038479815 -5
      vertex -11.152097120096734 -2.7344757988404846 -4.99
    endloop
  endfacet
  facet normal 0 0 -1
    outer loop
      vertex -11.294683987361193 -2.6227661222566514 -5
      vertex -10.831907330563805 -2.902524364028122 -5
      vertex -10.997084758065654 -2.828184038479815 -5
    endloop
  endfacet
  facet normal -0.5173378141776601 -0.8557812723014455 0
    outer loop
      vertex -11.152097120096734 -2.7344757988404846 -4.99
      vertex -10.997084758065654 -2.828184038479815 -5
      vertex -10.997084758065654 -2.828184038479815 -4.99
    endloop
  endfacet
  facet normal -0.41041280545275516 -0.9118998459920908 0
    outer loop
      vertex -10.997084758065654 -2.828184038479815 -5
      vertex -10.831907330563805 -2.902524364028122 -5
      vertex -10.997084758065654 -2.828184038479815 -4.99
    endloop
  endfacet
  facet normal 0 0 -1
    outer loop
      vertex -11.294683987361193 -2.6227661222566514 -5
      vertex -10.480805020382986 -2.9890633111470812 -5
      vertex -10.831907330563805 -2.902524364028122 -5
    endloop
  endfacet
  facet normal 0 0 -1
    outer loop
      vertex -10.831907330563805 -2.902524364028122 -5
      vertex -10.480805020382986 -2.9890633111470812 -5
      vertex -10.658973496431337 -2.956412726139078 -5
    endloop
  endfacet
  facet normal 0 0 -1
    outer loop
      vertex -11.8 0 -5
      vertex 11.790000000000001 -0.009999999999999787 -5
      vertex -10.480805020382986 -2.9890633111470812 -5
    endloop
  endfacet
  facet normal 0 0 -1
    outer loop
      vertex -10.480805020382986 -2.9890633111470812 -5
      vertex 10.3 -3 -5
      vertex -10.3 -3 -5
    endloop
  endfacet
  facet normal 0 1 0
    outer loop
      vertex -11.8 0 -5
      vertex -10.049999997019768 0 5
      vertex -10.049999997019768 0 -5
    endloop
  endfacet
  facet normal -1 0 0
    outer loop
      vertex -11.8 0 -5
      vertex -11.8 -1.5 -5
      vertex -11.8 -0.009999999999999787 5
    endloop
  endfacet
  facet normal -0.9981755542233176 -0.06037849742228486 0
    outer loop
      vertex -11.8 -1.5 -5
      vertex -11.789063311147082 -1.680805020382984 -4.99
      vertex -11.8 -1.5 5
    endloop
  endfacet
  facet normal -0.9836199069471435 -0.1802550378139062 0
    outer loop
      vertex -11.789063311147082 -1.680805020382984 -4.99
      vertex -11.756412726139079 -1.8589734964313371 -4.99
      vertex -11.789063311147082 -1.680805020382984 5
    endloop
  endfacet
  facet normal -0.9547208665085464 -0.29750305385520065 0
    outer loop
      vertex -11.756412726139079 -1.8589734964313371 -4.99
      vertex -11.702524364028124 -2.0319073305638033 -5
      vertex -11.702524364028124 -2.0319073305638033 5
    endloop
  endfacet
  facet normal -0.911899845992089 -0.4104128054527592 0
    outer loop
      vertex -11.702524364028124 -2.0319073305638033 -5
      vertex -11.628184038479816 -2.1970847580656523 -4.99
      vertex -11.702524364028124 -2.0319073305638033 5
    endloop
  endfacet
  facet normal -0.8557812723014485 -0.517337814177655 0
    outer loop
      vertex -11.628184038479816 -2.1970847580656523 -5
      vertex -11.534475798840486 -2.3520971200967336 5
      vertex -11.628184038479816 -2.1970847580656523 -4.99
    endloop
  endfacet
  facet normal -0.8557812723014485 -0.5173378141776551 0
    outer loop
      vertex -11.628184038479816 -2.1970847580656523 -5
      vertex -11.534475798840486 -2.3520971200967336 -4.99
      vertex -11.534475798840486 -2.3520971200967336 5
    endloop
  endfacet
  facet normal -0.787183480609049 -0.6167188726285446 0
    outer loop
      vertex -11.534475798840486 -2.3520971200967336 -4.99
      vertex -11.422766122256652 -2.494683987361193 -4.99
      vertex -11.534475798840486 -2.3520971200967336 5
    endloop
  endfacet
  facet normal -0.7071067811865451 -0.70710678118655 0
    outer loop
      vertex -11.422766122256652 -2.494683987361193 -4.99
      vertex -11.294683987361193 -2.6227661222566514 -4.99
      vertex -11.294683987361193 -2.6227661222566514 5
    endloop
  endfacet
  facet normal -0.6167188726285443 -0.7871834806090492 0
    outer loop
      vertex -11.294683987361193 -2.6227661222566514 -4.99
      vertex -11.152097120096734 -2.7344757988404846 -4.99
      vertex -11.294683987361193 -2.6227661222566514 5
    endloop
  endfacet
  facet normal -0.5173378141776601 -0.8557812723014456 0
    outer loop
      vertex -11.152097120096734 -2.7344757988404846 -4.99
      vertex -10.997084758065654 -2.828184038479815 -4.99
      vertex -10.997084758065654 -2.828184038479815 5
    endloop
  endfacet
  facet normal -0.4104128054527551 -0.9118998459920908 0
    outer loop
      vertex -10.997084758065654 -2.828184038479815 -4.99
      vertex -10.831907330563805 -2.902524364028122 -5
      vertex -10.997084758065654 -2.828184038479815 5
    endloop
  endfacet
  facet normal -0.2975030538552016 -0.954720866508546 0
    outer loop
      vertex -10.831907330563805 -2.902524364028122 -5
      vertex -10.658973496431337 -2.956412726139078 -5
      vertex -10.831907330563805 -2.902524364028122 5
    endloop
  endfacet
  facet normal -0.1802550378139088 -0.983619906947143 0
    outer loop
      vertex -10.658973496431337 -2.956412726139078 -5
      vertex -10.480805020382986 -2.9890633111470812 -5
      vertex -10.480805020382986 -2.9890633111470812 5
    endloop
  endfacet
  facet normal -0.06037849742228442 -0.9981755542233176 0
    outer loop
      vertex -10.480805020382986 -2.9890633111470812 -5
      vertex -10.3 -3 -5
      vertex -10.3 -3 5
    endloop
  endfacet
  facet normal 0 -1 0
    outer loop
      vertex -10.3 -3 -5
      vertex 10.3 -3 -5
      vertex -10.3 -3 5
    endloop
  endfacet
  facet normal 0 0 -1
    outer loop
      vertex -7.75 0 -5
      vertex 4.117647059261799 0 -5
      vertex 11.790000000000001 -0.009999999999999787 -5
    endloop
  endfacet
  facet normal 0 0 -1
    outer loop
      vertex 4.117647059261799 0 -5
      vertex 10.049999997019768 0 -5
      vertex 11.790000000000001 -0.009999999999999787 -5
    endloop
  endfacet
  facet normal 0 0 -1
    outer loop
      vertex 10.049999997019768 0 -5
      vertex 11.790000000000001 0 -5
      vertex 11.790000000000001 -0.009999999999999787 -5
    endloop
  endfacet
  facet normal 0 0 -1
    outer loop
      vertex -10.480805020382986 -2.9890633111470812 -5
      vertex 11.790000000000001 -0.009999999999999787 -5
      vertex 10.996259807531505 -1.7335081117469775 -5
    endloop
  endfacet
  facet normal 0 0 -1
    outer loop
      vertex -10.480805020382986 -2.9890633111470812 -5
      vertex 10.996259807531505 -1.7335081117469775 -5
      vertex 10.843864015376965 -1.844230135836316 -5
    endloop
  endfacet
  facet normal 0 0 -1
    outer loop
      vertex -10.480805020382986 -2.9890633111470812 -5
      vertex 10.843864015376965 -1.844230135836316 -5
      vertex 10.706547058867883 -1.9731793411069671 -5
    endloop
  endfacet
  facet normal 0 0 -1
    outer loop
      vertex -10.480805020382986 -2.9890633111470812 -5
      vertex 10.706547058867883 -1.9731793411069671 -5
      vertex 10.586474508437579 -2.1183221215612904 -5
    endloop
  endfacet
  facet normal 0 0 -1
    outer loop
      vertex -10.480805020382986 -2.9890633111470812 -5
      vertex 10.586474508437579 -2.1183221215612904 -5
      vertex 10.485539979934206 -2.2773694888474267 -5
    endloop
  endfacet
  facet normal 0 0 -1
    outer loop
      vertex -10.480805020382986 -2.9890633111470812 -5
      vertex 10.485539979934206 -2.2773694888474267 -5
      vertex 10.405335271167623 -2.4478131709729833 -5
    endloop
  endfacet
  facet normal 0 0 -1
    outer loop
      vertex -10.480805020382986 -2.9890633111470812 -5
      vertex 10.405335271167623 -2.4478131709729833 -5
      vertex 10.347125258307054 -2.626965169252718 -5
    endloop
  endfacet
  facet normal 0 0 -1
    outer loop
      vertex -10.480805020382986 -2.9890633111470812 -5
      vertex 10.347125258307054 -2.626965169252718 -5
      vertex 10.311827948028284 -2.812000149653544 -5
    endloop
  endfacet
  facet normal 0 0 -1
    outer loop
      vertex -10.480805020382986 -2.9890633111470812 -5
      vertex 10.311827948028284 -2.812000149653544 -5
      vertex 10.3 -3 -5
    endloop
  endfacet
  facet normal 0 0 -1
    outer loop
      vertex 11.790000000000001 0 -5
      vertex 11.8 0 -5
      vertex 11.8 -1.5 -5
    endloop
  endfacet
  facet normal 0 0 -1
    outer loop
      vertex 11.790000000000001 0 -5
      vertex 11.8 -1.5 -5
      vertex 11.790000000000001 -0.009999999999999787 -5
    endloop
  endfacet
  facet normal 0 0 -1
    outer loop
      vertex 11.790000000000001 -0.009999999999999787 -5
      vertex 11.336474508437579 -1.5734152255572698 -5
      vertex 11.161331062652392 -1.6427594213009706 -5
    endloop
  endfacet
  facet normal 0 0 -1
    outer loop
      vertex 11.790000000000001 -0.009999999999999787 -5
      vertex 11.70581422070603 -1.5029599073575928 -5
      vertex 11.518928028121413 -1.5265691239069672 -5
    endloop
  endfacet
  facet normal 0 0 -1
    outer loop
      vertex 11.790000000000001 -0.009999999999999787 -5
      vertex 11.8 -1.5 -5
      vertex 11.70581422070603 -1.5029599073575928 -5
    endloop
  endfacet
  facet normal 0 0 -1
    outer loop
      vertex 11.790000000000001 -0.009999999999999787 -5
      vertex 11.518928028121413 -1.5265691239069672 -5
      vertex 11.336474508437579 -1.5734152255572698 -5
    endloop
  endfacet
  facet normal 0 0 -1
    outer loop
      vertex 11.790000000000001 -0.009999999999999787 -5
      vertex 11.161331062652392 -1.6427594213009706 -5
      vertex 10.996259807531505 -1.7335081117469775 -5
    endloop
  endfacet
  facet normal 0 0 -1
    outer loop
      vertex 11.8 -1.5 -5
      vertex 11.799820958589896 -1.5029599073575928 -5
      vertex 11.70581422070603 -1.5029599073575928 -5
    endloop
  endfacet
  facet normal 0 1 0
    outer loop
      vertex -7.75 0 -5
      vertex 4.117647059261799 0 5
      vertex 4.117647059261799 0 -5
    endloop
  endfacet
  facet normal 0 1 0
    outer loop
      vertex 10.049999997019768 0 -5
      vertex 11.8 0 5
      vertex 11.790000000000001 0 -5
    endloop
  endfacet
  facet normal 0 1 0
    outer loop
      vertex 11.790000000000001 0 -5
      vertex 11.8 0 5
      vertex 11.8 0 -5
    endloop
  endfacet
  facet normal 0.9981755542233237 -0.0603784974221824 0
    outer loop
      vertex 11.8 -1.5 -5
      vertex 11.8 -1.5 5
      vertex 11.799820958589896 -1.5029599073575928 -5
    endloop
  endfacet
  facet normal -1 0 0
    outer loop
      vertex -11.8 0 -5
      vertex -11.8 -0.009999999999999787 5
      vertex -11.8 0 5
    endloop
  endfacet
  facet normal 0 1 0
    outer loop
      vertex -11.8 0 -5
      vertex -11.8 0 5
      vertex -10.049999997019768 0 5
    endloop
  endfacet
  facet normal 0 1 0
    outer loop
      vertex -7.75 0 -5
      vertex -7.75 0 5
      vertex 4.117647059261799 0 5
    endloop
  endfacet
  facet normal -1 0 0
    outer loop
      vertex -11.8 -1.5 -5
      vertex -11.8 -1.5 5
      vertex -11.8 -0.009999999999999787 5
    endloop
  endfacet
  facet normal -0.9981755542233176 -0.06037849742228487 0
    outer loop
      vertex -11.789063311147082 -1.680805020382984 -4.99
      vertex -11.789063311147082 -1.680805020382984 5
      vertex -11.8 -1.5 5
    endloop
  endfacet
  facet normal -0.9836199069471435 -0.1802550378139062 0
    outer loop
      vertex -11.756412726139079 -1.8589734964313371 -4.99
      vertex -11.756412726139079 -1.8589734964313371 5
      vertex -11.789063311147082 -1.680805020382984 5
    endloop
  endfacet
  facet normal -0.9547208665085465 -0.29750305385520065 0
    outer loop
      vertex -11.756412726139079 -1.8589734964313371 -4.99
      vertex -11.702524364028124 -2.0319073305638033 5
      vertex -11.756412726139079 -1.8589734964313371 5
    endloop
  endfacet
  facet normal -0.9118998459920891 -0.4104128054527592 0
    outer loop
      vertex -11.628184038479816 -2.1970847580656523 -4.99
      vertex -11.628184038479816 -2.1970847580656523 5
      vertex -11.702524364028124 -2.0319073305638033 5
    endloop
  endfacet
  facet normal -0.8557812723014485 -0.5173378141776551 0
    outer loop
      vertex -11.628184038479816 -2.1970847580656523 -4.99
      vertex -11.534475798840486 -2.3520971200967336 5
      vertex -11.628184038479816 -2.1970847580656523 5
    endloop
  endfacet
  facet normal -0.787183480609049 -0.6167188726285446 0
    outer loop
      vertex -11.422766122256652 -2.494683987361193 -4.99
      vertex -11.422766122256652 -2.494683987361193 5
      vertex -11.534475798840486 -2.3520971200967336 5
    endloop
  endfacet
  facet normal -0.7071067811865451 -0.70710678118655 0
    outer loop
      vertex -11.422766122256652 -2.494683987361193 -4.99
      vertex -11.294683987361193 -2.6227661222566514 5
      vertex -11.422766122256652 -2.494683987361193 5
    endloop
  endfacet
  facet normal -0.6167188726285443 -0.7871834806090492 0
    outer loop
      vertex -11.152097120096734 -2.7344757988404846 -4.99
      vertex -11.152097120096734 -2.7344757988404846 5
      vertex -11.294683987361193 -2.6227661222566514 5
    endloop
  endfacet
  facet normal -0.5173378141776601 -0.8557812723014456 0
    outer loop
      vertex -11.152097120096734 -2.7344757988404846 -4.99
      vertex -10.997084758065654 -2.828184038479815 5
      vertex -11.152097120096734 -2.7344757988404846 5
    endloop
  endfacet
  facet normal -0.41041280545275516 -0.9118998459920908 0
    outer loop
      vertex -10.831907330563805 -2.902524364028122 -5
      vertex -10.831907330563805 -2.902524364028122 5
      vertex -10.997084758065654 -2.828184038479815 5
    endloop
  endfacet
  facet normal -0.2975030538552016 -0.954720866508546 0
    outer loop
      vertex -10.658973496431337 -2.956412726139078 -5
      vertex -10.658973496431337 -2.956412726139078 5
      vertex -10.831907330563805 -2.902524364028122 5
    endloop
  endfacet
  facet normal -0.1802550378139088 -0.983619906947143 0
    outer loop
      vertex -10.658973496431337 -2.956412726139078 -5
      vertex -10.480805020382986 -2.9890633111470812 5
      vertex -10.658973496431337 -2.956412726139078 5
    endloop
  endfacet
  facet normal -0.06037849742228442 -0.9981755542233176 0
    outer loop
      vertex -10.480805020382986 -2.9890633111470812 -5
      vertex -10.3 -3 5
      vertex -10.480805020382986 -2.9890633111470812 5
    endloop
  endfacet
  facet normal 0 0 1
    outer loop
      vertex -11.8 0 5
      vertex -11.8 -0.009999999999999787 5
      vertex -10.049999997019768 0 5
    endloop
  endfacet
  facet normal 0 0 1
    outer loop
      vertex -11.8 -0.009999999999999787 5
      vertex -7.75 0 5
      vertex -10.049999997019768 0 5
    endloop
  endfacet
  facet normal 0 0 1
    outer loop
      vertex -11.8 -0.009999999999999787 5
      vertex 4.117647059261799 0 5
      vertex -7.75 0 5
    endloop
  endfacet
  facet normal 0 0 1
    outer loop
      vertex -11.8 -0.009999999999999787 5
      vertex -11.8 -1.5 5
      vertex -11.702524364028124 -2.0319073305638033 5
    endloop
  endfacet
  facet normal 0 0 1
    outer loop
      vertex -11.8 -1.5 5
      vertex -11.789063311147082 -1.680805020382984 5
      vertex -11.702524364028124 -2.0319073305638033 5
    endloop
  endfacet
  facet normal 0 0 1
    outer loop
      vertex -11.8 -0.009999999999999787 5
      vertex -11.702524364028124 -2.0319073305638033 5
      vertex -10.480805020382986 -2.9890633111470812 5
    endloop
  endfacet
  facet normal 0 0 1
    outer loop
      vertex -11.789063311147082 -1.680805020382984 5
      vertex -11.756412726139079 -1.8589734964313371 5
      vertex -11.702524364028124 -2.0319073305638033 5
    endloop
  endfacet
  facet normal 0 0 1
    outer loop
      vertex -11.702524364028124 -2.0319073305638033 5
      vertex -11.628184038479816 -2.1970847580656523 5
      vertex -11.534475798840486 -2.3520971200967336 5
    endloop
  endfacet
  facet normal 0 0 1
    outer loop
      vertex -11.702524364028124 -2.0319073305638033 5
      vertex -11.534475798840486 -2.3520971200967336 5
      vertex -11.294683987361193 -2.6227661222566514 5
    endloop
  endfacet
  facet normal 0 0 1
    outer loop
      vertex -11.534475798840486 -2.3520971200967336 5
      vertex -11.422766122256652 -2.494683987361193 5
      vertex -11.294683987361193 -2.6227661222566514 5
    endloop
  endfacet
  facet normal 0 0 1
    outer loop
      vertex -11.702524364028124 -2.0319073305638033 5
      vertex -11.294683987361193 -2.6227661222566514 5
      vertex -10.480805020382986 -2.9890633111470812 5
    endloop
  endfacet
  facet normal 0 0 1
    outer loop
      vertex -11.294683987361193 -2.6227661222566514 5
      vertex -11.152097120096734 -2.7344757988404846 5
      vertex -10.997084758065654 -2.828184038479815 5
    endloop
  endfacet
  facet normal 0 0 1
    outer loop
      vertex -11.294683987361193 -2.6227661222566514 5
      vertex -10.997084758065654 -2.828184038479815 5
      vertex -10.480805020382986 -2.9890633111470812 5
    endloop
  endfacet
  facet normal 0 0 1
    outer loop
      vertex -10.997084758065654 -2.828184038479815 5
      vertex -10.831907330563805 -2.902524364028122 5
      vertex -10.480805020382986 -2.9890633111470812 5
    endloop
  endfacet
  facet normal 0 0 1
    outer loop
      vertex -10.831907330563805 -2.902524364028122 5
      vertex -10.658973496431337 -2.956412726139078 5
      vertex -10.480805020382986 -2.9890633111470812 5
    endloop
  endfacet
  facet normal 0 0 1
    outer loop
      vertex -11.8 -0.009999999999999787 5
      vertex -10.480805020382986 -2.9890633111470812 5
      vertex 10.586474508437579 -2.1183221215612904 5
    endloop
  endfacet
  facet normal 0 0 1
    outer loop
      vertex -10.480805020382986 -2.9890633111470812 5
      vertex -10.3 -3 5
      vertex 10.3 -3 5
    endloop
  endfacet
  facet normal 0 1 0
    outer loop
      vertex 10.049999997019768 0 -5
      vertex 10.049999997019768 0 5
      vertex 11.8 0 5
    endloop
  endfacet
  facet normal 0 -1 0
    outer loop
      vertex -10.3 -3 5
      vertex 10.3 -3 -5
      vertex 10.3 -3 5
    endloop
  endfacet
  facet normal 0.9981755542233237 -0.0603784974221824 0
    outer loop
      vertex 11.8 -1.5 5
      vertex 11.799820958589896 -1.5029599073575928 5
      vertex 11.799820958589896 -1.5029599073575928 -5
    endloop
  endfacet
  facet normal 0 0 1
    outer loop
      vertex -11.8 -0.009999999999999787 5
      vertex 10.049999997019768 0 5
      vertex 4.117647059261799 0 5
    endloop
  endfacet
  facet normal 0 0 1
    outer loop
      vertex -11.8 -0.009999999999999787 5
      vertex 11.8 0 5
      vertex 10.049999997019768 0 5
    endloop
  endfacet
  facet normal 0 0 1
    outer loop
      vertex -11.8 -0.009999999999999787 5
      vertex 11.70581422070603 -1.5029599073575928 5
      vertex 11.8 0 5
    endloop
  endfacet
  facet normal 0 0 1
    outer loop
      vertex -11.8 -0.009999999999999787 5
      vertex 11.336474508437579 -1.5734152255572698 5
      vertex 11.518928028121413 -1.5265691239069672 5
    endloop
  endfacet
  facet normal 0 0 1
    outer loop
      vertex -11.8 -0.009999999999999787 5
      vertex 11.161331062652392 -1.6427594213009706 5
      vertex 11.336474508437579 -1.5734152255572698 5
    endloop
  endfacet
  facet normal 0 0 1
    outer loop
      vertex -11.8 -0.009999999999999787 5
      vertex 10.706547058867883 -1.9731793411069671 5
      vertex 10.843864015376965 -1.844230135836316 5
    endloop
  endfacet
  facet normal 0 0 1
    outer loop
      vertex -11.8 -0.009999999999999787 5
      vertex 10.996259807531505 -1.7335081117469775 5
      vertex 11.161331062652392 -1.6427594213009706 5
    endloop
  endfacet
  facet normal 0 0 1
    outer loop
      vertex -11.8 -0.009999999999999787 5
      vertex 10.843864015376965 -1.844230135836316 5
      vertex 10.996259807531505 -1.7335081117469775 5
    endloop
  endfacet
  facet normal 0 0 1
    outer loop
      vertex -11.8 -0.009999999999999787 5
      vertex 11.518928028121413 -1.5265691239069672 5
      vertex 11.70581422070603 -1.5029599073575928 5
    endloop
  endfacet
  facet normal 0 0 1
    outer loop
      vertex -11.8 -0.009999999999999787 5
      vertex 10.586474508437579 -2.1183221215612904 5
      vertex 10.706547058867883 -1.9731793411069671 5
    endloop
  endfacet
  facet normal 0 0 1
    outer loop
      vertex -10.480805020382986 -2.9890633111470812 5
      vertex 10.485539979934206 -2.2773694888474267 5
      vertex 10.586474508437579 -2.1183221215612904 5
    endloop
  endfacet
  facet normal 0 0 1
    outer loop
      vertex -10.480805020382986 -2.9890633111470812 5
      vertex 10.405335271167623 -2.4478131709729833 5
      vertex 10.485539979934206 -2.2773694888474267 5
    endloop
  endfacet
  facet normal 0 0 1
    outer loop
      vertex -10.480805020382986 -2.9890633111470812 5
      vertex 10.347125258307054 -2.626965169252718 5
      vertex 10.405335271167623 -2.4478131709729833 5
    endloop
  endfacet
  facet normal 0 0 1
    outer loop
      vertex -10.480805020382986 -2.9890633111470812 5
      vertex 10.311827948028284 -2.812000149653544 5
      vertex 10.347125258307054 -2.626965169252718 5
    endloop
  endfacet
  facet normal 0 0 1
    outer loop
      vertex -10.480805020382986 -2.9890633111470812 5
      vertex 10.3 -3 5
      vertex 10.311827948028284 -2.812000149653544 5
    endloop
  endfacet
  facet normal 0 0 1
    outer loop
      vertex 11.8 0 5
      vertex 11.799820958589896 -1.5029599073575928 5
      vertex 11.8 -1.5 5
    endloop
  endfacet
  facet normal 0 0 1
    outer loop
      vertex 11.8 0 5
      vertex 11.70581422070603 -1.5029599073575928 5
      vertex 11.799820958589896 -1.5029599073575928 5
    endloop
  endfacet
  facet normal 0 0 -1
    outer loop
      vertex 11.8 0 -5
      vertex 13.550000002980234 0 -5
      vertex 35.400000000000006 -0.009999999999999787 -5
    endloop
  endfacet
  facet normal 0 0 -1
    outer loop
      vertex 13.550000002980234 0 -5
      vertex 19.482352940738203 0 -5
      vertex 35.400000000000006 -0.009999999999999787 -5
    endloop
  endfacet
  facet normal 0 0 -1
    outer loop
      vertex 11.8 0 -5
      vertex 11.800179041410106 -1.5029599073575928 -5
      vertex 11.8 -1.5 -5
    endloop
  endfacet
  facet normal 0 0 -1
    outer loop
      vertex 11.8 0 -5
      vertex 11.894185779293972 -1.5029599073575928 -5
      vertex 11.800179041410106 -1.5029599073575928 -5
    endloop
  endfacet
  facet normal 0 0 -1
    outer loop
      vertex 11.8 0 -5
      vertex 35.400000000000006 -0.009999999999999787 -5
      vertex 11.894185779293972 -1.5029599073575928 -5
    endloop
  endfacet
  facet normal 0 0 -1
    outer loop
      vertex 35.400000000000006 -0.009999999999999787 -5
      vertex 12.081071971878588 -1.5265691239069672 -5
      vertex 11.894185779293972 -1.5029599073575928 -5
    endloop
  endfacet
  facet normal 0 0 -1
    outer loop
      vertex 35.400000000000006 -0.009999999999999787 -5
      vertex 12.263525491562422 -1.5734152255572698 -5
      vertex 12.081071971878588 -1.5265691239069672 -5
    endloop
  endfacet
  facet normal 0 0 -1
    outer loop
      vertex 35.400000000000006 -0.009999999999999787 -5
      vertex 12.43866893734761 -1.6427594213009706 -5
      vertex 12.263525491562422 -1.5734152255572698 -5
    endloop
  endfacet
  facet normal 0 0 -1
    outer loop
      vertex 35.400000000000006 -0.009999999999999787 -5
      vertex 12.603740192468495 -1.733508111746977 -5
      vertex 12.43866893734761 -1.6427594213009706 -5
    endloop
  endfacet
  facet normal 0 0 -1
    outer loop
      vertex 35.400000000000006 -0.009999999999999787 -5
      vertex 12.756135984623036 -1.8442301358363165 -5
      vertex 12.603740192468495 -1.733508111746977 -5
    endloop
  endfacet
  facet normal 0 0 -1
    outer loop
      vertex 35.400000000000006 -0.009999999999999787 -5
      vertex 12.893452941132118 -1.9731793411069671 -5
      vertex 12.756135984623036 -1.8442301358363165 -5
    endloop
  endfacet
  facet normal 0 0 -1
    outer loop
      vertex 35.400000000000006 -0.009999999999999787 -5
      vertex 13.013525491562422 -2.1183221215612904 -5
      vertex 12.893452941132118 -1.9731793411069671 -5
    endloop
  endfacet
  facet normal 0 0 -1
    outer loop
      vertex 34.08080502038299 -2.9890633111470812 -5
      vertex 13.114460020065795 -2.2773694888474267 -5
      vertex 13.013525491562422 -2.1183221215612904 -5
    endloop
  endfacet
  facet normal 0 0 -1
    outer loop
      vertex 34.08080502038299 -2.9890633111470812 -5
      vertex 13.194664728832377 -2.4478131709729825 -5
      vertex 13.114460020065795 -2.2773694888474267 -5
    endloop
  endfacet
  facet normal 0 0 -1
    outer loop
      vertex 34.08080502038299 -2.9890633111470812 -5
      vertex 13.252874741692947 -2.6269651692527183 -5
      vertex 13.194664728832377 -2.4478131709729825 -5
    endloop
  endfacet
  facet normal 0 0 -1
    outer loop
      vertex 34.08080502038299 -2.9890633111470812 -5
      vertex 13.288172051971717 -2.812000149653544 -5
      vertex 13.252874741692947 -2.6269651692527183 -5
    endloop
  endfacet
  facet normal 0 0 -1
    outer loop
      vertex 34.08080502038299 -2.9890633111470812 -5
      vertex 13.3 -3 -5
      vertex 13.288172051971717 -2.812000149653544 -5
    endloop
  endfacet
  facet normal 0 1 0
    outer loop
      vertex 11.8 0 -5
      vertex 13.550000002980234 0 5
      vertex 13.550000002980234 0 -5
    endloop
  endfacet
  facet normal -0.9981755542233237 -0.0603784974221824 0
    outer loop
      vertex 11.8 -1.5 -5
      vertex 11.800179041410106 -1.5029599073575928 -5
      vertex 11.800179041410106 -1.5029599073575928 5
    endloop
  endfacet
  facet normal 0 -1 0
    outer loop
      vertex 33.900000000000006 -3 -5
      vertex 13.3 -3 5
      vertex 13.3 -3 -5
    endloop
  endfacet
  facet normal 0 0 -1
    outer loop
      vertex 19.482352940738203 0 -5
      vertex 31.35 0 -5
      vertex 35.400000000000006 -0.009999999999999787 -5
    endloop
  endfacet
  facet normal 0 0 -1
    outer loop
      vertex 31.35 0 -5
      vertex 33.64999999701977 0 -5
      vertex 35.400000000000006 -0.009999999999999787 -5
    endloop
  endfacet
  facet normal 0 0 -1
    outer loop
      vertex 33.64999999701977 0 -5
      vertex 35.400000000000006 0 -5
      vertex 35.400000000000006 -0.009999999999999787 -5
    endloop
  endfacet
  facet normal 0 0 -1
    outer loop
      vertex 35.400000000000006 -0.009999999999999787 -5
      vertex 34.08080502038299 -2.9890633111470812 -5
      vertex 13.013525491562422 -2.1183221215612904 -5
    endloop
  endfacet
  facet normal 0 0 -1
    outer loop
      vertex 33.900000000000006 -3 -5
      vertex 13.3 -3 -5
      vertex 34.08080502038299 -2.9890633111470812 -5
    endloop
  endfacet
  facet normal 0 0 -1
    outer loop
      vertex 35.400000000000006 -0.009999999999999787 -5
      vertex 35.400000000000006 -1.5 -5
      vertex 35.30252436402812 -2.0319073305638033 -5
    endloop
  endfacet
  facet normal 0 0 -1
    outer loop
      vertex 35.400000000000006 -0.009999999999999787 -5
      vertex 35.30252436402812 -2.0319073305638033 -5
      vertex 34.08080502038299 -2.9890633111470812 -5
    endloop
  endfacet
  facet normal 0 0 -1
    outer loop
      vertex 35.400000000000006 -1.5 -5
      vertex 35.38906331114708 -1.680805020382984 -5
      vertex 35.30252436402812 -2.0319073305638033 -5
    endloop
  endfacet
  facet normal 0 0 -1
    outer loop
      vertex 35.38906331114708 -1.680805020382984 -5
      vertex 35.356412726139084 -1.8589734964313371 -5
      vertex 35.30252436402812 -2.0319073305638033 -5
    endloop
  endfacet
  facet normal 0 0 -1
    outer loop
      vertex 35.30252436402812 -2.0319073305638033 -5
      vertex 35.22818403847982 -2.1970847580656523 -5
      vertex 35.134475798840484 -2.3520971200967336 -5
    endloop
  endfacet
  facet normal 0 0 -1
    outer loop
      vertex 35.30252436402812 -2.0319073305638033 -5
      vertex 35.134475798840484 -2.3520971200967336 -5
      vertex 34.89468398736119 -2.6227661222566514 -5
    endloop
  endfacet
  facet normal 0 0 -1
    outer loop
      vertex 35.30252436402812 -2.0319073305638033 -5
      vertex 34.89468398736119 -2.6227661222566514 -5
      vertex 34.08080502038299 -2.9890633111470812 -5
    endloop
  endfacet
  facet normal 0 0 -1
    outer loop
      vertex 35.134475798840484 -2.3520971200967336 -5
      vertex 35.022766122256655 -2.494683987361193 -5
      vertex 34.89468398736119 -2.6227661222566514 -5
    endloop
  endfacet
  facet normal 0 0 -1
    outer loop
      vertex 34.89468398736119 -2.6227661222566514 -5
      vertex 34.597084758065655 -2.828184038479815 -5
      vertex 34.08080502038299 -2.9890633111470812 -5
    endloop
  endfacet
  facet normal 0 0 -1
    outer loop
      vertex 34.08080502038299 -2.9890633111470812 -5
      vertex 34.4319073305638 -2.902524364028122 -5
      vertex 34.25897349643134 -2.956412726139078 -5
    endloop
  endfacet
  facet normal 0 0 -1
    outer loop
      vertex 34.08080502038299 -2.9890633111470812 -5
      vertex 34.597084758065655 -2.828184038479815 -5
      vertex 34.4319073305638 -2.902524364028122 -5
    endloop
  endfacet
  facet normal 0 0 -1
    outer loop
      vertex 34.89468398736119 -2.6227661222566514 -5
      vertex 34.752097120096735 -2.7344757988404846 -5
      vertex 34.597084758065655 -2.828184038479815 -5
    endloop
  endfacet
  facet normal 0 1 0
    outer loop
      vertex 19.482352940738203 0 -5
      vertex 31.35 0 5
      vertex 31.35 0 -5
    endloop
  endfacet
  facet normal 0 1 0
    outer loop
      vertex 33.64999999701977 0 -5
      vertex 35.400000000000006 0 5
      vertex 35.400000000000006 0 -5
    endloop
  endfacet
  facet normal 1 0 0
    outer loop
      vertex 35.400000000000006 0 -5
      vertex 35.400000000000006 0 5
      vertex 35.400000000000006 -0.009999999999999787 -5
    endloop
  endfacet
  facet normal 1 0 0
    outer loop
      vertex 35.400000000000006 -0.009999999999999787 -5
      vertex 35.400000000000006 -1.5 5
      vertex 35.400000000000006 -1.5 -5
    endloop
  endfacet
  facet normal 0.9981755542233164 -0.0603784974223044 0
    outer loop
      vertex 35.400000000000006 -1.5 -5
      vertex 35.38906331114708 -1.680805020382984 4.99
      vertex 35.38906331114708 -1.680805020382984 -5
    endloop
  endfacet
  facet normal 0.983619906947147 -0.18025503781388721 0
    outer loop
      vertex 35.38906331114708 -1.680805020382984 -5
      vertex 35.356412726139084 -1.8589734964313371 4.99
      vertex 35.356412726139084 -1.8589734964313371 -5
    endloop
  endfacet
  facet normal 0.954720866508538 -0.29750305385522746 0
    outer loop
      vertex 35.356412726139084 -1.8589734964313371 -5
      vertex 35.356412726139084 -1.8589734964313371 4.99
      vertex 35.30252436402812 -2.0319073305638033 -5
    endloop
  endfacet
  facet normal 0.9118998459920927 -0.41041280545275105 0
    outer loop
      vertex 35.30252436402812 -2.0319073305638033 -5
      vertex 35.22818403847982 -2.1970847580656523 4.99
      vertex 35.22818403847982 -2.1970847580656523 -5
    endloop
  endfacet
  facet normal 0.85578127230144 -0.5173378141776694 0
    outer loop
      vertex 35.22818403847982 -2.1970847580656523 -5
      vertex 35.22818403847982 -2.1970847580656523 4.99
      vertex 35.134475798840484 -2.3520971200967336 -5
    endloop
  endfacet
  facet normal 0.7871834806090632 -0.6167188726285263 0
    outer loop
      vertex 35.134475798840484 -2.3520971200967336 -5
      vertex 35.022766122256655 -2.494683987361193 4.99
      vertex 35.022766122256655 -2.494683987361193 -5
    endloop
  endfacet
  facet normal 0.7071067811865304 -0.7071067811865647 0
    outer loop
      vertex 35.022766122256655 -2.494683987361193 -5
      vertex 35.022766122256655 -2.494683987361193 4.99
      vertex 34.89468398736119 -2.6227661222566514 -5
    endloop
  endfacet
  facet normal 0.060378497422285 -0.9981755542233174 0
    outer loop
      vertex 33.900000000000006 -3 -5
      vertex 34.08080502038299 -2.9890633111470812 -5
      vertex 34.08080502038299 -2.9890633111470812 5
    endloop
  endfacet
  facet normal 0.18025503781391056 -0.9836199069471427 0
    outer loop
      vertex 34.08080502038299 -2.9890633111470812 -5
      vertex 34.25897349643134 -2.956412726139078 -5
      vertex 34.25897349643134 -2.956412726139078 5
    endloop
  endfacet
  facet normal 0.4104128054527478 -0.9118998459920942 0
    outer loop
      vertex 34.4319073305638 -2.902524364028122 -5
      vertex 34.597084758065655 -2.828184038479815 -5
      vertex 34.4319073305638 -2.902524364028122 5
    endloop
  endfacet
  facet normal 0.29750305385520714 -0.9547208665085443 0
    outer loop
      vertex 34.25897349643134 -2.956412726139078 -5
      vertex 34.4319073305638 -2.902524364028122 -5
      vertex 34.25897349643134 -2.956412726139078 5
    endloop
  endfacet
  facet normal 0.6167188726285537 -0.7871834806090418 0
    outer loop
      vertex 34.89468398736119 -2.6227661222566514 -5
      vertex 34.752097120096735 -2.7344757988404846 4.99
      vertex 34.752097120096735 -2.7344757988404846 -5
    endloop
  endfacet
  facet normal 0.5173378141776601 -0.8557812723014456 0
    outer loop
      vertex 34.597084758065655 -2.828184038479815 -5
      vertex 34.752097120096735 -2.7344757988404846 -5
      vertex 34.752097120096735 -2.7344757988404846 4.99
    endloop
  endfacet
  facet normal 0 1 0
    outer loop
      vertex 11.8 0 -5
      vertex 11.8 0 5
      vertex 11.81 0 5
    endloop
  endfacet
  facet normal 0 1 0
    outer loop
      vertex 11.8 0 -5
      vertex 11.81 0 5
      vertex 13.550000002980234 0 5
    endloop
  endfacet
  facet normal 0 1 0
    outer loop
      vertex 19.482352940738203 0 -5
      vertex 19.482352940738203 0 5
      vertex 31.35 0 5
    endloop
  endfacet
  facet normal -0.9981755542233237 -0.0603784974221824 0
    outer loop
      vertex 11.8 -1.5 -5
      vertex 11.800179041410106 -1.5029599073575928 5
      vertex 11.8 -1.5 5
    endloop
  endfacet
  facet normal 0 0 1
    outer loop
      vertex 11.81 0 5
      vertex 11.81 -0.009999999999999787 5
      vertex 13.550000002980234 0 5
    endloop
  endfacet
  facet normal 0 0 1
    outer loop
      vertex 11.81 -0.009999999999999787 5
      vertex 19.482352940738203 0 5
      vertex 13.550000002980234 0 5
    endloop
  endfacet
  facet normal 0 0 1
    outer loop
      vertex 11.81 -0.009999999999999787 5
      vertex 31.35 0 5
      vertex 19.482352940738203 0 5
    endloop
  endfacet
  facet normal 0 0 1
    outer loop
      vertex 11.81 0 5
      vertex 11.8 0 5
      vertex 11.8 -1.5 5
    endloop
  endfacet
  facet normal 0 0 1
    outer loop
      vertex 11.81 0 5
      vertex 11.8 -1.5 5
      vertex 11.81 -0.009999999999999787 5
    endloop
  endfacet
  facet normal 0 0 1
    outer loop
      vertex 11.81 -0.009999999999999787 5
      vertex 11.8 -1.5 5
      vertex 11.894185779293972 -1.5029599073575928 5
    endloop
  endfacet
  facet normal 0 0 1
    outer loop
      vertex 11.81 -0.009999999999999787 5
      vertex 11.894185779293972 -1.5029599073575928 5
      vertex 12.081071971878588 -1.5265691239069672 5
    endloop
  endfacet
  facet normal 0 0 1
    outer loop
      vertex 11.81 -0.009999999999999787 5
      vertex 12.081071971878588 -1.5265691239069672 5
      vertex 12.263525491562422 -1.5734152255572698 5
    endloop
  endfacet
  facet normal 0 0 1
    outer loop
      vertex 11.81 -0.009999999999999787 5
      vertex 12.263525491562422 -1.5734152255572698 5
      vertex 12.43866893734761 -1.6427594213009706 5
    endloop
  endfacet
  facet normal 0 0 1
    outer loop
      vertex 11.81 -0.009999999999999787 5
      vertex 12.43866893734761 -1.6427594213009706 5
      vertex 12.603740192468495 -1.733508111746977 5
    endloop
  endfacet
  facet normal 0 0 1
    outer loop
      vertex 11.8 -1.5 5
      vertex 11.800179041410106 -1.5029599073575928 5
      vertex 11.894185779293972 -1.5029599073575928 5
    endloop
  endfacet
  facet normal 0 0 1
    outer loop
      vertex 11.81 -0.009999999999999787 5
      vertex 12.603740192468495 -1.733508111746977 5
      vertex 34.08080502038299 -2.9890633111470812 5
    endloop
  endfacet
  facet normal 0 0 1
    outer loop
      vertex 34.08080502038299 -2.9890633111470812 5
      vertex 12.603740192468495 -1.733508111746977 5
      vertex 12.756135984623036 -1.8442301358363165 5
    endloop
  endfacet
  facet normal 0 0 1
    outer loop
      vertex 34.08080502038299 -2.9890633111470812 5
      vertex 12.756135984623036 -1.8442301358363165 5
      vertex 12.893452941132118 -1.9731793411069671 5
    endloop
  endfacet
  facet normal 0 0 1
    outer loop
      vertex 34.08080502038299 -2.9890633111470812 5
      vertex 12.893452941132118 -1.9731793411069671 5
      vertex 13.013525491562422 -2.1183221215612904 5
    endloop
  endfacet
  facet normal 0 0 1
    outer loop
      vertex 34.08080502038299 -2.9890633111470812 5
      vertex 13.013525491562422 -2.1183221215612904 5
      vertex 13.114460020065795 -2.2773694888474267 5
    endloop
  endfacet
  facet normal 0 0 1
    outer loop
      vertex 34.08080502038299 -2.9890633111470812 5
      vertex 13.114460020065795 -2.2773694888474267 5
      vertex 13.194664728832377 -2.4478131709729825 5
    endloop
  endfacet
  facet normal 0 0 1
    outer loop
      vertex 34.08080502038299 -2.9890633111470812 5
      vertex 13.194664728832377 -2.4478131709729825 5
      vertex 13.252874741692947 -2.6269651692527183 5
    endloop
  endfacet
  facet normal 0 0 1
    outer loop
      vertex 34.08080502038299 -2.9890633111470812 5
      vertex 13.252874741692947 -2.6269651692527183 5
      vertex 13.288172051971717 -2.812000149653544 5
    endloop
  endfacet
  facet normal 0 0 1
    outer loop
      vertex 34.08080502038299 -2.9890633111470812 5
      vertex 13.288172051971717 -2.812000149653544 5
      vertex 13.3 -3 5
    endloop
  endfacet
  facet normal 0 1 0
    outer loop
      vertex 33.64999999701977 0 -5
      vertex 33.64999999701977 0 5
      vertex 35.400000000000006 0 5
    endloop
  endfacet
  facet normal 0 -1 0
    outer loop
      vertex 33.900000000000006 -3 -5
      vertex 33.900000000000006 -3 5
      vertex 13.3 -3 5
    endloop
  endfacet
  facet normal 1 0 0
    outer loop
      vertex 35.400000000000006 -0.009999999999999787 -5
      vertex 35.400000000000006 0 5
      vertex 35.400000000000006 -1.5 5
    endloop
  endfacet
  facet normal 0.9981755542233164 -0.0603784974223044 0
    outer loop
      vertex 35.400000000000006 -1.5 -5
      vertex 35.400000000000006 -1.5 5
      vertex 35.38906331114708 -1.680805020382984 4.99
    endloop
  endfacet
  facet normal 0.983619906947147 -0.18025503781388721 0
    outer loop
      vertex 35.38906331114708 -1.680805020382984 -5
      vertex 35.38906331114708 -1.680805020382984 4.99
      vertex 35.356412726139084 -1.8589734964313371 4.99
    endloop
  endfacet
  facet normal 0.9547208665085379 -0.2975030538552274 0
    outer loop
      vertex 35.30252436402812 -2.0319073305638033 -5
      vertex 35.356412726139084 -1.8589734964313371 4.99
      vertex 35.30252436402812 -2.0319073305638033 5
    endloop
  endfacet
  facet normal 0.9118998459920926 -0.41041280545275105 0
    outer loop
      vertex 35.30252436402812 -2.0319073305638033 -5
      vertex 35.30252436402812 -2.0319073305638033 5
      vertex 35.22818403847982 -2.1970847580656523 4.99
    endloop
  endfacet
  facet normal 0.8557812723014395 -0.5173378141776702 0
    outer loop
      vertex 35.134475798840484 -2.3520971200967336 -5
      vertex 35.22818403847982 -2.1970847580656523 4.99
      vertex 35.22818403847982 -2.1970847580656523 5
    endloop
  endfacet
  facet normal 0.85578127230144 -0.5173378141776694 0
    outer loop
      vertex 35.134475798840484 -2.3520971200967336 -5
      vertex 35.22818403847982 -2.1970847580656523 5
      vertex 35.134475798840484 -2.3520971200967336 4.99
    endloop
  endfacet
  facet normal 0.7871834806090632 -0.6167188726285263 0
    outer loop
      vertex 35.134475798840484 -2.3520971200967336 -5
      vertex 35.134475798840484 -2.3520971200967336 4.99
      vertex 35.022766122256655 -2.494683987361193 4.99
    endloop
  endfacet
  facet normal 0.7071067811865304 -0.7071067811865647 0
    outer loop
      vertex 34.89468398736119 -2.6227661222566514 -5
      vertex 35.022766122256655 -2.494683987361193 4.99
      vertex 34.89468398736119 -2.6227661222566514 4.99
    endloop
  endfacet
  facet normal 0.5173378141776601 -0.8557812723014456 0
    outer loop
      vertex 34.597084758065655 -2.828184038479815 -5
      vertex 34.752097120096735 -2.7344757988404846 4.99
      vertex 34.597084758065655 -2.828184038479815 4.99
    endloop
  endfacet
  facet normal 0.060378497422285 -0.9981755542233174 0
    outer loop
      vertex 33.900000000000006 -3 -5
      vertex 34.08080502038299 -2.9890633111470812 5
      vertex 33.900000000000006 -3 5
    endloop
  endfacet
  facet normal 0.18025503781391056 -0.9836199069471427 0
    outer loop
      vertex 34.08080502038299 -2.9890633111470812 -5
      vertex 34.25897349643134 -2.956412726139078 5
      vertex 34.08080502038299 -2.9890633111470812 5
    endloop
  endfacet
  facet normal 0.4104128054527477 -0.9118998459920941 0
    outer loop
      vertex 34.597084758065655 -2.828184038479815 -5
      vertex 34.597084758065655 -2.828184038479815 4.99
      vertex 34.4319073305638 -2.902524364028122 5
    endloop
  endfacet
  facet normal 0.29750305385520714 -0.9547208665085443 0
    outer loop
      vertex 34.4319073305638 -2.902524364028122 -5
      vertex 34.4319073305638 -2.902524364028122 5
      vertex 34.25897349643134 -2.956412726139078 5
    endloop
  endfacet
  facet normal 0.6167188726285537 -0.7871834806090418 0
    outer loop
      vertex 34.89468398736119 -2.6227661222566514 -5
      vertex 34.89468398736119 -2.6227661222566514 4.99
      vertex 34.752097120096735 -2.7344757988404846 4.99
    endloop
  endfacet
  facet normal 0 0 1
    outer loop
      vertex 11.81 -0.009999999999999787 5
      vertex 33.64999999701977 0 5
      vertex 31.35 0 5
    endloop
  endfacet
  facet normal 0 0 1
    outer loop
      vertex 11.81 -0.009999999999999787 5
      vertex 35.400000000000006 0 5
      vertex 33.64999999701977 0 5
    endloop
  endfacet
  facet normal 0 0 1
    outer loop
      vertex 11.81 -0.009999999999999787 5
      vertex 34.08080502038299 -2.9890633111470812 5
      vertex 35.400000000000006 0 5
    endloop
  endfacet
  facet normal 0 0 1
    outer loop
      vertex 33.900000000000006 -3 5
      vertex 34.08080502038299 -2.9890633111470812 5
      vertex 13.3 -3 5
    endloop
  endfacet
  facet normal 0 0 1
    outer loop
      vertex 35.400000000000006 0 5
      vertex 35.30252436402812 -2.0319073305638033 5
      vertex 35.400000000000006 -1.5 5
    endloop
  endfacet
  facet normal 0.9981755542233164 -0.0603784974223044 0
    outer loop
      vertex 35.400000000000006 -1.5 5
      vertex 35.38906331114708 -1.680805020382984 5
      vertex 35.38906331114708 -1.680805020382984 4.99
    endloop
  endfacet
  facet normal 0 0 1
    outer loop
      vertex 35.400000000000006 0 5
      vertex 34.08080502038299 -2.9890633111470812 5
      vertex 35.30252436402812 -2.0319073305638033 5
    endloop
  endfacet
  facet normal 0 0 1
    outer loop
      vertex 35.400000000000006 -1.5 5
      vertex 35.30252436402812 -2.0319073305638033 5
      vertex 35.38906331114708 -1.680805020382984 5
    endloop
  endfacet
  facet normal 0.9836199069471471 -0.18025503781388721 0
    outer loop
      vertex 35.38906331114708 -1.680805020382984 4.99
      vertex 35.38906331114708 -1.680805020382984 5
      vertex 35.356412726139084 -1.8589734964313371 4.99
    endloop
  endfacet
  facet normal 0.9836199069471471 -0.18025503781388721 0
    outer loop
      vertex 35.38906331114708 -1.680805020382984 5
      vertex 35.356412726139084 -1.8589734964313371 5
      vertex 35.356412726139084 -1.8589734964313371 4.99
    endloop
  endfacet
  facet normal 0 0 1
    outer loop
      vertex 35.38906331114708 -1.680805020382984 5
      vertex 35.30252436402812 -2.0319073305638033 5
      vertex 35.356412726139084 -1.8589734964313371 5
    endloop
  endfacet
  facet normal 0.954720866508538 -0.29750305385522746 0
    outer loop
      vertex 35.356412726139084 -1.8589734964313371 4.99
      vertex 35.356412726139084 -1.8589734964313371 5
      vertex 35.30252436402812 -2.0319073305638033 5
    endloop
  endfacet
  facet normal 0.9118998459920926 -0.41041280545275105 0
    outer loop
      vertex 35.30252436402812 -2.0319073305638033 5
      vertex 35.22818403847982 -2.1970847580656523 5
      vertex 35.22818403847982 -2.1970847580656523 4.99
    endloop
  endfacet
  facet normal 0 0 1
    outer loop
      vertex 35.30252436402812 -2.0319073305638033 5
      vertex 35.134475798840484 -2.3520971200967336 5
      vertex 35.22818403847982 -2.1970847580656523 5
    endloop
  endfacet
  facet normal 0.8557812723014399 -0.5173378141776694 0
    outer loop
      vertex 35.22818403847982 -2.1970847580656523 5
      vertex 35.134475798840484 -2.3520971200967336 5
      vertex 35.134475798840484 -2.3520971200967336 4.99
    endloop
  endfacet
  facet normal 0 0 1
    outer loop
      vertex 35.30252436402812 -2.0319073305638033 5
      vertex 34.89468398736119 -2.6227661222566514 5
      vertex 35.134475798840484 -2.3520971200967336 5
    endloop
  endfacet
  facet normal 0.7871834806090633 -0.6167188726285264 0
    outer loop
      vertex 35.134475798840484 -2.3520971200967336 4.99
      vertex 35.134475798840484 -2.3520971200967336 5
      vertex 35.022766122256655 -2.494683987361193 4.99
    endloop
  endfacet
  facet normal 0.7871834806090633 -0.6167188726285264 0
    outer loop
      vertex 35.134475798840484 -2.3520971200967336 5
      vertex 35.022766122256655 -2.494683987361193 5
      vertex 35.022766122256655 -2.494683987361193 4.99
    endloop
  endfacet
  facet normal 0 0 1
    outer loop
      vertex 35.30252436402812 -2.0319073305638033 5
      vertex 34.08080502038299 -2.9890633111470812 5
      vertex 34.89468398736119 -2.6227661222566514 5
    endloop
  endfacet
  facet normal 0 0 1
    outer loop
      vertex 35.134475798840484 -2.3520971200967336 5
      vertex 34.89468398736119 -2.6227661222566514 5
      vertex 35.022766122256655 -2.494683987361193 5
    endloop
  endfacet
  facet normal 0.7071067811865303 -0.7071067811865647 0
    outer loop
      vertex 35.022766122256655 -2.494683987361193 4.99
      vertex 35.022766122256655 -2.494683987361193 5
      vertex 34.89468398736119 -2.6227661222566514 5
    endloop
  endfacet
  facet normal 0.7071067811865303 -0.7071067811865647 0
    outer loop
      vertex 35.022766122256655 -2.494683987361193 4.99
      vertex 34.89468398736119 -2.6227661222566514 5
      vertex 34.89468398736119 -2.6227661222566514 4.99
    endloop
  endfacet
  facet normal 0 0 1
    outer loop
      vertex 34.89468398736119 -2.6227661222566514 5
      vertex 34.4319073305638 -2.902524364028122 5
      vertex 34.597084758065655 -2.828184038479815 5
    endloop
  endfacet
  facet normal 0.5173378141776601 -0.8557812723014455 0
    outer loop
      vertex 34.597084758065655 -2.828184038479815 4.99
      vertex 34.752097120096735 -2.7344757988404846 4.99
      vertex 34.597084758065655 -2.828184038479815 5
    endloop
  endfacet
  facet normal 0 0 1
    outer loop
      vertex 34.08080502038299 -2.9890633111470812 5
      vertex 34.25897349643134 -2.956412726139078 5
      vertex 34.4319073305638 -2.902524364028122 5
    endloop
  endfacet
  facet normal 0 0 1
    outer loop
      vertex 34.89468398736119 -2.6227661222566514 5
      vertex 34.08080502038299 -2.9890633111470812 5
      vertex 34.4319073305638 -2.902524364028122 5
    endloop
  endfacet
  facet normal 0.4104128054527478 -0.9118998459920941 0
    outer loop
      vertex 34.4319073305638 -2.902524364028122 5
      vertex 34.597084758065655 -2.828184038479815 4.99
      vertex 34.597084758065655 -2.828184038479815 5
    endloop
  endfacet
  facet normal 0.6167188726285537 -0.7871834806090418 0
    outer loop
      vertex 34.89468398736119 -2.6227661222566514 5
      vertex 34.752097120096735 -2.7344757988404846 5
      vertex 34.752097120096735 -2.7344757988404846 4.99
    endloop
  endfacet
  facet normal 0 0 1
    outer loop
      vertex 34.89468398736119 -2.6227661222566514 5
      vertex 34.597084758065655 -2.828184038479815 5
      vertex 34.752097120096735 -2.7344757988404846 5
    endloop
  endfacet
  facet normal 0.6167188726285537 -0.7871834806090418 0
    outer loop
      vertex 34.89468398736119 -2.6227661222566514 4.99
      vertex 34.89468398736119 -2.6227661222566514 5
      vertex 34.752097120096735 -2.7344757988404846 4.99
    endloop
  endfacet
  facet normal 0.5173378141776601 -0.8557812723014455 0
    outer loop
      vertex 34.597084758065655 -2.828184038479815 5
      vertex 34.752097120096735 -2.7344757988404846 4.99
      vertex 34.752097120096735 -2.7344757988404846 5
    endloop
  endfacet
  facet normal 0 0 -1
    outer loop
      vertex -9.435390338301659 7.8653412237763405 -5
      vertex -7.640569135546684 5.8602167665958405 -5
      vertex -9.570981711149216 7.807059995830059 -5
    endloop
  endfacet
  facet normal 0 0 -1
    outer loop
      vertex -9.827450506389141 7.661347821354866 -5
      vertex -9.701906085014343 7.738938540220261 -5
      vertex -7.640569135546684 5.8602167665958405 -5
    endloop
  endfacet
  facet normal 0 0 -1
    outer loop
      vertex -9.701906085014343 7.738938540220261 -5
      vertex -9.570981711149216 7.807059995830059 -5
      vertex -7.640569135546684 5.8602167665958405 -5
    endloop
  endfacet
  facet normal 0 0 -1
    outer loop
      vertex -9.827450506389141 7.661347821354866 -5
      vertex -7.640569135546684 5.8602167665958405 -5
      vertex -9.946931347250938 7.574710346758366 -5
    endloop
  endfacet
  facet normal 0 0 -1
    outer loop
      vertex -9.946931347250938 7.574710346758366 -5
      vertex -7.640569135546684 5.8602167665958405 -5
      vertex -10.059697970747948 7.479497894644737 -5
    endloop
  endfacet
  facet normal 0 0 -1
    outer loop
      vertex -10.059697970747948 7.479497894644737 -5
      vertex -7.640569135546684 5.8602167665958405 -5
      vertex -10.165136314928532 7.37622894346714 -5
    endloop
  endfacet
  facet normal 0 0 -1
    outer loop
      vertex -10.165136314928532 7.37622894346714 -5
      vertex -7.640569135546684 5.8602167665958405 -5
      vertex -10.26267223060131 7.265465825796127 -5
    endloop
  endfacet
  facet normal 0 0 -1
    outer loop
      vertex -10.351774595677853 7.147811703383923 -5
      vertex -10.26267223060131 7.265465825796127 -5
      vertex -7.640569135546684 5.8602167665958405 -5
    endloop
  endfacet
  facet normal 0 0 -1
    outer loop
      vertex -10.351774595677853 7.147811703383923 -5
      vertex -7.640569135546684 5.8602167665958405 -5
      vertex -10.431958198547363 7.023907259106636 -5
    endloop
  endfacet
  facet normal 0 0 -1
    outer loop
      vertex -8.163928784430027 8 -5
      vertex -7.904502667486668 7.990372195839882 -5
      vertex -7.536190651357174 5.958186864852905 -5
    endloop
  endfacet
  facet normal 0 0 -1
    outer loop
      vertex -7.904502667486668 7.990372195839882 -5
      vertex -7.646503806114197 7.961541764438152 -5
      vertex -7.418892852962017 6.040249265730381 -5
    endloop
  endfacet
  facet normal 0 0 -1
    outer loop
      vertex -7.646503806114197 7.961541764438152 -5
      vertex -7.391351610422134 7.913667313754559 -5
      vertex -7.356141373515129 6.074775815010071 -5
    endloop
  endfacet
  facet normal 0 0 -1
    outer loop
      vertex -9.295870319008827 7.9134648740291595 -5
      vertex -9.15318138897419 7.9511688798666 -5
      vertex -7.640569135546684 5.8602167665958405 -5
    endloop
  endfacet
  facet normal 0 0 -1
    outer loop
      vertex -9.008100554347038 7.978247933089733 -5
      vertex -8.861417852342129 7.9945545718073845 -5
      vertex -7.640569135546684 5.8602167665958405 -5
    endloop
  endfacet
  facet normal 0 0 -1
    outer loop
      vertex -9.15318138897419 7.9511688798666 -5
      vertex -9.008100554347038 7.978247933089733 -5
      vertex -7.640569135546684 5.8602167665958405 -5
    endloop
  endfacet
  facet normal 0 0 -1
    outer loop
      vertex -9.435390338301659 7.8653412237763405 -5
      vertex -9.295870319008827 7.9134648740291595 -5
      vertex -7.640569135546684 5.8602167665958405 -5
    endloop
  endfacet
  facet normal 0 0 -1
    outer loop
      vertex -8.861417852342129 7.9945545718073845 -5
      vertex -8.713932022452354 8 -5
      vertex -7.640569135546684 5.8602167665958405 -5
    endloop
  endfacet
  facet normal 0 0 -1
    outer loop
      vertex -8.713932022452354 8 -5
      vertex -8.163928784430027 8 -5
      vertex -7.640569135546684 5.8602167665958405 -5
    endloop
  endfacet
  facet normal 0 0 -1
    outer loop
      vertex -7.904502667486668 7.990372195839882 -5
      vertex -7.418892852962017 6.040249265730381 -5
      vertex -7.479012079536915 6.0013197138905525 -5
    endloop
  endfacet
  facet normal 0 0 -1
    outer loop
      vertex -7.904502667486668 7.990372195839882 -5
      vertex -7.479012079536915 6.0013197138905525 -5
      vertex -7.536190651357174 5.958186864852905 -5
    endloop
  endfacet
  facet normal 0 0 -1
    outer loop
      vertex -7.646503806114197 7.961541764438152 -5
      vertex -7.356141373515129 6.074775815010071 -5
      vertex -7.418892852962017 6.040249265730381 -5
    endloop
  endfacet
  facet normal 0 0 -1
    outer loop
      vertex -7.391351610422134 7.913667313754559 -5
      vertex -7.140449829399586 7.847012221813202 -5
      vertex -7.224041119217873 6.129934951663017 -5
    endloop
  endfacet
  facet normal 0 0 -1
    outer loop
      vertex -7.140449829399586 7.847012221813202 -5
      vertex -6.895178817212582 7.7619432136416435 -5
      vertex -7.1553699895739555 6.150284588336945 -5
    endloop
  endfacet
  facet normal 0 0 -1
    outer loop
      vertex -6.895178817212582 7.7619432136416435 -5
      vertex -6.656887963414192 7.658928290009499 -5
      vertex -7.014545291662216 6.17600255459547 -5
    endloop
  endfacet
  facet normal 0 0 -1
    outer loop
      vertex -6.656887963414192 7.658928290009499 -5
      vertex -6.42688824236393 7.5385342091321945 -5
      vertex -6.943114131689072 6.1812389716506 -5
    endloop
  endfacet
  facet normal 0 0 -1
    outer loop
      vertex -6.42688824236393 7.5385342091321945 -5
      vertex -6.206445023417473 7.401423327624798 -5
      vertex -6.800044447183609 6.176332473754883 -5
    endloop
  endfacet
  facet normal 0 0 -1
    outer loop
      vertex -7.391351610422134 7.913667313754559 -5
      vertex -7.224041119217873 6.129934951663017 -5
      vertex -7.291079543530941 6.104722253978252 -5
    endloop
  endfacet
  facet normal 0 0 -1
    outer loop
      vertex -7.391351610422134 7.913667313754559 -5
      vertex -7.291079543530941 6.104722253978252 -5
      vertex -7.356141373515129 6.074775815010071 -5
    endloop
  endfacet
  facet normal 0 0 -1
    outer loop
      vertex -7.140449829399586 7.847012221813202 -5
      vertex -7.1553699895739555 6.150284588336945 -5
      vertex -7.224041119217873 6.129934951663017 -5
    endloop
  endfacet
  facet normal 0 0 -1
    outer loop
      vertex -6.895178817212582 7.7619432136416435 -5
      vertex -7.085418440401554 6.16566675901413 -5
      vertex -7.1553699895739555 6.150284588336945 -5
    endloop
  endfacet
  facet normal 0 0 -1
    outer loop
      vertex -6.895178817212582 7.7619432136416435 -5
      vertex -7.014545291662216 6.17600255459547 -5
      vertex -7.085418440401554 6.16566675901413 -5
    endloop
  endfacet
  facet normal 0 0 -1
    outer loop
      vertex -6.656887963414192 7.658928290009499 -5
      vertex -6.943114131689072 6.1812389716506 -5
      vertex -7.014545291662216 6.17600255459547 -5
    endloop
  endfacet
  facet normal 0 0 -1
    outer loop
      vertex -6.42688824236393 7.5385342091321945 -5
      vertex -6.871491380035877 6.181349128484726 -5
      vertex -6.943114131689072 6.1812389716506 -5
    endloop
  endfacet
  facet normal 0 0 -1
    outer loop
      vertex -6.42688824236393 7.5385342091321945 -5
      vertex -6.800044447183609 6.176332473754883 -5
      vertex -6.871491380035877 6.181349128484726 -5
    endloop
  endfacet
  facet normal 0 0 -1
    outer loop
      vertex -6.206445023417473 7.401423327624798 -5
      vertex -5.996771104633808 7.2483499720692635 -5
      vertex -6.659141302108765 6.151047810912132 -5
    endloop
  endfacet
  facet normal 0 0 -1
    outer loop
      vertex -10.50278640538454 6.894427187740803 -5
      vertex -7.640569135546684 5.8602167665958405 -5
      vertex -10.78883334249258 6.322333320975304 -5
    endloop
  endfacet
  facet normal 0 0 -1
    outer loop
      vertex -10.431958198547363 7.023907259106636 -5
      vertex -7.640569135546684 5.8602167665958405 -5
      vertex -10.50278640538454 6.894427187740803 -5
    endloop
  endfacet
  facet normal 0 0 -1
    outer loop
      vertex -10.78883334249258 6.322333320975304 -5
      vertex -7.640569135546684 5.8602167665958405 -5
      vertex -10.804041124880314 6.288901351392269 -5
    endloop
  endfacet
  facet normal 0 0 -1
    outer loop
      vertex -10.804041124880314 6.288901351392269 -5
      vertex -7.640569135546684 5.8602167665958405 -5
      vertex -10.81675373762846 6.25444321334362 -5
    endloop
  endfacet
  facet normal 0 0 -1
    outer loop
      vertex -10.81675373762846 6.25444321334362 -5
      vertex -7.640569135546684 5.8602167665958405 -5
      vertex -10.826902575790882 6.219144843518734 -5
    endloop
  endfacet
  facet normal 0 0 -1
    outer loop
      vertex -10.839304015040398 6.146792784333229 -5
      vertex -7.640569135546684 5.8602167665958405 -5
      vertex -10.84148969501257 6.110129497945309 -5
    endloop
  endfacet
  facet normal 0 0 -1
    outer loop
      vertex -10.826902575790882 6.219144843518734 -5
      vertex -7.640569135546684 5.8602167665958405 -5
      vertex -10.834432877600193 6.18319670855999 -5
    endloop
  endfacet
  facet normal 0 0 -1
    outer loop
      vertex -10.834432877600193 6.18319670855999 -5
      vertex -7.640569135546684 5.8602167665958405 -5
      vertex -10.839304015040398 6.146792784333229 -5
    endloop
  endfacet
  facet normal 0 0 -1
    outer loop
      vertex -10.84148969501257 6.110129497945309 -5
      vertex -7.640569135546684 5.8602167665958405 -5
      vertex -10.840978138148785 6.073404684662819 -5
    endloop
  endfacet
  facet normal 0 0 -1
    outer loop
      vertex -10.840978138148785 6.073404684662819 -5
      vertex -7.640569135546684 5.8602167665958405 -5
      vertex -10.837772086262703 6.0368165001273155 -5
    endloop
  endfacet
  facet normal 0 0 -1
    outer loop
      vertex -10.837772086262703 6.0368165001273155 -5
      vertex -7.640569135546684 5.8602167665958405 -5
      vertex -10.831888854503632 6.000562384724617 -5
    endloop
  endfacet
  facet normal 0 0 -1
    outer loop
      vertex -10.831888854503632 6.000562384724617 -5
      vertex -7.640569135546684 5.8602167665958405 -5
      vertex -10.823360182344913 5.964837945997715 -5
    endloop
  endfacet
  facet normal 0 0 -1
    outer loop
      vertex -10.823360182344913 5.964837945997715 -5
      vertex -7.640569135546684 5.8602167665958405 -5
      vertex -10.812232084572315 5.929835952818394 -5
    endloop
  endfacet
  facet normal 0 0 -1
    outer loop
      vertex -10.812232084572315 5.929835952818394 -5
      vertex -7.640569135546684 5.8602167665958405 -5
      vertex -10.798564612865448 5.895745284855366 -5
    endloop
  endfacet
  facet normal 0 0 -1
    outer loop
      vertex -10.798564612865448 5.895745284855366 -5
      vertex -7.640569135546684 5.8602167665958405 -5
      vertex -10.78243152052164 5.862749874591827 -5
    endloop
  endfacet
  facet normal 0 0 -1
    outer loop
      vertex -10.78243152052164 5.862749874591827 -5
      vertex -7.640569135546684 5.8602167665958405 -5
      vertex -10.763919845223427 5.831027768552303 -5
    endloop
  endfacet
  facet normal 0 0 -1
    outer loop
      vertex -10.763919845223427 5.831027768552303 -5
      vertex -7.640569135546684 5.8602167665958405 -5
      vertex -10.74312949180603 5.800750143826008 -5
    endloop
  endfacet
  facet normal 0 0 -1
    outer loop
      vertex -10.74312949180603 5.800750143826008 -5
      vertex -7.640569135546684 5.8602167665958405 -5
      vertex -10.720172628760338 5.772080361843109 -5
    endloop
  endfacet
  facet normal 0 0 -1
    outer loop
      vertex -10.720172628760338 5.772080361843109 -5
      vertex -7.640569135546684 5.8602167665958405 -5
      vertex -10.695173136889935 5.745173133909702 -5
    endloop
  endfacet
  facet normal 0 0 -1
    outer loop
      vertex -10.695173136889935 5.745173133909702 -5
      vertex -7.924914643168449 5.54603461176157 -5
      vertex -7.99109873175621 5.455945715308189 -5
    endloop
  endfacet
  facet normal 0 0 -1
    outer loop
      vertex -10.695173136889935 5.745173133909702 -5
      vertex -7.99109873175621 5.455945715308189 -5
      vertex -8.050389848649502 5.3611780777573586 -5
    endloop
  endfacet
  facet normal 0 0 -1
    outer loop
      vertex -10.695173136889935 5.745173133909702 -5
      vertex -8.050389848649502 5.3611780777573586 -5
      vertex -9.950000002980232 5 -5
    endloop
  endfacet
  facet normal 0 0 -1
    outer loop
      vertex -8.163928784430027 8 -5
      vertex -7.536190651357174 5.958186864852905 -5
      vertex -7.590135246515274 5.911071985960007 -5
    endloop
  endfacet
  facet normal 0 0 -1
    outer loop
      vertex -8.163928784430027 8 -5
      vertex -7.590135246515274 5.911071985960007 -5
      vertex -7.640569135546684 5.8602167665958405 -5
    endloop
  endfacet
  facet normal 0 0 -1
    outer loop
      vertex -6.206445023417473 7.401423327624798 -5
      vertex -6.729139842092991 6.166214726865292 -5
      vertex -6.800044447183609 6.176332473754883 -5
    endloop
  endfacet
  facet normal 0 0 -1
    outer loop
      vertex -6.206445023417473 7.401423327624798 -5
      vertex -6.659141302108765 6.151047810912132 -5
      vertex -6.729139842092991 6.166214726865292 -5
    endloop
  endfacet
  facet normal 0 0 -1
    outer loop
      vertex -5.996771104633808 7.2483499720692635 -5
      vertex -6.590407907962799 6.130909509956837 -5
      vertex -6.659141302108765 6.151047810912132 -5
    endloop
  endfacet
  facet normal 0 0 -1
    outer loop
      vertex -5.996771104633808 7.2483499720692635 -5
      vertex -6.523292243480682 6.105903148651123 -5
      vertex -6.590407907962799 6.130909509956837 -5
    endloop
  endfacet
  facet normal 0 0 -1
    outer loop
      vertex -5.996771104633808 7.2483499720692635 -5
      vertex -6.458138599991798 6.076156988739967 -5
      vertex -6.523292243480682 6.105903148651123 -5
    endloop
  endfacet
  facet normal 0 0 -1
    outer loop
      vertex -5.996771104633808 7.2483499720692635 -5
      vertex -6.395281210541725 6.041823625564575 -5
      vertex -6.458138599991798 6.076156988739967 -5
    endloop
  endfacet
  facet normal 0 0 -1
    outer loop
      vertex -10.695173136889935 5.745173133909702 -5
      vertex -7.640569135546684 5.8602167665958405 -5
      vertex -7.852205164730549 5.630944401025772 -5
    endloop
  endfacet
  facet normal 0 0 -1
    outer loop
      vertex -10.695173136889935 5.745173133909702 -5
      vertex -7.852205164730549 5.630944401025772 -5
      vertex -7.924914643168449 5.54603461176157 -5
    endloop
  endfacet
  facet normal 0 0 -1
    outer loop
      vertex -5.996771104633808 7.2483499720692635 -5
      vertex -3.0709395483136177 4.941242657601833 -5
      vertex -6.395281210541725 6.041823625564575 -5
    endloop
  endfacet
  facet normal 0 0 -1
    outer loop
      vertex -6.395281210541725 6.041823625564575 -5
      vertex -3.0709395483136177 4.941242657601833 -5
      vertex -6.335042513906956 6.0030791983008385 -5
    endloop
  endfacet
  facet normal 0 0 -1
    outer loop
      vertex -8.050389848649502 5.3611780777573586 -5
      vertex -8.10245868563652 5.262258023023605 -5
      vertex -9.950000002980232 5 -5
    endloop
  endfacet
  facet normal 0 0 -1
    outer loop
      vertex -8.10245868563652 5.262258023023605 -5
      vertex -8.147016063332558 5.159734942018986 -5
      vertex -9.950000002980232 5 -5
    endloop
  endfacet
  facet normal 0 0 -1
    outer loop
      vertex -9.950000002980232 5 -5
      vertex -8.147016063332558 5.159734942018986 -5
      vertex -8.183814510703087 5.0541782528162 -5
    endloop
  endfacet
  facet normal 0 0 -1
    outer loop
      vertex -9.950000002980232 5 -5
      vertex -8.183814510703087 5.0541782528162 -5
      vertex -8.212649658322334 4.946174196898937 -5
    endloop
  endfacet
  facet normal 0 0 -1
    outer loop
      vertex -9.950000002980232 5 -5
      vertex -8.212649658322334 4.946174196898937 -5
      vertex -8.233361348509789 4.836322627961636 -5
    endloop
  endfacet
  facet normal 0 0 -1
    outer loop
      vertex -9.950000002980232 5 -5
      vertex -8.233361348509789 4.836322627961636 -5
      vertex -8.245834551751614 4.725233651697636 -5
    endloop
  endfacet
  facet normal 0 0 -1
    outer loop
      vertex -9.950000002980232 5 -5
      vertex -8.245834551751614 4.725233651697636 -5
      vertex -8.25 4.613524250686169 -5
    endloop
  endfacet
  facet normal 0 0 -1
    outer loop
      vertex -9.950000002980232 5 -5
      vertex -8.25 4.613524250686169 -5
      vertex -8.25 0.9142135605216026 -5
    endloop
  endfacet
  facet normal 0 0 -1
    outer loop
      vertex -6.335042513906956 6.0030791983008385 -5
      vertex -3.0709395483136177 4.941242657601833 -5
      vertex -3.4715457558631897 4.012847408652306 -5
    endloop
  endfacet
  facet normal 0 0 -1
    outer loop
      vertex -3.0709395483136177 4.941242657601833 -5
      vertex -2.787568673491478 4.733517199754715 -5
      vertex -3.4715457558631897 4.012847408652306 -5
    endloop
  endfacet
  facet normal 0 0 -1
    outer loop
      vertex -3.4715457558631897 4.012847408652306 -5
      vertex -2.787568673491478 4.733517199754715 -5
      vertex -3.107142820954323 3.778618313372135 -5
    endloop
  endfacet
  facet normal 0 0 -1
    outer loop
      vertex -2.787568673491478 4.733517199754715 -5
      vertex -2.490309454500675 4.546204961836338 -5
      vertex -3.107142820954323 3.778618313372135 -5
    endloop
  endfacet
  facet normal 0 0 -1
    outer loop
      vertex -2.490309454500675 4.546204961836338 -5
      vertex -2.180629752576351 4.380230873823166 -5
      vertex -2.726789727807045 3.5712917670607567 -5
    endloop
  endfacet
  facet normal 0 0 -1
    outer loop
      vertex -2.490309454500675 4.546204961836338 -5
      vertex -2.726789727807045 3.5712917670607567 -5
      vertex -3.107142820954323 3.778618313372135 -5
    endloop
  endfacet
  facet normal 0 0 -1
    outer loop
      vertex -2.180629752576351 4.380230873823166 -5
      vertex -1.8600587397813797 4.236414521932602 -5
      vertex -2.3324690982699394 3.3919484689831734 -5
    endloop
  endfacet
  facet normal 0 0 -1
    outer loop
      vertex -2.180629752576351 4.380230873823166 -5
      vertex -2.3324690982699394 3.3919484689831734 -5
      vertex -2.726789727807045 3.5712917670607567 -5
    endloop
  endfacet
  facet normal 0 0 -1
    outer loop
      vertex -1.8600587397813797 4.236414521932602 -5
      vertex -1.5301793962717056 4.115466050803661 -5
      vertex -1.926236368715763 3.2415232732892036 -5
    endloop
  endfacet
  facet normal 0 0 -1
    outer loop
      vertex -1.8600587397813797 4.236414521932602 -5
      vertex -1.926236368715763 3.2415232732892036 -5
      vertex -2.3324690982699394 3.3919484689831734 -5
    endloop
  endfacet
  facet normal 0 0 -1
    outer loop
      vertex -1.5301793962717056 4.115466050803661 -5
      vertex -1.510209046304226 3.1208002790808678 -5
      vertex -1.926236368715763 3.2415232732892036 -5
    endloop
  endfacet
  facet normal 0 0 -1
    outer loop
      vertex -1.5301793962717056 4.115466050803661 -5
      vertex -1.1926206350326538 4.017982706427574 -5
      vertex -1.510209046304226 3.1208002790808678 -5
    endloop
  endfacet
  facet normal 0 0 -1
    outer loop
      vertex -1.1926206350326538 4.017982706427574 -5
      vertex -0.8490493223071098 3.9444458559155464 -5
      vertex -1.0865557193756104 3.0304087549448013 -5
    endloop
  endfacet
  facet normal 0 0 -1
    outer loop
      vertex -0.8490493223071098 3.9444458559155464 -5
      vertex -0.5011619850993156 3.8952186182141304 -5
      vertex -0.657484695315361 2.9708198830485344 -5
    endloop
  endfacet
  facet normal 0 0 -1
    outer loop
      vertex -0.5011619850993156 3.8952186182141304 -5
      vertex -0.15067648887634277 3.8705440759658813 -5
      vertex -0.2252325564622879 2.942344270646572 -5
    endloop
  endfacet
  facet normal 0 0 -1
    outer loop
      vertex -1.1926206350326538 4.017982706427574 -5
      vertex -1.0865557193756104 3.0304087549448013 -5
      vertex -1.510209046304226 3.1208002790808678 -5
    endloop
  endfacet
  facet normal 0 0 -1
    outer loop
      vertex -0.8490493223071098 3.9444458559155464 -5
      vertex -0.657484695315361 2.9708198830485344 -5
      vertex -1.0865557193756104 3.0304087549448013 -5
    endloop
  endfacet
  facet normal 0 0 -1
    outer loop
      vertex -0.5011619850993156 3.8952186182141304 -5
      vertex -0.2252325564622879 2.942344270646572 -5
      vertex -0.657484695315361 2.9708198830485344 -5
    endloop
  endfacet
  facet normal 0 0 -1
    outer loop
      vertex -0.15067648887634277 3.8705440759658813 -5
      vertex 0.20794755220413208 2.9451303482055664 -5
      vertex -0.2252325564622879 2.942344270646572 -5
    endloop
  endfacet
  facet normal -0.4615702298518076 0.8871036708945295 0
    outer loop
      vertex -9.701906085014343 7.738938540220261 -5
      vertex -9.570981711149216 7.807059995830059 5
      vertex -9.570981711149216 7.807059995830059 -5
    endloop
  endfacet
  facet normal -0.5257311089706166 0.8506508102979305 0
    outer loop
      vertex -9.827450506389141 7.661347821354866 -5
      vertex -9.701906085014343 7.738938540220261 5
      vertex -9.701906085014343 7.738938540220261 -5
    endloop
  endfacet
  facet normal -0.39489586739478527 0.9187258861676426 0
    outer loop
      vertex -9.435390338301659 7.8653412237763405 -5
      vertex -9.570981711149216 7.807059995830059 -5
      vertex -9.435390338301659 7.8653412237763405 5
    endloop
  endfacet
  facet normal -0.3260712147568413 0.9453452083270947 0
    outer loop
      vertex -9.435390338301659 7.8653412237763405 -5
      vertex -9.295870319008827 7.9134648740291595 5
      vertex -9.295870319008827 7.9134648740291595 -5
    endloop
  endfacet
  facet normal -0.1834794178359385 0.9830235517171424 0
    outer loop
      vertex -9.15318138897419 7.9511688798666 -5
      vertex -9.008100554347038 7.978247933089733 5
      vertex -9.008100554347038 7.978247933089733 -5
    endloop
  endfacet
  facet normal -0.2554708661820186 0.9668167543708627 0
    outer loop
      vertex -9.295870319008827 7.9134648740291595 -5
      vertex -9.15318138897419 7.9511688798666 5
      vertex -9.15318138897419 7.9511688798666 -5
    endloop
  endfacet
  facet normal -0.11048882333040964 0.9938773666398997 0
    outer loop
      vertex -9.008100554347038 7.978247933089733 -5
      vertex -8.861417852342129 7.9945545718073845 5
      vertex -8.861417852342129 7.9945545718073845 -5
    endloop
  endfacet
  facet normal -0.6451305980590055 0.7640723208231208 0
    outer loop
      vertex -9.946931347250938 7.574710346758366 -5
      vertex -10.059697970747948 7.479497894644737 -5
      vertex -9.946931347250938 7.574710346758366 5
    endloop
  endfacet
  facet normal -0.5870291476912023 0.8095657970547796 0
    outer loop
      vertex -9.827450506389141 7.661347821354866 -5
      vertex -9.946931347250938 7.574710346758366 -5
      vertex -9.827450506389141 7.661347821354866 5
    endloop
  endfacet
  facet normal -0.6997190112496833 0.714418158570851 0
    outer loop
      vertex -10.059697970747948 7.479497894644737 -5
      vertex -10.165136314928532 7.37622894346714 -5
      vertex -10.059697970747948 7.479497894644737 5
    endloop
  endfacet
  facet normal -0.7504971635625287 0.6608736698375863 0
    outer loop
      vertex -10.165136314928532 7.37622894346714 -5
      vertex -10.26267223060131 7.265465825796127 -5
      vertex -10.165136314928532 7.37622894346714 5
    endloop
  endfacet
  facet normal -0.8395388226404006 0.5432997011591023 0
    outer loop
      vertex -10.351774595677853 7.147811703383923 -5
      vertex -10.431958198547363 7.023907259106636 -5
      vertex -10.351774595677853 7.147811703383923 5
    endloop
  endfacet
  facet normal -0.8773175296897971 0.47991035839934926 0
    outer loop
      vertex -10.431958198547363 7.023907259106636 -5
      vertex -10.50278640538454 6.894427187740803 -5
      vertex -10.431958198547363 7.023907259106636 5
    endloop
  endfacet
  facet normal -0.8944271886702276 0.4472136001593345 0
    outer loop
      vertex -10.50278640538454 6.894427187740803 -5
      vertex -10.78883334249258 6.322333320975304 -5
      vertex -10.50278640538454 6.894427187740803 5
    endloop
  endfacet
  facet normal -0.7971884972473807 0.6037304861082161 0
    outer loop
      vertex -10.351774595677853 7.147811703383923 -5
      vertex -10.26267223060131 7.265465825796127 5
      vertex -10.26267223060131 7.265465825796127 -5
    endloop
  endfacet
  facet normal -0.03689656389358316 0.9993190899671871 0
    outer loop
      vertex -8.861417852342129 7.9945545718073845 -5
      vertex -8.713932022452354 8 5
      vertex -8.713932022452354 8 -5
    endloop
  endfacet
  facet normal 0 1 0
    outer loop
      vertex -8.713932022452354 8 -5
      vertex -8.163928784430027 8 5
      vertex -8.163928784430027 8 -5
    endloop
  endfacet
  facet normal 0.03708640035586153 0.9993120628255444 0
    outer loop
      vertex -8.163928784430027 8 -5
      vertex -7.904502667486668 7.990372195839882 5
      vertex -7.904502667486668 7.990372195839882 -5
    endloop
  endfacet
  facet normal 0.11105511619080129 0.993814248825125 0
    outer loop
      vertex -7.904502667486668 7.990372195839882 -5
      vertex -7.646503806114197 7.961541764438152 5
      vertex -7.646503806114197 7.961541764438152 -5
    endloop
  endfacet
  facet normal 0.18441287329340184 0.9828488653723276 0
    outer loop
      vertex -7.646503806114197 7.961541764438152 -5
      vertex -7.391351610422134 7.913667313754559 5
      vertex -7.391351610422134 7.913667313754559 -5
    endloop
  endfacet
  facet normal 0.25675609724095133 0.9664762317458174 0
    outer loop
      vertex -7.391351610422134 7.913667313754559 -5
      vertex -7.140449829399586 7.847012221813202 5
      vertex -7.140449829399586 7.847012221813202 -5
    endloop
  endfacet
  facet normal 0.3276866898837441 0.9447864485020067 0
    outer loop
      vertex -7.140449829399586 7.847012221813202 -5
      vertex -6.895178817212582 7.7619432136416435 5
      vertex -6.895178817212582 7.7619432136416435 -5
    endloop
  endfacet
  facet normal 0.3968145400791286 0.9178988074846757 0
    outer loop
      vertex -6.895178817212582 7.7619432136416435 -5
      vertex -6.656887963414192 7.658928290009499 5
      vertex -6.656887963414192 7.658928290009499 -5
    endloop
  endfacet
  facet normal 0.463759228552957 0.8859612733816113 0
    outer loop
      vertex -6.656887963414192 7.658928290009499 -5
      vertex -6.42688824236393 7.5385342091321945 5
      vertex -6.42688824236393 7.5385342091321945 -5
    endloop
  endfacet
  facet normal 0.528152514392014 0.8491495283761238 0
    outer loop
      vertex -6.42688824236393 7.5385342091321945 -5
      vertex -6.206445023417473 7.401423327624798 5
      vertex -6.206445023417473 7.401423327624798 -5
    endloop
  endfacet
  facet normal 0.589640136936293 0.807666087510024 0
    outer loop
      vertex -6.206445023417473 7.401423327624798 -5
      vertex -5.996771104633808 7.2483499720692635 5
      vertex -5.996771104633808 7.2483499720692635 -5
    endloop
  endfacet
  facet normal -0.9102491802571636 0.4140609011258629 0
    outer loop
      vertex -10.78883334249258 6.322333320975304 -5
      vertex -10.804041124880314 6.288901351392269 -5
      vertex -10.78883334249258 6.322333320975304 5
    endloop
  endfacet
  facet normal -0.938188378699797 0.34612507287488775 0
    outer loop
      vertex -10.804041124880314 6.288901351392269 -5
      vertex -10.81675373762846 6.25444321334362 -5
      vertex -10.804041124880314 6.288901351392269 5
    endloop
  endfacet
  facet normal -0.9610652778240375 0.27632142834207724 0
    outer loop
      vertex -10.81675373762846 6.25444321334362 -5
      vertex -10.826902575790882 6.219144843518734 -5
      vertex -10.81675373762846 6.25444321334362 5
    endloop
  endfacet
  facet normal -0.9787563611383955 0.20502679222756898 0
    outer loop
      vertex -10.826902575790882 6.219144843518734 -5
      vertex -10.834432877600193 6.18319670855999 -5
      vertex -10.826902575790882 6.219144843518734 5
    endloop
  endfacet
  facet normal -0.9911661547030063 0.13262599206511566 0
    outer loop
      vertex -10.834432877600193 6.18319670855999 -5
      vertex -10.839304015040398 6.146792784333229 -5
      vertex -10.834432877600193 6.18319670855999 5
    endloop
  endfacet
  facet normal -0.9982277513443163 0.05950929713977296 0
    outer loop
      vertex -10.839304015040398 6.146792784333229 -5
      vertex -10.84148969501257 6.110129497945309 -5
      vertex -10.839304015040398 6.146792784333229 5
    endloop
  endfacet
  facet normal -0.9999029991701136 -0.013928110087583568 0
    outer loop
      vertex -10.84148969501257 6.110129497945309 -5
      vertex -10.840978138148785 6.073404684662819 -5
      vertex -10.84148969501257 6.110129497945309 5
    endloop
  endfacet
  facet normal -0.9961828679448844 -0.08729085641179732 0
    outer loop
      vertex -10.840978138148785 6.073404684662819 -5
      vertex -10.837772086262703 6.0368165001273155 -5
      vertex -10.840978138148785 6.073404684662819 5
    endloop
  endfacet
  facet normal -0.9870874630615334 -0.16018220958254376 0
    outer loop
      vertex -10.837772086262703 6.0368165001273155 -5
      vertex -10.831888854503632 6.000562384724617 -5
      vertex -10.837772086262703 6.0368165001273155 5
    endloop
  endfacet
  facet normal -0.9726658349493201 -0.2322093312559638 0
    outer loop
      vertex -10.831888854503632 6.000562384724617 -5
      vertex -10.823360182344913 5.964837945997715 -5
      vertex -10.831888854503632 6.000562384724617 5
    endloop
  endfacet
  facet normal -0.9529957685456386 -0.30298360538832414 0
    outer loop
      vertex -10.823360182344913 5.964837945997715 -5
      vertex -10.812232084572315 5.929835952818394 -5
      vertex -10.823360182344913 5.964837945997715 5
    endloop
  endfacet
  facet normal -0.9281834355934832 -0.3721229768367956 0
    outer loop
      vertex -10.812232084572315 5.929835952818394 -5
      vertex -10.798564612865448 5.895745284855366 -5
      vertex -10.812232084572315 5.929835952818394 5
    endloop
  endfacet
  facet normal -0.8983628425267127 -0.4392541441663638 0
    outer loop
      vertex -10.798564612865448 5.895745284855366 -5
      vertex -10.78243152052164 5.862749874591827 -5
      vertex -10.798564612865448 5.895745284855366 5
    endloop
  endfacet
  facet normal -0.8636945941729958 -0.5040155235668283 0
    outer loop
      vertex -10.78243152052164 5.862749874591827 -5
      vertex -10.763919845223427 5.831027768552303 -5
      vertex -10.78243152052164 5.862749874591827 5
    endloop
  endfacet
  facet normal -0.8243660847998718 -0.5660570273671465 0
    outer loop
      vertex -10.763919845223427 5.831027768552303 -5
      vertex -10.74312949180603 5.800750143826008 -5
      vertex -10.763919845223427 5.831027768552303 5
    endloop
  endfacet
  facet normal -0.7805893241024703 -0.6250442441117656 0
    outer loop
      vertex -10.74312949180603 5.800750143826008 -5
      vertex -10.720172628760338 5.772080361843109 -5
      vertex -10.74312949180603 5.800750143826008 5
    endloop
  endfacet
  facet normal -0.7326005614421001 -0.6806588112811879 0
    outer loop
      vertex -10.720172628760338 5.772080361843109 -5
      vertex -10.695173136889935 5.745173133909702 -5
      vertex -10.720172628760338 5.772080361843109 5
    endloop
  endfacet
  facet normal -0.7071067811865476 -0.7071067811865476 0
    outer loop
      vertex -10.695173136889935 5.745173133909702 -5
      vertex -9.950000002980232 5 -5
      vertex -10.695173136889935 5.745173133909702 5
    endloop
  endfacet
  facet normal 0.48206062106134046 -0.8761378645064685 0
    outer loop
      vertex -7.418892852962017 6.040249265730381 -5
      vertex -7.356141373515129 6.074775815010071 -5
      vertex -7.418892852962017 6.040249265730381 5
    endloop
  endfacet
  facet normal 0.5435354291746032 -0.8393862264964679 0
    outer loop
      vertex -7.418892852962017 6.040249265730381 -5
      vertex -7.479012079536915 6.0013197138905525 5
      vertex -7.479012079536915 6.0013197138905525 -5
    endloop
  endfacet
  facet normal 0.6022219560368469 -0.7983287015178359 0
    outer loop
      vertex -7.479012079536915 6.0013197138905525 -5
      vertex -7.536190651357174 5.958186864852905 5
      vertex -7.536190651357174 5.958186864852905 -5
    endloop
  endfacet
  facet normal 0.284122154101746 -0.9587880900118564 0
    outer loop
      vertex -7.224041119217873 6.129934951663017 -5
      vertex -7.1553699895739555 6.150284588336945 -5
      vertex -7.224041119217873 6.129934951663017 5
    endloop
  endfacet
  facet normal 0.35202038246019957 -0.9359923345479785 0
    outer loop
      vertex -7.224041119217873 6.129934951663017 -5
      vertex -7.291079543530941 6.104722253978252 5
      vertex -7.291079543530941 6.104722253978252 -5
    endloop
  endfacet
  facet normal 0.2147662935673706 -0.9766654694148524 0
    outer loop
      vertex -7.085418440401554 6.16566675901413 -5
      vertex -7.1553699895739555 6.150284588336945 5
      vertex -7.1553699895739555 6.150284588336945 -5
    endloop
  endfacet
  facet normal 0.1443086437718166 -0.9895327257512704 0
    outer loop
      vertex -7.014545291662216 6.17600255459547 -5
      vertex -7.085418440401554 6.16566675901413 5
      vertex -7.085418440401554 6.16566675901413 -5
    endloop
  endfacet
  facet normal 0.07311099819746031 -0.9973238099747599 0
    outer loop
      vertex -7.014545291662216 6.17600255459547 -5
      vertex -6.943114131689072 6.1812389716506 -5
      vertex -7.014545291662216 6.17600255459547 5
    endloop
  endfacet
  facet normal 0.001538012730532403 -0.9999988172577209 0
    outer loop
      vertex -6.943114131689072 6.1812389716506 -5
      vertex -6.871491380035877 6.181349128484726 -5
      vertex -6.943114131689072 6.1812389716506 5
    endloop
  endfacet
  facet normal -0.07004266814122727 -0.997543996342847 0
    outer loop
      vertex -6.871491380035877 6.181349128484726 -5
      vertex -6.800044447183609 6.176332473754883 -5
      vertex -6.871491380035877 6.181349128484726 5
    endloop
  endfacet
  facet normal -0.14126424311843166 -0.9899719256707115 0
    outer loop
      vertex -6.800044447183609 6.176332473754883 -5
      vertex -6.729139842092991 6.166214726865292 -5
      vertex -6.800044447183609 6.176332473754883 5
    endloop
  endfacet
  facet normal -0.21176089013805333 -0.9773215056510008 0
    outer loop
      vertex -6.729139842092991 6.166214726865292 -5
      vertex -6.659141302108765 6.151047810912132 -5
      vertex -6.729139842092991 6.166214726865292 5
    endloop
  endfacet
  facet normal 0.41811299008812974 -0.9083950283437066 0
    outer loop
      vertex -7.291079543530941 6.104722253978252 -5
      vertex -7.356141373515129 6.074775815010071 5
      vertex -7.356141373515129 6.074775815010071 -5
    endloop
  endfacet
  facet normal -0.28117151010693925 -0.9596575336567642 0
    outer loop
      vertex -6.659141302108765 6.151047810912132 -5
      vertex -6.590407907962799 6.130909509956837 -5
      vertex -6.659141302108765 6.151047810912132 5
    endloop
  endfacet
  facet normal -0.34913950599262095 -0.9370707579234497 0
    outer loop
      vertex -6.590407907962799 6.130909509956837 -5
      vertex -6.523292243480682 6.105903148651123 -5
      vertex -6.590407907962799 6.130909509956837 5
    endloop
  endfacet
  facet normal -0.4153166738454237 -0.9096768989184972 0
    outer loop
      vertex -6.523292243480682 6.105903148651123 -5
      vertex -6.458138599991798 6.076156988739967 -5
      vertex -6.523292243480682 6.105903148651123 5
    endloop
  endfacet
  facet normal -0.4793633300387812 -0.8776165437217616 0
    outer loop
      vertex -6.458138599991798 6.076156988739967 -5
      vertex -6.395281210541725 6.041823625564575 -5
      vertex -6.458138599991798 6.076156988739967 5
    endloop
  endfacet
  facet normal -0.540950725199791 -0.8410542865391153 0
    outer loop
      vertex -6.395281210541725 6.041823625564575 -5
      vertex -6.335042513906956 6.0030791983008385 -5
      vertex -6.395281210541725 6.041823625564575 5
    endloop
  endfacet
  facet normal 0.6578191973621895 -0.7531758782527258 0
    outer loop
      vertex -7.536190651357174 5.958186864852905 -5
      vertex -7.590135246515274 5.911071985960007 5
      vertex -7.590135246515274 5.911071985960007 -5
    endloop
  endfacet
  facet normal 0.7100419766204449 -0.7041593508836843 0
    outer loop
      vertex -7.590135246515274 5.911071985960007 -5
      vertex -7.640569135546684 5.8602167665958405 5
      vertex -7.640569135546684 5.8602167665958405 -5
    endloop
  endfacet
  facet normal 0.734803445542963 -0.6782801017413012 0
    outer loop
      vertex -7.640569135546684 5.8602167665958405 -5
      vertex -7.852205164730549 5.630944401025772 5
      vertex -7.852205164730549 5.630944401025772 -5
    endloop
  endfacet
  facet normal 0.7595674345654254 -0.6504285605258262 0
    outer loop
      vertex -7.852205164730549 5.630944401025772 -5
      vertex -7.924914643168449 5.54603461176157 5
      vertex -7.924914643168449 5.54603461176157 -5
    endloop
  endfacet
  facet normal 0.8058974862113583 -0.5920551002383255 0
    outer loop
      vertex -7.924914643168449 5.54603461176157 -5
      vertex -7.99109873175621 5.455945715308189 5
      vertex -7.99109873175621 5.455945715308189 -5
    endloop
  endfacet
  facet normal 0.8477515818222879 -0.5303934912098835 0
    outer loop
      vertex -7.99109873175621 5.455945715308189 -5
      vertex -8.050389848649502 5.3611780777573586 5
      vertex -8.050389848649502 5.3611780777573586 -5
    endloop
  endfacet
  facet normal 0.8848973894664726 -0.4657860132243365 0
    outer loop
      vertex -8.050389848649502 5.3611780777573586 -5
      vertex -8.10245868563652 5.262258023023605 5
      vertex -8.10245868563652 5.262258023023605 -5
    endloop
  endfacet
  facet normal -0.5707231771786276 -0.8211425302778641 0
    outer loop
      vertex -6.335042513906956 6.0030791983008385 -5
      vertex -3.4715457558631897 4.012847408652306 -5
      vertex -6.335042513906956 6.0030791983008385 5
    endloop
  endfacet
  facet normal 0.6191879088390376 0.7852428500454746 0
    outer loop
      vertex -5.996771104633808 7.2483499720692635 -5
      vertex -3.0709395483136177 4.941242657601833 5
      vertex -3.0709395483136177 4.941242657601833 -5
    endloop
  endfacet
  facet normal 0.9171285159383071 -0.39859162717347496 0
    outer loop
      vertex -8.10245868563652 5.262258023023605 -5
      vertex -8.147016063332558 5.159734942018986 5
      vertex -8.147016063332558 5.159734942018986 -5
    endloop
  endfacet
  facet normal 0.9442659670440673 -0.3291835103438997 0
    outer loop
      vertex -8.147016063332558 5.159734942018986 -5
      vertex -8.183814510703087 5.0541782528162 5
      vertex -8.183814510703087 5.0541782528162 -5
    endloop
  endfacet
  facet normal 0.9661590287023574 -0.25794714818527703 0
    outer loop
      vertex -8.183814510703087 5.0541782528162 -5
      vertex -8.212649658322334 4.946174196898937 5
      vertex -8.212649658322334 4.946174196898937 -5
    endloop
  endfacet
  facet normal 0.982686126658966 -0.18527810575456177 0
    outer loop
      vertex -8.212649658322334 4.946174196898937 -5
      vertex -8.233361348509789 4.836322627961636 5
      vertex -8.233361348509789 4.836322627961636 -5
    endloop
  endfacet
  facet normal 0.9937554488505634 -0.11158005144207182 0
    outer loop
      vertex -8.233361348509789 4.836322627961636 -5
      vertex -8.245834551751614 4.725233651697636 5
      vertex -8.245834551751614 4.725233651697636 -5
    endloop
  endfacet
  facet normal 0.9993055172770478 -0.03726235553010655 0
    outer loop
      vertex -8.245834551751614 4.725233651697636 -5
      vertex -8.25 4.613524250686169 5
      vertex -8.25 4.613524250686169 -5
    endloop
  endfacet
  facet normal -1 0 0
    outer loop
      vertex -9.950000002980232 5 -5
      vertex -9.950000002980232 0.1414213553071022 -5
      vertex -9.950000002980232 5 5
    endloop
  endfacet
  facet normal -0.540708695002451 -0.8412099067110101 0
    outer loop
      vertex -3.4715457558631897 4.012847408652306 -5
      vertex -3.107142820954323 3.778618313372135 -5
      vertex -3.4715457558631897 4.012847408652306 5
    endloop
  endfacet
  facet normal 0.5912158655405244 0.8065133602942784 0
    outer loop
      vertex -3.0709395483136177 4.941242657601833 -5
      vertex -2.787568673491478 4.733517199754715 5
      vertex -2.787568673491478 4.733517199754715 -5
    endloop
  endfacet
  facet normal 0.5331169726024041 0.8460415436154702 0
    outer loop
      vertex -2.787568673491478 4.733517199754715 -5
      vertex -2.490309454500675 4.546204961836338 5
      vertex -2.490309454500675 4.546204961836338 -5
    endloop
  endfacet
  facet normal 0.47238560095366794 0.8813919922552292 0
    outer loop
      vertex -2.490309454500675 4.546204961836338 -5
      vertex -2.180629752576351 4.380230873823166 5
      vertex -2.180629752576351 4.380230873823166 -5
    endloop
  endfacet
  facet normal 0.4093215644492487 0.9123901889415622 0
    outer loop
      vertex -2.180629752576351 4.380230873823166 -5
      vertex -1.8600587397813797 4.236414521932602 5
      vertex -1.8600587397813797 4.236414521932602 -5
    endloop
  endfacet
  facet normal 0.34423636426401233 0.9388830201459041 0
    outer loop
      vertex -1.8600587397813797 4.236414521932602 -5
      vertex -1.5301793962717056 4.115466050803661 5
      vertex -1.5301793962717056 4.115466050803661 -5
    endloop
  endfacet
  facet normal 0.27745130588161904 0.9607397008891557 0
    outer loop
      vertex -1.5301793962717056 4.115466050803661 -5
      vertex -1.1926206350326538 4.017982706427574 5
      vertex -1.1926206350326538 4.017982706427574 -5
    endloop
  endfacet
  facet normal 0.20929622080465904 0.9778522853462518 0
    outer loop
      vertex -1.1926206350326538 4.017982706427574 -5
      vertex -0.8490493223071098 3.9444458559155464 5
      vertex -0.8490493223071098 3.9444458559155464 -5
    endloop
  endfacet
  facet normal 0.14010764032929965 0.9901362780553774 0
    outer loop
      vertex -0.8490493223071098 3.9444458559155464 -5
      vertex -0.5011619850993156 3.8952186182141304 5
      vertex -0.5011619850993156 3.8952186182141304 -5
    endloop
  endfacet
  facet normal 0.07022721792177901 0.9975310210028392 0
    outer loop
      vertex -0.5011619850993156 3.8952186182141304 -5
      vertex -0.15067648887634277 3.8705440759658813 5
      vertex -0.15067648887634277 3.8705440759658813 -5
    endloop
  endfacet
  facet normal -0.47860520871224976 -0.878030212574433 0
    outer loop
      vertex -3.107142820954323 3.778618313372135 -5
      vertex -2.726789727807045 3.5712917670607567 -5
      vertex -3.107142820954323 3.778618313372135 5
    endloop
  endfacet
  facet normal -0.41400697089621774 -0.9102737105120297 0
    outer loop
      vertex -2.726789727807045 3.5712917670607567 -5
      vertex -2.3324690982699394 3.3919484689831734 -5
      vertex -2.726789727807045 3.5712917670607567 5
    endloop
  endfacet
  facet normal -0.3472506723610574 -0.9377723447323416 0
    outer loop
      vertex -2.3324690982699394 3.3919484689831734 -5
      vertex -1.926236368715763 3.2415232732892036 -5
      vertex -2.3324690982699394 3.3919484689831734 5
    endloop
  endfacet
  facet normal -0.2786843004506134 -0.9603827677974821 0
    outer loop
      vertex -1.926236368715763 3.2415232732892036 -5
      vertex -1.510209046304226 3.1208002790808678 -5
      vertex -1.926236368715763 3.2415232732892036 5
    endloop
  endfacet
  facet normal -0.2086652935462431 -0.9779871140609473 0
    outer loop
      vertex -1.510209046304226 3.1208002790808678 -5
      vertex -1.0865557193756104 3.0304087549448013 -5
      vertex -1.510209046304226 3.1208002790808678 5
    endloop
  endfacet
  facet normal -0.13755857410920627 -0.9904936338457921 0
    outer loop
      vertex -1.0865557193756104 3.0304087549448013 -5
      vertex -0.657484695315361 2.9708198830485344 -5
      vertex -1.0865557193756104 3.0304087549448013 5
    endloop
  endfacet
  facet normal -0.06573483554121858 -0.9978371266877021 0
    outer loop
      vertex -0.657484695315361 2.9708198830485344 -5
      vertex -0.2252325564622879 2.942344270646572 -5
      vertex -0.657484695315361 2.9708198830485344 5
    endloop
  endfacet
  facet normal 0.006431550941105519 -0.9999793173623603 0
    outer loop
      vertex -0.2252325564622879 2.942344270646572 -5
      vertex 0.20794755220413208 2.9451303482055664 -5
      vertex -0.2252325564622879 2.942344270646572 5
    endloop
  endfacet
  facet normal 0 0 -1
    outer loop
      vertex 5.300688743591309 5.284995868802071 -5
      vertex 6.046771101653576 7.2483499720692635 -5
      vertex 5.438373140990734 5.327025666832924 -5
    endloop
  endfacet
  facet normal 0 0 -1
    outer loop
      vertex 5.438373140990734 5.327025666832924 -5
      vertex 6.046771101653576 7.2483499720692635 -5
      vertex 5.578724145889282 5.359042726457119 -5
    endloop
  endfacet
  facet normal 0 0 -1
    outer loop
      vertex 5.578724145889282 5.359042726457119 -5
      vertex 6.046771101653576 7.2483499720692635 -5
      vertex 5.721014626324177 5.380881167948246 -5
    endloop
  endfacet
  facet normal 0 0 -1
    outer loop
      vertex 5.721014626324177 5.380881167948246 -5
      vertex 6.046771101653576 7.2483499720692635 -5
      vertex 5.864507377147675 5.39242784678936 -5
    endloop
  endfacet
  facet normal 0 0 -1
    outer loop
      vertex 6.046771101653576 7.2483499720692635 -5
      vertex 4.790599584579468 5.021856844425201 -5
      vertex 3.120939552783966 4.941242657601833 -5
    endloop
  endfacet
  facet normal 0 0 -1
    outer loop
      vertex 5.300688743591309 5.284995868802071 -5
      vertex 5.166384279727936 5.233171075582504 -5
      vertex 6.046771101653576 7.2483499720692635 -5
    endloop
  endfacet
  facet normal 0 0 -1
    outer loop
      vertex 6.046771101653576 7.2483499720692635 -5
      vertex 5.166384279727936 5.233171075582504 -5
      vertex 5.036155574023724 5.171819783747196 -5
    endloop
  endfacet
  facet normal 0 0 -1
    outer loop
      vertex 6.046771101653576 7.2483499720692635 -5
      vertex 5.036155574023724 5.171819783747196 -5
      vertex 4.9106773138046265 5.101259857416153 -5
    endloop
  endfacet
  facet normal 0 0 -1
    outer loop
      vertex 6.046771101653576 7.2483499720692635 -5
      vertex 4.9106773138046265 5.101259857416153 -5
      vertex 4.790599584579468 5.021856844425201 -5
    endloop
  endfacet
  facet normal 0 0 -1
    outer loop
      vertex 7.6965038031339645 7.961541764438152 -5
      vertex 6.966991849243641 5.118331491947174 -5
      vertex 7.441351614892483 7.913667313754559 -5
    endloop
  endfacet
  facet normal 0 0 -1
    outer loop
      vertex 6.70688796043396 7.658928290009499 -5
      vertex 6.709130011498928 5.245979033410549 -5
      vertex 6.4768882393836975 7.5385342091321945 -5
    endloop
  endfacet
  facet normal 0 0 -1
    outer loop
      vertex 6.256445027887821 7.401423327624798 -5
      vertex 6.435620374977589 5.335304871201515 -5
      vertex 6.046771101653576 7.2483499720692635 -5
    endloop
  endfacet
  facet normal 0 0 -1
    outer loop
      vertex 6.4768882393836975 7.5385342091321945 -5
      vertex 6.573983617126942 5.295566827058792 -5
      vertex 6.256445027887821 7.401423327624798 -5
    endloop
  endfacet
  facet normal 0 0 -1
    outer loop
      vertex 6.945178814232349 7.7619432136416435 -5
      vertex 6.709130011498928 5.245979033410549 -5
      vertex 6.70688796043396 7.658928290009499 -5
    endloop
  endfacet
  facet normal 0 0 -1
    outer loop
      vertex 7.1904498264193535 7.847012221813202 -5
      vertex 6.840359382331371 5.186798386275768 -5
      vertex 6.945178814232349 7.7619432136416435 -5
    endloop
  endfacet
  facet normal 0 0 -1
    outer loop
      vertex 7.1904498264193535 7.847012221813202 -5
      vertex 7.441351614892483 7.913667313754559 -5
      vertex 6.966991849243641 5.118331491947174 -5
    endloop
  endfacet
  facet normal 0 0 -1
    outer loop
      vertex 7.6965038031339645 7.961541764438152 -5
      vertex 7.954502664506435 7.990372195839882 -5
      vertex 7.088371343910694 5.040933080017567 -5
    endloop
  endfacet
  facet normal 0 0 -1
    outer loop
      vertex 7.954502664506435 7.990372195839882 -5
      vertex 8.213928788900375 8 -5
      vertex 7.088371343910694 5.040933080017567 -5
    endloop
  endfacet
  facet normal 0 0 -1
    outer loop
      vertex 8.213928788900375 8 -5
      vertex 9.5 8 -5
      vertex 7.203869022428989 4.955004125833511 -5
    endloop
  endfacet
  facet normal 0 0 -1
    outer loop
      vertex 9.5 8 -5
      vertex 9.607008777558804 7.996178172528744 -5
      vertex 9.950000002980232 5 -5
    endloop
  endfacet
  facet normal 0 0 -1
    outer loop
      vertex 9.607008777558804 7.996178172528744 -5
      vertex 9.713472254574299 7.984732165932655 -5
      vertex 9.950000002980232 5 -5
    endloop
  endfacet
  facet normal 0 0 -1
    outer loop
      vertex 9.713472254574299 7.984732165932655 -5
      vertex 9.818847931921482 7.965720295906067 -5
      vertex 9.950000002980232 5 -5
    endloop
  endfacet
  facet normal 0 0 -1
    outer loop
      vertex 9.818847931921482 7.965720295906067 -5
      vertex 9.922598838806152 7.939239457249641 -5
      vertex 9.950000002980232 5 -5
    endloop
  endfacet
  facet normal 0 0 -1
    outer loop
      vertex 9.922598838806152 7.939239457249641 -5
      vertex 10.02419626712799 7.90542458742857 -5
      vertex 9.950000002980232 5 -5
    endloop
  endfacet
  facet normal 0 0 -1
    outer loop
      vertex 10.02419626712799 7.90542458742857 -5
      vertex 10.1231225207448 7.864447996020317 -5
      vertex 9.950000002980232 5 -5
    endloop
  endfacet
  facet normal 0 0 -1
    outer loop
      vertex 10.1231225207448 7.864447996020317 -5
      vertex 10.218873478472233 7.816518485546112 -5
      vertex 9.950000002980232 5 -5
    endloop
  endfacet
  facet normal 0 0 -1
    outer loop
      vertex 10.218873478472233 7.816518485546112 -5
      vertex 10.310961224138737 7.761880300939083 -5
      vertex 9.950000002980232 5 -5
    endloop
  endfacet
  facet normal 0 0 -1
    outer loop
      vertex 10.310961224138737 7.761880300939083 -5
      vertex 10.398916497826576 7.700811862945557 -5
      vertex 9.950000002980232 5 -5
    endloop
  endfacet
  facet normal 0 0 -1
    outer loop
      vertex 10.398916497826576 7.700811862945557 -5
      vertex 10.482291102409363 7.633624359965324 -5
      vertex 9.950000002980232 5 -5
    endloop
  endfacet
  facet normal 0 0 -1
    outer loop
      vertex 10.482291102409363 7.633624359965324 -5
      vertex 10.560660168528557 7.560660168528557 -5
      vertex 9.950000002980232 5 -5
    endloop
  endfacet
  facet normal 0 0 -1
    outer loop
      vertex 10.560660168528557 7.560660168528557 -5
      vertex 10.633624359965324 7.482291102409363 -5
      vertex 9.950000002980232 5 -5
    endloop
  endfacet
  facet normal 0 0 -1
    outer loop
      vertex 10.633624359965324 7.482291102409363 -5
      vertex 10.700811862945557 7.398916497826576 -5
      vertex 9.950000002980232 5 -5
    endloop
  endfacet
  facet normal 0 0 -1
    outer loop
      vertex 5.864507377147675 5.39242784678936 -5
      vertex 6.046771101653576 7.2483499720692635 -5
      vertex 6.008459001779556 5.393622934818268 -5
    endloop
  endfacet
  facet normal 0 0 -1
    outer loop
      vertex 6.046771101653576 7.2483499720692635 -5
      vertex 6.152123689651489 5.3844602555036545 -5
      vertex 6.008459001779556 5.393622934818268 -5
    endloop
  endfacet
  facet normal 0 0 -1
    outer loop
      vertex 6.046771101653576 7.2483499720692635 -5
      vertex 6.294757135212421 5.364987269043922 -5
      vertex 6.152123689651489 5.3844602555036545 -5
    endloop
  endfacet
  facet normal 0 0 -1
    outer loop
      vertex 6.046771101653576 7.2483499720692635 -5
      vertex 6.435620374977589 5.335304871201515 -5
      vertex 6.294757135212421 5.364987269043922 -5
    endloop
  endfacet
  facet normal 0 0 -1
    outer loop
      vertex 6.4768882393836975 7.5385342091321945 -5
      vertex 6.709130011498928 5.245979033410549 -5
      vertex 6.573983617126942 5.295566827058792 -5
    endloop
  endfacet
  facet normal 0 0 -1
    outer loop
      vertex 6.256445027887821 7.401423327624798 -5
      vertex 6.573983617126942 5.295566827058792 -5
      vertex 6.435620374977589 5.335304871201515 -5
    endloop
  endfacet
  facet normal 0 0 -1
    outer loop
      vertex 6.945178814232349 7.7619432136416435 -5
      vertex 6.840359382331371 5.186798386275768 -5
      vertex 6.709130011498928 5.245979033410549 -5
    endloop
  endfacet
  facet normal 0 0 -1
    outer loop
      vertex 7.1904498264193535 7.847012221813202 -5
      vertex 6.966991849243641 5.118331491947174 -5
      vertex 6.840359382331371 5.186798386275768 -5
    endloop
  endfacet
  facet normal 0 0 -1
    outer loop
      vertex 7.6965038031339645 7.961541764438152 -5
      vertex 7.088371343910694 5.040933080017567 -5
      vertex 6.966991849243641 5.118331491947174 -5
    endloop
  endfacet
  facet normal 0 0 -1
    outer loop
      vertex 8.213928788900375 8 -5
      vertex 7.203869022428989 4.955004125833511 -5
      vertex 7.088371343910694 5.040933080017567 -5
    endloop
  endfacet
  facet normal 0 0 -1
    outer loop
      vertex 9.5 8 -5
      vertex 7.312886498868465 4.860989831387997 -5
      vertex 7.203869022428989 4.955004125833511 -5
    endloop
  endfacet
  facet normal 0 0 -1
    outer loop
      vertex 9.5 8 -5
      vertex 9.950000002980232 5 -5
      vertex 7.312886498868465 4.860989831387997 -5
    endloop
  endfacet
  facet normal 0 0 -1
    outer loop
      vertex 10.700811862945557 7.398916497826576 -5
      vertex 10.761880300939083 7.310961224138737 -5
      vertex 9.950000002980232 5 -5
    endloop
  endfacet
  facet normal 0 0 -1
    outer loop
      vertex 10.761880300939083 7.310961224138737 -5
      vertex 10.816518485546112 7.218873478472233 -5
      vertex 9.950000002980232 5 -5
    endloop
  endfacet
  facet normal 0 0 -1
    outer loop
      vertex 10.816518485546112 7.218873478472233 -5
      vertex 10.864447996020317 7.123122520744801 -5
      vertex 9.950000002980232 5 -5
    endloop
  endfacet
  facet normal 0 0 -1
    outer loop
      vertex 10.864447996020317 7.123122520744801 -5
      vertex 10.90542458742857 7.024196267127991 -5
      vertex 9.950000002980232 5 -5
    endloop
  endfacet
  facet normal 0 0 -1
    outer loop
      vertex 10.90542458742857 7.024196267127991 -5
      vertex 10.939239457249641 6.922598838806152 -5
      vertex 9.950000002980232 5 -5
    endloop
  endfacet
  facet normal 0 0 -1
    outer loop
      vertex 10.939239457249641 6.922598838806152 -5
      vertex 10.965720295906067 6.818847931921482 -5
      vertex 9.950000002980232 5 -5
    endloop
  endfacet
  facet normal 0 0 -1
    outer loop
      vertex 10.965720295906067 6.818847931921482 -5
      vertex 10.984732165932655 6.713472254574299 -5
      vertex 9.950000002980232 5 -5
    endloop
  endfacet
  facet normal 0 0 -1
    outer loop
      vertex 10.984732165932655 6.713472254574299 -5
      vertex 10.996178172528744 6.607008777558804 -5
      vertex 9.950000002980232 5 -5
    endloop
  endfacet
  facet normal 0 0 -1
    outer loop
      vertex 10.996178172528744 6.607008777558804 -5
      vertex 11 6.5 -5
      vertex 9.950000002980232 5 -5
    endloop
  endfacet
  facet normal 0 0 -1
    outer loop
      vertex 11 6.5 -5
      vertex 11 6.214285716414452 -5
      vertex 9.950000002980232 5 -5
    endloop
  endfacet
  facet normal 0 0 -1
    outer loop
      vertex 11 6.214285716414452 -5
      vertex 10.998645760118961 6.177510604262352 -5
      vertex 9.950000002980232 5 -5
    endloop
  endfacet
  facet normal 0 0 -1
    outer loop
      vertex 10.998645760118961 6.177510604262352 -5
      vertex 10.994590364396572 6.1409347131848335 -5
      vertex 9.950000002980232 5 -5
    endloop
  endfacet
  facet normal 0 0 -1
    outer loop
      vertex 10.994590364396572 6.1409347131848335 -5
      vertex 10.987855792045593 6.104756154119968 -5
      vertex 9.950000002980232 5 -5
    endloop
  endfacet
  facet normal 0 0 -1
    outer loop
      vertex 10.987855792045593 6.104756154119968 -5
      vertex 10.978478521108627 6.069170914590359 -5
      vertex 9.950000002980232 5 -5
    endloop
  endfacet
  facet normal 0 0 -1
    outer loop
      vertex 10.978478521108627 6.069170914590359 -5
      vertex 10.966509342193604 6.034371756017208 -5
      vertex 9.950000002980232 5 -5
    endloop
  endfacet
  facet normal 0 0 -1
    outer loop
      vertex 10.966509342193604 6.034371756017208 -5
      vertex 10.952013105154037 6.00054719299078 -5
      vertex 9.950000002980232 5 -5
    endloop
  endfacet
  facet normal 0 0 -1
    outer loop
      vertex 10.952013105154037 6.00054719299078 -5
      vertex 10.935068316757679 5.967880442738533 -5
      vertex 9.950000002980232 5 -5
    endloop
  endfacet
  facet normal 0 0 -1
    outer loop
      vertex 10.935068316757679 5.967880442738533 -5
      vertex 10.915766783058643 5.9365484565496445 -5
      vertex 9.950000002980232 5 -5
    endloop
  endfacet
  facet normal 0 0 -1
    outer loop
      vertex 10.915766783058643 5.9365484565496445 -5
      vertex 10.894213050603867 5.906720966100693 -5
      vertex 9.950000002980232 5 -5
    endloop
  endfacet
  facet normal 0 0 -1
    outer loop
      vertex 10.870523877441883 5.878559552133083 -5
      vertex 9.950000002980232 5 -5
      vertex 10.894213050603867 5.906720966100693 -5
    endloop
  endfacet
  facet normal 0 0 -1
    outer loop
      vertex 10.870523877441883 5.878559552133083 -5
      vertex 10.844827584922314 5.852216750383377 -5
      vertex 9.950000002980232 5 -5
    endloop
  endfacet
  facet normal 0 0 -1
    outer loop
      vertex 2.8375686779618263 4.733517199754715 -5
      vertex 3.078862525522709 3.8184047862887383 -5
      vertex 2.5403094589710236 4.546204961836338 -5
    endloop
  endfacet
  facet normal 0 0 -1
    outer loop
      vertex 1.910058744251728 4.236414521932602 -5
      vertex 2.230629749596119 4.380230873823166 -5
      vertex 2.3092265725135803 3.4218024238944054 -5
    endloop
  endfacet
  facet normal 0 0 -1
    outer loop
      vertex 2.5403094589710236 4.546204961836338 -5
      vertex 2.701207712292671 3.6062029600143433 -5
      vertex 2.230629749596119 4.380230873823166 -5
    endloop
  endfacet
  facet normal 0 0 -1
    outer loop
      vertex 2.5403094589710236 4.546204961836338 -5
      vertex 3.078862525522709 3.8184047862887383 -5
      vertex 2.701207712292671 3.6062029600143433 -5
    endloop
  endfacet
  facet normal 0 0 -1
    outer loop
      vertex 2.8375686779618263 4.733517199754715 -5
      vertex 3.120939552783966 4.941242657601833 -5
      vertex 3.4402224645018578 4.057301759719849 -5
    endloop
  endfacet
  facet normal 0 0 -1
    outer loop
      vertex 3.120939552783966 4.941242657601833 -5
      vertex 4.790599584579468 5.021856844425201 -5
      vertex 3.4402224645018578 4.057301759719849 -5
    endloop
  endfacet
  facet normal 0 0 -1
    outer loop
      vertex 2.8375686779618263 4.733517199754715 -5
      vertex 3.4402224645018578 4.057301759719849 -5
      vertex 3.078862525522709 3.8184047862887383 -5
    endloop
  endfacet
  facet normal 0 0 -1
    outer loop
      vertex -0.15067648887634277 3.8705440759658813 -5
      vertex 0.20067649334669113 3.8705440759658813 -5
      vertex 0.20794755220413208 2.9451303482055664 -5
    endloop
  endfacet
  facet normal 0 0 -1
    outer loop
      vertex 0.551161989569664 3.8952186182141304 -5
      vertex 0.6397976577281952 2.9791636019945145 -5
      vertex 0.20067649334669113 3.8705440759658813 -5
    endloop
  endfacet
  facet normal 0 0 -1
    outer loop
      vertex 0.551161989569664 3.8952186182141304 -5
      vertex 0.8990493193268776 3.9444458559155464 -5
      vertex 0.6397976577281952 2.9791636019945145 -5
    endloop
  endfacet
  facet normal 0 0 -1
    outer loop
      vertex 1.2426206395030022 4.017982706427574 -5
      vertex 1.5801793932914734 4.115466050803661 -5
      vertex 1.490522287786007 3.1401000544428825 -5
    endloop
  endfacet
  facet normal 0 0 -1
    outer loop
      vertex 0.8990493193268776 3.9444458559155464 -5
      vertex 1.2426206395030022 4.017982706427574 -5
      vertex 1.068066693842411 3.0442666187882423 -5
    endloop
  endfacet
  facet normal 0 0 -1
    outer loop
      vertex 0.20067649334669113 3.8705440759658813 -5
      vertex 0.6397976577281952 2.9791636019945145 -5
      vertex 0.20794755220413208 2.9451303482055664 -5
    endloop
  endfacet
  facet normal 0 0 -1
    outer loop
      vertex 1.2426206395030022 4.017982706427574 -5
      vertex 1.490522287786007 3.1401000544428825 -5
      vertex 1.068066693842411 3.0442666187882423 -5
    endloop
  endfacet
  facet normal 0 0 -1
    outer loop
      vertex 0.8990493193268776 3.9444458559155464 -5
      vertex 1.068066693842411 3.0442666187882423 -5
      vertex 0.6397976577281952 2.9791636019945145 -5
    endloop
  endfacet
  facet normal 0 0 -1
    outer loop
      vertex 1.910058744251728 4.236414521932602 -5
      vertex 1.904962345957756 3.2661643624305725 -5
      vertex 1.5801793932914734 4.115466050803661 -5
    endloop
  endfacet
  facet normal 0 0 -1
    outer loop
      vertex 1.910058744251728 4.236414521932602 -5
      vertex 2.3092265725135803 3.4218024238944054 -5
      vertex 1.904962345957756 3.2661643624305725 -5
    endloop
  endfacet
  facet normal 0 0 -1
    outer loop
      vertex 2.230629749596119 4.380230873823166 -5
      vertex 2.701207712292671 3.6062029600143433 -5
      vertex 2.3092265725135803 3.4218024238944054 -5
    endloop
  endfacet
  facet normal 0 0 -1
    outer loop
      vertex 1.5801793932914734 4.115466050803661 -5
      vertex 1.904962345957756 3.2661643624305725 -5
      vertex 1.490522287786007 3.1401000544428825 -5
    endloop
  endfacet
  facet normal 0 0 -1
    outer loop
      vertex 7.312886498868465 4.860989831387997 -5
      vertex 9.950000002980232 5 -5
      vertex 7.414858959615231 4.759377263486385 -5
    endloop
  endfacet
  facet normal 0 0 -1
    outer loop
      vertex 7.414858959615231 4.759377263486385 -5
      vertex 9.950000002980232 5 -5
      vertex 7.509258113801479 4.650692872703075 -5
    endloop
  endfacet
  facet normal 0 0 -1
    outer loop
      vertex 7.509258113801479 4.650692872703075 -5
      vertex 9.950000002980232 5 -5
      vertex 7.595594882965088 4.535499729216099 -5
    endloop
  endfacet
  facet normal 0 0 -1
    outer loop
      vertex 7.595594882965088 4.535499729216099 -5
      vertex 9.950000002980232 5 -5
      vertex 7.673421964049339 4.41439463943243 -5
    endloop
  endfacet
  facet normal 0 0 -1
    outer loop
      vertex 7.673421964049339 4.41439463943243 -5
      vertex 9.950000002980232 5 -5
      vertex 7.74233615398407 4.288005039095879 -5
    endloop
  endfacet
  facet normal 0 0 -1
    outer loop
      vertex 7.74233615398407 4.288005039095879 -5
      vertex 9.950000002980232 5 -5
      vertex 7.801980413496494 4.156985722482204 -5
    endloop
  endfacet
  facet normal 0 0 -1
    outer loop
      vertex 7.801980413496494 4.156985722482204 -5
      vertex 9.950000002980232 5 -5
      vertex 7.852045722305775 4.022015497088432 -5
    endloop
  endfacet
  facet normal 0 0 -1
    outer loop
      vertex 7.852045722305775 4.022015497088432 -5
      vertex 9.950000002980232 5 -5
      vertex 8.05584591627121 3.4053892716765404 -5
    endloop
  endfacet
  facet normal 0 0 -1
    outer loop
      vertex 9.950000002980232 5 -5
      vertex 8.076318681240082 3.3348503485322 -5
      vertex 8.05584591627121 3.4053892716765404 -5
    endloop
  endfacet
  facet normal 0 0 -1
    outer loop
      vertex 9.950000002980232 5 -5
      vertex 8.091558650135994 3.26299899071455 -5
      vertex 8.076318681240082 3.3348503485322 -5
    endloop
  endfacet
  facet normal 0 0 -1
    outer loop
      vertex 9.950000002980232 5 -5
      vertex 8.101483598351479 3.190222829580307 -5
      vertex 8.091558650135994 3.26299899071455 -5
    endloop
  endfacet
  facet normal 0 0 -1
    outer loop
      vertex 9.950000002980232 5 -5
      vertex 8.106039986014366 3.1169144809246063 -5
      vertex 8.101483598351479 3.190222829580307 -5
    endloop
  endfacet
  facet normal 0 0 -1
    outer loop
      vertex 9.950000002980232 5 -5
      vertex 8.105203226208687 3.0434694439172745 -5
      vertex 8.106039986014366 3.1169144809246063 -5
    endloop
  endfacet
  facet normal 0 0 -1
    outer loop
      vertex 9.950000002980232 5 -5
      vertex 8.098977848887444 2.9702839329838753 -5
      vertex 8.105203226208687 3.0434694439172745 -5
    endloop
  endfacet
  facet normal 0 0 -1
    outer loop
      vertex 9.950000002980232 5 -5
      vertex 8.087397418916225 2.8977527767419815 -5
      vertex 8.098977848887444 2.9702839329838753 -5
    endloop
  endfacet
  facet normal 0 0 -1
    outer loop
      vertex 9.950000002980232 5 -5
      vertex 8.07052443176508 2.8262672796845436 -5
      vertex 8.087397418916225 2.8977527767419815 -5
    endloop
  endfacet
  facet normal 0 0 -1
    outer loop
      vertex 9.950000002980232 5 -5
      vertex 8.048449896275997 2.7562130987644196 -5
      vertex 8.07052443176508 2.8262672796845436 -5
    endloop
  endfacet
  facet normal 0 0 -1
    outer loop
      vertex 9.950000002980232 5 -5
      vertex 9.950000002980232 0.10000000149011612 -5
      vertex 8.048449896275997 2.7562130987644196 -5
    endloop
  endfacet
  facet normal -0.6191879098112726 0.7852428492788376 0
    outer loop
      vertex 6.046771101653576 7.2483499720692635 -5
      vertex 3.120939552783966 4.941242657601833 -5
      vertex 6.046771101653576 7.2483499720692635 5
    endloop
  endfacet
  facet normal 0.2224077552506166 -0.974953737571369 0
    outer loop
      vertex 5.438373140990734 5.327025666832924 -5
      vertex 5.578724145889282 5.359042726457119 -5
      vertex 5.438373140990734 5.327025666832924 5
    endloop
  endfacet
  facet normal 0.29196162997476394 -0.9564300322671174 0
    outer loop
      vertex 5.300688743591309 5.284995868802071 -5
      vertex 5.438373140990734 5.327025666832924 -5
      vertex 5.300688743591309 5.284995868802071 5
    endloop
  endfacet
  facet normal 0.36000293712411385 -0.932951169816519 0
    outer loop
      vertex 5.300688743591309 5.284995868802071 -5
      vertex 5.166384279727936 5.233171075582504 5
      vertex 5.166384279727936 5.233171075582504 -5
    endloop
  endfacet
  facet normal 0.15170158071896073 -0.9884263404054795 0
    outer loop
      vertex 5.578724145889282 5.359042726457119 -5
      vertex 5.721014626324177 5.380881167948246 -5
      vertex 5.578724145889282 5.359042726457119 5
    endloop
  endfacet
  facet normal 0.08020945819374582 -0.9967780308655814 0
    outer loop
      vertex 5.721014626324177 5.380881167948246 -5
      vertex 5.864507377147675 5.39242784678936 -5
      vertex 5.721014626324177 5.380881167948246 5
    endloop
  endfacet
  facet normal -0.2567560901191561 0.9664762336378084 0
    outer loop
      vertex 7.1904498264193535 7.847012221813202 -5
      vertex 7.441351614892483 7.913667313754559 5
      vertex 7.441351614892483 7.913667313754559 -5
    endloop
  endfacet
  facet normal -0.3968145400791286 0.9178988074846757 0
    outer loop
      vertex 6.945178814232349 7.7619432136416435 -5
      vertex 6.70688796043396 7.658928290009499 -5
      vertex 6.945178814232349 7.7619432136416435 5
    endloop
  endfacet
  facet normal -0.3276866898837441 0.9447864485020067 0
    outer loop
      vertex 7.1904498264193535 7.847012221813202 -5
      vertex 6.945178814232349 7.7619432136416435 -5
      vertex 7.1904498264193535 7.847012221813202 5
    endloop
  endfacet
  facet normal -0.463759228552957 0.8859612733816113 0
    outer loop
      vertex 6.70688796043396 7.658928290009499 -5
      vertex 6.4768882393836975 7.5385342091321945 -5
      vertex 6.70688796043396 7.658928290009499 5
    endloop
  endfacet
  facet normal -0.5281525272632746 0.84914952037048 0
    outer loop
      vertex 6.4768882393836975 7.5385342091321945 -5
      vertex 6.256445027887821 7.401423327624798 -5
      vertex 6.4768882393836975 7.5385342091321945 5
    endloop
  endfacet
  facet normal -0.5896401232685617 0.8076660974882105 0
    outer loop
      vertex 6.256445027887821 7.401423327624798 -5
      vertex 6.046771101653576 7.2483499720692635 -5
      vertex 6.256445027887821 7.401423327624798 5
    endloop
  endfacet
  facet normal -0.18441287849522442 0.9828488643963046 0
    outer loop
      vertex 7.6965038031339645 7.961541764438152 -5
      vertex 7.441351614892483 7.913667313754559 -5
      vertex 7.6965038031339645 7.961541764438152 5
    endloop
  endfacet
  facet normal -0.11105511619080129 0.993814248825125 0
    outer loop
      vertex 7.6965038031339645 7.961541764438152 -5
      vertex 7.954502664506435 7.990372195839882 5
      vertex 7.954502664506435 7.990372195839882 -5
    endloop
  endfacet
  facet normal -0.03708639929222474 0.9993120628650181 0
    outer loop
      vertex 7.954502664506435 7.990372195839882 -5
      vertex 8.213928788900375 8 5
      vertex 8.213928788900375 8 -5
    endloop
  endfacet
  facet normal 0 1 0
    outer loop
      vertex 8.213928788900375 8 -5
      vertex 9.5 8 5
      vertex 9.5 8 -5
    endloop
  endfacet
  facet normal 0.035692327198633016 0.9993628258941524 0
    outer loop
      vertex 9.5 8 -5
      vertex 9.607008777558804 7.996178172528744 5
      vertex 9.607008777558804 7.996178172528744 -5
    endloop
  endfacet
  facet normal 0.10689510405773878 0.9942703036541346 0
    outer loop
      vertex 9.607008777558804 7.996178172528744 -5
      vertex 9.713472254574299 7.984732165932655 5
      vertex 9.713472254574299 7.984732165932655 -5
    endloop
  endfacet
  facet normal 0.1775532512889915 0.9841111944067643 0
    outer loop
      vertex 9.713472254574299 7.984732165932655 -5
      vertex 9.818847931921482 7.965720295906067 5
      vertex 9.818847931921482 7.965720295906067 -5
    endloop
  endfacet
  facet normal 0.247306488299135 0.96893730490943 0
    outer loop
      vertex 9.818847931921482 7.965720295906067 -5
      vertex 9.922598838806152 7.939239457249641 5
      vertex 9.922598838806152 7.939239457249641 -5
    endloop
  endfacet
  facet normal 0.3157995778139601 0.9488259200994271 0
    outer loop
      vertex 9.922598838806152 7.939239457249641 -5
      vertex 10.02419626712799 7.90542458742857 5
      vertex 10.02419626712799 7.90542458742857 -5
    endloop
  endfacet
  facet normal 0.38268339637749377 0.9238795474178363 0
    outer loop
      vertex 10.02419626712799 7.90542458742857 -5
      vertex 10.1231225207448 7.864447996020317 5
      vertex 10.1231225207448 7.864447996020317 -5
    endloop
  endfacet
  facet normal 0.44761723410804044 0.8942252578234791 0
    outer loop
      vertex 10.1231225207448 7.864447996020317 -5
      vertex 10.218873478472233 7.816518485546112 5
      vertex 10.218873478472233 7.816518485546112 -5
    endloop
  endfacet
  facet normal 0.5102700314175376 0.8600142411827524 0
    outer loop
      vertex 10.218873478472233 7.816518485546112 -5
      vertex 10.310961224138737 7.761880300939083 5
      vertex 10.310961224138737 7.761880300939083 -5
    endloop
  endfacet
  facet normal 0.5703226373189522 0.8214207748538839 0
    outer loop
      vertex 10.310961224138737 7.761880300939083 -5
      vertex 10.398916497826576 7.700811862945557 5
      vertex 10.398916497826576 7.700811862945557 -5
    endloop
  endfacet
  facet normal 0.62746900941636 0.778641536409439 0
    outer loop
      vertex 10.398916497826576 7.700811862945557 -5
      vertex 10.482291102409363 7.633624359965324 5
      vertex 10.482291102409363 7.633624359965324 -5
    endloop
  endfacet
  facet normal 0.6814179701141619 0.7318944937663456 0
    outer loop
      vertex 10.482291102409363 7.633624359965324 -5
      vertex 10.560660168528557 7.560660168528557 5
      vertex 10.560660168528557 7.560660168528557 -5
    endloop
  endfacet
  facet normal 0.7318944937663456 0.6814179701141619 0
    outer loop
      vertex 10.560660168528557 7.560660168528557 -5
      vertex 10.633624359965324 7.482291102409363 5
      vertex 10.633624359965324 7.482291102409363 -5
    endloop
  endfacet
  facet normal 0.778641536409439 0.62746900941636 0
    outer loop
      vertex 10.633624359965324 7.482291102409363 -5
      vertex 10.700811862945557 7.398916497826576 5
      vertex 10.700811862945557 7.398916497826576 -5
    endloop
  endfacet
  facet normal 0.8214207748538839 0.5703226373189522 0
    outer loop
      vertex 10.700811862945557 7.398916497826576 -5
      vertex 10.761880300939083 7.310961224138737 5
      vertex 10.761880300939083 7.310961224138737 -5
    endloop
  endfacet
  facet normal 0.8600142411827524 0.5102700314175376 0
    outer loop
      vertex 10.761880300939083 7.310961224138737 -5
      vertex 10.816518485546112 7.218873478472233 5
      vertex 10.816518485546112 7.218873478472233 -5
    endloop
  endfacet
  facet normal 0.8942252578234791 0.44761723410804044 0
    outer loop
      vertex 10.816518485546112 7.218873478472233 -5
      vertex 10.864447996020317 7.123122520744801 5
      vertex 10.864447996020317 7.123122520744801 -5
    endloop
  endfacet
  facet normal 0.9238795474178363 0.38268339637749377 0
    outer loop
      vertex 10.864447996020317 7.123122520744801 -5
      vertex 10.90542458742857 7.024196267127991 5
      vertex 10.90542458742857 7.024196267127991 -5
    endloop
  endfacet
  facet normal 0.9488259200994271 0.3157995778139601 0
    outer loop
      vertex 10.90542458742857 7.024196267127991 -5
      vertex 10.939239457249641 6.922598838806152 5
      vertex 10.939239457249641 6.922598838806152 -5
    endloop
  endfacet
  facet normal 0.96893730490943 0.247306488299135 0
    outer loop
      vertex 10.939239457249641 6.922598838806152 -5
      vertex 10.965720295906067 6.818847931921482 5
      vertex 10.965720295906067 6.818847931921482 -5
    endloop
  endfacet
  facet normal 0.9841111944067643 0.1775532512889915 0
    outer loop
      vertex 10.965720295906067 6.818847931921482 -5
      vertex 10.984732165932655 6.713472254574299 5
      vertex 10.984732165932655 6.713472254574299 -5
    endloop
  endfacet
  facet normal 0.9942703036541346 0.10689510405773878 0
    outer loop
      vertex 10.984732165932655 6.713472254574299 -5
      vertex 10.996178172528744 6.607008777558804 5
      vertex 10.996178172528744 6.607008777558804 -5
    endloop
  endfacet
  facet normal 0.008301725314538759 -0.9999655400846581 0
    outer loop
      vertex 5.864507377147675 5.39242784678936 -5
      vertex 6.008459001779556 5.393622934818268 -5
      vertex 5.864507377147675 5.39242784678936 5
    endloop
  endfacet
  facet normal -0.06364890890340018 -0.9979723525205528 0
    outer loop
      vertex 6.008459001779556 5.393622934818268 -5
      vertex 6.152123689651489 5.3844602555036545 -5
      vertex 6.008459001779556 5.393622934818268 5
    endloop
  endfacet
  facet normal -0.13526986003236777 -0.9908087933435108 0
    outer loop
      vertex 6.152123689651489 5.3844602555036545 -5
      vertex 6.294757135212421 5.364987269043922 -5
      vertex 6.152123689651489 5.3844602555036545 5
    endloop
  endfacet
  facet normal -0.20618993412311 -0.9785119882077621 0
    outer loop
      vertex 6.294757135212421 5.364987269043922 -5
      vertex 6.435620374977589 5.335304871201515 -5
      vertex 6.294757135212421 5.364987269043922 5
    endloop
  endfacet
  facet normal -0.2760418608188916 -0.9611456138773373 0
    outer loop
      vertex 6.435620374977589 5.335304871201515 -5
      vertex 6.573983617126942 5.295566827058792 -5
      vertex 6.435620374977589 5.335304871201515 5
    endloop
  endfacet
  facet normal -0.34446354123424555 -0.9387996957606897 0
    outer loop
      vertex 6.573983617126942 5.295566827058792 -5
      vertex 6.709130011498928 5.245979033410549 -5
      vertex 6.573983617126942 5.295566827058792 5
    endloop
  endfacet
  facet normal 0.9993628258941524 0.035692327198633016 0
    outer loop
      vertex 10.996178172528744 6.607008777558804 -5
      vertex 11 6.5 5
      vertex 11 6.5 -5
    endloop
  endfacet
  facet normal 1 0 0
    outer loop
      vertex 11 6.5 -5
      vertex 11 6.214285716414452 5
      vertex 11 6.214285716414452 -5
    endloop
  endfacet
  facet normal 0.9993226521386229 -0.03679995818786883 0
    outer loop
      vertex 11 6.214285716414452 -5
      vertex 10.998645760118961 6.177510604262352 5
      vertex 10.998645760118961 6.177510604262352 -5
    endloop
  endfacet
  facet normal 0.9939093340793091 -0.11020088760996544 0
    outer loop
      vertex 10.998645760118961 6.177510604262352 -5
      vertex 10.994590364396572 6.1409347131848335 5
      vertex 10.994590364396572 6.1409347131848335 -5
    endloop
  endfacet
  facet normal 0.9831120740549121 -0.18300450772439764 0
    outer loop
      vertex 10.994590364396572 6.1409347131848335 -5
      vertex 10.987855792045593 6.104756154119968 5
      vertex 10.987855792045593 6.104756154119968 -5
    endloop
  endfacet
  facet normal 0.9669893182626025 -0.2548169114600273 0
    outer loop
      vertex 10.987855792045593 6.104756154119968 -5
      vertex 10.978478521108627 6.069170914590359 5
      vertex 10.978478521108627 6.069170914590359 -5
    endloop
  endfacet
  facet normal 0.9456283729149207 -0.32524910505377186 0
    outer loop
      vertex 10.978478521108627 6.069170914590359 -5
      vertex 10.966509342193604 6.034371756017208 5
      vertex 10.966509342193604 6.034371756017208 -5
    endloop
  endfacet
  facet normal 0.919145071906594 -0.39391920083923554 0
    outer loop
      vertex 10.966509342193604 6.034371756017208 -5
      vertex 10.952013105154037 6.00054719299078 5
      vertex 10.952013105154037 6.00054719299078 -5
    endloop
  endfacet
  facet normal 0.8876826357182834 -0.4604557940174509 0
    outer loop
      vertex 10.952013105154037 6.00054719299078 -5
      vertex 10.935068316757679 5.967880442738533 5
      vertex 10.935068316757679 5.967880442738533 -5
    endloop
  endfacet
  facet normal 0.851411862912829 -0.5244977022745725 0
    outer loop
      vertex 10.935068316757679 5.967880442738533 -5
      vertex 10.915766783058643 5.9365484565496445 5
      vertex 10.915766783058643 5.9365484565496445 -5
    endloop
  endfacet
  facet normal 0.689655174822674 -0.7241379287403105 0
    outer loop
      vertex 10.844827584922314 5.852216750383377 -5
      vertex 9.950000002980232 5 5
      vertex 9.950000002980232 5 -5
    endloop
  endfacet
  facet normal 0.7158363028223622 -0.6982681344309013 0
    outer loop
      vertex 10.870523877441883 5.878559552133083 -5
      vertex 10.844827584922314 5.852216750383377 5
      vertex 10.844827584922314 5.852216750383377 -5
    endloop
  endfacet
  facet normal 0.8105288629125581 -0.5856986959057323 0
    outer loop
      vertex 10.915766783058643 5.9365484565496445 -5
      vertex 10.894213050603867 5.906720966100693 5
      vertex 10.894213050603867 5.906720966100693 -5
    endloop
  endfacet
  facet normal 0.7652552035546115 -0.6437270177898317 0
    outer loop
      vertex 10.870523877441883 5.878559552133083 -5
      vertex 10.894213050603867 5.906720966100693 -5
      vertex 10.870523877441883 5.878559552133083 5
    endloop
  endfacet
  facet normal -0.5331169726024041 0.8460415436154702 0
    outer loop
      vertex 2.8375686779618263 4.733517199754715 -5
      vertex 2.5403094589710236 4.546204961836338 -5
      vertex 2.8375686779618263 4.733517199754715 5
    endloop
  endfacet
  facet normal -0.07022721792177901 0.9975310210028392 0
    outer loop
      vertex 0.551161989569664 3.8952186182141304 -5
      vertex 0.20067649334669113 3.8705440759658813 -5
      vertex 0.551161989569664 3.8952186182141304 5
    endloop
  endfacet
  facet normal -0.2774513115340984 0.9607396992567803 0
    outer loop
      vertex 1.2426206395030022 4.017982706427574 -5
      vertex 1.5801793932914734 4.115466050803661 5
      vertex 1.5801793932914734 4.115466050803661 -5
    endloop
  endfacet
  facet normal -0.14010764327103276 0.9901362776391122 0
    outer loop
      vertex 0.551161989569664 3.8952186182141304 -5
      vertex 0.8990493193268776 3.9444458559155464 5
      vertex 0.8990493193268776 3.9444458559155464 -5
    endloop
  endfacet
  facet normal -0.20929621646474517 0.9778522862751524 0
    outer loop
      vertex 0.8990493193268776 3.9444458559155464 -5
      vertex 1.2426206395030022 4.017982706427574 5
      vertex 1.2426206395030022 4.017982706427574 -5
    endloop
  endfacet
  facet normal -0.4093215723686384 0.9123901853887215 0
    outer loop
      vertex 1.910058744251728 4.236414521932602 -5
      vertex 2.230629749596119 4.380230873823166 5
      vertex 2.230629749596119 4.380230873823166 -5
    endloop
  endfacet
  facet normal -0.4723855921246536 0.8813919969871751 0
    outer loop
      vertex 2.5403094589710236 4.546204961836338 -5
      vertex 2.230629749596119 4.380230873823166 -5
      vertex 2.5403094589710236 4.546204961836338 5
    endloop
  endfacet
  facet normal -0.34423635741047626 0.9388830226587159 0
    outer loop
      vertex 1.910058744251728 4.236414521932602 -5
      vertex 1.5801793932914734 4.115466050803661 -5
      vertex 1.910058744251728 4.236414521932602 5
    endloop
  endfacet
  facet normal -0.5912158655405244 0.8065133602942784 0
    outer loop
      vertex 2.8375686779618263 4.733517199754715 -5
      vertex 3.120939552783966 4.941242657601833 5
      vertex 3.120939552783966 4.941242657601833 -5
    endloop
  endfacet
  facet normal 0.42617914389101424 -0.9046387883085282 0
    outer loop
      vertex 5.036155574023724 5.171819783747196 -5
      vertex 5.166384279727936 5.233171075582504 -5
      vertex 5.036155574023724 5.171819783747196 5
    endloop
  endfacet
  facet normal 0.49014728064820756 -0.8716396292466098 0
    outer loop
      vertex 5.036155574023724 5.171819783747196 -5
      vertex 4.9106773138046265 5.101259857416153 5
      vertex 4.9106773138046265 5.101259857416153 -5
    endloop
  endfacet
  facet normal 0.5515760933257303 -0.8341245789877704 0
    outer loop
      vertex 4.9106773138046265 5.101259857416153 -5
      vertex 4.790599584579468 5.021856844425201 5
      vertex 4.790599584579468 5.021856844425201 -5
    endloop
  endfacet
  facet normal 0.5812381932943952 -0.813733471510093 0
    outer loop
      vertex 4.790599584579468 5.021856844425201 -5
      vertex 3.4402224645018578 4.057301759719849 5
      vertex 3.4402224645018578 4.057301759719849 -5
    endloop
  endfacet
  facet normal 0.5514843069293269 -0.8341852667187787 0
    outer loop
      vertex 3.4402224645018578 4.057301759719849 -5
      vertex 3.078862525522709 3.8184047862887383 5
      vertex 3.078862525522709 3.8184047862887383 -5
    endloop
  endfacet
  facet normal 0 1 0
    outer loop
      vertex -0.15067648887634277 3.8705440759658813 -5
      vertex 0.20067649334669113 3.8705440759658813 5
      vertex 0.20067649334669113 3.8705440759658813 -5
    endloop
  endfacet
  facet normal 0.4898596004949224 -0.8718013373486846 0
    outer loop
      vertex 2.701207712292671 3.6062029600143433 -5
      vertex 3.078862525522709 3.8184047862887383 -5
      vertex 2.701207712292671 3.6062029600143433 5
    endloop
  endfacet
  facet normal 0.3592843678655209 -0.9332281302058318 0
    outer loop
      vertex 1.904962345957756 3.2661643624305725 -5
      vertex 2.3092265725135803 3.4218024238944054 -5
      vertex 1.904962345957756 3.2661643624305725 5
    endloop
  endfacet
  facet normal 0.4256814131598156 -0.9048731040815957 0
    outer loop
      vertex 2.701207712292671 3.6062029600143433 -5
      vertex 2.3092265725135803 3.4218024238944054 5
      vertex 2.3092265725135803 3.4218024238944054 -5
    endloop
  endfacet
  facet normal 0.07856443210297012 -0.9969090379810678 0
    outer loop
      vertex 0.20794755220413208 2.9451303482055664 -5
      vertex 0.6397976577281952 2.9791636019945145 -5
      vertex 0.20794755220413208 2.9451303482055664 5
    endloop
  endfacet
  facet normal 0.2212277289318035 -0.9752221756869953 0
    outer loop
      vertex 1.068066693842411 3.0442666187882423 -5
      vertex 1.490522287786007 3.1401000544428825 -5
      vertex 1.068066693842411 3.0442666187882423 5
    endloop
  endfacet
  facet normal 0.15028776428243185 -0.9886422952246117 0
    outer loop
      vertex 0.6397976577281952 2.9791636019945145 -5
      vertex 1.068066693842411 3.0442666187882423 -5
      vertex 0.6397976577281952 2.9791636019945145 5
    endloop
  endfacet
  facet normal 0.2910145160983998 -0.9567186375418921 0
    outer loop
      vertex 1.904962345957756 3.2661643624305725 -5
      vertex 1.490522287786007 3.1401000544428825 5
      vertex 1.490522287786007 3.1401000544428825 -5
    endloop
  endfacet
  facet normal -0.4111006760827557 -0.9115899484550612 0
    outer loop
      vertex 6.709130011498928 5.245979033410549 -5
      vertex 6.840359382331371 5.186798386275768 -5
      vertex 6.709130011498928 5.245979033410549 5
    endloop
  endfacet
  facet normal -0.4756079487120109 -0.8796573646153105 0
    outer loop
      vertex 6.840359382331371 5.186798386275768 -5
      vertex 6.966991849243641 5.118331491947174 -5
      vertex 6.840359382331371 5.186798386275768 5
    endloop
  endfacet
  facet normal -0.5376511018382224 -0.8431674167638035 0
    outer loop
      vertex 6.966991849243641 5.118331491947174 -5
      vertex 7.088371343910694 5.040933080017567 -5
      vertex 6.966991849243641 5.118331491947174 5
    endloop
  endfacet
  facet normal -0.5969088045071334 -0.8023090919975076 0
    outer loop
      vertex 7.088371343910694 5.040933080017567 -5
      vertex 7.203869022428989 4.955004125833511 -5
      vertex 7.088371343910694 5.040933080017567 5
    endloop
  endfacet
  facet normal -0.6530739520329485 -0.7572941391401801 0
    outer loop
      vertex 7.203869022428989 4.955004125833511 -5
      vertex 7.312886498868465 4.860989831387997 -5
      vertex 7.203869022428989 4.955004125833511 5
    endloop
  endfacet
  facet normal -0.7058556714704113 -0.7083556811751105 0
    outer loop
      vertex 7.312886498868465 4.860989831387997 -5
      vertex 7.414858959615231 4.759377263486385 -5
      vertex 7.312886498868465 4.860989831387997 5
    endloop
  endfacet
  facet normal -0.7549803579405706 -0.6557474049692671 0
    outer loop
      vertex 7.414858959615231 4.759377263486385 -5
      vertex 7.509258113801479 4.650692872703075 -5
      vertex 7.414858959615231 4.759377263486385 5
    endloop
  endfacet
  facet normal -0.8001936448861006 -0.5997417199794403 0
    outer loop
      vertex 7.509258113801479 4.650692872703075 -5
      vertex 7.595594882965088 4.535499729216099 -5
      vertex 7.509258113801479 4.650692872703075 5
    endloop
  endfacet
  facet normal -0.8412612235278414 -0.5406288503108573 0
    outer loop
      vertex 7.595594882965088 4.535499729216099 -5
      vertex 7.673421964049339 4.41439463943243 -5
      vertex 7.595594882965088 4.535499729216099 5
    endloop
  endfacet
  facet normal -0.87797029620589 -0.4787151125462218 0
    outer loop
      vertex 7.673421964049339 4.41439463943243 -5
      vertex 7.74233615398407 4.288005039095879 -5
      vertex 7.673421964049339 4.41439463943243 5
    endloop
  endfacet
  facet normal -0.9101307491200185 -0.4143211550310145 0
    outer loop
      vertex 7.74233615398407 4.288005039095879 -5
      vertex 7.801980413496494 4.156985722482204 -5
      vertex 7.74233615398407 4.288005039095879 5
    endloop
  endfacet
  facet normal -0.9375759379107454 -0.3477806214422911 0
    outer loop
      vertex 7.801980413496494 4.156985722482204 -5
      vertex 7.852045722305775 4.022015497088432 -5
      vertex 7.801980413496494 4.156985722482204 5
    endloop
  endfacet
  facet normal -0.9494848747017745 -0.3138127988348395 0
    outer loop
      vertex 7.852045722305775 4.022015497088432 -5
      vertex 8.05584591627121 3.4053892716765404 -5
      vertex 7.852045722305775 4.022015497088432 5
    endloop
  endfacet
  facet normal -0.9603691065834041 -0.27873137448122726 0
    outer loop
      vertex 8.05584591627121 3.4053892716765404 -5
      vertex 8.076318681240082 3.3348503485322 -5
      vertex 8.05584591627121 3.4053892716765404 5
    endloop
  endfacet
  facet normal -0.9782375193020962 -0.20748820648335883 0
    outer loop
      vertex 8.076318681240082 3.3348503485322 -5
      vertex 8.091558650135994 3.26299899071455 -5
      vertex 8.076318681240082 3.3348503485322 5
    endloop
  endfacet
  facet normal -0.9908284797388673 -0.1351255850620637 0
    outer loop
      vertex 8.091558650135994 3.26299899071455 -5
      vertex 8.101483598351479 3.190222829580307 -5
      vertex 8.091558650135994 3.26299899071455 5
    endloop
  endfacet
  facet normal -0.9980740349581964 -0.06203402890563284 0
    outer loop
      vertex 8.101483598351479 3.190222829580307 -5
      vertex 8.106039986014366 3.1169144809246063 -5
      vertex 8.101483598351479 3.190222829580307 5
    endloop
  endfacet
  facet normal -0.9999351060154757 0.011392267457335676 0
    outer loop
      vertex 8.106039986014366 3.1169144809246063 -5
      vertex 8.105203226208687 3.0434694439172745 -5
      vertex 8.106039986014366 3.1169144809246063 5
    endloop
  endfacet
  facet normal -0.9964016607737913 0.08475689002807103 0
    outer loop
      vertex 8.105203226208687 3.0434694439172745 -5
      vertex 8.098977848887444 2.9702839329838753 -5
      vertex 8.105203226208687 3.0434694439172745 5
    endloop
  endfacet
  facet normal -0.9874927326041466 0.15766452693613572 0
    outer loop
      vertex 8.098977848887444 2.9702839329838753 -5
      vertex 8.087397418916225 2.8977527767419815 -5
      vertex 8.098977848887444 2.9702839329838753 5
    endloop
  endfacet
  facet normal -0.9732564462683871 0.22972133074016032 0
    outer loop
      vertex 8.087397418916225 2.8977527767419815 -5
      vertex 8.07052443176508 2.8262672796845436 -5
      vertex 8.087397418916225 2.8977527767419815 5
    endloop
  endfacet
  facet normal -0.9537695027473011 0.3005390750454359 0
    outer loop
      vertex 8.07052443176508 2.8262672796845436 -5
      vertex 8.048449896275997 2.7562130987644196 -5
      vertex 8.07052443176508 2.8262672796845436 5
    endloop
  endfacet
  facet normal -0.9291371427143884 0.36973527019820857 0
    outer loop
      vertex 8.048449896275997 2.7562130987644196 -5
      vertex 8.02129290997982 2.687968149781227 -5
      vertex 8.048449896275997 2.7562130987644196 5
    endloop
  endfacet
  facet normal -0.8994921675970098 0.4369368838077563 0
    outer loop
      vertex 8.02129290997982 2.687968149781227 -5
      vertex 7.989199981093407 2.621900625526905 -5
      vertex 8.02129290997982 2.687968149781227 5
    endloop
  endfacet
  facet normal -0.8649946143399686 0.501781144686455 0
    outer loop
      vertex 7.989199981093407 2.621900625526905 -5
      vertex 7.952344253659248 2.5583669394254684 -5
      vertex 7.989199981093407 2.621900625526905 5
    endloop
  endfacet
  facet normal -0.8258304514248306 0.5639184918935187 0
    outer loop
      vertex 7.952344253659248 2.5583669394254684 -5
      vertex 7.910924546420574 2.497709847986698 -5
      vertex 7.952344253659248 2.5583669394254684 5
    endloop
  endfacet
  facet normal 0 0 -1
    outer loop
      vertex -9.950000002980232 5 -5
      vertex -8.24745211750269 0.8428743779659271 -5
      vertex -9.950000002980232 0.1414213553071022 -5
    endloop
  endfacet
  facet normal 0 0 -1
    outer loop
      vertex -9.950000002980232 5 -5
      vertex -8.25 0.9142135605216026 -5
      vertex -8.24745211750269 0.8428743779659271 -5
    endloop
  endfacet
  facet normal 0 0 -1
    outer loop
      vertex -9.950000002980232 0.1414213553071022 -5
      vertex -8.209492973983288 0.6324810087680817 -5
      vertex -9.950254790484905 0.13428743928670883 -5
    endloop
  endfacet
  facet normal 0 0 -1
    outer loop
      vertex -9.950254790484905 0.13428743928670883 -5
      vertex -8.186949722468853 0.5647493824362755 -5
      vertex -9.9510178565979 0.12718987464904785 -5
    endloop
  endfacet
  facet normal 0 0 -1
    outer loop
      vertex -9.9510178565979 0.12718987464904785 -5
      vertex -8.186949722468853 0.5647493824362755 -5
      vertex -9.952285312116146 0.12016482651233673 -5
    endloop
  endfacet
  facet normal 0 0 -1
    outer loop
      vertex -9.956305027008057 0.10647493600845337 -5
      vertex -8.159631997346878 0.49879854917526245 -5
      vertex -9.95903679728508 0.09987985342741013 -5
    endloop
  endfacet
  facet normal 0 0 -1
    outer loop
      vertex -9.95903679728508 0.09987985342741013 -5
      vertex -8.159631997346878 0.49879854917526245 -5
      vertex -9.96223209798336 0.09349645674228668 -5
    endloop
  endfacet
  facet normal 0 0 -1
    outer loop
      vertex -9.952285312116146 0.12016482651233673 -5
      vertex -8.159631997346878 0.49879854917526245 -5
      vertex -9.954050704836845 0.11324810236692429 -5
    endloop
  endfacet
  facet normal 0 0 -1
    outer loop
      vertex -9.956305027008057 0.10647493600845337 -5
      vertex -9.954050704836845 0.11324810236692429 -5
      vertex -8.159631997346878 0.49879854917526245 -5
    endloop
  endfacet
  facet normal 0 0 -1
    outer loop
      vertex -9.965874649584293 0.08735727518796921 -5
      vertex -9.96223209798336 0.09349645674228668 -5
      vertex -8.127678990364075 0.4349645748734474 -5
    endloop
  endfacet
  facet normal 0 0 -1
    outer loop
      vertex -9.965874649584293 0.08735727518796921 -5
      vertex -8.127678990364075 0.4349645748734474 -5
      vertex -9.969945877790451 0.08149358630180359 -5
    endloop
  endfacet
  facet normal 0 0 -1
    outer loop
      vertex -9.969945877790451 0.08149358630180359 -5
      vertex -8.127678990364075 0.4349645748734474 -5
      vertex -9.974425040185452 0.07593528181314468 -5
    endloop
  endfacet
  facet normal 0 0 -1
    outer loop
      vertex -9.974425040185452 0.07593528181314468 -5
      vertex -8.127678990364075 0.4349645748734474 -5
      vertex -9.979289323091507 0.0707106813788414 -5
    endloop
  endfacet
  facet normal 0 0 -1
    outer loop
      vertex -9.979289323091507 0.0707106813788414 -5
      vertex -8.005749575793743 0.25935282558202744 -5
      vertex -10.049999997019768 0 -5
    endloop
  endfacet
  facet normal 0 0 -1
    outer loop
      vertex -9.950000002980232 0.1414213553071022 -5
      vertex -8.24745211750269 0.8428743779659271 -5
      vertex -8.239821441471577 0.7718987241387367 -5
    endloop
  endfacet
  facet normal 0 0 -1
    outer loop
      vertex -9.950000002980232 0.1414213553071022 -5
      vertex -8.239821441471577 0.7718987241387367 -5
      vertex -8.227146863937378 0.7016482725739479 -5
    endloop
  endfacet
  facet normal 0 0 -1
    outer loop
      vertex -9.950000002980232 0.1414213553071022 -5
      vertex -8.227146863937378 0.7016482725739479 -5
      vertex -8.209492973983288 0.6324810087680817 -5
    endloop
  endfacet
  facet normal 0 0 -1
    outer loop
      vertex -9.950254790484905 0.13428743928670883 -5
      vertex -8.209492973983288 0.6324810087680817 -5
      vertex -8.186949722468853 0.5647493824362755 -5
    endloop
  endfacet
  facet normal 0 0 -1
    outer loop
      vertex -9.952285312116146 0.12016482651233673 -5
      vertex -8.186949722468853 0.5647493824362755 -5
      vertex -8.159631997346878 0.49879854917526245 -5
    endloop
  endfacet
  facet normal 0 0 -1
    outer loop
      vertex -9.96223209798336 0.09349645674228668 -5
      vertex -8.159631997346878 0.49879854917526245 -5
      vertex -8.127678990364075 0.4349645748734474 -5
    endloop
  endfacet
  facet normal 0 0 -1
    outer loop
      vertex -9.979289323091507 0.0707106813788414 -5
      vertex -8.127678990364075 0.4349645748734474 -5
      vertex -8.091253533959389 0.3735727444291115 -5
    endloop
  endfacet
  facet normal 0 0 -1
    outer loop
      vertex -9.979289323091507 0.0707106813788414 -5
      vertex -8.091253533959389 0.3735727444291115 -5
      vertex -8.050541244447231 0.3149358928203583 -5
    endloop
  endfacet
  facet normal 0 0 -1
    outer loop
      vertex -9.979289323091507 0.0707106813788414 -5
      vertex -8.050541244447231 0.3149358928203583 -5
      vertex -8.005749575793743 0.25935282558202744 -5
    endloop
  endfacet
  facet normal 0 0 -1
    outer loop
      vertex -10.049999997019768 0 -5
      vertex -8.005749575793743 0.25935282558202744 -5
      vertex -7.957106783986092 0.2071067839860916 -5
    endloop
  endfacet
  facet normal 0 0 -1
    outer loop
      vertex -10.049999997019768 0 -5
      vertex -7.957106783986092 0.2071067839860916 -5
      vertex -7.75 0 -5
    endloop
  endfacet
  facet normal 1 0 0
    outer loop
      vertex -8.25 4.613524250686169 -5
      vertex -8.25 0.9142135605216026 5
      vertex -8.25 0.9142135605216026 -5
    endloop
  endfacet
  facet normal -0.9238796500417794 0.3826831486212571 0
    outer loop
      vertex -9.956305027008057 0.10647493600845337 -5
      vertex -9.95903679728508 0.09987985342741013 -5
      vertex -9.956305027008057 0.10647493600845337 5
    endloop
  endfacet
  facet normal -0.8942252438820414 0.4476172619594819 0
    outer loop
      vertex -9.95903679728508 0.09987985342741013 -5
      vertex -9.96223209798336 0.09349645674228668 -5
      vertex -9.95903679728508 0.09987985342741013 5
    endloop
  endfacet
  facet normal -0.9993628304148194 0.03569220062255543 0
    outer loop
      vertex -9.950000002980232 0.1414213553071022 -5
      vertex -9.950254790484905 0.13428743928670883 -5
      vertex -9.950000002980232 0.1414213553071022 5
    endloop
  endfacet
  facet normal -0.9942703176496642 0.1068949738801406 0
    outer loop
      vertex -9.950254790484905 0.13428743928670883 -5
      vertex -9.9510178565979 0.12718987464904785 -5
      vertex -9.950254790484905 0.13428743928670883 5
    endloop
  endfacet
  facet normal -0.9689371626613428 0.24730704562099862 0
    outer loop
      vertex -9.952285312116146 0.12016482651233673 -5
      vertex -9.954050704836845 0.11324810236692429 -5
      vertex -9.952285312116146 0.12016482651233673 5
    endloop
  endfacet
  facet normal -0.9841112683587032 0.17755284140059432 0
    outer loop
      vertex -9.9510178565979 0.12718987464904785 -5
      vertex -9.952285312116146 0.12016482651233673 -5
      vertex -9.9510178565979 0.12718987464904785 5
    endloop
  endfacet
  facet normal -0.9488260867997429 0.3157990769592062 0
    outer loop
      vertex -9.956305027008057 0.10647493600845337 -5
      vertex -9.954050704836845 0.11324810236692429 5
      vertex -9.954050704836845 0.11324810236692429 -5
    endloop
  endfacet
  facet normal -0.8600138204091585 0.5102707405929165 0
    outer loop
      vertex -9.965874649584293 0.08735727518796921 -5
      vertex -9.96223209798336 0.09349645674228668 5
      vertex -9.96223209798336 0.09349645674228668 -5
    endloop
  endfacet
  facet normal -0.8214210211091875 0.5703222826437171 0
    outer loop
      vertex -9.965874649584293 0.08735727518796921 -5
      vertex -9.969945877790451 0.08149358630180359 -5
      vertex -9.965874649584293 0.08735727518796921 5
    endloop
  endfacet
  facet normal -0.7786417053933956 0.6274687997200057 0
    outer loop
      vertex -9.969945877790451 0.08149358630180359 -5
      vertex -9.974425040185452 0.07593528181314468 -5
      vertex -9.969945877790451 0.08149358630180359 5
    endloop
  endfacet
  facet normal -0.7318939923807245 0.6814185086398844 0
    outer loop
      vertex -9.974425040185452 0.07593528181314468 -5
      vertex -9.979289323091507 0.0707106813788414 -5
      vertex -9.974425040185452 0.07593528181314468 5
    endloop
  endfacet
  facet normal -0.7071068184394498 0.7071067439336433 0
    outer loop
      vertex -9.979289323091507 0.0707106813788414 -5
      vertex -10.049999997019768 0 -5
      vertex -9.979289323091507 0.0707106813788414 5
    endloop
  endfacet
  facet normal 0.9993628270908023 0.03569229369316569 0
    outer loop
      vertex -8.25 0.9142135605216026 -5
      vertex -8.24745211750269 0.8428743779659271 5
      vertex -8.24745211750269 0.8428743779659271 -5
    endloop
  endfacet
  facet normal 0.9942702966563645 0.10689516914652898 0
    outer loop
      vertex -8.24745211750269 0.8428743779659271 -5
      vertex -8.239821441471577 0.7718987241387367 5
      vertex -8.239821441471577 0.7718987241387367 -5
    endloop
  endfacet
  facet normal 0.9841112004858277 0.1775532175950155 0
    outer loop
      vertex -8.239821441471577 0.7718987241387367 -5
      vertex -8.227146863937378 0.7016482725739479 5
      vertex -8.227146863937378 0.7016482725739479 -5
    endloop
  endfacet
  facet normal 0.9689373068626872 0.2473064806463483 0
    outer loop
      vertex -8.227146863937378 0.7016482725739479 -5
      vertex -8.209492973983288 0.6324810087680817 5
      vertex -8.209492973983288 0.6324810087680817 -5
    endloop
  endfacet
  facet normal 0.9488259096590844 0.31579960918216965 0
    outer loop
      vertex -8.209492973983288 0.6324810087680817 -5
      vertex -8.186949722468853 0.5647493824362755 5
      vertex -8.186949722468853 0.5647493824362755 -5
    endloop
  endfacet
  facet normal 0.9238795546232387 0.38268337898211113 0
    outer loop
      vertex -8.186949722468853 0.5647493824362755 -5
      vertex -8.159631997346878 0.49879854917526245 5
      vertex -8.159631997346878 0.49879854917526245 -5
    endloop
  endfacet
  facet normal 0.894225264794197 0.4476172201823208 0
    outer loop
      vertex -8.159631997346878 0.49879854917526245 -5
      vertex -8.127678990364075 0.4349645748734474 5
      vertex -8.127678990364075 0.4349645748734474 -5
    endloop
  endfacet
  facet normal 0.8600142411827524 0.5102700314175375 0
    outer loop
      vertex -8.127678990364075 0.4349645748734474 -5
      vertex -8.091253533959389 0.3735727444291115 5
      vertex -8.091253533959389 0.3735727444291115 -5
    endloop
  endfacet
  facet normal 0.8214208024687972 0.5703225975459127 0
    outer loop
      vertex -8.091253533959389 0.3735727444291115 -5
      vertex -8.050541244447231 0.3149358928203583 5
      vertex -8.050541244447231 0.3149358928203583 -5
    endloop
  endfacet
  facet normal 0.7786415227117128 0.6274690264142009 0
    outer loop
      vertex -8.050541244447231 0.3149358928203583 -5
      vertex -8.005749575793743 0.25935282558202744 5
      vertex -8.005749575793743 0.25935282558202744 -5
    endloop
  endfacet
  facet normal 0.7318944949629951 0.6814179688288697 0
    outer loop
      vertex -8.005749575793743 0.25935282558202744 -5
      vertex -7.957106783986092 0.2071067839860916 5
      vertex -7.957106783986092 0.2071067839860916 -5
    endloop
  endfacet
  facet normal 0.7071067811865476 0.7071067811865476 0
    outer loop
      vertex -7.957106783986092 0.2071067839860916 -5
      vertex -7.75 0 5
      vertex -7.75 0 -5
    endloop
  endfacet
  facet normal 0 0 -1
    outer loop
      vertex 8.048449896275997 2.7562130987644196 -5
      vertex 9.950000002980232 0.10000000149011612 -5
      vertex 8.02129290997982 2.687968149781227 -5
    endloop
  endfacet
  facet normal 0 0 -1
    outer loop
      vertex 8.02129290997982 2.687968149781227 -5
      vertex 9.950000002980232 0.10000000149011612 -5
      vertex 7.989199981093407 2.621900625526905 -5
    endloop
  endfacet
  facet normal 0 0 -1
    outer loop
      vertex 7.989199981093407 2.621900625526905 -5
      vertex 9.950000002980232 0.10000000149011612 -5
      vertex 7.952344253659248 2.5583669394254684 -5
    endloop
  endfacet
  facet normal 0 0 -1
    outer loop
      vertex 7.952344253659248 2.5583669394254684 -5
      vertex 9.950000002980232 0.10000000149011612 -5
      vertex 7.910924546420574 2.497709847986698 -5
    endloop
  endfacet
  facet normal 0 0 -1
    outer loop
      vertex 7.865164324641228 2.4402565956115723 -5
      vertex 9.950000002980232 0.10000000149011612 -5
      vertex 7.815310455858707 2.3863171339035034 -5
    endloop
  endfacet
  facet normal 0 0 -1
    outer loop
      vertex 7.910924546420574 2.497709847986698 -5
      vertex 9.950000002980232 0.10000000149011612 -5
      vertex 7.865164324641228 2.4402565956115723 -5
    endloop
  endfacet
  facet normal 0 0 -1
    outer loop
      vertex 7.761631891131401 2.3361824601888657 -5
      vertex 9.950254790484905 0.09286607801914215 -5
      vertex 7.70441821962595 2.290123037993908 -5
    endloop
  endfacet
  facet normal 0 0 -1
    outer loop
      vertex 7.70441821962595 2.290123037993908 -5
      vertex 9.952285312116146 0.07874347269535065 -5
      vertex 7.643978111445904 2.2483873516321182 -5
    endloop
  endfacet
  facet normal 0 0 -1
    outer loop
      vertex 7.815310455858707 2.3863171339035034 -5
      vertex 9.950000002980232 0.10000000149011612 -5
      vertex 7.761631891131401 2.3361824601888657 -5
    endloop
  endfacet
  facet normal 0 0 -1
    outer loop
      vertex 4.117647059261799 0 -5
      vertex 7.643978111445904 2.2483873516321182 -5
      vertex 9.979289323091507 0.02928932011127472 -5
    endloop
  endfacet
  facet normal 0 0 -1
    outer loop
      vertex 4.117647059261799 0 -5
      vertex 9.979289323091507 0.02928932011127472 -5
      vertex 9.98451392352581 0.024425044655799866 -5
    endloop
  endfacet
  facet normal 0 0 -1
    outer loop
      vertex 4.117647059261799 0 -5
      vertex 9.995935916900635 0.015874646604061127 -5
      vertex 10.002075098454952 0.012232102453708649 -5
    endloop
  endfacet
  facet normal 0 0 -1
    outer loop
      vertex 4.117647059261799 0 -5
      vertex 9.99007223546505 0.01994587481021881 -5
      vertex 9.995935916900635 0.015874646604061127 -5
    endloop
  endfacet
  facet normal 0 0 -1
    outer loop
      vertex 4.117647059261799 0 -5
      vertex 9.98451392352581 0.024425044655799866 -5
      vertex 9.99007223546505 0.01994587481021881 -5
    endloop
  endfacet
  facet normal 0 0 -1
    outer loop
      vertex 4.117647059261799 0 -5
      vertex 10.035768516361713 0.0010178536176681519 -5
      vertex 10.042866080999374 0.00025478750467300415 -5
    endloop
  endfacet
  facet normal 0 0 -1
    outer loop
      vertex 4.117647059261799 0 -5
      vertex 10.028743468225002 0.002285316586494446 -5
      vertex 10.035768516361713 0.0010178536176681519 -5
    endloop
  endfacet
  facet normal 0 0 -1
    outer loop
      vertex 4.117647059261799 0 -5
      vertex 10.02182674407959 0.004050701856613159 -5
      vertex 10.028743468225002 0.002285316586494446 -5
    endloop
  endfacet
  facet normal 0 0 -1
    outer loop
      vertex 4.117647059261799 0 -5
      vertex 10.0150535851717 0.006305024027824402 -5
      vertex 10.02182674407959 0.004050701856613159 -5
    endloop
  endfacet
  facet normal 0 0 -1
    outer loop
      vertex 4.117647059261799 0 -5
      vertex 10.008458495140076 0.009036801755428314 -5
      vertex 10.0150535851717 0.006305024027824402 -5
    endloop
  endfacet
  facet normal 0 0 -1
    outer loop
      vertex 4.117647059261799 0 -5
      vertex 10.002075098454952 0.012232102453708649 -5
      vertex 10.008458495140076 0.009036801755428314 -5
    endloop
  endfacet
  facet normal 0 0 -1
    outer loop
      vertex 4.117647059261799 0 -5
      vertex 10.042866080999374 0.00025478750467300415 -5
      vertex 10.049999997019768 0 -5
    endloop
  endfacet
  facet normal 0 0 -1
    outer loop
      vertex 7.70441821962595 2.290123037993908 -5
      vertex 9.950254790484905 0.09286607801914215 -5
      vertex 9.9510178565979 0.08576851338148117 -5
    endloop
  endfacet
  facet normal 0 0 -1
    outer loop
      vertex 7.70441821962595 2.290123037993908 -5
      vertex 9.9510178565979 0.08576851338148117 -5
      vertex 9.952285312116146 0.07874347269535065 -5
    endloop
  endfacet
  facet normal 0 0 -1
    outer loop
      vertex 7.643978111445904 2.2483873516321182 -5
      vertex 9.952285312116146 0.07874347269535065 -5
      vertex 9.954050704836845 0.0718267410993576 -5
    endloop
  endfacet
  facet normal 0 0 -1
    outer loop
      vertex 7.643978111445904 2.2483873516321182 -5
      vertex 9.954050704836845 0.0718267410993576 -5
      vertex 9.956305027008057 0.06505358219146729 -5
    endloop
  endfacet
  facet normal 0 0 -1
    outer loop
      vertex 7.643978111445904 2.2483873516321182 -5
      vertex 9.96223209798336 0.0520751029253006 -5
      vertex 9.965874649584293 0.045935921370983124 -5
    endloop
  endfacet
  facet normal 0 0 -1
    outer loop
      vertex 7.643978111445904 2.2483873516321182 -5
      vertex 9.95903679728508 0.05845849961042404 -5
      vertex 9.96223209798336 0.0520751029253006 -5
    endloop
  endfacet
  facet normal 0 0 -1
    outer loop
      vertex 7.643978111445904 2.2483873516321182 -5
      vertex 9.956305027008057 0.06505358219146729 -5
      vertex 9.95903679728508 0.05845849961042404 -5
    endloop
  endfacet
  facet normal 0 0 -1
    outer loop
      vertex 7.761631891131401 2.3361824601888657 -5
      vertex 9.950000002980232 0.10000000149011612 -5
      vertex 9.950254790484905 0.09286607801914215 -5
    endloop
  endfacet
  facet normal 0 0 -1
    outer loop
      vertex 7.643978111445904 2.2483873516321182 -5
      vertex 9.969945877790451 0.040072232484817505 -5
      vertex 9.974425040185452 0.0345139279961586 -5
    endloop
  endfacet
  facet normal 0 0 -1
    outer loop
      vertex 7.643978111445904 2.2483873516321182 -5
      vertex 9.974425040185452 0.0345139279961586 -5
      vertex 9.979289323091507 0.02928932011127472 -5
    endloop
  endfacet
  facet normal 0 0 -1
    outer loop
      vertex 7.643978111445904 2.2483873516321182 -5
      vertex 9.965874649584293 0.045935921370983124 -5
      vertex 9.969945877790451 0.040072232484817505 -5
    endloop
  endfacet
  facet normal -0.7822110764942102 0.623013508529124 0
    outer loop
      vertex 7.910924546420574 2.497709847986698 -5
      vertex 7.865164324641228 2.4402565956115723 -5
      vertex 7.910924546420574 2.497709847986698 5
    endloop
  endfacet
  facet normal -0.734371754574086 0.6787474685652818 0
    outer loop
      vertex 7.865164324641228 2.4402565956115723 -5
      vertex 7.815310455858707 2.3863171339035034 -5
      vertex 7.865164324641228 2.4402565956115723 5
    endloop
  endfacet
  facet normal -0.682570551095591 0.7308197060678245 0
    outer loop
      vertex 7.815310455858707 2.3863171339035034 -5
      vertex 7.761631891131401 2.3361824601888657 -5
      vertex 7.815310455858707 2.3863171339035034 5
    endloop
  endfacet
  facet normal -0.6270870167430652 0.7789492110736634 0
    outer loop
      vertex 7.761631891131401 2.3361824601888657 -5
      vertex 7.70441821962595 2.290123037993908 -5
      vertex 7.761631891131401 2.3361824601888657 5
    endloop
  endfacet
  facet normal -0.5682205017828896 0.8228763341800523 0
    outer loop
      vertex 7.70441821962595 2.290123037993908 -5
      vertex 7.643978111445904 2.2483873516321182 -5
      vertex 7.70441821962595 2.290123037993908 5
    endloop
  endfacet
  facet normal -0.5376170652138814 0.843189119468944 0
    outer loop
      vertex 4.117647059261799 0 -5
      vertex 7.643978111445904 2.2483873516321182 5
      vertex 7.643978111445904 2.2483873516321182 -5
    endloop
  endfacet
  facet normal 1 0 0
    outer loop
      vertex 9.950000002980232 5 -5
      vertex 9.950000002980232 0.10000000149011612 5
      vertex 9.950000002980232 0.10000000149011612 -5
    endloop
  endfacet
  facet normal 0.999362831744451 0.035692163393554445 0
    outer loop
      vertex 9.950000002980232 0.10000000149011612 -5
      vertex 9.950254790484905 0.09286607801914215 5
      vertex 9.950254790484905 0.09286607801914215 -5
    endloop
  endfacet
  facet normal 0.9942703176496642 0.1068949738801406 0
    outer loop
      vertex 9.950254790484905 0.09286607801914215 -5
      vertex 9.9510178565979 0.08576851338148117 5
      vertex 9.9510178565979 0.08576851338148117 -5
    endloop
  endfacet
  facet normal 0.9841112354552908 0.17755302377222756 0
    outer loop
      vertex 9.9510178565979 0.08576851338148117 -5
      vertex 9.952285312116146 0.07874347269535065 5
      vertex 9.952285312116146 0.07874347269535065 -5
    endloop
  endfacet
  facet normal 0.9689372264961563 0.24730679551912077 0
    outer loop
      vertex 9.952285312116146 0.07874347269535065 -5
      vertex 9.954050704836845 0.0718267410993576 5
      vertex 9.954050704836845 0.0718267410993576 -5
    endloop
  endfacet
  facet normal 0.9488259827101407 0.3157993896988017 0
    outer loop
      vertex 9.954050704836845 0.0718267410993576 -5
      vertex 9.956305027008057 0.06505358219146729 5
      vertex 9.956305027008057 0.06505358219146729 -5
    endloop
  endfacet
  facet normal 0.9238796500417794 0.3826831486212571 0
    outer loop
      vertex 9.956305027008057 0.06505358219146729 -5
      vertex 9.95903679728508 0.05845849961042404 5
      vertex 9.95903679728508 0.05845849961042404 -5
    endloop
  endfacet
  facet normal 0.8942252438820414 0.4476172619594819 0
    outer loop
      vertex 9.95903679728508 0.05845849961042404 -5
      vertex 9.96223209798336 0.0520751029253006 5
      vertex 9.96223209798336 0.0520751029253006 -5
    endloop
  endfacet
  facet normal 0.8600138204091585 0.5102707405929165 0
    outer loop
      vertex 9.96223209798336 0.0520751029253006 -5
      vertex 9.965874649584293 0.045935921370983124 5
      vertex 9.965874649584293 0.045935921370983124 -5
    endloop
  endfacet
  facet normal 0.8214210211091875 0.5703222826437171 0
    outer loop
      vertex 9.965874649584293 0.045935921370983124 -5
      vertex 9.969945877790451 0.040072232484817505 5
      vertex 9.969945877790451 0.040072232484817505 -5
    endloop
  endfacet
  facet normal 0.7318944770132645 0.6814179881082391 0
    outer loop
      vertex 9.974425040185452 0.0345139279961586 -5
      vertex 9.979289323091507 0.02928932011127472 5
      vertex 9.979289323091507 0.02928932011127472 -5
    endloop
  endfacet
  facet normal 0.7786417053933956 0.6274687997200057 0
    outer loop
      vertex 9.969945877790451 0.040072232484817505 -5
      vertex 9.974425040185452 0.0345139279961586 5
      vertex 9.974425040185452 0.0345139279961586 -5
    endloop
  endfacet
  facet normal 0.6814179495494714 0.7318945129127518 0
    outer loop
      vertex 9.98451392352581 0.024425044655799866 -5
      vertex 9.979289323091507 0.02928932011127472 -5
      vertex 9.98451392352581 0.024425044655799866 5
    endloop
  endfacet
  facet normal 0.6274689225760143 0.7786416063898048 0
    outer loop
      vertex 9.98451392352581 0.024425044655799866 -5
      vertex 9.99007223546505 0.01994587481021881 5
      vertex 9.99007223546505 0.01994587481021881 -5
    endloop
  endfacet
  facet normal 0.5703227716015925 0.8214206816197641 0
    outer loop
      vertex 9.99007223546505 0.01994587481021881 -5
      vertex 9.995935916900635 0.015874646604061127 5
      vertex 9.995935916900635 0.015874646604061127 -5
    endloop
  endfacet
  facet normal 0.5102699686302845 0.8600142784361482 0
    outer loop
      vertex 9.995935916900635 0.015874646604061127 -5
      vertex 10.002075098454952 0.012232102453708649 5
      vertex 10.002075098454952 0.012232102453708649 -5
    endloop
  endfacet
  facet normal 0.4476172619594819 0.8942252438820414 0
    outer loop
      vertex 10.002075098454952 0.012232102453708649 -5
      vertex 10.008458495140076 0.009036801755428314 5
      vertex 10.008458495140076 0.009036801755428314 -5
    endloop
  endfacet
  facet normal 0.1068949738801406 0.9942703176496642 0
    outer loop
      vertex 10.042866080999374 0.00025478750467300415 -5
      vertex 10.035768516361713 0.0010178536176681519 -5
      vertex 10.042866080999374 0.00025478750467300415 5
    endloop
  endfacet
  facet normal 0.03569220062255543 0.9993628304148194 0
    outer loop
      vertex 10.042866080999374 0.00025478750467300415 -5
      vertex 10.049999997019768 0 5
      vertex 10.049999997019768 0 -5
    endloop
  endfacet
  facet normal 0.24730606573247924 0.9689374127630341 0
    outer loop
      vertex 10.028743468225002 0.002285316586494446 -5
      vertex 10.02182674407959 0.004050701856613159 -5
      vertex 10.028743468225002 0.002285316586494446 5
    endloop
  endfacet
  facet normal 0.177553852219383 0.9841110859867688 0
    outer loop
      vertex 10.028743468225002 0.002285316586494446 -5
      vertex 10.035768516361713 0.0010178536176681519 5
      vertex 10.035768516361713 0.0010178536176681519 -5
    endloop
  endfacet
  facet normal 0.3157993896988017 0.9488259827101407 0
    outer loop
      vertex 10.02182674407959 0.004050701856613159 -5
      vertex 10.0150535851717 0.006305024027824402 -5
      vertex 10.02182674407959 0.004050701856613159 5
    endloop
  endfacet
  facet normal 0.38268367048246943 0.9238794338798028 0
    outer loop
      vertex 10.008458495140076 0.009036801755428314 -5
      vertex 10.0150535851717 0.006305024027824402 5
      vertex 10.0150535851717 0.006305024027824402 -5
    endloop
  endfacet
  facet normal -0.4615702298518076 0.8871036708945295 0
    outer loop
      vertex -9.701906085014343 7.738938540220261 -5
      vertex -9.701906085014343 7.738938540220261 5
      vertex -9.570981711149216 7.807059995830059 5
    endloop
  endfacet
  facet normal -0.5257311089706166 0.8506508102979305 0
    outer loop
      vertex -9.827450506389141 7.661347821354866 -5
      vertex -9.827450506389141 7.661347821354866 5
      vertex -9.701906085014343 7.738938540220261 5
    endloop
  endfacet
  facet normal -0.2554708661820186 0.9668167543708627 0
    outer loop
      vertex -9.295870319008827 7.9134648740291595 -5
      vertex -9.295870319008827 7.9134648740291595 5
      vertex -9.15318138897419 7.9511688798666 5
    endloop
  endfacet
  facet normal -0.3260712147568413 0.9453452083270947 0
    outer loop
      vertex -9.435390338301659 7.8653412237763405 -5
      vertex -9.435390338301659 7.8653412237763405 5
      vertex -9.295870319008827 7.9134648740291595 5
    endloop
  endfacet
  facet normal -0.1834794178359385 0.9830235517171424 0
    outer loop
      vertex -9.15318138897419 7.9511688798666 -5
      vertex -9.15318138897419 7.9511688798666 5
      vertex -9.008100554347038 7.978247933089733 5
    endloop
  endfacet
  facet normal -0.11048882333040964 0.9938773666398997 0
    outer loop
      vertex -9.008100554347038 7.978247933089733 -5
      vertex -9.008100554347038 7.978247933089733 5
      vertex -8.861417852342129 7.9945545718073845 5
    endloop
  endfacet
  facet normal -0.39489586739478527 0.9187258861676426 0
    outer loop
      vertex -9.570981711149216 7.807059995830059 -5
      vertex -9.570981711149216 7.807059995830059 5
      vertex -9.435390338301659 7.8653412237763405 5
    endloop
  endfacet
  facet normal -0.6451305980590055 0.7640723208231208 0
    outer loop
      vertex -10.059697970747948 7.479497894644737 -5
      vertex -10.059697970747948 7.479497894644737 5
      vertex -9.946931347250938 7.574710346758366 5
    endloop
  endfacet
  facet normal -0.5870291476912023 0.8095657970547796 0
    outer loop
      vertex -9.946931347250938 7.574710346758366 -5
      vertex -9.946931347250938 7.574710346758366 5
      vertex -9.827450506389141 7.661347821354866 5
    endloop
  endfacet
  facet normal -0.6997190112496833 0.714418158570851 0
    outer loop
      vertex -10.165136314928532 7.37622894346714 -5
      vertex -10.165136314928532 7.37622894346714 5
      vertex -10.059697970747948 7.479497894644737 5
    endloop
  endfacet
  facet normal -0.8395388226404006 0.5432997011591023 0
    outer loop
      vertex -10.431958198547363 7.023907259106636 -5
      vertex -10.431958198547363 7.023907259106636 5
      vertex -10.351774595677853 7.147811703383923 5
    endloop
  endfacet
  facet normal -0.8773175296897971 0.47991035839934926 0
    outer loop
      vertex -10.50278640538454 6.894427187740803 -5
      vertex -10.50278640538454 6.894427187740803 5
      vertex -10.431958198547363 7.023907259106636 5
    endloop
  endfacet
  facet normal -0.7504971635625287 0.6608736698375863 0
    outer loop
      vertex -10.26267223060131 7.265465825796127 -5
      vertex -10.26267223060131 7.265465825796127 5
      vertex -10.165136314928532 7.37622894346714 5
    endloop
  endfacet
  facet normal -0.7971884972473807 0.6037304861082161 0
    outer loop
      vertex -10.351774595677853 7.147811703383923 -5
      vertex -10.351774595677853 7.147811703383923 5
      vertex -10.26267223060131 7.265465825796127 5
    endloop
  endfacet
  facet normal -0.03689656389358316 0.9993190899671871 0
    outer loop
      vertex -8.861417852342129 7.9945545718073845 -5
      vertex -8.861417852342129 7.9945545718073845 5
      vertex -8.713932022452354 8 5
    endloop
  endfacet
  facet normal 0 1 0
    outer loop
      vertex -8.713932022452354 8 -5
      vertex -8.713932022452354 8 5
      vertex -8.163928784430027 8 5
    endloop
  endfacet
  facet normal 0.03708640035586153 0.9993120628255444 0
    outer loop
      vertex -8.163928784430027 8 -5
      vertex -8.163928784430027 8 5
      vertex -7.904502667486668 7.990372195839882 5
    endloop
  endfacet
  facet normal 0.11105511619080129 0.993814248825125 0
    outer loop
      vertex -7.904502667486668 7.990372195839882 -5
      vertex -7.904502667486668 7.990372195839882 5
      vertex -7.646503806114197 7.961541764438152 5
    endloop
  endfacet
  facet normal 0.18441287329340184 0.9828488653723276 0
    outer loop
      vertex -7.646503806114197 7.961541764438152 -5
      vertex -7.646503806114197 7.961541764438152 5
      vertex -7.391351610422134 7.913667313754559 5
    endloop
  endfacet
  facet normal 0.25675609724095133 0.9664762317458174 0
    outer loop
      vertex -7.391351610422134 7.913667313754559 -5
      vertex -7.391351610422134 7.913667313754559 5
      vertex -7.140449829399586 7.847012221813202 5
    endloop
  endfacet
  facet normal 0.3276866898837441 0.9447864485020067 0
    outer loop
      vertex -7.140449829399586 7.847012221813202 -5
      vertex -7.140449829399586 7.847012221813202 5
      vertex -6.895178817212582 7.7619432136416435 5
    endloop
  endfacet
  facet normal 0.3968145400791286 0.9178988074846757 0
    outer loop
      vertex -6.895178817212582 7.7619432136416435 -5
      vertex -6.895178817212582 7.7619432136416435 5
      vertex -6.656887963414192 7.658928290009499 5
    endloop
  endfacet
  facet normal 0.463759228552957 0.8859612733816113 0
    outer loop
      vertex -6.656887963414192 7.658928290009499 -5
      vertex -6.656887963414192 7.658928290009499 5
      vertex -6.42688824236393 7.5385342091321945 5
    endloop
  endfacet
  facet normal 0.528152514392014 0.8491495283761238 0
    outer loop
      vertex -6.42688824236393 7.5385342091321945 -5
      vertex -6.42688824236393 7.5385342091321945 5
      vertex -6.206445023417473 7.401423327624798 5
    endloop
  endfacet
  facet normal 0.589640136936293 0.807666087510024 0
    outer loop
      vertex -6.206445023417473 7.401423327624798 -5
      vertex -6.206445023417473 7.401423327624798 5
      vertex -5.996771104633808 7.2483499720692635 5
    endloop
  endfacet
  facet normal -0.8944271886702276 0.4472136001593345 0
    outer loop
      vertex -10.78883334249258 6.322333320975304 -5
      vertex -10.78883334249258 6.322333320975304 5
      vertex -10.50278640538454 6.894427187740803 5
    endloop
  endfacet
  facet normal -0.9102491802571636 0.4140609011258629 0
    outer loop
      vertex -10.804041124880314 6.288901351392269 -5
      vertex -10.804041124880314 6.288901351392269 5
      vertex -10.78883334249258 6.322333320975304 5
    endloop
  endfacet
  facet normal -0.938188378699797 0.34612507287488775 0
    outer loop
      vertex -10.81675373762846 6.25444321334362 -5
      vertex -10.81675373762846 6.25444321334362 5
      vertex -10.804041124880314 6.288901351392269 5
    endloop
  endfacet
  facet normal -0.9610652778240375 0.27632142834207724 0
    outer loop
      vertex -10.826902575790882 6.219144843518734 -5
      vertex -10.826902575790882 6.219144843518734 5
      vertex -10.81675373762846 6.25444321334362 5
    endloop
  endfacet
  facet normal -0.9787563611383955 0.20502679222756898 0
    outer loop
      vertex -10.834432877600193 6.18319670855999 -5
      vertex -10.834432877600193 6.18319670855999 5
      vertex -10.826902575790882 6.219144843518734 5
    endloop
  endfacet
  facet normal -0.9911661547030063 0.13262599206511566 0
    outer loop
      vertex -10.839304015040398 6.146792784333229 -5
      vertex -10.839304015040398 6.146792784333229 5
      vertex -10.834432877600193 6.18319670855999 5
    endloop
  endfacet
  facet normal -0.9982277513443163 0.05950929713977296 0
    outer loop
      vertex -10.84148969501257 6.110129497945309 -5
      vertex -10.84148969501257 6.110129497945309 5
      vertex -10.839304015040398 6.146792784333229 5
    endloop
  endfacet
  facet normal -0.9999029991701136 -0.013928110087583568 0
    outer loop
      vertex -10.840978138148785 6.073404684662819 -5
      vertex -10.840978138148785 6.073404684662819 5
      vertex -10.84148969501257 6.110129497945309 5
    endloop
  endfacet
  facet normal -0.9961828679448844 -0.08729085641179732 0
    outer loop
      vertex -10.837772086262703 6.0368165001273155 -5
      vertex -10.837772086262703 6.0368165001273155 5
      vertex -10.840978138148785 6.073404684662819 5
    endloop
  endfacet
  facet normal -0.9870874630615334 -0.16018220958254376 0
    outer loop
      vertex -10.831888854503632 6.000562384724617 -5
      vertex -10.831888854503632 6.000562384724617 5
      vertex -10.837772086262703 6.0368165001273155 5
    endloop
  endfacet
  facet normal -0.9726658349493201 -0.2322093312559638 0
    outer loop
      vertex -10.823360182344913 5.964837945997715 -5
      vertex -10.823360182344913 5.964837945997715 5
      vertex -10.831888854503632 6.000562384724617 5
    endloop
  endfacet
  facet normal -0.9529957685456386 -0.30298360538832414 0
    outer loop
      vertex -10.812232084572315 5.929835952818394 -5
      vertex -10.812232084572315 5.929835952818394 5
      vertex -10.823360182344913 5.964837945997715 5
    endloop
  endfacet
  facet normal -0.9281834355934832 -0.3721229768367956 0
    outer loop
      vertex -10.798564612865448 5.895745284855366 -5
      vertex -10.798564612865448 5.895745284855366 5
      vertex -10.812232084572315 5.929835952818394 5
    endloop
  endfacet
  facet normal -0.8983628425267127 -0.4392541441663638 0
    outer loop
      vertex -10.78243152052164 5.862749874591827 -5
      vertex -10.78243152052164 5.862749874591827 5
      vertex -10.798564612865448 5.895745284855366 5
    endloop
  endfacet
  facet normal -0.8636945941729958 -0.5040155235668283 0
    outer loop
      vertex -10.763919845223427 5.831027768552303 -5
      vertex -10.763919845223427 5.831027768552303 5
      vertex -10.78243152052164 5.862749874591827 5
    endloop
  endfacet
  facet normal -0.8243660847998718 -0.5660570273671465 0
    outer loop
      vertex -10.74312949180603 5.800750143826008 -5
      vertex -10.74312949180603 5.800750143826008 5
      vertex -10.763919845223427 5.831027768552303 5
    endloop
  endfacet
  facet normal -0.7805893241024703 -0.6250442441117656 0
    outer loop
      vertex -10.720172628760338 5.772080361843109 -5
      vertex -10.720172628760338 5.772080361843109 5
      vertex -10.74312949180603 5.800750143826008 5
    endloop
  endfacet
  facet normal -0.7326005614421001 -0.6806588112811879 0
    outer loop
      vertex -10.695173136889935 5.745173133909702 -5
      vertex -10.695173136889935 5.745173133909702 5
      vertex -10.720172628760338 5.772080361843109 5
    endloop
  endfacet
  facet normal 0.48206062106134046 -0.8761378645064685 0
    outer loop
      vertex -7.356141373515129 6.074775815010071 -5
      vertex -7.356141373515129 6.074775815010071 5
      vertex -7.418892852962017 6.040249265730381 5
    endloop
  endfacet
  facet normal 0.5435354291746032 -0.8393862264964679 0
    outer loop
      vertex -7.418892852962017 6.040249265730381 -5
      vertex -7.418892852962017 6.040249265730381 5
      vertex -7.479012079536915 6.0013197138905525 5
    endloop
  endfacet
  facet normal 0.6022219560368469 -0.7983287015178359 0
    outer loop
      vertex -7.479012079536915 6.0013197138905525 -5
      vertex -7.479012079536915 6.0013197138905525 5
      vertex -7.536190651357174 5.958186864852905 5
    endloop
  endfacet
  facet normal 0.6578191973621895 -0.7531758782527258 0
    outer loop
      vertex -7.536190651357174 5.958186864852905 -5
      vertex -7.536190651357174 5.958186864852905 5
      vertex -7.590135246515274 5.911071985960007 5
    endloop
  endfacet
  facet normal 0.35202038246019957 -0.9359923345479785 0
    outer loop
      vertex -7.224041119217873 6.129934951663017 -5
      vertex -7.224041119217873 6.129934951663017 5
      vertex -7.291079543530941 6.104722253978252 5
    endloop
  endfacet
  facet normal 0.2147662935673706 -0.9766654694148524 0
    outer loop
      vertex -7.085418440401554 6.16566675901413 -5
      vertex -7.085418440401554 6.16566675901413 5
      vertex -7.1553699895739555 6.150284588336945 5
    endloop
  endfacet
  facet normal 0.1443086437718166 -0.9895327257512704 0
    outer loop
      vertex -7.014545291662216 6.17600255459547 -5
      vertex -7.014545291662216 6.17600255459547 5
      vertex -7.085418440401554 6.16566675901413 5
    endloop
  endfacet
  facet normal 0.284122154101746 -0.9587880900118564 0
    outer loop
      vertex -7.1553699895739555 6.150284588336945 -5
      vertex -7.1553699895739555 6.150284588336945 5
      vertex -7.224041119217873 6.129934951663017 5
    endloop
  endfacet
  facet normal 0.07311099819746031 -0.9973238099747599 0
    outer loop
      vertex -6.943114131689072 6.1812389716506 -5
      vertex -6.943114131689072 6.1812389716506 5
      vertex -7.014545291662216 6.17600255459547 5
    endloop
  endfacet
  facet normal 0.001538012730532403 -0.9999988172577209 0
    outer loop
      vertex -6.871491380035877 6.181349128484726 -5
      vertex -6.871491380035877 6.181349128484726 5
      vertex -6.943114131689072 6.1812389716506 5
    endloop
  endfacet
  facet normal -0.07004266814122727 -0.997543996342847 0
    outer loop
      vertex -6.800044447183609 6.176332473754883 -5
      vertex -6.800044447183609 6.176332473754883 5
      vertex -6.871491380035877 6.181349128484726 5
    endloop
  endfacet
  facet normal -0.14126424311843166 -0.9899719256707115 0
    outer loop
      vertex -6.729139842092991 6.166214726865292 -5
      vertex -6.729139842092991 6.166214726865292 5
      vertex -6.800044447183609 6.176332473754883 5
    endloop
  endfacet
  facet normal -0.21176089013805333 -0.9773215056510008 0
    outer loop
      vertex -6.659141302108765 6.151047810912132 -5
      vertex -6.659141302108765 6.151047810912132 5
      vertex -6.729139842092991 6.166214726865292 5
    endloop
  endfacet
  facet normal 0.41811299008812974 -0.9083950283437066 0
    outer loop
      vertex -7.291079543530941 6.104722253978252 -5
      vertex -7.291079543530941 6.104722253978252 5
      vertex -7.356141373515129 6.074775815010071 5
    endloop
  endfacet
  facet normal -0.28117151010693925 -0.9596575336567642 0
    outer loop
      vertex -6.590407907962799 6.130909509956837 -5
      vertex -6.590407907962799 6.130909509956837 5
      vertex -6.659141302108765 6.151047810912132 5
    endloop
  endfacet
  facet normal -0.34913950599262095 -0.9370707579234497 0
    outer loop
      vertex -6.523292243480682 6.105903148651123 -5
      vertex -6.523292243480682 6.105903148651123 5
      vertex -6.590407907962799 6.130909509956837 5
    endloop
  endfacet
  facet normal -0.4153166738454237 -0.9096768989184972 0
    outer loop
      vertex -6.458138599991798 6.076156988739967 -5
      vertex -6.458138599991798 6.076156988739967 5
      vertex -6.523292243480682 6.105903148651123 5
    endloop
  endfacet
  facet normal -0.4793633300387812 -0.8776165437217616 0
    outer loop
      vertex -6.395281210541725 6.041823625564575 -5
      vertex -6.395281210541725 6.041823625564575 5
      vertex -6.458138599991798 6.076156988739967 5
    endloop
  endfacet
  facet normal -0.540950725199791 -0.8410542865391153 0
    outer loop
      vertex -6.335042513906956 6.0030791983008385 -5
      vertex -6.335042513906956 6.0030791983008385 5
      vertex -6.395281210541725 6.041823625564575 5
    endloop
  endfacet
  facet normal 0.7100419766204449 -0.7041593508836843 0
    outer loop
      vertex -7.590135246515274 5.911071985960007 -5
      vertex -7.590135246515274 5.911071985960007 5
      vertex -7.640569135546684 5.8602167665958405 5
    endloop
  endfacet
  facet normal 0.734803445542963 -0.6782801017413012 0
    outer loop
      vertex -7.640569135546684 5.8602167665958405 -5
      vertex -7.640569135546684 5.8602167665958405 5
      vertex -7.852205164730549 5.630944401025772 5
    endloop
  endfacet
  facet normal 0.7595674345654254 -0.6504285605258262 0
    outer loop
      vertex -7.852205164730549 5.630944401025772 -5
      vertex -7.852205164730549 5.630944401025772 5
      vertex -7.924914643168449 5.54603461176157 5
    endloop
  endfacet
  facet normal 0.8058974862113583 -0.5920551002383255 0
    outer loop
      vertex -7.924914643168449 5.54603461176157 -5
      vertex -7.924914643168449 5.54603461176157 5
      vertex -7.99109873175621 5.455945715308189 5
    endloop
  endfacet
  facet normal 0.8477515818222879 -0.5303934912098835 0
    outer loop
      vertex -7.99109873175621 5.455945715308189 -5
      vertex -7.99109873175621 5.455945715308189 5
      vertex -8.050389848649502 5.3611780777573586 5
    endloop
  endfacet
  facet normal 0.8848973894664726 -0.4657860132243365 0
    outer loop
      vertex -8.050389848649502 5.3611780777573586 -5
      vertex -8.050389848649502 5.3611780777573586 5
      vertex -8.10245868563652 5.262258023023605 5
    endloop
  endfacet
  facet normal 0.6191879088390376 0.7852428500454746 0
    outer loop
      vertex -5.996771104633808 7.2483499720692635 -5
      vertex -5.996771104633808 7.2483499720692635 5
      vertex -3.0709395483136177 4.941242657601833 5
    endloop
  endfacet
  facet normal -0.7071067811865476 -0.7071067811865476 0
    outer loop
      vertex -9.950000002980232 5 -5
      vertex -9.950000002980232 5 5
      vertex -10.695173136889935 5.745173133909702 5
    endloop
  endfacet
  facet normal 0.9171285159383071 -0.39859162717347496 0
    outer loop
      vertex -8.10245868563652 5.262258023023605 -5
      vertex -8.10245868563652 5.262258023023605 5
      vertex -8.147016063332558 5.159734942018986 5
    endloop
  endfacet
  facet normal 0.9442659670440673 -0.3291835103438997 0
    outer loop
      vertex -8.147016063332558 5.159734942018986 -5
      vertex -8.147016063332558 5.159734942018986 5
      vertex -8.183814510703087 5.0541782528162 5
    endloop
  endfacet
  facet normal 0.9661590287023574 -0.25794714818527703 0
    outer loop
      vertex -8.183814510703087 5.0541782528162 -5
      vertex -8.183814510703087 5.0541782528162 5
      vertex -8.212649658322334 4.946174196898937 5
    endloop
  endfacet
  facet normal 0.982686126658966 -0.18527810575456177 0
    outer loop
      vertex -8.212649658322334 4.946174196898937 -5
      vertex -8.212649658322334 4.946174196898937 5
      vertex -8.233361348509789 4.836322627961636 5
    endloop
  endfacet
  facet normal 0.9937554488505634 -0.11158005144207182 0
    outer loop
      vertex -8.233361348509789 4.836322627961636 -5
      vertex -8.233361348509789 4.836322627961636 5
      vertex -8.245834551751614 4.725233651697636 5
    endloop
  endfacet
  facet normal 0.9993055172770478 -0.03726235553010655 0
    outer loop
      vertex -8.245834551751614 4.725233651697636 -5
      vertex -8.245834551751614 4.725233651697636 5
      vertex -8.25 4.613524250686169 5
    endloop
  endfacet
  facet normal 1 0 0
    outer loop
      vertex -8.25 4.613524250686169 -5
      vertex -8.25 4.613524250686169 5
      vertex -8.25 0.9142135605216026 5
    endloop
  endfacet
  facet normal -0.5707231771786276 -0.8211425302778641 0
    outer loop
      vertex -3.4715457558631897 4.012847408652306 -5
      vertex -3.4715457558631897 4.012847408652306 5
      vertex -6.335042513906956 6.0030791983008385 5
    endloop
  endfacet
  facet normal 0.5912158655405244 0.8065133602942784 0
    outer loop
      vertex -3.0709395483136177 4.941242657601833 -5
      vertex -3.0709395483136177 4.941242657601833 5
      vertex -2.787568673491478 4.733517199754715 5
    endloop
  endfacet
  facet normal 0.5331169726024041 0.8460415436154702 0
    outer loop
      vertex -2.787568673491478 4.733517199754715 -5
      vertex -2.787568673491478 4.733517199754715 5
      vertex -2.490309454500675 4.546204961836338 5
    endloop
  endfacet
  facet normal 0.47238560095366794 0.8813919922552292 0
    outer loop
      vertex -2.490309454500675 4.546204961836338 -5
      vertex -2.490309454500675 4.546204961836338 5
      vertex -2.180629752576351 4.380230873823166 5
    endloop
  endfacet
  facet normal 0.4093215644492487 0.9123901889415622 0
    outer loop
      vertex -2.180629752576351 4.380230873823166 -5
      vertex -2.180629752576351 4.380230873823166 5
      vertex -1.8600587397813797 4.236414521932602 5
    endloop
  endfacet
  facet normal 0.34423636426401233 0.9388830201459041 0
    outer loop
      vertex -1.8600587397813797 4.236414521932602 -5
      vertex -1.8600587397813797 4.236414521932602 5
      vertex -1.5301793962717056 4.115466050803661 5
    endloop
  endfacet
  facet normal 0.27745130588161904 0.9607397008891557 0
    outer loop
      vertex -1.5301793962717056 4.115466050803661 -5
      vertex -1.5301793962717056 4.115466050803661 5
      vertex -1.1926206350326538 4.017982706427574 5
    endloop
  endfacet
  facet normal 0.20929622080465904 0.9778522853462518 0
    outer loop
      vertex -1.1926206350326538 4.017982706427574 -5
      vertex -1.1926206350326538 4.017982706427574 5
      vertex -0.8490493223071098 3.9444458559155464 5
    endloop
  endfacet
  facet normal 0.14010764032929965 0.9901362780553774 0
    outer loop
      vertex -0.8490493223071098 3.9444458559155464 -5
      vertex -0.8490493223071098 3.9444458559155464 5
      vertex -0.5011619850993156 3.8952186182141304 5
    endloop
  endfacet
  facet normal 0.07022721792177901 0.9975310210028392 0
    outer loop
      vertex -0.5011619850993156 3.8952186182141304 -5
      vertex -0.5011619850993156 3.8952186182141304 5
      vertex -0.15067648887634277 3.8705440759658813 5
    endloop
  endfacet
  facet normal -0.540708695002451 -0.8412099067110101 0
    outer loop
      vertex -3.107142820954323 3.778618313372135 -5
      vertex -3.107142820954323 3.778618313372135 5
      vertex -3.4715457558631897 4.012847408652306 5
    endloop
  endfacet
  facet normal -0.47860520871224976 -0.878030212574433 0
    outer loop
      vertex -2.726789727807045 3.5712917670607567 -5
      vertex -2.726789727807045 3.5712917670607567 5
      vertex -3.107142820954323 3.778618313372135 5
    endloop
  endfacet
  facet normal -0.41400697089621774 -0.9102737105120297 0
    outer loop
      vertex -2.3324690982699394 3.3919484689831734 -5
      vertex -2.3324690982699394 3.3919484689831734 5
      vertex -2.726789727807045 3.5712917670607567 5
    endloop
  endfacet
  facet normal -0.3472506723610574 -0.9377723447323416 0
    outer loop
      vertex -1.926236368715763 3.2415232732892036 -5
      vertex -1.926236368715763 3.2415232732892036 5
      vertex -2.3324690982699394 3.3919484689831734 5
    endloop
  endfacet
  facet normal 0 1 0
    outer loop
      vertex -0.15067648887634277 3.8705440759658813 -5
      vertex -0.15067648887634277 3.8705440759658813 5
      vertex 0.20067649334669113 3.8705440759658813 5
    endloop
  endfacet
  facet normal -0.2786843004506134 -0.9603827677974821 0
    outer loop
      vertex -1.510209046304226 3.1208002790808678 -5
      vertex -1.510209046304226 3.1208002790808678 5
      vertex -1.926236368715763 3.2415232732892036 5
    endloop
  endfacet
  facet normal -0.2086652935462431 -0.9779871140609473 0
    outer loop
      vertex -1.0865557193756104 3.0304087549448013 -5
      vertex -1.0865557193756104 3.0304087549448013 5
      vertex -1.510209046304226 3.1208002790808678 5
    endloop
  endfacet
  facet normal -0.13755857410920627 -0.9904936338457921 0
    outer loop
      vertex -0.657484695315361 2.9708198830485344 -5
      vertex -0.657484695315361 2.9708198830485344 5
      vertex -1.0865557193756104 3.0304087549448013 5
    endloop
  endfacet
  facet normal -0.06573483554121858 -0.9978371266877021 0
    outer loop
      vertex -0.2252325564622879 2.942344270646572 -5
      vertex -0.2252325564622879 2.942344270646572 5
      vertex -0.657484695315361 2.9708198830485344 5
    endloop
  endfacet
  facet normal 0 0 1
    outer loop
      vertex -9.435390338301659 7.8653412237763405 5
      vertex -9.570981711149216 7.807059995830059 5
      vertex -7.640569135546684 5.8602167665958405 5
    endloop
  endfacet
  facet normal 0 0 1
    outer loop
      vertex -9.827450506389141 7.661347821354866 5
      vertex -7.640569135546684 5.8602167665958405 5
      vertex -9.701906085014343 7.738938540220261 5
    endloop
  endfacet
  facet normal 0 0 1
    outer loop
      vertex -9.701906085014343 7.738938540220261 5
      vertex -7.640569135546684 5.8602167665958405 5
      vertex -9.570981711149216 7.807059995830059 5
    endloop
  endfacet
  facet normal 0 0 1
    outer loop
      vertex -9.827450506389141 7.661347821354866 5
      vertex -9.946931347250938 7.574710346758366 5
      vertex -7.640569135546684 5.8602167665958405 5
    endloop
  endfacet
  facet normal 0 0 1
    outer loop
      vertex -9.946931347250938 7.574710346758366 5
      vertex -10.059697970747948 7.479497894644737 5
      vertex -7.640569135546684 5.8602167665958405 5
    endloop
  endfacet
  facet normal 0 0 1
    outer loop
      vertex -10.059697970747948 7.479497894644737 5
      vertex -10.165136314928532 7.37622894346714 5
      vertex -7.640569135546684 5.8602167665958405 5
    endloop
  endfacet
  facet normal 0 0 1
    outer loop
      vertex -10.165136314928532 7.37622894346714 5
      vertex -10.26267223060131 7.265465825796127 5
      vertex -7.640569135546684 5.8602167665958405 5
    endloop
  endfacet
  facet normal 0 0 1
    outer loop
      vertex -10.351774595677853 7.147811703383923 5
      vertex -7.640569135546684 5.8602167665958405 5
      vertex -10.26267223060131 7.265465825796127 5
    endloop
  endfacet
  facet normal 0 0 1
    outer loop
      vertex -10.351774595677853 7.147811703383923 5
      vertex -10.431958198547363 7.023907259106636 5
      vertex -7.640569135546684 5.8602167665958405 5
    endloop
  endfacet
  facet normal 0 0 1
    outer loop
      vertex -8.163928784430027 8 5
      vertex -7.536190651357174 5.958186864852905 5
      vertex -7.904502667486668 7.990372195839882 5
    endloop
  endfacet
  facet normal 0 0 1
    outer loop
      vertex -7.904502667486668 7.990372195839882 5
      vertex -7.418892852962017 6.040249265730381 5
      vertex -7.646503806114197 7.961541764438152 5
    endloop
  endfacet
  facet normal 0 0 1
    outer loop
      vertex -7.646503806114197 7.961541764438152 5
      vertex -7.356141373515129 6.074775815010071 5
      vertex -7.391351610422134 7.913667313754559 5
    endloop
  endfacet
  facet normal 0 0 1
    outer loop
      vertex -9.295870319008827 7.9134648740291595 5
      vertex -7.640569135546684 5.8602167665958405 5
      vertex -9.15318138897419 7.9511688798666 5
    endloop
  endfacet
  facet normal 0 0 1
    outer loop
      vertex -9.008100554347038 7.978247933089733 5
      vertex -7.640569135546684 5.8602167665958405 5
      vertex -8.861417852342129 7.9945545718073845 5
    endloop
  endfacet
  facet normal 0 0 1
    outer loop
      vertex -9.15318138897419 7.9511688798666 5
      vertex -7.640569135546684 5.8602167665958405 5
      vertex -9.008100554347038 7.978247933089733 5
    endloop
  endfacet
  facet normal 0 0 1
    outer loop
      vertex -9.435390338301659 7.8653412237763405 5
      vertex -7.640569135546684 5.8602167665958405 5
      vertex -9.295870319008827 7.9134648740291595 5
    endloop
  endfacet
  facet normal 0 0 1
    outer loop
      vertex -8.861417852342129 7.9945545718073845 5
      vertex -7.640569135546684 5.8602167665958405 5
      vertex -8.713932022452354 8 5
    endloop
  endfacet
  facet normal 0 0 1
    outer loop
      vertex -8.713932022452354 8 5
      vertex -7.640569135546684 5.8602167665958405 5
      vertex -8.163928784430027 8 5
    endloop
  endfacet
  facet normal 0 0 1
    outer loop
      vertex -7.904502667486668 7.990372195839882 5
      vertex -7.479012079536915 6.0013197138905525 5
      vertex -7.418892852962017 6.040249265730381 5
    endloop
  endfacet
  facet normal 0 0 1
    outer loop
      vertex -7.904502667486668 7.990372195839882 5
      vertex -7.536190651357174 5.958186864852905 5
      vertex -7.479012079536915 6.0013197138905525 5
    endloop
  endfacet
  facet normal 0 0 1
    outer loop
      vertex -7.646503806114197 7.961541764438152 5
      vertex -7.418892852962017 6.040249265730381 5
      vertex -7.356141373515129 6.074775815010071 5
    endloop
  endfacet
  facet normal 0 0 1
    outer loop
      vertex -7.391351610422134 7.913667313754559 5
      vertex -7.224041119217873 6.129934951663017 5
      vertex -7.140449829399586 7.847012221813202 5
    endloop
  endfacet
  facet normal 0 0 1
    outer loop
      vertex -7.140449829399586 7.847012221813202 5
      vertex -7.1553699895739555 6.150284588336945 5
      vertex -6.895178817212582 7.7619432136416435 5
    endloop
  endfacet
  facet normal 0 0 1
    outer loop
      vertex -6.895178817212582 7.7619432136416435 5
      vertex -7.014545291662216 6.17600255459547 5
      vertex -6.656887963414192 7.658928290009499 5
    endloop
  endfacet
  facet normal 0 0 1
    outer loop
      vertex -6.656887963414192 7.658928290009499 5
      vertex -6.943114131689072 6.1812389716506 5
      vertex -6.42688824236393 7.5385342091321945 5
    endloop
  endfacet
  facet normal 0 0 1
    outer loop
      vertex -6.42688824236393 7.5385342091321945 5
      vertex -6.800044447183609 6.176332473754883 5
      vertex -6.206445023417473 7.401423327624798 5
    endloop
  endfacet
  facet normal 0 0 1
    outer loop
      vertex -7.391351610422134 7.913667313754559 5
      vertex -7.291079543530941 6.104722253978252 5
      vertex -7.224041119217873 6.129934951663017 5
    endloop
  endfacet
  facet normal 0 0 1
    outer loop
      vertex -7.391351610422134 7.913667313754559 5
      vertex -7.356141373515129 6.074775815010071 5
      vertex -7.291079543530941 6.104722253978252 5
    endloop
  endfacet
  facet normal 0 0 1
    outer loop
      vertex -7.140449829399586 7.847012221813202 5
      vertex -7.224041119217873 6.129934951663017 5
      vertex -7.1553699895739555 6.150284588336945 5
    endloop
  endfacet
  facet normal 0 0 1
    outer loop
      vertex -6.895178817212582 7.7619432136416435 5
      vertex -7.1553699895739555 6.150284588336945 5
      vertex -7.085418440401554 6.16566675901413 5
    endloop
  endfacet
  facet normal 0 0 1
    outer loop
      vertex -6.895178817212582 7.7619432136416435 5
      vertex -7.085418440401554 6.16566675901413 5
      vertex -7.014545291662216 6.17600255459547 5
    endloop
  endfacet
  facet normal 0 0 1
    outer loop
      vertex -6.656887963414192 7.658928290009499 5
      vertex -7.014545291662216 6.17600255459547 5
      vertex -6.943114131689072 6.1812389716506 5
    endloop
  endfacet
  facet normal 0 0 1
    outer loop
      vertex -6.42688824236393 7.5385342091321945 5
      vertex -6.943114131689072 6.1812389716506 5
      vertex -6.871491380035877 6.181349128484726 5
    endloop
  endfacet
  facet normal 0 0 1
    outer loop
      vertex -6.42688824236393 7.5385342091321945 5
      vertex -6.871491380035877 6.181349128484726 5
      vertex -6.800044447183609 6.176332473754883 5
    endloop
  endfacet
  facet normal 0 0 1
    outer loop
      vertex -6.206445023417473 7.401423327624798 5
      vertex -6.659141302108765 6.151047810912132 5
      vertex -5.996771104633808 7.2483499720692635 5
    endloop
  endfacet
  facet normal 0 0 1
    outer loop
      vertex -10.50278640538454 6.894427187740803 5
      vertex -10.78883334249258 6.322333320975304 5
      vertex -7.640569135546684 5.8602167665958405 5
    endloop
  endfacet
  facet normal 0 0 1
    outer loop
      vertex -10.431958198547363 7.023907259106636 5
      vertex -10.50278640538454 6.894427187740803 5
      vertex -7.640569135546684 5.8602167665958405 5
    endloop
  endfacet
  facet normal 0 0 1
    outer loop
      vertex -10.78883334249258 6.322333320975304 5
      vertex -10.804041124880314 6.288901351392269 5
      vertex -7.640569135546684 5.8602167665958405 5
    endloop
  endfacet
  facet normal 0 0 1
    outer loop
      vertex -10.804041124880314 6.288901351392269 5
      vertex -10.81675373762846 6.25444321334362 5
      vertex -7.640569135546684 5.8602167665958405 5
    endloop
  endfacet
  facet normal 0 0 1
    outer loop
      vertex -10.81675373762846 6.25444321334362 5
      vertex -10.826902575790882 6.219144843518734 5
      vertex -7.640569135546684 5.8602167665958405 5
    endloop
  endfacet
  facet normal 0 0 1
    outer loop
      vertex -10.839304015040398 6.146792784333229 5
      vertex -10.84148969501257 6.110129497945309 5
      vertex -7.640569135546684 5.8602167665958405 5
    endloop
  endfacet
  facet normal 0 0 1
    outer loop
      vertex -10.826902575790882 6.219144843518734 5
      vertex -10.834432877600193 6.18319670855999 5
      vertex -7.640569135546684 5.8602167665958405 5
    endloop
  endfacet
  facet normal 0 0 1
    outer loop
      vertex -10.834432877600193 6.18319670855999 5
      vertex -10.839304015040398 6.146792784333229 5
      vertex -7.640569135546684 5.8602167665958405 5
    endloop
  endfacet
  facet normal 0 0 1
    outer loop
      vertex -10.84148969501257 6.110129497945309 5
      vertex -10.840978138148785 6.073404684662819 5
      vertex -7.640569135546684 5.8602167665958405 5
    endloop
  endfacet
  facet normal 0 0 1
    outer loop
      vertex -10.840978138148785 6.073404684662819 5
      vertex -10.837772086262703 6.0368165001273155 5
      vertex -7.640569135546684 5.8602167665958405 5
    endloop
  endfacet
  facet normal 0 0 1
    outer loop
      vertex -10.837772086262703 6.0368165001273155 5
      vertex -10.831888854503632 6.000562384724617 5
      vertex -7.640569135546684 5.8602167665958405 5
    endloop
  endfacet
  facet normal 0 0 1
    outer loop
      vertex -10.831888854503632 6.000562384724617 5
      vertex -10.823360182344913 5.964837945997715 5
      vertex -7.640569135546684 5.8602167665958405 5
    endloop
  endfacet
  facet normal 0 0 1
    outer loop
      vertex -10.823360182344913 5.964837945997715 5
      vertex -10.812232084572315 5.929835952818394 5
      vertex -7.640569135546684 5.8602167665958405 5
    endloop
  endfacet
  facet normal 0 0 1
    outer loop
      vertex -10.812232084572315 5.929835952818394 5
      vertex -10.798564612865448 5.895745284855366 5
      vertex -7.640569135546684 5.8602167665958405 5
    endloop
  endfacet
  facet normal 0 0 1
    outer loop
      vertex -10.798564612865448 5.895745284855366 5
      vertex -10.78243152052164 5.862749874591827 5
      vertex -7.640569135546684 5.8602167665958405 5
    endloop
  endfacet
  facet normal 0 0 1
    outer loop
      vertex -10.78243152052164 5.862749874591827 5
      vertex -10.763919845223427 5.831027768552303 5
      vertex -7.640569135546684 5.8602167665958405 5
    endloop
  endfacet
  facet normal 0 0 1
    outer loop
      vertex -10.763919845223427 5.831027768552303 5
      vertex -10.74312949180603 5.800750143826008 5
      vertex -7.640569135546684 5.8602167665958405 5
    endloop
  endfacet
  facet normal 0 0 1
    outer loop
      vertex -10.74312949180603 5.800750143826008 5
      vertex -10.720172628760338 5.772080361843109 5
      vertex -7.640569135546684 5.8602167665958405 5
    endloop
  endfacet
  facet normal 0 0 1
    outer loop
      vertex -10.720172628760338 5.772080361843109 5
      vertex -10.695173136889935 5.745173133909702 5
      vertex -7.640569135546684 5.8602167665958405 5
    endloop
  endfacet
  facet normal 0 0 1
    outer loop
      vertex -10.695173136889935 5.745173133909702 5
      vertex -7.99109873175621 5.455945715308189 5
      vertex -7.924914643168449 5.54603461176157 5
    endloop
  endfacet
  facet normal 0 0 1
    outer loop
      vertex -10.695173136889935 5.745173133909702 5
      vertex -8.050389848649502 5.3611780777573586 5
      vertex -7.99109873175621 5.455945715308189 5
    endloop
  endfacet
  facet normal 0 0 1
    outer loop
      vertex -10.695173136889935 5.745173133909702 5
      vertex -9.950000002980232 5 5
      vertex -8.050389848649502 5.3611780777573586 5
    endloop
  endfacet
  facet normal 0 0 1
    outer loop
      vertex -8.163928784430027 8 5
      vertex -7.590135246515274 5.911071985960007 5
      vertex -7.536190651357174 5.958186864852905 5
    endloop
  endfacet
  facet normal 0 0 1
    outer loop
      vertex -8.163928784430027 8 5
      vertex -7.640569135546684 5.8602167665958405 5
      vertex -7.590135246515274 5.911071985960007 5
    endloop
  endfacet
  facet normal 0 0 1
    outer loop
      vertex -6.206445023417473 7.401423327624798 5
      vertex -6.800044447183609 6.176332473754883 5
      vertex -6.729139842092991 6.166214726865292 5
    endloop
  endfacet
  facet normal 0 0 1
    outer loop
      vertex -6.206445023417473 7.401423327624798 5
      vertex -6.729139842092991 6.166214726865292 5
      vertex -6.659141302108765 6.151047810912132 5
    endloop
  endfacet
  facet normal 0 0 1
    outer loop
      vertex -5.996771104633808 7.2483499720692635 5
      vertex -6.659141302108765 6.151047810912132 5
      vertex -6.590407907962799 6.130909509956837 5
    endloop
  endfacet
  facet normal 0 0 1
    outer loop
      vertex -5.996771104633808 7.2483499720692635 5
      vertex -6.590407907962799 6.130909509956837 5
      vertex -6.523292243480682 6.105903148651123 5
    endloop
  endfacet
  facet normal 0 0 1
    outer loop
      vertex -5.996771104633808 7.2483499720692635 5
      vertex -6.523292243480682 6.105903148651123 5
      vertex -6.458138599991798 6.076156988739967 5
    endloop
  endfacet
  facet normal 0 0 1
    outer loop
      vertex -5.996771104633808 7.2483499720692635 5
      vertex -6.458138599991798 6.076156988739967 5
      vertex -6.395281210541725 6.041823625564575 5
    endloop
  endfacet
  facet normal 0 0 1
    outer loop
      vertex -10.695173136889935 5.745173133909702 5
      vertex -7.852205164730549 5.630944401025772 5
      vertex -7.640569135546684 5.8602167665958405 5
    endloop
  endfacet
  facet normal 0 0 1
    outer loop
      vertex -10.695173136889935 5.745173133909702 5
      vertex -7.924914643168449 5.54603461176157 5
      vertex -7.852205164730549 5.630944401025772 5
    endloop
  endfacet
  facet normal 0 0 1
    outer loop
      vertex -5.996771104633808 7.2483499720692635 5
      vertex -6.395281210541725 6.041823625564575 5
      vertex -3.0709395483136177 4.941242657601833 5
    endloop
  endfacet
  facet normal 0 0 1
    outer loop
      vertex -6.395281210541725 6.041823625564575 5
      vertex -6.335042513906956 6.0030791983008385 5
      vertex -3.0709395483136177 4.941242657601833 5
    endloop
  endfacet
  facet normal 0 0 1
    outer loop
      vertex -8.050389848649502 5.3611780777573586 5
      vertex -9.950000002980232 5 5
      vertex -8.10245868563652 5.262258023023605 5
    endloop
  endfacet
  facet normal 0 0 1
    outer loop
      vertex -8.10245868563652 5.262258023023605 5
      vertex -9.950000002980232 5 5
      vertex -8.147016063332558 5.159734942018986 5
    endloop
  endfacet
  facet normal 0 0 1
    outer loop
      vertex -9.950000002980232 5 5
      vertex -8.183814510703087 5.0541782528162 5
      vertex -8.147016063332558 5.159734942018986 5
    endloop
  endfacet
  facet normal 0 0 1
    outer loop
      vertex -9.950000002980232 5 5
      vertex -8.212649658322334 4.946174196898937 5
      vertex -8.183814510703087 5.0541782528162 5
    endloop
  endfacet
  facet normal 0 0 1
    outer loop
      vertex -9.950000002980232 5 5
      vertex -8.233361348509789 4.836322627961636 5
      vertex -8.212649658322334 4.946174196898937 5
    endloop
  endfacet
  facet normal 0 0 1
    outer loop
      vertex -9.950000002980232 5 5
      vertex -8.245834551751614 4.725233651697636 5
      vertex -8.233361348509789 4.836322627961636 5
    endloop
  endfacet
  facet normal 0 0 1
    outer loop
      vertex -9.950000002980232 5 5
      vertex -8.25 4.613524250686169 5
      vertex -8.245834551751614 4.725233651697636 5
    endloop
  endfacet
  facet normal 0 0 1
    outer loop
      vertex -9.950000002980232 5 5
      vertex -8.25 0.9142135605216026 5
      vertex -8.25 4.613524250686169 5
    endloop
  endfacet
  facet normal 0 0 1
    outer loop
      vertex -6.335042513906956 6.0030791983008385 5
      vertex -3.4715457558631897 4.012847408652306 5
      vertex -3.0709395483136177 4.941242657601833 5
    endloop
  endfacet
  facet normal 0 0 1
    outer loop
      vertex -3.0709395483136177 4.941242657601833 5
      vertex -3.4715457558631897 4.012847408652306 5
      vertex -2.787568673491478 4.733517199754715 5
    endloop
  endfacet
  facet normal 0 0 1
    outer loop
      vertex -3.4715457558631897 4.012847408652306 5
      vertex -3.107142820954323 3.778618313372135 5
      vertex -2.787568673491478 4.733517199754715 5
    endloop
  endfacet
  facet normal 0 0 1
    outer loop
      vertex -2.787568673491478 4.733517199754715 5
      vertex -3.107142820954323 3.778618313372135 5
      vertex -2.490309454500675 4.546204961836338 5
    endloop
  endfacet
  facet normal 0 0 1
    outer loop
      vertex -2.490309454500675 4.546204961836338 5
      vertex -2.726789727807045 3.5712917670607567 5
      vertex -2.180629752576351 4.380230873823166 5
    endloop
  endfacet
  facet normal 0 0 1
    outer loop
      vertex -2.490309454500675 4.546204961836338 5
      vertex -3.107142820954323 3.778618313372135 5
      vertex -2.726789727807045 3.5712917670607567 5
    endloop
  endfacet
  facet normal 0 0 1
    outer loop
      vertex -2.180629752576351 4.380230873823166 5
      vertex -2.3324690982699394 3.3919484689831734 5
      vertex -1.8600587397813797 4.236414521932602 5
    endloop
  endfacet
  facet normal 0 0 1
    outer loop
      vertex -2.180629752576351 4.380230873823166 5
      vertex -2.726789727807045 3.5712917670607567 5
      vertex -2.3324690982699394 3.3919484689831734 5
    endloop
  endfacet
  facet normal 0 0 1
    outer loop
      vertex -1.8600587397813797 4.236414521932602 5
      vertex -1.926236368715763 3.2415232732892036 5
      vertex -1.5301793962717056 4.115466050803661 5
    endloop
  endfacet
  facet normal 0 0 1
    outer loop
      vertex -1.8600587397813797 4.236414521932602 5
      vertex -2.3324690982699394 3.3919484689831734 5
      vertex -1.926236368715763 3.2415232732892036 5
    endloop
  endfacet
  facet normal 0 0 1
    outer loop
      vertex -1.5301793962717056 4.115466050803661 5
      vertex -1.926236368715763 3.2415232732892036 5
      vertex -1.510209046304226 3.1208002790808678 5
    endloop
  endfacet
  facet normal 0 0 1
    outer loop
      vertex -1.5301793962717056 4.115466050803661 5
      vertex -1.510209046304226 3.1208002790808678 5
      vertex -1.1926206350326538 4.017982706427574 5
    endloop
  endfacet
  facet normal 0 0 1
    outer loop
      vertex -1.1926206350326538 4.017982706427574 5
      vertex -1.0865557193756104 3.0304087549448013 5
      vertex -0.8490493223071098 3.9444458559155464 5
    endloop
  endfacet
  facet normal 0 0 1
    outer loop
      vertex -0.8490493223071098 3.9444458559155464 5
      vertex -0.657484695315361 2.9708198830485344 5
      vertex -0.5011619850993156 3.8952186182141304 5
    endloop
  endfacet
  facet normal 0 0 1
    outer loop
      vertex -0.5011619850993156 3.8952186182141304 5
      vertex -0.2252325564622879 2.942344270646572 5
      vertex -0.15067648887634277 3.8705440759658813 5
    endloop
  endfacet
  facet normal 0 0 1
    outer loop
      vertex -1.1926206350326538 4.017982706427574 5
      vertex -1.510209046304226 3.1208002790808678 5
      vertex -1.0865557193756104 3.0304087549448013 5
    endloop
  endfacet
  facet normal 0 0 1
    outer loop
      vertex -0.8490493223071098 3.9444458559155464 5
      vertex -1.0865557193756104 3.0304087549448013 5
      vertex -0.657484695315361 2.9708198830485344 5
    endloop
  endfacet
  facet normal 0 0 1
    outer loop
      vertex -0.5011619850993156 3.8952186182141304 5
      vertex -0.657484695315361 2.9708198830485344 5
      vertex -0.2252325564622879 2.942344270646572 5
    endloop
  endfacet
  facet normal 0 0 1
    outer loop
      vertex -0.15067648887634277 3.8705440759658813 5
      vertex -0.2252325564622879 2.942344270646572 5
      vertex 0.20794755220413208 2.9451303482055664 5
    endloop
  endfacet
  facet normal -0.6191879098112726 0.7852428492788376 0
    outer loop
      vertex 3.120939552783966 4.941242657601833 -5
      vertex 3.120939552783966 4.941242657601833 5
      vertex 6.046771101653576 7.2483499720692635 5
    endloop
  endfacet
  facet normal 0.36000293712411385 -0.932951169816519 0
    outer loop
      vertex 5.300688743591309 5.284995868802071 -5
      vertex 5.300688743591309 5.284995868802071 5
      vertex 5.166384279727936 5.233171075582504 5
    endloop
  endfacet
  facet normal 0.29196162997476394 -0.9564300322671174 0
    outer loop
      vertex 5.438373140990734 5.327025666832924 -5
      vertex 5.438373140990734 5.327025666832924 5
      vertex 5.300688743591309 5.284995868802071 5
    endloop
  endfacet
  facet normal 0.2224077552506166 -0.974953737571369 0
    outer loop
      vertex 5.578724145889282 5.359042726457119 -5
      vertex 5.578724145889282 5.359042726457119 5
      vertex 5.438373140990734 5.327025666832924 5
    endloop
  endfacet
  facet normal 0.15170158071896073 -0.9884263404054795 0
    outer loop
      vertex 5.721014626324177 5.380881167948246 -5
      vertex 5.721014626324177 5.380881167948246 5
      vertex 5.578724145889282 5.359042726457119 5
    endloop
  endfacet
  facet normal 0.08020945819374582 -0.9967780308655814 0
    outer loop
      vertex 5.864507377147675 5.39242784678936 -5
      vertex 5.864507377147675 5.39242784678936 5
      vertex 5.721014626324177 5.380881167948246 5
    endloop
  endfacet
  facet normal -0.2567560901191561 0.9664762336378084 0
    outer loop
      vertex 7.1904498264193535 7.847012221813202 -5
      vertex 7.1904498264193535 7.847012221813202 5
      vertex 7.441351614892483 7.913667313754559 5
    endloop
  endfacet
  facet normal -0.3968145400791286 0.9178988074846757 0
    outer loop
      vertex 6.70688796043396 7.658928290009499 -5
      vertex 6.70688796043396 7.658928290009499 5
      vertex 6.945178814232349 7.7619432136416435 5
    endloop
  endfacet
  facet normal -0.3276866898837441 0.9447864485020067 0
    outer loop
      vertex 6.945178814232349 7.7619432136416435 -5
      vertex 6.945178814232349 7.7619432136416435 5
      vertex 7.1904498264193535 7.847012221813202 5
    endloop
  endfacet
  facet normal -0.463759228552957 0.8859612733816113 0
    outer loop
      vertex 6.4768882393836975 7.5385342091321945 -5
      vertex 6.4768882393836975 7.5385342091321945 5
      vertex 6.70688796043396 7.658928290009499 5
    endloop
  endfacet
  facet normal -0.5281525272632746 0.84914952037048 0
    outer loop
      vertex 6.256445027887821 7.401423327624798 -5
      vertex 6.256445027887821 7.401423327624798 5
      vertex 6.4768882393836975 7.5385342091321945 5
    endloop
  endfacet
  facet normal -0.18441287849522442 0.9828488643963046 0
    outer loop
      vertex 7.441351614892483 7.913667313754559 -5
      vertex 7.441351614892483 7.913667313754559 5
      vertex 7.6965038031339645 7.961541764438152 5
    endloop
  endfacet
  facet normal -0.11105511619080129 0.993814248825125 0
    outer loop
      vertex 7.6965038031339645 7.961541764438152 -5
      vertex 7.6965038031339645 7.961541764438152 5
      vertex 7.954502664506435 7.990372195839882 5
    endloop
  endfacet
  facet normal -0.03708639929222474 0.9993120628650181 0
    outer loop
      vertex 7.954502664506435 7.990372195839882 -5
      vertex 7.954502664506435 7.990372195839882 5
      vertex 8.213928788900375 8 5
    endloop
  endfacet
  facet normal 0 1 0
    outer loop
      vertex 8.213928788900375 8 -5
      vertex 8.213928788900375 8 5
      vertex 9.5 8 5
    endloop
  endfacet
  facet normal -0.5896401232685617 0.8076660974882105 0
    outer loop
      vertex 6.046771101653576 7.2483499720692635 -5
      vertex 6.046771101653576 7.2483499720692635 5
      vertex 6.256445027887821 7.401423327624798 5
    endloop
  endfacet
  facet normal 0.035692327198633016 0.9993628258941524 0
    outer loop
      vertex 9.5 8 -5
      vertex 9.5 8 5
      vertex 9.607008777558804 7.996178172528744 5
    endloop
  endfacet
  facet normal 0.10689510405773878 0.9942703036541346 0
    outer loop
      vertex 9.607008777558804 7.996178172528744 -5
      vertex 9.607008777558804 7.996178172528744 5
      vertex 9.713472254574299 7.984732165932655 5
    endloop
  endfacet
  facet normal 0.1775532512889915 0.9841111944067643 0
    outer loop
      vertex 9.713472254574299 7.984732165932655 -5
      vertex 9.713472254574299 7.984732165932655 5
      vertex 9.818847931921482 7.965720295906067 5
    endloop
  endfacet
  facet normal 0.247306488299135 0.96893730490943 0
    outer loop
      vertex 9.818847931921482 7.965720295906067 -5
      vertex 9.818847931921482 7.965720295906067 5
      vertex 9.922598838806152 7.939239457249641 5
    endloop
  endfacet
  facet normal 0.3157995778139601 0.9488259200994271 0
    outer loop
      vertex 9.922598838806152 7.939239457249641 -5
      vertex 9.922598838806152 7.939239457249641 5
      vertex 10.02419626712799 7.90542458742857 5
    endloop
  endfacet
  facet normal 0.38268339637749377 0.9238795474178363 0
    outer loop
      vertex 10.02419626712799 7.90542458742857 -5
      vertex 10.02419626712799 7.90542458742857 5
      vertex 10.1231225207448 7.864447996020317 5
    endloop
  endfacet
  facet normal 0.44761723410804044 0.8942252578234791 0
    outer loop
      vertex 10.1231225207448 7.864447996020317 -5
      vertex 10.1231225207448 7.864447996020317 5
      vertex 10.218873478472233 7.816518485546112 5
    endloop
  endfacet
  facet normal 0.5102700314175376 0.8600142411827524 0
    outer loop
      vertex 10.218873478472233 7.816518485546112 -5
      vertex 10.218873478472233 7.816518485546112 5
      vertex 10.310961224138737 7.761880300939083 5
    endloop
  endfacet
  facet normal 0.5703226373189522 0.8214207748538839 0
    outer loop
      vertex 10.310961224138737 7.761880300939083 -5
      vertex 10.310961224138737 7.761880300939083 5
      vertex 10.398916497826576 7.700811862945557 5
    endloop
  endfacet
  facet normal 0.62746900941636 0.778641536409439 0
    outer loop
      vertex 10.398916497826576 7.700811862945557 -5
      vertex 10.398916497826576 7.700811862945557 5
      vertex 10.482291102409363 7.633624359965324 5
    endloop
  endfacet
  facet normal 0.6814179701141619 0.7318944937663456 0
    outer loop
      vertex 10.482291102409363 7.633624359965324 -5
      vertex 10.482291102409363 7.633624359965324 5
      vertex 10.560660168528557 7.560660168528557 5
    endloop
  endfacet
  facet normal 0.7318944937663456 0.6814179701141619 0
    outer loop
      vertex 10.560660168528557 7.560660168528557 -5
      vertex 10.560660168528557 7.560660168528557 5
      vertex 10.633624359965324 7.482291102409363 5
    endloop
  endfacet
  facet normal 0.778641536409439 0.62746900941636 0
    outer loop
      vertex 10.633624359965324 7.482291102409363 -5
      vertex 10.633624359965324 7.482291102409363 5
      vertex 10.700811862945557 7.398916497826576 5
    endloop
  endfacet
  facet normal 0.8214207748538839 0.5703226373189522 0
    outer loop
      vertex 10.700811862945557 7.398916497826576 -5
      vertex 10.700811862945557 7.398916497826576 5
      vertex 10.761880300939083 7.310961224138737 5
    endloop
  endfacet
  facet normal 0.8600142411827524 0.5102700314175376 0
    outer loop
      vertex 10.761880300939083 7.310961224138737 -5
      vertex 10.761880300939083 7.310961224138737 5
      vertex 10.816518485546112 7.218873478472233 5
    endloop
  endfacet
  facet normal 0.8942252578234791 0.44761723410804044 0
    outer loop
      vertex 10.816518485546112 7.218873478472233 -5
      vertex 10.816518485546112 7.218873478472233 5
      vertex 10.864447996020317 7.123122520744801 5
    endloop
  endfacet
  facet normal 0.9238795474178363 0.38268339637749377 0
    outer loop
      vertex 10.864447996020317 7.123122520744801 -5
      vertex 10.864447996020317 7.123122520744801 5
      vertex 10.90542458742857 7.024196267127991 5
    endloop
  endfacet
  facet normal 0.9488259200994271 0.3157995778139601 0
    outer loop
      vertex 10.90542458742857 7.024196267127991 -5
      vertex 10.90542458742857 7.024196267127991 5
      vertex 10.939239457249641 6.922598838806152 5
    endloop
  endfacet
  facet normal 0.96893730490943 0.247306488299135 0
    outer loop
      vertex 10.939239457249641 6.922598838806152 -5
      vertex 10.939239457249641 6.922598838806152 5
      vertex 10.965720295906067 6.818847931921482 5
    endloop
  endfacet
  facet normal 0.9841111944067643 0.1775532512889915 0
    outer loop
      vertex 10.965720295906067 6.818847931921482 -5
      vertex 10.965720295906067 6.818847931921482 5
      vertex 10.984732165932655 6.713472254574299 5
    endloop
  endfacet
  facet normal 0.9942703036541346 0.10689510405773878 0
    outer loop
      vertex 10.984732165932655 6.713472254574299 -5
      vertex 10.984732165932655 6.713472254574299 5
      vertex 10.996178172528744 6.607008777558804 5
    endloop
  endfacet
  facet normal 0.008301725314538759 -0.9999655400846581 0
    outer loop
      vertex 6.008459001779556 5.393622934818268 -5
      vertex 6.008459001779556 5.393622934818268 5
      vertex 5.864507377147675 5.39242784678936 5
    endloop
  endfacet
  facet normal -0.06364890890340018 -0.9979723525205528 0
    outer loop
      vertex 6.152123689651489 5.3844602555036545 -5
      vertex 6.152123689651489 5.3844602555036545 5
      vertex 6.008459001779556 5.393622934818268 5
    endloop
  endfacet
  facet normal -0.13526986003236777 -0.9908087933435108 0
    outer loop
      vertex 6.294757135212421 5.364987269043922 -5
      vertex 6.294757135212421 5.364987269043922 5
      vertex 6.152123689651489 5.3844602555036545 5
    endloop
  endfacet
  facet normal -0.20618993412311 -0.9785119882077621 0
    outer loop
      vertex 6.435620374977589 5.335304871201515 -5
      vertex 6.435620374977589 5.335304871201515 5
      vertex 6.294757135212421 5.364987269043922 5
    endloop
  endfacet
  facet normal -0.2760418608188916 -0.9611456138773373 0
    outer loop
      vertex 6.573983617126942 5.295566827058792 -5
      vertex 6.573983617126942 5.295566827058792 5
      vertex 6.435620374977589 5.335304871201515 5
    endloop
  endfacet
  facet normal -0.34446354123424555 -0.9387996957606897 0
    outer loop
      vertex 6.709130011498928 5.245979033410549 -5
      vertex 6.709130011498928 5.245979033410549 5
      vertex 6.573983617126942 5.295566827058792 5
    endloop
  endfacet
  facet normal 0.9993628258941524 0.035692327198633016 0
    outer loop
      vertex 10.996178172528744 6.607008777558804 -5
      vertex 10.996178172528744 6.607008777558804 5
      vertex 11 6.5 5
    endloop
  endfacet
  facet normal 1 0 0
    outer loop
      vertex 11 6.5 -5
      vertex 11 6.5 5
      vertex 11 6.214285716414452 5
    endloop
  endfacet
  facet normal 0.9993226521386229 -0.03679995818786883 0
    outer loop
      vertex 11 6.214285716414452 -5
      vertex 11 6.214285716414452 5
      vertex 10.998645760118961 6.177510604262352 5
    endloop
  endfacet
  facet normal 0.9939093340793091 -0.11020088760996544 0
    outer loop
      vertex 10.998645760118961 6.177510604262352 -5
      vertex 10.998645760118961 6.177510604262352 5
      vertex 10.994590364396572 6.1409347131848335 5
    endloop
  endfacet
  facet normal 0.9831120740549121 -0.18300450772439764 0
    outer loop
      vertex 10.994590364396572 6.1409347131848335 -5
      vertex 10.994590364396572 6.1409347131848335 5
      vertex 10.987855792045593 6.104756154119968 5
    endloop
  endfacet
  facet normal 0.9669893182626025 -0.2548169114600273 0
    outer loop
      vertex 10.987855792045593 6.104756154119968 -5
      vertex 10.987855792045593 6.104756154119968 5
      vertex 10.978478521108627 6.069170914590359 5
    endloop
  endfacet
  facet normal 0.9456283729149207 -0.32524910505377186 0
    outer loop
      vertex 10.978478521108627 6.069170914590359 -5
      vertex 10.978478521108627 6.069170914590359 5
      vertex 10.966509342193604 6.034371756017208 5
    endloop
  endfacet
  facet normal 0.919145071906594 -0.39391920083923554 0
    outer loop
      vertex 10.966509342193604 6.034371756017208 -5
      vertex 10.966509342193604 6.034371756017208 5
      vertex 10.952013105154037 6.00054719299078 5
    endloop
  endfacet
  facet normal 0.8876826357182834 -0.4604557940174509 0
    outer loop
      vertex 10.952013105154037 6.00054719299078 -5
      vertex 10.952013105154037 6.00054719299078 5
      vertex 10.935068316757679 5.967880442738533 5
    endloop
  endfacet
  facet normal 0.851411862912829 -0.5244977022745725 0
    outer loop
      vertex 10.935068316757679 5.967880442738533 -5
      vertex 10.935068316757679 5.967880442738533 5
      vertex 10.915766783058643 5.9365484565496445 5
    endloop
  endfacet
  facet normal 0.7158363028223622 -0.6982681344309013 0
    outer loop
      vertex 10.870523877441883 5.878559552133083 -5
      vertex 10.870523877441883 5.878559552133083 5
      vertex 10.844827584922314 5.852216750383377 5
    endloop
  endfacet
  facet normal 0.8105288629125581 -0.5856986959057323 0
    outer loop
      vertex 10.915766783058643 5.9365484565496445 -5
      vertex 10.915766783058643 5.9365484565496445 5
      vertex 10.894213050603867 5.906720966100693 5
    endloop
  endfacet
  facet normal 0.7652552035546115 -0.6437270177898317 0
    outer loop
      vertex 10.894213050603867 5.906720966100693 -5
      vertex 10.894213050603867 5.906720966100693 5
      vertex 10.870523877441883 5.878559552133083 5
    endloop
  endfacet
  facet normal 0.689655174822674 -0.7241379287403105 0
    outer loop
      vertex 10.844827584922314 5.852216750383377 -5
      vertex 10.844827584922314 5.852216750383377 5
      vertex 9.950000002980232 5 5
    endloop
  endfacet
  facet normal -0.5912158655405244 0.8065133602942784 0
    outer loop
      vertex 2.8375686779618263 4.733517199754715 -5
      vertex 2.8375686779618263 4.733517199754715 5
      vertex 3.120939552783966 4.941242657601833 5
    endloop
  endfacet
  facet normal -0.5331169726024041 0.8460415436154702 0
    outer loop
      vertex 2.5403094589710236 4.546204961836338 -5
      vertex 2.5403094589710236 4.546204961836338 5
      vertex 2.8375686779618263 4.733517199754715 5
    endloop
  endfacet
  facet normal -0.07022721792177901 0.9975310210028392 0
    outer loop
      vertex 0.20067649334669113 3.8705440759658813 -5
      vertex 0.20067649334669113 3.8705440759658813 5
      vertex 0.551161989569664 3.8952186182141304 5
    endloop
  endfacet
  facet normal -0.14010764327103276 0.9901362776391122 0
    outer loop
      vertex 0.551161989569664 3.8952186182141304 -5
      vertex 0.551161989569664 3.8952186182141304 5
      vertex 0.8990493193268776 3.9444458559155464 5
    endloop
  endfacet
  facet normal -0.2774513115340984 0.9607396992567803 0
    outer loop
      vertex 1.2426206395030022 4.017982706427574 -5
      vertex 1.2426206395030022 4.017982706427574 5
      vertex 1.5801793932914734 4.115466050803661 5
    endloop
  endfacet
  facet normal -0.20929621646474517 0.9778522862751524 0
    outer loop
      vertex 0.8990493193268776 3.9444458559155464 -5
      vertex 0.8990493193268776 3.9444458559155464 5
      vertex 1.2426206395030022 4.017982706427574 5
    endloop
  endfacet
  facet normal -0.4093215723686384 0.9123901853887215 0
    outer loop
      vertex 1.910058744251728 4.236414521932602 -5
      vertex 1.910058744251728 4.236414521932602 5
      vertex 2.230629749596119 4.380230873823166 5
    endloop
  endfacet
  facet normal -0.4723855921246536 0.8813919969871751 0
    outer loop
      vertex 2.230629749596119 4.380230873823166 -5
      vertex 2.230629749596119 4.380230873823166 5
      vertex 2.5403094589710236 4.546204961836338 5
    endloop
  endfacet
  facet normal -0.34423635741047626 0.9388830226587159 0
    outer loop
      vertex 1.5801793932914734 4.115466050803661 -5
      vertex 1.5801793932914734 4.115466050803661 5
      vertex 1.910058744251728 4.236414521932602 5
    endloop
  endfacet
  facet normal 0.5812381932943952 -0.813733471510093 0
    outer loop
      vertex 4.790599584579468 5.021856844425201 -5
      vertex 4.790599584579468 5.021856844425201 5
      vertex 3.4402224645018578 4.057301759719849 5
    endloop
  endfacet
  facet normal 0.42617914389101424 -0.9046387883085282 0
    outer loop
      vertex 5.166384279727936 5.233171075582504 -5
      vertex 5.166384279727936 5.233171075582504 5
      vertex 5.036155574023724 5.171819783747196 5
    endloop
  endfacet
  facet normal 0.49014728064820756 -0.8716396292466098 0
    outer loop
      vertex 5.036155574023724 5.171819783747196 -5
      vertex 5.036155574023724 5.171819783747196 5
      vertex 4.9106773138046265 5.101259857416153 5
    endloop
  endfacet
  facet normal 0.5515760933257303 -0.8341245789877704 0
    outer loop
      vertex 4.9106773138046265 5.101259857416153 -5
      vertex 4.9106773138046265 5.101259857416153 5
      vertex 4.790599584579468 5.021856844425201 5
    endloop
  endfacet
  facet normal 0.5514843069293269 -0.8341852667187787 0
    outer loop
      vertex 3.4402224645018578 4.057301759719849 -5
      vertex 3.4402224645018578 4.057301759719849 5
      vertex 3.078862525522709 3.8184047862887383 5
    endloop
  endfacet
  facet normal 0.4256814131598156 -0.9048731040815957 0
    outer loop
      vertex 2.701207712292671 3.6062029600143433 -5
      vertex 2.701207712292671 3.6062029600143433 5
      vertex 2.3092265725135803 3.4218024238944054 5
    endloop
  endfacet
  facet normal 0.3592843678655209 -0.9332281302058318 0
    outer loop
      vertex 2.3092265725135803 3.4218024238944054 -5
      vertex 2.3092265725135803 3.4218024238944054 5
      vertex 1.904962345957756 3.2661643624305725 5
    endloop
  endfacet
  facet normal 0.2910145160983998 -0.9567186375418921 0
    outer loop
      vertex 1.904962345957756 3.2661643624305725 -5
      vertex 1.904962345957756 3.2661643624305725 5
      vertex 1.490522287786007 3.1401000544428825 5
    endloop
  endfacet
  facet normal 0.006431550941105519 -0.9999793173623603 0
    outer loop
      vertex 0.20794755220413208 2.9451303482055664 -5
      vertex 0.20794755220413208 2.9451303482055664 5
      vertex -0.2252325564622879 2.942344270646572 5
    endloop
  endfacet
  facet normal 0.07856443210297012 -0.9969090379810678 0
    outer loop
      vertex 0.6397976577281952 2.9791636019945145 -5
      vertex 0.6397976577281952 2.9791636019945145 5
      vertex 0.20794755220413208 2.9451303482055664 5
    endloop
  endfacet
  facet normal 0.15028776428243185 -0.9886422952246117 0
    outer loop
      vertex 1.068066693842411 3.0442666187882423 -5
      vertex 1.068066693842411 3.0442666187882423 5
      vertex 0.6397976577281952 2.9791636019945145 5
    endloop
  endfacet
  facet normal 0.2212277289318035 -0.9752221756869953 0
    outer loop
      vertex 1.490522287786007 3.1401000544428825 -5
      vertex 1.490522287786007 3.1401000544428825 5
      vertex 1.068066693842411 3.0442666187882423 5
    endloop
  endfacet
  facet normal 0.4898596004949224 -0.8718013373486846 0
    outer loop
      vertex 3.078862525522709 3.8184047862887383 -5
      vertex 3.078862525522709 3.8184047862887383 5
      vertex 2.701207712292671 3.6062029600143433 5
    endloop
  endfacet
  facet normal -0.4111006760827557 -0.9115899484550612 0
    outer loop
      vertex 6.840359382331371 5.186798386275768 -5
      vertex 6.840359382331371 5.186798386275768 5
      vertex 6.709130011498928 5.245979033410549 5
    endloop
  endfacet
  facet normal -0.4756079487120109 -0.8796573646153105 0
    outer loop
      vertex 6.966991849243641 5.118331491947174 -5
      vertex 6.966991849243641 5.118331491947174 5
      vertex 6.840359382331371 5.186798386275768 5
    endloop
  endfacet
  facet normal -0.5376511018382224 -0.8431674167638035 0
    outer loop
      vertex 7.088371343910694 5.040933080017567 -5
      vertex 7.088371343910694 5.040933080017567 5
      vertex 6.966991849243641 5.118331491947174 5
    endloop
  endfacet
  facet normal -0.5969088045071334 -0.8023090919975076 0
    outer loop
      vertex 7.203869022428989 4.955004125833511 -5
      vertex 7.203869022428989 4.955004125833511 5
      vertex 7.088371343910694 5.040933080017567 5
    endloop
  endfacet
  facet normal -0.6530739520329485 -0.7572941391401801 0
    outer loop
      vertex 7.312886498868465 4.860989831387997 -5
      vertex 7.312886498868465 4.860989831387997 5
      vertex 7.203869022428989 4.955004125833511 5
    endloop
  endfacet
  facet normal -0.7058556714704113 -0.7083556811751105 0
    outer loop
      vertex 7.414858959615231 4.759377263486385 -5
      vertex 7.414858959615231 4.759377263486385 5
      vertex 7.312886498868465 4.860989831387997 5
    endloop
  endfacet
  facet normal -0.7549803579405706 -0.6557474049692671 0
    outer loop
      vertex 7.509258113801479 4.650692872703075 -5
      vertex 7.509258113801479 4.650692872703075 5
      vertex 7.414858959615231 4.759377263486385 5
    endloop
  endfacet
  facet normal -0.8001936448861006 -0.5997417199794403 0
    outer loop
      vertex 7.595594882965088 4.535499729216099 -5
      vertex 7.595594882965088 4.535499729216099 5
      vertex 7.509258113801479 4.650692872703075 5
    endloop
  endfacet
  facet normal -0.8412612235278414 -0.5406288503108573 0
    outer loop
      vertex 7.673421964049339 4.41439463943243 -5
      vertex 7.673421964049339 4.41439463943243 5
      vertex 7.595594882965088 4.535499729216099 5
    endloop
  endfacet
  facet normal -0.87797029620589 -0.4787151125462218 0
    outer loop
      vertex 7.74233615398407 4.288005039095879 -5
      vertex 7.74233615398407 4.288005039095879 5
      vertex 7.673421964049339 4.41439463943243 5
    endloop
  endfacet
  facet normal -0.9101307491200185 -0.4143211550310145 0
    outer loop
      vertex 7.801980413496494 4.156985722482204 -5
      vertex 7.801980413496494 4.156985722482204 5
      vertex 7.74233615398407 4.288005039095879 5
    endloop
  endfacet
  facet normal -0.9375759379107454 -0.3477806214422911 0
    outer loop
      vertex 7.852045722305775 4.022015497088432 -5
      vertex 7.852045722305775 4.022015497088432 5
      vertex 7.801980413496494 4.156985722482204 5
    endloop
  endfacet
  facet normal -0.9494848747017745 -0.3138127988348395 0
    outer loop
      vertex 8.05584591627121 3.4053892716765404 -5
      vertex 8.05584591627121 3.4053892716765404 5
      vertex 7.852045722305775 4.022015497088432 5
    endloop
  endfacet
  facet normal -0.9603691065834041 -0.27873137448122726 0
    outer loop
      vertex 8.076318681240082 3.3348503485322 -5
      vertex 8.076318681240082 3.3348503485322 5
      vertex 8.05584591627121 3.4053892716765404 5
    endloop
  endfacet
  facet normal -0.9782375193020962 -0.20748820648335883 0
    outer loop
      vertex 8.091558650135994 3.26299899071455 -5
      vertex 8.091558650135994 3.26299899071455 5
      vertex 8.076318681240082 3.3348503485322 5
    endloop
  endfacet
  facet normal -0.9908284797388673 -0.1351255850620637 0
    outer loop
      vertex 8.101483598351479 3.190222829580307 -5
      vertex 8.101483598351479 3.190222829580307 5
      vertex 8.091558650135994 3.26299899071455 5
    endloop
  endfacet
  facet normal -0.9980740349581964 -0.06203402890563284 0
    outer loop
      vertex 8.106039986014366 3.1169144809246063 -5
      vertex 8.106039986014366 3.1169144809246063 5
      vertex 8.101483598351479 3.190222829580307 5
    endloop
  endfacet
  facet normal -0.9999351060154757 0.011392267457335676 0
    outer loop
      vertex 8.105203226208687 3.0434694439172745 -5
      vertex 8.105203226208687 3.0434694439172745 5
      vertex 8.106039986014366 3.1169144809246063 5
    endloop
  endfacet
  facet normal -0.9964016607737913 0.08475689002807103 0
    outer loop
      vertex 8.098977848887444 2.9702839329838753 -5
      vertex 8.098977848887444 2.9702839329838753 5
      vertex 8.105203226208687 3.0434694439172745 5
    endloop
  endfacet
  facet normal -0.9874927326041466 0.15766452693613572 0
    outer loop
      vertex 8.087397418916225 2.8977527767419815 -5
      vertex 8.087397418916225 2.8977527767419815 5
      vertex 8.098977848887444 2.9702839329838753 5
    endloop
  endfacet
  facet normal -0.9732564462683871 0.22972133074016032 0
    outer loop
      vertex 8.07052443176508 2.8262672796845436 -5
      vertex 8.07052443176508 2.8262672796845436 5
      vertex 8.087397418916225 2.8977527767419815 5
    endloop
  endfacet
  facet normal -0.9537695027473011 0.3005390750454359 0
    outer loop
      vertex 8.048449896275997 2.7562130987644196 -5
      vertex 8.048449896275997 2.7562130987644196 5
      vertex 8.07052443176508 2.8262672796845436 5
    endloop
  endfacet
  facet normal -0.9291371427143884 0.36973527019820857 0
    outer loop
      vertex 8.02129290997982 2.687968149781227 -5
      vertex 8.02129290997982 2.687968149781227 5
      vertex 8.048449896275997 2.7562130987644196 5
    endloop
  endfacet
  facet normal -0.8994921675970098 0.4369368838077563 0
    outer loop
      vertex 7.989199981093407 2.621900625526905 -5
      vertex 7.989199981093407 2.621900625526905 5
      vertex 8.02129290997982 2.687968149781227 5
    endloop
  endfacet
  facet normal -0.8258304514248306 0.5639184918935187 0
    outer loop
      vertex 7.910924546420574 2.497709847986698 -5
      vertex 7.910924546420574 2.497709847986698 5
      vertex 7.952344253659248 2.5583669394254684 5
    endloop
  endfacet
  facet normal -0.8649946143399686 0.501781144686455 0
    outer loop
      vertex 7.952344253659248 2.5583669394254684 -5
      vertex 7.952344253659248 2.5583669394254684 5
      vertex 7.989199981093407 2.621900625526905 5
    endloop
  endfacet
  facet normal 1 0 0
    outer loop
      vertex 9.950000002980232 5 -5
      vertex 9.950000002980232 5 5
      vertex 9.950000002980232 0.10000000149011612 5
    endloop
  endfacet
  facet normal 0 0 1
    outer loop
      vertex 5.300688743591309 5.284995868802071 5
      vertex 5.438373140990734 5.327025666832924 5
      vertex 6.046771101653576 7.2483499720692635 5
    endloop
  endfacet
  facet normal 0 0 1
    outer loop
      vertex 5.438373140990734 5.327025666832924 5
      vertex 5.578724145889282 5.359042726457119 5
      vertex 6.046771101653576 7.2483499720692635 5
    endloop
  endfacet
  facet normal 0 0 1
    outer loop
      vertex 5.578724145889282 5.359042726457119 5
      vertex 5.721014626324177 5.380881167948246 5
      vertex 6.046771101653576 7.2483499720692635 5
    endloop
  endfacet
  facet normal 0 0 1
    outer loop
      vertex 5.721014626324177 5.380881167948246 5
      vertex 5.864507377147675 5.39242784678936 5
      vertex 6.046771101653576 7.2483499720692635 5
    endloop
  endfacet
  facet normal 0 0 1
    outer loop
      vertex 6.046771101653576 7.2483499720692635 5
      vertex 3.120939552783966 4.941242657601833 5
      vertex 4.790599584579468 5.021856844425201 5
    endloop
  endfacet
  facet normal 0 0 1
    outer loop
      vertex 5.300688743591309 5.284995868802071 5
      vertex 6.046771101653576 7.2483499720692635 5
      vertex 5.166384279727936 5.233171075582504 5
    endloop
  endfacet
  facet normal 0 0 1
    outer loop
      vertex 6.046771101653576 7.2483499720692635 5
      vertex 5.036155574023724 5.171819783747196 5
      vertex 5.166384279727936 5.233171075582504 5
    endloop
  endfacet
  facet normal 0 0 1
    outer loop
      vertex 6.046771101653576 7.2483499720692635 5
      vertex 4.9106773138046265 5.101259857416153 5
      vertex 5.036155574023724 5.171819783747196 5
    endloop
  endfacet
  facet normal 0 0 1
    outer loop
      vertex 6.046771101653576 7.2483499720692635 5
      vertex 4.790599584579468 5.021856844425201 5
      vertex 4.9106773138046265 5.101259857416153 5
    endloop
  endfacet
  facet normal 0 0 1
    outer loop
      vertex 7.6965038031339645 7.961541764438152 5
      vertex 7.441351614892483 7.913667313754559 5
      vertex 6.966991849243641 5.118331491947174 5
    endloop
  endfacet
  facet normal 0 0 1
    outer loop
      vertex 6.70688796043396 7.658928290009499 5
      vertex 6.4768882393836975 7.5385342091321945 5
      vertex 6.709130011498928 5.245979033410549 5
    endloop
  endfacet
  facet normal 0 0 1
    outer loop
      vertex 6.256445027887821 7.401423327624798 5
      vertex 6.046771101653576 7.2483499720692635 5
      vertex 6.435620374977589 5.335304871201515 5
    endloop
  endfacet
  facet normal 0 0 1
    outer loop
      vertex 6.4768882393836975 7.5385342091321945 5
      vertex 6.256445027887821 7.401423327624798 5
      vertex 6.573983617126942 5.295566827058792 5
    endloop
  endfacet
  facet normal 0 0 1
    outer loop
      vertex 6.945178814232349 7.7619432136416435 5
      vertex 6.70688796043396 7.658928290009499 5
      vertex 6.709130011498928 5.245979033410549 5
    endloop
  endfacet
  facet normal 0 0 1
    outer loop
      vertex 7.1904498264193535 7.847012221813202 5
      vertex 6.945178814232349 7.7619432136416435 5
      vertex 6.840359382331371 5.186798386275768 5
    endloop
  endfacet
  facet normal 0 0 1
    outer loop
      vertex 7.1904498264193535 7.847012221813202 5
      vertex 6.966991849243641 5.118331491947174 5
      vertex 7.441351614892483 7.913667313754559 5
    endloop
  endfacet
  facet normal 0 0 1
    outer loop
      vertex 7.6965038031339645 7.961541764438152 5
      vertex 7.088371343910694 5.040933080017567 5
      vertex 7.954502664506435 7.990372195839882 5
    endloop
  endfacet
  facet normal 0 0 1
    outer loop
      vertex 7.954502664506435 7.990372195839882 5
      vertex 7.088371343910694 5.040933080017567 5
      vertex 8.213928788900375 8 5
    endloop
  endfacet
  facet normal 0 0 1
    outer loop
      vertex 8.213928788900375 8 5
      vertex 7.203869022428989 4.955004125833511 5
      vertex 9.5 8 5
    endloop
  endfacet
  facet normal 0 0 1
    outer loop
      vertex 9.5 8 5
      vertex 9.950000002980232 5 5
      vertex 9.607008777558804 7.996178172528744 5
    endloop
  endfacet
  facet normal 0 0 1
    outer loop
      vertex 9.607008777558804 7.996178172528744 5
      vertex 9.950000002980232 5 5
      vertex 9.713472254574299 7.984732165932655 5
    endloop
  endfacet
  facet normal 0 0 1
    outer loop
      vertex 9.713472254574299 7.984732165932655 5
      vertex 9.950000002980232 5 5
      vertex 9.818847931921482 7.965720295906067 5
    endloop
  endfacet
  facet normal 0 0 1
    outer loop
      vertex 9.818847931921482 7.965720295906067 5
      vertex 9.950000002980232 5 5
      vertex 9.922598838806152 7.939239457249641 5
    endloop
  endfacet
  facet normal 0 0 1
    outer loop
      vertex 9.922598838806152 7.939239457249641 5
      vertex 9.950000002980232 5 5
      vertex 10.02419626712799 7.90542458742857 5
    endloop
  endfacet
  facet normal 0 0 1
    outer loop
      vertex 10.02419626712799 7.90542458742857 5
      vertex 9.950000002980232 5 5
      vertex 10.1231225207448 7.864447996020317 5
    endloop
  endfacet
  facet normal 0 0 1
    outer loop
      vertex 10.1231225207448 7.864447996020317 5
      vertex 9.950000002980232 5 5
      vertex 10.218873478472233 7.816518485546112 5
    endloop
  endfacet
  facet normal 0 0 1
    outer loop
      vertex 10.218873478472233 7.816518485546112 5
      vertex 9.950000002980232 5 5
      vertex 10.310961224138737 7.761880300939083 5
    endloop
  endfacet
  facet normal 0 0 1
    outer loop
      vertex 10.310961224138737 7.761880300939083 5
      vertex 9.950000002980232 5 5
      vertex 10.398916497826576 7.700811862945557 5
    endloop
  endfacet
  facet normal 0 0 1
    outer loop
      vertex 10.398916497826576 7.700811862945557 5
      vertex 9.950000002980232 5 5
      vertex 10.482291102409363 7.633624359965324 5
    endloop
  endfacet
  facet normal 0 0 1
    outer loop
      vertex 10.482291102409363 7.633624359965324 5
      vertex 9.950000002980232 5 5
      vertex 10.560660168528557 7.560660168528557 5
    endloop
  endfacet
  facet normal 0 0 1
    outer loop
      vertex 10.560660168528557 7.560660168528557 5
      vertex 9.950000002980232 5 5
      vertex 10.633624359965324 7.482291102409363 5
    endloop
  endfacet
  facet normal 0 0 1
    outer loop
      vertex 10.633624359965324 7.482291102409363 5
      vertex 9.950000002980232 5 5
      vertex 10.700811862945557 7.398916497826576 5
    endloop
  endfacet
  facet normal 0 0 1
    outer loop
      vertex 5.864507377147675 5.39242784678936 5
      vertex 6.008459001779556 5.393622934818268 5
      vertex 6.046771101653576 7.2483499720692635 5
    endloop
  endfacet
  facet normal 0 0 1
    outer loop
      vertex 6.046771101653576 7.2483499720692635 5
      vertex 6.008459001779556 5.393622934818268 5
      vertex 6.152123689651489 5.3844602555036545 5
    endloop
  endfacet
  facet normal 0 0 1
    outer loop
      vertex 6.046771101653576 7.2483499720692635 5
      vertex 6.152123689651489 5.3844602555036545 5
      vertex 6.294757135212421 5.364987269043922 5
    endloop
  endfacet
  facet normal 0 0 1
    outer loop
      vertex 6.046771101653576 7.2483499720692635 5
      vertex 6.294757135212421 5.364987269043922 5
      vertex 6.435620374977589 5.335304871201515 5
    endloop
  endfacet
  facet normal 0 0 1
    outer loop
      vertex 6.4768882393836975 7.5385342091321945 5
      vertex 6.573983617126942 5.295566827058792 5
      vertex 6.709130011498928 5.245979033410549 5
    endloop
  endfacet
  facet normal 0 0 1
    outer loop
      vertex 6.256445027887821 7.401423327624798 5
      vertex 6.435620374977589 5.335304871201515 5
      vertex 6.573983617126942 5.295566827058792 5
    endloop
  endfacet
  facet normal 0 0 1
    outer loop
      vertex 6.945178814232349 7.7619432136416435 5
      vertex 6.709130011498928 5.245979033410549 5
      vertex 6.840359382331371 5.186798386275768 5
    endloop
  endfacet
  facet normal 0 0 1
    outer loop
      vertex 7.1904498264193535 7.847012221813202 5
      vertex 6.840359382331371 5.186798386275768 5
      vertex 6.966991849243641 5.118331491947174 5
    endloop
  endfacet
  facet normal 0 0 1
    outer loop
      vertex 7.6965038031339645 7.961541764438152 5
      vertex 6.966991849243641 5.118331491947174 5
      vertex 7.088371343910694 5.040933080017567 5
    endloop
  endfacet
  facet normal 0 0 1
    outer loop
      vertex 8.213928788900375 8 5
      vertex 7.088371343910694 5.040933080017567 5
      vertex 7.203869022428989 4.955004125833511 5
    endloop
  endfacet
  facet normal 0 0 1
    outer loop
      vertex 9.5 8 5
      vertex 7.203869022428989 4.955004125833511 5
      vertex 7.312886498868465 4.860989831387997 5
    endloop
  endfacet
  facet normal 0 0 1
    outer loop
      vertex 9.5 8 5
      vertex 7.312886498868465 4.860989831387997 5
      vertex 9.950000002980232 5 5
    endloop
  endfacet
  facet normal 0 0 1
    outer loop
      vertex 10.700811862945557 7.398916497826576 5
      vertex 9.950000002980232 5 5
      vertex 10.761880300939083 7.310961224138737 5
    endloop
  endfacet
  facet normal 0 0 1
    outer loop
      vertex 10.761880300939083 7.310961224138737 5
      vertex 9.950000002980232 5 5
      vertex 10.816518485546112 7.218873478472233 5
    endloop
  endfacet
  facet normal 0 0 1
    outer loop
      vertex 10.816518485546112 7.218873478472233 5
      vertex 9.950000002980232 5 5
      vertex 10.864447996020317 7.123122520744801 5
    endloop
  endfacet
  facet normal 0 0 1
    outer loop
      vertex 10.864447996020317 7.123122520744801 5
      vertex 9.950000002980232 5 5
      vertex 10.90542458742857 7.024196267127991 5
    endloop
  endfacet
  facet normal 0 0 1
    outer loop
      vertex 10.90542458742857 7.024196267127991 5
      vertex 9.950000002980232 5 5
      vertex 10.939239457249641 6.922598838806152 5
    endloop
  endfacet
  facet normal 0 0 1
    outer loop
      vertex 10.939239457249641 6.922598838806152 5
      vertex 9.950000002980232 5 5
      vertex 10.965720295906067 6.818847931921482 5
    endloop
  endfacet
  facet normal 0 0 1
    outer loop
      vertex 10.965720295906067 6.818847931921482 5
      vertex 9.950000002980232 5 5
      vertex 10.984732165932655 6.713472254574299 5
    endloop
  endfacet
  facet normal 0 0 1
    outer loop
      vertex 10.984732165932655 6.713472254574299 5
      vertex 9.950000002980232 5 5
      vertex 10.996178172528744 6.607008777558804 5
    endloop
  endfacet
  facet normal 0 0 1
    outer loop
      vertex 10.996178172528744 6.607008777558804 5
      vertex 9.950000002980232 5 5
      vertex 11 6.5 5
    endloop
  endfacet
  facet normal 0 0 1
    outer loop
      vertex 11 6.5 5
      vertex 9.950000002980232 5 5
      vertex 11 6.214285716414452 5
    endloop
  endfacet
  facet normal 0 0 1
    outer loop
      vertex 11 6.214285716414452 5
      vertex 9.950000002980232 5 5
      vertex 10.998645760118961 6.177510604262352 5
    endloop
  endfacet
  facet normal 0 0 1
    outer loop
      vertex 10.998645760118961 6.177510604262352 5
      vertex 9.950000002980232 5 5
      vertex 10.994590364396572 6.1409347131848335 5
    endloop
  endfacet
  facet normal 0 0 1
    outer loop
      vertex 10.994590364396572 6.1409347131848335 5
      vertex 9.950000002980232 5 5
      vertex 10.987855792045593 6.104756154119968 5
    endloop
  endfacet
  facet normal 0 0 1
    outer loop
      vertex 10.987855792045593 6.104756154119968 5
      vertex 9.950000002980232 5 5
      vertex 10.978478521108627 6.069170914590359 5
    endloop
  endfacet
  facet normal 0 0 1
    outer loop
      vertex 10.978478521108627 6.069170914590359 5
      vertex 9.950000002980232 5 5
      vertex 10.966509342193604 6.034371756017208 5
    endloop
  endfacet
  facet normal 0 0 1
    outer loop
      vertex 10.966509342193604 6.034371756017208 5
      vertex 9.950000002980232 5 5
      vertex 10.952013105154037 6.00054719299078 5
    endloop
  endfacet
  facet normal 0 0 1
    outer loop
      vertex 10.952013105154037 6.00054719299078 5
      vertex 9.950000002980232 5 5
      vertex 10.935068316757679 5.967880442738533 5
    endloop
  endfacet
  facet normal 0 0 1
    outer loop
      vertex 10.935068316757679 5.967880442738533 5
      vertex 9.950000002980232 5 5
      vertex 10.915766783058643 5.9365484565496445 5
    endloop
  endfacet
  facet normal 0 0 1
    outer loop
      vertex 10.915766783058643 5.9365484565496445 5
      vertex 9.950000002980232 5 5
      vertex 10.894213050603867 5.906720966100693 5
    endloop
  endfacet
  facet normal 0 0 1
    outer loop
      vertex 10.870523877441883 5.878559552133083 5
      vertex 10.894213050603867 5.906720966100693 5
      vertex 9.950000002980232 5 5
    endloop
  endfacet
  facet normal 0 0 1
    outer loop
      vertex 10.870523877441883 5.878559552133083 5
      vertex 9.950000002980232 5 5
      vertex 10.844827584922314 5.852216750383377 5
    endloop
  endfacet
  facet normal 0 0 1
    outer loop
      vertex 2.8375686779618263 4.733517199754715 5
      vertex 2.5403094589710236 4.546204961836338 5
      vertex 3.078862525522709 3.8184047862887383 5
    endloop
  endfacet
  facet normal 0 0 1
    outer loop
      vertex 1.910058744251728 4.236414521932602 5
      vertex 2.3092265725135803 3.4218024238944054 5
      vertex 2.230629749596119 4.380230873823166 5
    endloop
  endfacet
  facet normal 0 0 1
    outer loop
      vertex 2.5403094589710236 4.546204961836338 5
      vertex 2.230629749596119 4.380230873823166 5
      vertex 2.701207712292671 3.6062029600143433 5
    endloop
  endfacet
  facet normal 0 0 1
    outer loop
      vertex 2.5403094589710236 4.546204961836338 5
      vertex 2.701207712292671 3.6062029600143433 5
      vertex 3.078862525522709 3.8184047862887383 5
    endloop
  endfacet
  facet normal 0 0 1
    outer loop
      vertex 2.8375686779618263 4.733517199754715 5
      vertex 3.4402224645018578 4.057301759719849 5
      vertex 3.120939552783966 4.941242657601833 5
    endloop
  endfacet
  facet normal 0 0 1
    outer loop
      vertex 3.120939552783966 4.941242657601833 5
      vertex 3.4402224645018578 4.057301759719849 5
      vertex 4.790599584579468 5.021856844425201 5
    endloop
  endfacet
  facet normal 0 0 1
    outer loop
      vertex 2.8375686779618263 4.733517199754715 5
      vertex 3.078862525522709 3.8184047862887383 5
      vertex 3.4402224645018578 4.057301759719849 5
    endloop
  endfacet
  facet normal 0 0 1
    outer loop
      vertex -0.15067648887634277 3.8705440759658813 5
      vertex 0.20794755220413208 2.9451303482055664 5
      vertex 0.20067649334669113 3.8705440759658813 5
    endloop
  endfacet
  facet normal 0 0 1
    outer loop
      vertex 0.551161989569664 3.8952186182141304 5
      vertex 0.20067649334669113 3.8705440759658813 5
      vertex 0.6397976577281952 2.9791636019945145 5
    endloop
  endfacet
  facet normal 0 0 1
    outer loop
      vertex 0.551161989569664 3.8952186182141304 5
      vertex 0.6397976577281952 2.9791636019945145 5
      vertex 0.8990493193268776 3.9444458559155464 5
    endloop
  endfacet
  facet normal 0 0 1
    outer loop
      vertex 1.2426206395030022 4.017982706427574 5
      vertex 1.490522287786007 3.1401000544428825 5
      vertex 1.5801793932914734 4.115466050803661 5
    endloop
  endfacet
  facet normal 0 0 1
    outer loop
      vertex 0.8990493193268776 3.9444458559155464 5
      vertex 1.068066693842411 3.0442666187882423 5
      vertex 1.2426206395030022 4.017982706427574 5
    endloop
  endfacet
  facet normal 0 0 1
    outer loop
      vertex 0.20067649334669113 3.8705440759658813 5
      vertex 0.20794755220413208 2.9451303482055664 5
      vertex 0.6397976577281952 2.9791636019945145 5
    endloop
  endfacet
  facet normal 0 0 1
    outer loop
      vertex 1.2426206395030022 4.017982706427574 5
      vertex 1.068066693842411 3.0442666187882423 5
      vertex 1.490522287786007 3.1401000544428825 5
    endloop
  endfacet
  facet normal 0 0 1
    outer loop
      vertex 0.8990493193268776 3.9444458559155464 5
      vertex 0.6397976577281952 2.9791636019945145 5
      vertex 1.068066693842411 3.0442666187882423 5
    endloop
  endfacet
  facet normal 0 0 1
    outer loop
      vertex 1.910058744251728 4.236414521932602 5
      vertex 1.5801793932914734 4.115466050803661 5
      vertex 1.904962345957756 3.2661643624305725 5
    endloop
  endfacet
  facet normal 0 0 1
    outer loop
      vertex 1.910058744251728 4.236414521932602 5
      vertex 1.904962345957756 3.2661643624305725 5
      vertex 2.3092265725135803 3.4218024238944054 5
    endloop
  endfacet
  facet normal 0 0 1
    outer loop
      vertex 2.230629749596119 4.380230873823166 5
      vertex 2.3092265725135803 3.4218024238944054 5
      vertex 2.701207712292671 3.6062029600143433 5
    endloop
  endfacet
  facet normal 0 0 1
    outer loop
      vertex 1.5801793932914734 4.115466050803661 5
      vertex 1.490522287786007 3.1401000544428825 5
      vertex 1.904962345957756 3.2661643624305725 5
    endloop
  endfacet
  facet normal 0 0 1
    outer loop
      vertex 7.312886498868465 4.860989831387997 5
      vertex 7.414858959615231 4.759377263486385 5
      vertex 9.950000002980232 5 5
    endloop
  endfacet
  facet normal 0 0 1
    outer loop
      vertex 7.414858959615231 4.759377263486385 5
      vertex 7.509258113801479 4.650692872703075 5
      vertex 9.950000002980232 5 5
    endloop
  endfacet
  facet normal 0 0 1
    outer loop
      vertex 7.509258113801479 4.650692872703075 5
      vertex 7.595594882965088 4.535499729216099 5
      vertex 9.950000002980232 5 5
    endloop
  endfacet
  facet normal 0 0 1
    outer loop
      vertex 7.595594882965088 4.535499729216099 5
      vertex 7.673421964049339 4.41439463943243 5
      vertex 9.950000002980232 5 5
    endloop
  endfacet
  facet normal 0 0 1
    outer loop
      vertex 7.673421964049339 4.41439463943243 5
      vertex 7.74233615398407 4.288005039095879 5
      vertex 9.950000002980232 5 5
    endloop
  endfacet
  facet normal 0 0 1
    outer loop
      vertex 7.74233615398407 4.288005039095879 5
      vertex 7.801980413496494 4.156985722482204 5
      vertex 9.950000002980232 5 5
    endloop
  endfacet
  facet normal 0 0 1
    outer loop
      vertex 7.801980413496494 4.156985722482204 5
      vertex 7.852045722305775 4.022015497088432 5
      vertex 9.950000002980232 5 5
    endloop
  endfacet
  facet normal 0 0 1
    outer loop
      vertex 7.852045722305775 4.022015497088432 5
      vertex 8.05584591627121 3.4053892716765404 5
      vertex 9.950000002980232 5 5
    endloop
  endfacet
  facet normal 0 0 1
    outer loop
      vertex 9.950000002980232 5 5
      vertex 8.05584591627121 3.4053892716765404 5
      vertex 8.076318681240082 3.3348503485322 5
    endloop
  endfacet
  facet normal 0 0 1
    outer loop
      vertex 9.950000002980232 5 5
      vertex 8.076318681240082 3.3348503485322 5
      vertex 8.091558650135994 3.26299899071455 5
    endloop
  endfacet
  facet normal 0 0 1
    outer loop
      vertex 9.950000002980232 5 5
      vertex 8.091558650135994 3.26299899071455 5
      vertex 8.101483598351479 3.190222829580307 5
    endloop
  endfacet
  facet normal 0 0 1
    outer loop
      vertex 9.950000002980232 5 5
      vertex 8.101483598351479 3.190222829580307 5
      vertex 8.106039986014366 3.1169144809246063 5
    endloop
  endfacet
  facet normal 0 0 1
    outer loop
      vertex 9.950000002980232 5 5
      vertex 8.106039986014366 3.1169144809246063 5
      vertex 8.105203226208687 3.0434694439172745 5
    endloop
  endfacet
  facet normal 0 0 1
    outer loop
      vertex 9.950000002980232 5 5
      vertex 8.105203226208687 3.0434694439172745 5
      vertex 8.098977848887444 2.9702839329838753 5
    endloop
  endfacet
  facet normal 0 0 1
    outer loop
      vertex 9.950000002980232 5 5
      vertex 8.098977848887444 2.9702839329838753 5
      vertex 8.087397418916225 2.8977527767419815 5
    endloop
  endfacet
  facet normal 0 0 1
    outer loop
      vertex 9.950000002980232 5 5
      vertex 8.087397418916225 2.8977527767419815 5
      vertex 8.07052443176508 2.8262672796845436 5
    endloop
  endfacet
  facet normal 0 0 1
    outer loop
      vertex 9.950000002980232 5 5
      vertex 8.07052443176508 2.8262672796845436 5
      vertex 8.048449896275997 2.7562130987644196 5
    endloop
  endfacet
  facet normal 0 0 1
    outer loop
      vertex 9.950000002980232 5 5
      vertex 8.048449896275997 2.7562130987644196 5
      vertex 9.950000002980232 0.10000000149011612 5
    endloop
  endfacet
  facet normal -1 0 0
    outer loop
      vertex -9.950000002980232 0.1414213553071022 -5
      vertex -9.950000002980232 0.1414213553071022 5
      vertex -9.950000002980232 5 5
    endloop
  endfacet
  facet normal -0.9238796500417794 0.3826831486212571 0
    outer loop
      vertex -9.95903679728508 0.09987985342741013 -5
      vertex -9.95903679728508 0.09987985342741013 5
      vertex -9.956305027008057 0.10647493600845337 5
    endloop
  endfacet
  facet normal -0.8942252438820414 0.4476172619594819 0
    outer loop
      vertex -9.96223209798336 0.09349645674228668 -5
      vertex -9.96223209798336 0.09349645674228668 5
      vertex -9.95903679728508 0.09987985342741013 5
    endloop
  endfacet
  facet normal -0.9993628304148194 0.03569220062255543 0
    outer loop
      vertex -9.950254790484905 0.13428743928670883 -5
      vertex -9.950254790484905 0.13428743928670883 5
      vertex -9.950000002980232 0.1414213553071022 5
    endloop
  endfacet
  facet normal -0.9942703176496642 0.1068949738801406 0
    outer loop
      vertex -9.9510178565979 0.12718987464904785 -5
      vertex -9.9510178565979 0.12718987464904785 5
      vertex -9.950254790484905 0.13428743928670883 5
    endloop
  endfacet
  facet normal -0.9841112683587032 0.17755284140059432 0
    outer loop
      vertex -9.952285312116146 0.12016482651233673 -5
      vertex -9.952285312116146 0.12016482651233673 5
      vertex -9.9510178565979 0.12718987464904785 5
    endloop
  endfacet
  facet normal -0.9689371626613428 0.24730704562099862 0
    outer loop
      vertex -9.954050704836845 0.11324810236692429 -5
      vertex -9.954050704836845 0.11324810236692429 5
      vertex -9.952285312116146 0.12016482651233673 5
    endloop
  endfacet
  facet normal -0.9488260867997429 0.3157990769592062 0
    outer loop
      vertex -9.956305027008057 0.10647493600845337 -5
      vertex -9.956305027008057 0.10647493600845337 5
      vertex -9.954050704836845 0.11324810236692429 5
    endloop
  endfacet
  facet normal -0.8600138204091585 0.5102707405929165 0
    outer loop
      vertex -9.965874649584293 0.08735727518796921 -5
      vertex -9.965874649584293 0.08735727518796921 5
      vertex -9.96223209798336 0.09349645674228668 5
    endloop
  endfacet
  facet normal -0.8214210211091875 0.5703222826437171 0
    outer loop
      vertex -9.969945877790451 0.08149358630180359 -5
      vertex -9.969945877790451 0.08149358630180359 5
      vertex -9.965874649584293 0.08735727518796921 5
    endloop
  endfacet
  facet normal -0.7318939923807245 0.6814185086398844 0
    outer loop
      vertex -9.979289323091507 0.0707106813788414 -5
      vertex -9.979289323091507 0.0707106813788414 5
      vertex -9.974425040185452 0.07593528181314468 5
    endloop
  endfacet
  facet normal -0.7786417053933956 0.6274687997200057 0
    outer loop
      vertex -9.974425040185452 0.07593528181314468 -5
      vertex -9.974425040185452 0.07593528181314468 5
      vertex -9.969945877790451 0.08149358630180359 5
    endloop
  endfacet
  facet normal -0.7071068184394498 0.7071067439336433 0
    outer loop
      vertex -10.049999997019768 0 -5
      vertex -10.049999997019768 0 5
      vertex -9.979289323091507 0.0707106813788414 5
    endloop
  endfacet
  facet normal 0.9993628270908023 0.03569229369316569 0
    outer loop
      vertex -8.25 0.9142135605216026 -5
      vertex -8.25 0.9142135605216026 5
      vertex -8.24745211750269 0.8428743779659271 5
    endloop
  endfacet
  facet normal 0.9942702966563645 0.10689516914652898 0
    outer loop
      vertex -8.24745211750269 0.8428743779659271 -5
      vertex -8.24745211750269 0.8428743779659271 5
      vertex -8.239821441471577 0.7718987241387367 5
    endloop
  endfacet
  facet normal 0.9841112004858277 0.1775532175950155 0
    outer loop
      vertex -8.239821441471577 0.7718987241387367 -5
      vertex -8.239821441471577 0.7718987241387367 5
      vertex -8.227146863937378 0.7016482725739479 5
    endloop
  endfacet
  facet normal 0.9689373068626872 0.2473064806463483 0
    outer loop
      vertex -8.227146863937378 0.7016482725739479 -5
      vertex -8.227146863937378 0.7016482725739479 5
      vertex -8.209492973983288 0.6324810087680817 5
    endloop
  endfacet
  facet normal 0.9488259096590844 0.31579960918216965 0
    outer loop
      vertex -8.209492973983288 0.6324810087680817 -5
      vertex -8.209492973983288 0.6324810087680817 5
      vertex -8.186949722468853 0.5647493824362755 5
    endloop
  endfacet
  facet normal 0.9238795546232387 0.38268337898211113 0
    outer loop
      vertex -8.186949722468853 0.5647493824362755 -5
      vertex -8.186949722468853 0.5647493824362755 5
      vertex -8.159631997346878 0.49879854917526245 5
    endloop
  endfacet
  facet normal 0.894225264794197 0.4476172201823208 0
    outer loop
      vertex -8.159631997346878 0.49879854917526245 -5
      vertex -8.159631997346878 0.49879854917526245 5
      vertex -8.127678990364075 0.4349645748734474 5
    endloop
  endfacet
  facet normal 0.8600142411827524 0.5102700314175375 0
    outer loop
      vertex -8.127678990364075 0.4349645748734474 -5
      vertex -8.127678990364075 0.4349645748734474 5
      vertex -8.091253533959389 0.3735727444291115 5
    endloop
  endfacet
  facet normal 0.8214208024687972 0.5703225975459127 0
    outer loop
      vertex -8.091253533959389 0.3735727444291115 -5
      vertex -8.091253533959389 0.3735727444291115 5
      vertex -8.050541244447231 0.3149358928203583 5
    endloop
  endfacet
  facet normal 0.7786415227117128 0.6274690264142009 0
    outer loop
      vertex -8.050541244447231 0.3149358928203583 -5
      vertex -8.050541244447231 0.3149358928203583 5
      vertex -8.005749575793743 0.25935282558202744 5
    endloop
  endfacet
  facet normal 0.7318944949629951 0.6814179688288697 0
    outer loop
      vertex -8.005749575793743 0.25935282558202744 -5
      vertex -8.005749575793743 0.25935282558202744 5
      vertex -7.957106783986092 0.2071067839860916 5
    endloop
  endfacet
  facet normal 0.7071067811865476 0.7071067811865476 0
    outer loop
      vertex -7.957106783986092 0.2071067839860916 -5
      vertex -7.957106783986092 0.2071067839860916 5
      vertex -7.75 0 5
    endloop
  endfacet
  facet normal 0 0 1
    outer loop
      vertex -9.950000002980232 5 5
      vertex -9.950000002980232 0.1414213553071022 5
      vertex -8.24745211750269 0.8428743779659271 5
    endloop
  endfacet
  facet normal 0 0 1
    outer loop
      vertex -9.950000002980232 5 5
      vertex -8.24745211750269 0.8428743779659271 5
      vertex -8.25 0.9142135605216026 5
    endloop
  endfacet
  facet normal 0 0 1
    outer loop
      vertex -9.950000002980232 0.1414213553071022 5
      vertex -9.950254790484905 0.13428743928670883 5
      vertex -8.209492973983288 0.6324810087680817 5
    endloop
  endfacet
  facet normal 0 0 1
    outer loop
      vertex -9.950254790484905 0.13428743928670883 5
      vertex -9.9510178565979 0.12718987464904785 5
      vertex -8.186949722468853 0.5647493824362755 5
    endloop
  endfacet
  facet normal 0 0 1
    outer loop
      vertex -9.9510178565979 0.12718987464904785 5
      vertex -9.952285312116146 0.12016482651233673 5
      vertex -8.186949722468853 0.5647493824362755 5
    endloop
  endfacet
  facet normal 0 0 1
    outer loop
      vertex -9.956305027008057 0.10647493600845337 5
      vertex -9.95903679728508 0.09987985342741013 5
      vertex -8.159631997346878 0.49879854917526245 5
    endloop
  endfacet
  facet normal 0 0 1
    outer loop
      vertex -9.95903679728508 0.09987985342741013 5
      vertex -9.96223209798336 0.09349645674228668 5
      vertex -8.159631997346878 0.49879854917526245 5
    endloop
  endfacet
  facet normal 0 0 1
    outer loop
      vertex -9.952285312116146 0.12016482651233673 5
      vertex -9.954050704836845 0.11324810236692429 5
      vertex -8.159631997346878 0.49879854917526245 5
    endloop
  endfacet
  facet normal 0 0 1
    outer loop
      vertex -9.956305027008057 0.10647493600845337 5
      vertex -8.159631997346878 0.49879854917526245 5
      vertex -9.954050704836845 0.11324810236692429 5
    endloop
  endfacet
  facet normal 0 0 1
    outer loop
      vertex -9.965874649584293 0.08735727518796921 5
      vertex -8.127678990364075 0.4349645748734474 5
      vertex -9.96223209798336 0.09349645674228668 5
    endloop
  endfacet
  facet normal 0 0 1
    outer loop
      vertex -9.965874649584293 0.08735727518796921 5
      vertex -9.969945877790451 0.08149358630180359 5
      vertex -8.127678990364075 0.4349645748734474 5
    endloop
  endfacet
  facet normal 0 0 1
    outer loop
      vertex -9.969945877790451 0.08149358630180359 5
      vertex -9.974425040185452 0.07593528181314468 5
      vertex -8.127678990364075 0.4349645748734474 5
    endloop
  endfacet
  facet normal 0 0 1
    outer loop
      vertex -9.974425040185452 0.07593528181314468 5
      vertex -9.979289323091507 0.0707106813788414 5
      vertex -8.127678990364075 0.4349645748734474 5
    endloop
  endfacet
  facet normal 0 0 1
    outer loop
      vertex -9.979289323091507 0.0707106813788414 5
      vertex -10.049999997019768 0 5
      vertex -8.005749575793743 0.25935282558202744 5
    endloop
  endfacet
  facet normal 0 0 1
    outer loop
      vertex -9.950000002980232 0.1414213553071022 5
      vertex -8.239821441471577 0.7718987241387367 5
      vertex -8.24745211750269 0.8428743779659271 5
    endloop
  endfacet
  facet normal 0 0 1
    outer loop
      vertex -9.950000002980232 0.1414213553071022 5
      vertex -8.227146863937378 0.7016482725739479 5
      vertex -8.239821441471577 0.7718987241387367 5
    endloop
  endfacet
  facet normal 0 0 1
    outer loop
      vertex -9.950000002980232 0.1414213553071022 5
      vertex -8.209492973983288 0.6324810087680817 5
      vertex -8.227146863937378 0.7016482725739479 5
    endloop
  endfacet
  facet normal 0 0 1
    outer loop
      vertex -9.950254790484905 0.13428743928670883 5
      vertex -8.186949722468853 0.5647493824362755 5
      vertex -8.209492973983288 0.6324810087680817 5
    endloop
  endfacet
  facet normal 0 0 1
    outer loop
      vertex -9.952285312116146 0.12016482651233673 5
      vertex -8.159631997346878 0.49879854917526245 5
      vertex -8.186949722468853 0.5647493824362755 5
    endloop
  endfacet
  facet normal 0 0 1
    outer loop
      vertex -9.96223209798336 0.09349645674228668 5
      vertex -8.127678990364075 0.4349645748734474 5
      vertex -8.159631997346878 0.49879854917526245 5
    endloop
  endfacet
  facet normal 0 0 1
    outer loop
      vertex -9.979289323091507 0.0707106813788414 5
      vertex -8.091253533959389 0.3735727444291115 5
      vertex -8.127678990364075 0.4349645748734474 5
    endloop
  endfacet
  facet normal 0 0 1
    outer loop
      vertex -9.979289323091507 0.0707106813788414 5
      vertex -8.050541244447231 0.3149358928203583 5
      vertex -8.091253533959389 0.3735727444291115 5
    endloop
  endfacet
  facet normal 0 0 1
    outer loop
      vertex -9.979289323091507 0.0707106813788414 5
      vertex -8.005749575793743 0.25935282558202744 5
      vertex -8.050541244447231 0.3149358928203583 5
    endloop
  endfacet
  facet normal 0 0 1
    outer loop
      vertex -10.049999997019768 0 5
      vertex -7.957106783986092 0.2071067839860916 5
      vertex -8.005749575793743 0.25935282558202744 5
    endloop
  endfacet
  facet normal 0 0 1
    outer loop
      vertex -10.049999997019768 0 5
      vertex -7.75 0 5
      vertex -7.957106783986092 0.2071067839860916 5
    endloop
  endfacet
  facet normal -0.5376170652138814 0.843189119468944 0
    outer loop
      vertex 4.117647059261799 0 -5
      vertex 4.117647059261799 0 5
      vertex 7.643978111445904 2.2483873516321182 5
    endloop
  endfacet
  facet normal -0.7822110764942102 0.623013508529124 0
    outer loop
      vertex 7.865164324641228 2.4402565956115723 -5
      vertex 7.865164324641228 2.4402565956115723 5
      vertex 7.910924546420574 2.497709847986698 5
    endloop
  endfacet
  facet normal -0.734371754574086 0.6787474685652818 0
    outer loop
      vertex 7.815310455858707 2.3863171339035034 -5
      vertex 7.815310455858707 2.3863171339035034 5
      vertex 7.865164324641228 2.4402565956115723 5
    endloop
  endfacet
  facet normal -0.682570551095591 0.7308197060678245 0
    outer loop
      vertex 7.761631891131401 2.3361824601888657 -5
      vertex 7.761631891131401 2.3361824601888657 5
      vertex 7.815310455858707 2.3863171339035034 5
    endloop
  endfacet
  facet normal -0.6270870167430652 0.7789492110736634 0
    outer loop
      vertex 7.70441821962595 2.290123037993908 -5
      vertex 7.70441821962595 2.290123037993908 5
      vertex 7.761631891131401 2.3361824601888657 5
    endloop
  endfacet
  facet normal -0.5682205017828896 0.8228763341800523 0
    outer loop
      vertex 7.643978111445904 2.2483873516321182 -5
      vertex 7.643978111445904 2.2483873516321182 5
      vertex 7.70441821962595 2.290123037993908 5
    endloop
  endfacet
  facet normal 0.999362831744451 0.035692163393554445 0
    outer loop
      vertex 9.950000002980232 0.10000000149011612 -5
      vertex 9.950000002980232 0.10000000149011612 5
      vertex 9.950254790484905 0.09286607801914215 5
    endloop
  endfacet
  facet normal 0.9942703176496642 0.1068949738801406 0
    outer loop
      vertex 9.950254790484905 0.09286607801914215 -5
      vertex 9.950254790484905 0.09286607801914215 5
      vertex 9.9510178565979 0.08576851338148117 5
    endloop
  endfacet
  facet normal 0.9841112354552908 0.17755302377222756 0
    outer loop
      vertex 9.9510178565979 0.08576851338148117 -5
      vertex 9.9510178565979 0.08576851338148117 5
      vertex 9.952285312116146 0.07874347269535065 5
    endloop
  endfacet
  facet normal 0.9689372264961563 0.24730679551912077 0
    outer loop
      vertex 9.952285312116146 0.07874347269535065 -5
      vertex 9.952285312116146 0.07874347269535065 5
      vertex 9.954050704836845 0.0718267410993576 5
    endloop
  endfacet
  facet normal 0.9488259827101407 0.3157993896988017 0
    outer loop
      vertex 9.954050704836845 0.0718267410993576 -5
      vertex 9.954050704836845 0.0718267410993576 5
      vertex 9.956305027008057 0.06505358219146729 5
    endloop
  endfacet
  facet normal 0.9238796500417794 0.3826831486212571 0
    outer loop
      vertex 9.956305027008057 0.06505358219146729 -5
      vertex 9.956305027008057 0.06505358219146729 5
      vertex 9.95903679728508 0.05845849961042404 5
    endloop
  endfacet
  facet normal 0.8942252438820414 0.4476172619594819 0
    outer loop
      vertex 9.95903679728508 0.05845849961042404 -5
      vertex 9.95903679728508 0.05845849961042404 5
      vertex 9.96223209798336 0.0520751029253006 5
    endloop
  endfacet
  facet normal 0.8600138204091585 0.5102707405929165 0
    outer loop
      vertex 9.96223209798336 0.0520751029253006 -5
      vertex 9.96223209798336 0.0520751029253006 5
      vertex 9.965874649584293 0.045935921370983124 5
    endloop
  endfacet
  facet normal 0.8214210211091875 0.5703222826437171 0
    outer loop
      vertex 9.965874649584293 0.045935921370983124 -5
      vertex 9.965874649584293 0.045935921370983124 5
      vertex 9.969945877790451 0.040072232484817505 5
    endloop
  endfacet
  facet normal 0.7786417053933956 0.6274687997200057 0
    outer loop
      vertex 9.969945877790451 0.040072232484817505 -5
      vertex 9.969945877790451 0.040072232484817505 5
      vertex 9.974425040185452 0.0345139279961586 5
    endloop
  endfacet
  facet normal 0.7318944770132645 0.6814179881082391 0
    outer loop
      vertex 9.974425040185452 0.0345139279961586 -5
      vertex 9.974425040185452 0.0345139279961586 5
      vertex 9.979289323091507 0.02928932011127472 5
    endloop
  endfacet
  facet normal 0.6814179495494714 0.7318945129127518 0
    outer loop
      vertex 9.979289323091507 0.02928932011127472 -5
      vertex 9.979289323091507 0.02928932011127472 5
      vertex 9.98451392352581 0.024425044655799866 5
    endloop
  endfacet
  facet normal 0.6274689225760143 0.7786416063898048 0
    outer loop
      vertex 9.98451392352581 0.024425044655799866 -5
      vertex 9.98451392352581 0.024425044655799866 5
      vertex 9.99007223546505 0.01994587481021881 5
    endloop
  endfacet
  facet normal 0.5703227716015925 0.8214206816197641 0
    outer loop
      vertex 9.99007223546505 0.01994587481021881 -5
      vertex 9.99007223546505 0.01994587481021881 5
      vertex 9.995935916900635 0.015874646604061127 5
    endloop
  endfacet
  facet normal 0.5102699686302845 0.8600142784361482 0
    outer loop
      vertex 9.995935916900635 0.015874646604061127 -5
      vertex 9.995935916900635 0.015874646604061127 5
      vertex 10.002075098454952 0.012232102453708649 5
    endloop
  endfacet
  facet normal 0.4476172619594819 0.8942252438820414 0
    outer loop
      vertex 10.002075098454952 0.012232102453708649 -5
      vertex 10.002075098454952 0.012232102453708649 5
      vertex 10.008458495140076 0.009036801755428314 5
    endloop
  endfacet
  facet normal 0.38268367048246943 0.9238794338798028 0
    outer loop
      vertex 10.008458495140076 0.009036801755428314 -5
      vertex 10.008458495140076 0.009036801755428314 5
      vertex 10.0150535851717 0.006305024027824402 5
    endloop
  endfacet
  facet normal 0.03569220062255543 0.9993628304148194 0
    outer loop
      vertex 10.042866080999374 0.00025478750467300415 -5
      vertex 10.042866080999374 0.00025478750467300415 5
      vertex 10.049999997019768 0 5
    endloop
  endfacet
  facet normal 0.177553852219383 0.9841110859867688 0
    outer loop
      vertex 10.028743468225002 0.002285316586494446 -5
      vertex 10.028743468225002 0.002285316586494446 5
      vertex 10.035768516361713 0.0010178536176681519 5
    endloop
  endfacet
  facet normal 0.1068949738801406 0.9942703176496642 0
    outer loop
      vertex 10.035768516361713 0.0010178536176681519 -5
      vertex 10.035768516361713 0.0010178536176681519 5
      vertex 10.042866080999374 0.00025478750467300415 5
    endloop
  endfacet
  facet normal 0.24730606573247924 0.9689374127630341 0
    outer loop
      vertex 10.02182674407959 0.004050701856613159 -5
      vertex 10.02182674407959 0.004050701856613159 5
      vertex 10.028743468225002 0.002285316586494446 5
    endloop
  endfacet
  facet normal 0.3157993896988017 0.9488259827101407 0
    outer loop
      vertex 10.0150535851717 0.006305024027824402 -5
      vertex 10.0150535851717 0.006305024027824402 5
      vertex 10.02182674407959 0.004050701856613159 5
    endloop
  endfacet
  facet normal 0 0 1
    outer loop
      vertex 8.048449896275997 2.7562130987644196 5
      vertex 8.02129290997982 2.687968149781227 5
      vertex 9.950000002980232 0.10000000149011612 5
    endloop
  endfacet
  facet normal 0 0 1
    outer loop
      vertex 8.02129290997982 2.687968149781227 5
      vertex 7.989199981093407 2.621900625526905 5
      vertex 9.950000002980232 0.10000000149011612 5
    endloop
  endfacet
  facet normal 0 0 1
    outer loop
      vertex 7.989199981093407 2.621900625526905 5
      vertex 7.952344253659248 2.5583669394254684 5
      vertex 9.950000002980232 0.10000000149011612 5
    endloop
  endfacet
  facet normal 0 0 1
    outer loop
      vertex 7.952344253659248 2.5583669394254684 5
      vertex 7.910924546420574 2.497709847986698 5
      vertex 9.950000002980232 0.10000000149011612 5
    endloop
  endfacet
  facet normal 0 0 1
    outer loop
      vertex 7.865164324641228 2.4402565956115723 5
      vertex 7.815310455858707 2.3863171339035034 5
      vertex 9.950000002980232 0.10000000149011612 5
    endloop
  endfacet
  facet normal 0 0 1
    outer loop
      vertex 7.910924546420574 2.497709847986698 5
      vertex 7.865164324641228 2.4402565956115723 5
      vertex 9.950000002980232 0.10000000149011612 5
    endloop
  endfacet
  facet normal 0 0 1
    outer loop
      vertex 7.761631891131401 2.3361824601888657 5
      vertex 7.70441821962595 2.290123037993908 5
      vertex 9.950254790484905 0.09286607801914215 5
    endloop
  endfacet
  facet normal 0 0 1
    outer loop
      vertex 7.70441821962595 2.290123037993908 5
      vertex 7.643978111445904 2.2483873516321182 5
      vertex 9.952285312116146 0.07874347269535065 5
    endloop
  endfacet
  facet normal 0 0 1
    outer loop
      vertex 7.815310455858707 2.3863171339035034 5
      vertex 7.761631891131401 2.3361824601888657 5
      vertex 9.950000002980232 0.10000000149011612 5
    endloop
  endfacet
  facet normal 0 0 1
    outer loop
      vertex 4.117647059261799 0 5
      vertex 9.979289323091507 0.02928932011127472 5
      vertex 7.643978111445904 2.2483873516321182 5
    endloop
  endfacet
  facet normal 0 0 1
    outer loop
      vertex 4.117647059261799 0 5
      vertex 9.98451392352581 0.024425044655799866 5
      vertex 9.979289323091507 0.02928932011127472 5
    endloop
  endfacet
  facet normal 0 0 1
    outer loop
      vertex 4.117647059261799 0 5
      vertex 10.002075098454952 0.012232102453708649 5
      vertex 9.995935916900635 0.015874646604061127 5
    endloop
  endfacet
  facet normal 0 0 1
    outer loop
      vertex 4.117647059261799 0 5
      vertex 9.995935916900635 0.015874646604061127 5
      vertex 9.99007223546505 0.01994587481021881 5
    endloop
  endfacet
  facet normal 0 0 1
    outer loop
      vertex 4.117647059261799 0 5
      vertex 9.99007223546505 0.01994587481021881 5
      vertex 9.98451392352581 0.024425044655799866 5
    endloop
  endfacet
  facet normal 0 0 1
    outer loop
      vertex 4.117647059261799 0 5
      vertex 10.042866080999374 0.00025478750467300415 5
      vertex 10.035768516361713 0.0010178536176681519 5
    endloop
  endfacet
  facet normal 0 0 1
    outer loop
      vertex 4.117647059261799 0 5
      vertex 10.035768516361713 0.0010178536176681519 5
      vertex 10.028743468225002 0.002285316586494446 5
    endloop
  endfacet
  facet normal 0 0 1
    outer loop
      vertex 4.117647059261799 0 5
      vertex 10.028743468225002 0.002285316586494446 5
      vertex 10.02182674407959 0.004050701856613159 5
    endloop
  endfacet
  facet normal 0 0 1
    outer loop
      vertex 4.117647059261799 0 5
      vertex 10.02182674407959 0.004050701856613159 5
      vertex 10.0150535851717 0.006305024027824402 5
    endloop
  endfacet
  facet normal 0 0 1
    outer loop
      vertex 4.117647059261799 0 5
      vertex 10.0150535851717 0.006305024027824402 5
      vertex 10.008458495140076 0.009036801755428314 5
    endloop
  endfacet
  facet normal 0 0 1
    outer loop
      vertex 4.117647059261799 0 5
      vertex 10.008458495140076 0.009036801755428314 5
      vertex 10.002075098454952 0.012232102453708649 5
    endloop
  endfacet
  facet normal 0 0 1
    outer loop
      vertex 4.117647059261799 0 5
      vertex 10.049999997019768 0 5
      vertex 10.042866080999374 0.00025478750467300415 5
    endloop
  endfacet
  facet normal 0 0 1
    outer loop
      vertex 7.70441821962595 2.290123037993908 5
      vertex 9.9510178565979 0.08576851338148117 5
      vertex 9.950254790484905 0.09286607801914215 5
    endloop
  endfacet
  facet normal 0 0 1
    outer loop
      vertex 7.70441821962595 2.290123037993908 5
      vertex 9.952285312116146 0.07874347269535065 5
      vertex 9.9510178565979 0.08576851338148117 5
    endloop
  endfacet
  facet normal 0 0 1
    outer loop
      vertex 7.643978111445904 2.2483873516321182 5
      vertex 9.954050704836845 0.0718267410993576 5
      vertex 9.952285312116146 0.07874347269535065 5
    endloop
  endfacet
  facet normal 0 0 1
    outer loop
      vertex 7.643978111445904 2.2483873516321182 5
      vertex 9.956305027008057 0.06505358219146729 5
      vertex 9.954050704836845 0.0718267410993576 5
    endloop
  endfacet
  facet normal 0 0 1
    outer loop
      vertex 7.643978111445904 2.2483873516321182 5
      vertex 9.965874649584293 0.045935921370983124 5
      vertex 9.96223209798336 0.0520751029253006 5
    endloop
  endfacet
  facet normal 0 0 1
    outer loop
      vertex 7.643978111445904 2.2483873516321182 5
      vertex 9.96223209798336 0.0520751029253006 5
      vertex 9.95903679728508 0.05845849961042404 5
    endloop
  endfacet
  facet normal 0 0 1
    outer loop
      vertex 7.643978111445904 2.2483873516321182 5
      vertex 9.95903679728508 0.05845849961042404 5
      vertex 9.956305027008057 0.06505358219146729 5
    endloop
  endfacet
  facet normal 0 0 1
    outer loop
      vertex 7.761631891131401 2.3361824601888657 5
      vertex 9.950254790484905 0.09286607801914215 5
      vertex 9.950000002980232 0.10000000149011612 5
    endloop
  endfacet
  facet normal 0 0 1
    outer loop
      vertex 7.643978111445904 2.2483873516321182 5
      vertex 9.974425040185452 0.0345139279961586 5
      vertex 9.969945877790451 0.040072232484817505 5
    endloop
  endfacet
  facet normal 0 0 1
    outer loop
      vertex 7.643978111445904 2.2483873516321182 5
      vertex 9.979289323091507 0.02928932011127472 5
      vertex 9.974425040185452 0.0345139279961586 5
    endloop
  endfacet
  facet normal 0 0 1
    outer loop
      vertex 7.643978111445904 2.2483873516321182 5
      vertex 9.969945877790451 0.040072232484817505 5
      vertex 9.965874649584293 0.045935921370983124 5
    endloop
  endfacet
  facet normal 0 0 -1
    outer loop
      vertex 13.117708897590639 7.633624359965324 -5
      vertex 13.64999999701977 5 -5
      vertex 13.039339831471445 7.560660168528557 -5
    endloop
  endfacet
  facet normal 0 0 -1
    outer loop
      vertex 13.039339831471445 7.560660168528557 -5
      vertex 13.64999999701977 5 -5
      vertex 12.966375640034677 7.482291102409363 -5
    endloop
  endfacet
  facet normal 0 0 -1
    outer loop
      vertex 12.899188137054445 7.398916497826576 -5
      vertex 12.966375640034677 7.482291102409363 -5
      vertex 13.64999999701977 5 -5
    endloop
  endfacet
  facet normal 0 0 -1
    outer loop
      vertex 13.78115206807852 7.965720295906067 -5
      vertex 13.886527745425703 7.984732165932655 -5
      vertex 13.64999999701977 5 -5
    endloop
  endfacet
  facet normal 0 0 -1
    outer loop
      vertex 13.886527745425703 7.984732165932655 -5
      vertex 13.992991222441198 7.996178172528744 -5
      vertex 13.64999999701977 5 -5
    endloop
  endfacet
  facet normal 0 0 -1
    outer loop
      vertex 13.992991222441198 7.996178172528744 -5
      vertex 14.100000000000001 8 -5
      vertex 13.64999999701977 5 -5
    endloop
  endfacet
  facet normal 0 0 -1
    outer loop
      vertex 13.57580373287201 7.90542458742857 -5
      vertex 13.677401161193849 7.939239457249641 -5
      vertex 13.64999999701977 5 -5
    endloop
  endfacet
  facet normal 0 0 -1
    outer loop
      vertex 13.4768774792552 7.864447996020317 -5
      vertex 13.64999999701977 5 -5
      vertex 13.381126521527769 7.816518485546112 -5
    endloop
  endfacet
  facet normal 0 0 -1
    outer loop
      vertex 13.57580373287201 7.90542458742857 -5
      vertex 13.64999999701977 5 -5
      vertex 13.4768774792552 7.864447996020317 -5
    endloop
  endfacet
  facet normal 0 0 -1
    outer loop
      vertex 13.381126521527769 7.816518485546112 -5
      vertex 13.64999999701977 5 -5
      vertex 13.289038775861265 7.761880300939083 -5
    endloop
  endfacet
  facet normal 0 0 -1
    outer loop
      vertex 13.201083502173425 7.700811862945557 -5
      vertex 13.289038775861265 7.761880300939083 -5
      vertex 13.64999999701977 5 -5
    endloop
  endfacet
  facet normal 0 0 -1
    outer loop
      vertex 13.78115206807852 7.965720295906067 -5
      vertex 13.64999999701977 5 -5
      vertex 13.677401161193849 7.939239457249641 -5
    endloop
  endfacet
  facet normal 0 0 -1
    outer loop
      vertex 13.201083502173425 7.700811862945557 -5
      vertex 13.64999999701977 5 -5
      vertex 13.117708897590639 7.633624359965324 -5
    endloop
  endfacet
  facet normal 0 0 -1
    outer loop
      vertex 14.100000000000001 8 -5
      vertex 15.386071211099626 8 -5
      vertex 16.396130977571012 4.955004125833511 -5
    endloop
  endfacet
  facet normal 0 0 -1
    outer loop
      vertex 15.386071211099626 8 -5
      vertex 15.645497335493566 7.990372195839882 -5
      vertex 16.511628656089307 5.040933080017567 -5
    endloop
  endfacet
  facet normal 0 0 -1
    outer loop
      vertex 15.645497335493566 7.990372195839882 -5
      vertex 15.903496196866037 7.961541764438152 -5
      vertex 16.511628656089307 5.040933080017567 -5
    endloop
  endfacet
  facet normal 0 0 -1
    outer loop
      vertex 15.903496196866037 7.961541764438152 -5
      vertex 16.15864838510752 7.913667313754559 -5
      vertex 16.63300815075636 5.118331491947174 -5
    endloop
  endfacet
  facet normal 0 0 -1
    outer loop
      vertex 16.15864838510752 7.913667313754559 -5
      vertex 16.409550173580648 7.847012221813202 -5
      vertex 16.63300815075636 5.118331491947174 -5
    endloop
  endfacet
  facet normal 0 0 -1
    outer loop
      vertex 16.409550173580648 7.847012221813202 -5
      vertex 16.654821185767652 7.7619432136416435 -5
      vertex 16.75964061766863 5.186798386275768 -5
    endloop
  endfacet
  facet normal 0 0 -1
    outer loop
      vertex 16.654821185767652 7.7619432136416435 -5
      vertex 16.89311203956604 7.658928290009499 -5
      vertex 16.890869988501073 5.245979033410549 -5
    endloop
  endfacet
  facet normal 0 0 -1
    outer loop
      vertex 16.89311203956604 7.658928290009499 -5
      vertex 17.123111760616304 7.5385342091321945 -5
      vertex 16.890869988501073 5.245979033410549 -5
    endloop
  endfacet
  facet normal 0 0 -1
    outer loop
      vertex 17.123111760616304 7.5385342091321945 -5
      vertex 17.34355497211218 7.401423327624798 -5
      vertex 17.02601638287306 5.295566827058792 -5
    endloop
  endfacet
  facet normal 0 0 -1
    outer loop
      vertex 17.34355497211218 7.401423327624798 -5
      vertex 17.553228898346426 7.2483499720692635 -5
      vertex 17.164379625022413 5.335304871201515 -5
    endloop
  endfacet
  facet normal 0 0 -1
    outer loop
      vertex 12.899188137054445 7.398916497826576 -5
      vertex 13.64999999701977 5 -5
      vertex 12.838119699060918 7.310961224138737 -5
    endloop
  endfacet
  facet normal 0 0 -1
    outer loop
      vertex 12.838119699060918 7.310961224138737 -5
      vertex 13.64999999701977 5 -5
      vertex 12.78348151445389 7.218873478472233 -5
    endloop
  endfacet
  facet normal 0 0 -1
    outer loop
      vertex 12.78348151445389 7.218873478472233 -5
      vertex 13.64999999701977 5 -5
      vertex 12.735552003979684 7.123122520744801 -5
    endloop
  endfacet
  facet normal 0 0 -1
    outer loop
      vertex 12.735552003979684 7.123122520744801 -5
      vertex 13.64999999701977 5 -5
      vertex 12.694575412571432 7.024196267127991 -5
    endloop
  endfacet
  facet normal 0 0 -1
    outer loop
      vertex 12.694575412571432 7.024196267127991 -5
      vertex 13.64999999701977 5 -5
      vertex 12.66076054275036 6.922598838806152 -5
    endloop
  endfacet
  facet normal 0 0 -1
    outer loop
      vertex 12.66076054275036 6.922598838806152 -5
      vertex 13.64999999701977 5 -5
      vertex 12.634279704093935 6.818847931921482 -5
    endloop
  endfacet
  facet normal 0 0 -1
    outer loop
      vertex 12.634279704093935 6.818847931921482 -5
      vertex 13.64999999701977 5 -5
      vertex 12.615267834067346 6.713472254574299 -5
    endloop
  endfacet
  facet normal 0 0 -1
    outer loop
      vertex 12.615267834067346 6.713472254574299 -5
      vertex 13.64999999701977 5 -5
      vertex 12.603821827471258 6.607008777558804 -5
    endloop
  endfacet
  facet normal 0 0 -1
    outer loop
      vertex 12.603821827471258 6.607008777558804 -5
      vertex 13.64999999701977 5 -5
      vertex 12.600000000000001 6.5 -5
    endloop
  endfacet
  facet normal 0 0 -1
    outer loop
      vertex 14.100000000000001 8 -5
      vertex 16.287113501131536 4.860989831387997 -5
      vertex 13.64999999701977 5 -5
    endloop
  endfacet
  facet normal 0 0 -1
    outer loop
      vertex 12.600000000000001 6.5 -5
      vertex 13.64999999701977 5 -5
      vertex 12.600000000000001 6.214285716414452 -5
    endloop
  endfacet
  facet normal 0 0 -1
    outer loop
      vertex 12.600000000000001 6.214285716414452 -5
      vertex 13.64999999701977 5 -5
      vertex 12.60135423988104 6.177510604262352 -5
    endloop
  endfacet
  facet normal 0 0 -1
    outer loop
      vertex 12.60135423988104 6.177510604262352 -5
      vertex 13.64999999701977 5 -5
      vertex 12.60540963560343 6.1409347131848335 -5
    endloop
  endfacet
  facet normal 0 0 -1
    outer loop
      vertex 12.60540963560343 6.1409347131848335 -5
      vertex 13.64999999701977 5 -5
      vertex 12.612144207954408 6.104756154119968 -5
    endloop
  endfacet
  facet normal 0 0 -1
    outer loop
      vertex 12.612144207954408 6.104756154119968 -5
      vertex 13.64999999701977 5 -5
      vertex 12.621521478891374 6.069170914590359 -5
    endloop
  endfacet
  facet normal 0 0 -1
    outer loop
      vertex 12.621521478891374 6.069170914590359 -5
      vertex 13.64999999701977 5 -5
      vertex 12.633490657806398 6.034371756017208 -5
    endloop
  endfacet
  facet normal 0 0 -1
    outer loop
      vertex 12.633490657806398 6.034371756017208 -5
      vertex 13.64999999701977 5 -5
      vertex 12.647986894845964 6.00054719299078 -5
    endloop
  endfacet
  facet normal 0 0 -1
    outer loop
      vertex 12.647986894845964 6.00054719299078 -5
      vertex 13.64999999701977 5 -5
      vertex 12.664931683242322 5.967880442738533 -5
    endloop
  endfacet
  facet normal 0 0 -1
    outer loop
      vertex 12.664931683242322 5.967880442738533 -5
      vertex 13.64999999701977 5 -5
      vertex 12.684233216941358 5.9365484565496445 -5
    endloop
  endfacet
  facet normal 0 0 -1
    outer loop
      vertex 12.684233216941358 5.9365484565496445 -5
      vertex 13.64999999701977 5 -5
      vertex 12.705786949396135 5.906720966100693 -5
    endloop
  endfacet
  facet normal 0 0 -1
    outer loop
      vertex 12.705786949396135 5.906720966100693 -5
      vertex 13.64999999701977 5 -5
      vertex 12.729476122558118 5.878559552133083 -5
    endloop
  endfacet
  facet normal 0 0 -1
    outer loop
      vertex 12.729476122558118 5.878559552133083 -5
      vertex 13.64999999701977 5 -5
      vertex 12.755172415077688 5.852216750383377 -5
    endloop
  endfacet
  facet normal 0 0 -1
    outer loop
      vertex 14.100000000000001 8 -5
      vertex 16.396130977571012 4.955004125833511 -5
      vertex 16.287113501131536 4.860989831387997 -5
    endloop
  endfacet
  facet normal 0 0 -1
    outer loop
      vertex 15.386071211099626 8 -5
      vertex 16.511628656089307 5.040933080017567 -5
      vertex 16.396130977571012 4.955004125833511 -5
    endloop
  endfacet
  facet normal 0 0 -1
    outer loop
      vertex 15.903496196866037 7.961541764438152 -5
      vertex 16.63300815075636 5.118331491947174 -5
      vertex 16.511628656089307 5.040933080017567 -5
    endloop
  endfacet
  facet normal 0 0 -1
    outer loop
      vertex 16.409550173580648 7.847012221813202 -5
      vertex 16.75964061766863 5.186798386275768 -5
      vertex 16.63300815075636 5.118331491947174 -5
    endloop
  endfacet
  facet normal 0 0 -1
    outer loop
      vertex 16.654821185767652 7.7619432136416435 -5
      vertex 16.890869988501073 5.245979033410549 -5
      vertex 16.75964061766863 5.186798386275768 -5
    endloop
  endfacet
  facet normal 0 0 -1
    outer loop
      vertex 17.123111760616304 7.5385342091321945 -5
      vertex 17.02601638287306 5.295566827058792 -5
      vertex 16.890869988501073 5.245979033410549 -5
    endloop
  endfacet
  facet normal 0 0 -1
    outer loop
      vertex 17.34355497211218 7.401423327624798 -5
      vertex 17.164379625022413 5.335304871201515 -5
      vertex 17.02601638287306 5.295566827058792 -5
    endloop
  endfacet
  facet normal 0 0 -1
    outer loop
      vertex 17.553228898346426 7.2483499720692635 -5
      vertex 17.30524286478758 5.364987269043922 -5
      vertex 17.164379625022413 5.335304871201515 -5
    endloop
  endfacet
  facet normal 0 0 -1
    outer loop
      vertex 17.553228898346426 7.2483499720692635 -5
      vertex 17.447876310348512 5.3844602555036545 -5
      vertex 17.30524286478758 5.364987269043922 -5
    endloop
  endfacet
  facet normal 0 0 -1
    outer loop
      vertex 17.553228898346426 7.2483499720692635 -5
      vertex 17.591540998220445 5.393622934818268 -5
      vertex 17.447876310348512 5.3844602555036545 -5
    endloop
  endfacet
  facet normal 0 0 -1
    outer loop
      vertex 17.553228898346426 7.2483499720692635 -5
      vertex 17.735492622852327 5.39242784678936 -5
      vertex 17.591540998220445 5.393622934818268 -5
    endloop
  endfacet
  facet normal 0 0 -1
    outer loop
      vertex 17.553228898346426 7.2483499720692635 -5
      vertex 17.878985373675825 5.380881167948246 -5
      vertex 17.735492622852327 5.39242784678936 -5
    endloop
  endfacet
  facet normal 0 0 -1
    outer loop
      vertex 17.553228898346426 7.2483499720692635 -5
      vertex 18.02127585411072 5.359042726457119 -5
      vertex 17.878985373675825 5.380881167948246 -5
    endloop
  endfacet
  facet normal 0 0 -1
    outer loop
      vertex 17.553228898346426 7.2483499720692635 -5
      vertex 18.161626859009267 5.327025666832924 -5
      vertex 18.02127585411072 5.359042726457119 -5
    endloop
  endfacet
  facet normal 0 0 -1
    outer loop
      vertex 17.553228898346426 7.2483499720692635 -5
      vertex 18.299311256408693 5.284995868802071 -5
      vertex 18.161626859009267 5.327025666832924 -5
    endloop
  endfacet
  facet normal 0 0 -1
    outer loop
      vertex 17.553228898346426 7.2483499720692635 -5
      vertex 18.433615720272066 5.233171075582504 -5
      vertex 18.299311256408693 5.284995868802071 -5
    endloop
  endfacet
  facet normal 0 0 -1
    outer loop
      vertex 17.553228898346426 7.2483499720692635 -5
      vertex 18.563844425976278 5.171819783747196 -5
      vertex 18.433615720272066 5.233171075582504 -5
    endloop
  endfacet
  facet normal 0 0 -1
    outer loop
      vertex 17.553228898346426 7.2483499720692635 -5
      vertex 18.689322686195375 5.101259857416153 -5
      vertex 18.563844425976278 5.171819783747196 -5
    endloop
  endfacet
  facet normal 0 0 -1
    outer loop
      vertex 17.553228898346426 7.2483499720692635 -5
      vertex 18.809400415420534 5.021856844425201 -5
      vertex 18.689322686195375 5.101259857416153 -5
    endloop
  endfacet
  facet normal 0 0 -1
    outer loop
      vertex 17.553228898346426 7.2483499720692635 -5
      vertex 20.479060447216035 4.941242657601833 -5
      vertex 18.809400415420534 5.021856844425201 -5
    endloop
  endfacet
  facet normal 0 0 -1
    outer loop
      vertex 13.64999999701977 5 -5
      vertex 16.287113501131536 4.860989831387997 -5
      vertex 16.18514104038477 4.759377263486385 -5
    endloop
  endfacet
  facet normal 0 0 -1
    outer loop
      vertex 13.64999999701977 5 -5
      vertex 16.18514104038477 4.759377263486385 -5
      vertex 16.090741886198522 4.650692872703075 -5
    endloop
  endfacet
  facet normal 0 0 -1
    outer loop
      vertex 13.64999999701977 5 -5
      vertex 16.090741886198522 4.650692872703075 -5
      vertex 16.004405117034914 4.535499729216099 -5
    endloop
  endfacet
  facet normal 0 0 -1
    outer loop
      vertex 13.64999999701977 5 -5
      vertex 16.004405117034914 4.535499729216099 -5
      vertex 15.926578035950662 4.41439463943243 -5
    endloop
  endfacet
  facet normal 0 0 -1
    outer loop
      vertex 13.64999999701977 5 -5
      vertex 15.926578035950662 4.41439463943243 -5
      vertex 15.857663846015932 4.288005039095879 -5
    endloop
  endfacet
  facet normal 0 0 -1
    outer loop
      vertex 13.64999999701977 5 -5
      vertex 15.857663846015932 4.288005039095879 -5
      vertex 15.798019586503507 4.156985722482204 -5
    endloop
  endfacet
  facet normal 0 0 -1
    outer loop
      vertex 13.64999999701977 5 -5
      vertex 15.798019586503507 4.156985722482204 -5
      vertex 15.747954277694227 4.022015497088432 -5
    endloop
  endfacet
  facet normal 0 0 -1
    outer loop
      vertex 13.64999999701977 5 -5
      vertex 15.747954277694227 4.022015497088432 -5
      vertex 15.544154083728792 3.4053892716765404 -5
    endloop
  endfacet
  facet normal 0 0 -1
    outer loop
      vertex 13.64999999701977 5 -5
      vertex 15.544154083728792 3.4053892716765404 -5
      vertex 15.52368131875992 3.3348503485322 -5
    endloop
  endfacet
  facet normal 0 0 -1
    outer loop
      vertex 13.64999999701977 5 -5
      vertex 15.551550103724004 2.7562130987644196 -5
      vertex 13.64999999701977 0.10000000149011612 -5
    endloop
  endfacet
  facet normal 0 0 -1
    outer loop
      vertex 13.64999999701977 5 -5
      vertex 15.52368131875992 3.3348503485322 -5
      vertex 15.508441349864007 3.26299899071455 -5
    endloop
  endfacet
  facet normal 0 0 -1
    outer loop
      vertex 13.64999999701977 5 -5
      vertex 15.508441349864007 3.26299899071455 -5
      vertex 15.498516401648523 3.190222829580307 -5
    endloop
  endfacet
  facet normal 0 0 -1
    outer loop
      vertex 13.64999999701977 5 -5
      vertex 15.498516401648523 3.190222829580307 -5
      vertex 15.493960013985635 3.1169144809246063 -5
    endloop
  endfacet
  facet normal 0 0 -1
    outer loop
      vertex 13.64999999701977 5 -5
      vertex 15.493960013985635 3.1169144809246063 -5
      vertex 15.494796773791315 3.0434694439172745 -5
    endloop
  endfacet
  facet normal 0 0 -1
    outer loop
      vertex 13.64999999701977 5 -5
      vertex 15.494796773791315 3.0434694439172745 -5
      vertex 15.501022151112558 2.9702839329838753 -5
    endloop
  endfacet
  facet normal 0 0 -1
    outer loop
      vertex 13.64999999701977 5 -5
      vertex 15.501022151112558 2.9702839329838753 -5
      vertex 15.512602581083776 2.8977527767419815 -5
    endloop
  endfacet
  facet normal 0 0 -1
    outer loop
      vertex 13.64999999701977 5 -5
      vertex 15.512602581083776 2.8977527767419815 -5
      vertex 15.529475568234922 2.8262672796845436 -5
    endloop
  endfacet
  facet normal 0 0 -1
    outer loop
      vertex 13.64999999701977 5 -5
      vertex 15.529475568234922 2.8262672796845436 -5
      vertex 15.551550103724004 2.7562130987644196 -5
    endloop
  endfacet
  facet normal 0 0 -1
    outer loop
      vertex 18.809400415420534 5.021856844425201 -5
      vertex 20.479060447216035 4.941242657601833 -5
      vertex 20.159777535498144 4.057301759719849 -5
    endloop
  endfacet
  facet normal 0 0 -1
    outer loop
      vertex 20.479060447216035 4.941242657601833 -5
      vertex 20.762431322038175 4.733517199754715 -5
      vertex 20.159777535498144 4.057301759719849 -5
    endloop
  endfacet
  facet normal 0 0 -1
    outer loop
      vertex 20.159777535498144 4.057301759719849 -5
      vertex 20.762431322038175 4.733517199754715 -5
      vertex 20.521137474477293 3.8184047862887383 -5
    endloop
  endfacet
  facet normal 0 0 -1
    outer loop
      vertex 20.762431322038175 4.733517199754715 -5
      vertex 21.059690541028978 4.546204961836338 -5
      vertex 20.521137474477293 3.8184047862887383 -5
    endloop
  endfacet
  facet normal 0 0 -1
    outer loop
      vertex 21.059690541028978 4.546204961836338 -5
      vertex 21.369370250403882 4.380230873823166 -5
      vertex 20.89879228770733 3.6062029600143433 -5
    endloop
  endfacet
  facet normal 0 0 -1
    outer loop
      vertex 21.059690541028978 4.546204961836338 -5
      vertex 20.89879228770733 3.6062029600143433 -5
      vertex 20.521137474477293 3.8184047862887383 -5
    endloop
  endfacet
  facet normal 0 0 -1
    outer loop
      vertex 21.369370250403882 4.380230873823166 -5
      vertex 21.689941255748273 4.236414521932602 -5
      vertex 21.29077342748642 3.4218024238944054 -5
    endloop
  endfacet
  facet normal 0 0 -1
    outer loop
      vertex 21.369370250403882 4.380230873823166 -5
      vertex 21.29077342748642 3.4218024238944054 -5
      vertex 20.89879228770733 3.6062029600143433 -5
    endloop
  endfacet
  facet normal 0 0 -1
    outer loop
      vertex 21.689941255748273 4.236414521932602 -5
      vertex 22.019820606708528 4.115466050803661 -5
      vertex 21.695037654042245 3.2661643624305725 -5
    endloop
  endfacet
  facet normal 0 0 -1
    outer loop
      vertex 21.689941255748273 4.236414521932602 -5
      vertex 21.695037654042245 3.2661643624305725 -5
      vertex 21.29077342748642 3.4218024238944054 -5
    endloop
  endfacet
  facet normal 0 0 -1
    outer loop
      vertex 22.019820606708528 4.115466050803661 -5
      vertex 22.109477712213994 3.1401000544428825 -5
      vertex 21.695037654042245 3.2661643624305725 -5
    endloop
  endfacet
  facet normal 0 0 -1
    outer loop
      vertex 22.019820606708528 4.115466050803661 -5
      vertex 22.357379360497 4.017982706427574 -5
      vertex 22.109477712213994 3.1401000544428825 -5
    endloop
  endfacet
  facet normal 0 0 -1
    outer loop
      vertex 22.357379360497 4.017982706427574 -5
      vertex 22.700950680673124 3.9444458559155464 -5
      vertex 22.53193330615759 3.0442666187882423 -5
    endloop
  endfacet
  facet normal 0 0 -1
    outer loop
      vertex 22.700950680673124 3.9444458559155464 -5
      vertex 23.048838010430337 3.8952186182141304 -5
      vertex 22.960202342271806 2.9791636019945145 -5
    endloop
  endfacet
  facet normal 0 0 -1
    outer loop
      vertex 23.048838010430337 3.8952186182141304 -5
      vertex 23.39932350665331 3.8705440759658813 -5
      vertex 22.960202342271806 2.9791636019945145 -5
    endloop
  endfacet
  facet normal 0 0 -1
    outer loop
      vertex 23.39932350665331 3.8705440759658813 -5
      vertex 23.750676488876344 3.8705440759658813 -5
      vertex 23.39205244779587 2.9451303482055664 -5
    endloop
  endfacet
  facet normal 0 0 -1
    outer loop
      vertex 22.357379360497 4.017982706427574 -5
      vertex 22.53193330615759 3.0442666187882423 -5
      vertex 22.109477712213994 3.1401000544428825 -5
    endloop
  endfacet
  facet normal 0 0 -1
    outer loop
      vertex 22.700950680673124 3.9444458559155464 -5
      vertex 22.960202342271806 2.9791636019945145 -5
      vertex 22.53193330615759 3.0442666187882423 -5
    endloop
  endfacet
  facet normal 0 0 -1
    outer loop
      vertex 23.39932350665331 3.8705440759658813 -5
      vertex 23.39205244779587 2.9451303482055664 -5
      vertex 22.960202342271806 2.9791636019945145 -5
    endloop
  endfacet
  facet normal -0.5703226373189522 0.8214207748538839 0
    outer loop
      vertex 13.201083502173425 7.700811862945557 -5
      vertex 13.289038775861265 7.761880300939083 5
      vertex 13.289038775861265 7.761880300939083 -5
    endloop
  endfacet
  facet normal -0.62746900941636 0.778641536409439 0
    outer loop
      vertex 13.201083502173425 7.700811862945557 -5
      vertex 13.117708897590639 7.633624359965324 -5
      vertex 13.201083502173425 7.700811862945557 5
    endloop
  endfacet
  facet normal -0.6814179701141619 0.7318944937663456 0
    outer loop
      vertex 13.117708897590639 7.633624359965324 -5
      vertex 13.039339831471445 7.560660168528557 -5
      vertex 13.117708897590639 7.633624359965324 5
    endloop
  endfacet
  facet normal -0.7318944937663456 0.6814179701141619 0
    outer loop
      vertex 13.039339831471445 7.560660168528557 -5
      vertex 12.966375640034677 7.482291102409363 -5
      vertex 13.039339831471445 7.560660168528557 5
    endloop
  endfacet
  facet normal -0.8214207748538839 0.5703226373189522 0
    outer loop
      vertex 12.899188137054445 7.398916497826576 -5
      vertex 12.838119699060918 7.310961224138737 -5
      vertex 12.899188137054445 7.398916497826576 5
    endloop
  endfacet
  facet normal -0.778641536409439 0.62746900941636 0
    outer loop
      vertex 12.899188137054445 7.398916497826576 -5
      vertex 12.966375640034677 7.482291102409363 5
      vertex 12.966375640034677 7.482291102409363 -5
    endloop
  endfacet
  facet normal -0.3157995778139601 0.9488259200994271 0
    outer loop
      vertex 13.57580373287201 7.90542458742857 -5
      vertex 13.677401161193849 7.939239457249641 5
      vertex 13.677401161193849 7.939239457249641 -5
    endloop
  endfacet
  facet normal -0.44761723410804044 0.8942252578234791 0
    outer loop
      vertex 13.4768774792552 7.864447996020317 -5
      vertex 13.381126521527769 7.816518485546112 -5
      vertex 13.4768774792552 7.864447996020317 5
    endloop
  endfacet
  facet normal -0.38268339637749377 0.9238795474178363 0
    outer loop
      vertex 13.57580373287201 7.90542458742857 -5
      vertex 13.4768774792552 7.864447996020317 -5
      vertex 13.57580373287201 7.90542458742857 5
    endloop
  endfacet
  facet normal -0.247306488299135 0.96893730490943 0
    outer loop
      vertex 13.78115206807852 7.965720295906067 -5
      vertex 13.677401161193849 7.939239457249641 -5
      vertex 13.78115206807852 7.965720295906067 5
    endloop
  endfacet
  facet normal -0.1775532512889915 0.9841111944067643 0
    outer loop
      vertex 13.78115206807852 7.965720295906067 -5
      vertex 13.886527745425703 7.984732165932655 5
      vertex 13.886527745425703 7.984732165932655 -5
    endloop
  endfacet
  facet normal -0.10689510405773878 0.9942703036541346 0
    outer loop
      vertex 13.886527745425703 7.984732165932655 -5
      vertex 13.992991222441198 7.996178172528744 5
      vertex 13.992991222441198 7.996178172528744 -5
    endloop
  endfacet
  facet normal -0.5102700314175376 0.8600142411827524 0
    outer loop
      vertex 13.381126521527769 7.816518485546112 -5
      vertex 13.289038775861265 7.761880300939083 -5
      vertex 13.381126521527769 7.816518485546112 5
    endloop
  endfacet
  facet normal -0.035692327198633016 0.9993628258941524 0
    outer loop
      vertex 13.992991222441198 7.996178172528744 -5
      vertex 14.100000000000001 8 5
      vertex 14.100000000000001 8 -5
    endloop
  endfacet
  facet normal -0.8600142411827524 0.5102700314175376 0
    outer loop
      vertex 12.838119699060918 7.310961224138737 -5
      vertex 12.78348151445389 7.218873478472233 -5
      vertex 12.838119699060918 7.310961224138737 5
    endloop
  endfacet
  facet normal -0.8942252578234791 0.44761723410804044 0
    outer loop
      vertex 12.78348151445389 7.218873478472233 -5
      vertex 12.735552003979684 7.123122520744801 -5
      vertex 12.78348151445389 7.218873478472233 5
    endloop
  endfacet
  facet normal -0.9238795474178363 0.38268339637749377 0
    outer loop
      vertex 12.735552003979684 7.123122520744801 -5
      vertex 12.694575412571432 7.024196267127991 -5
      vertex 12.735552003979684 7.123122520744801 5
    endloop
  endfacet
  facet normal -0.9488259200994271 0.3157995778139601 0
    outer loop
      vertex 12.694575412571432 7.024196267127991 -5
      vertex 12.66076054275036 6.922598838806152 -5
      vertex 12.694575412571432 7.024196267127991 5
    endloop
  endfacet
  facet normal -0.96893730490943 0.247306488299135 0
    outer loop
      vertex 12.66076054275036 6.922598838806152 -5
      vertex 12.634279704093935 6.818847931921482 -5
      vertex 12.66076054275036 6.922598838806152 5
    endloop
  endfacet
  facet normal -0.9841111944067643 0.1775532512889915 0
    outer loop
      vertex 12.634279704093935 6.818847931921482 -5
      vertex 12.615267834067346 6.713472254574299 -5
      vertex 12.634279704093935 6.818847931921482 5
    endloop
  endfacet
  facet normal -0.9942703036541346 0.10689510405773878 0
    outer loop
      vertex 12.615267834067346 6.713472254574299 -5
      vertex 12.603821827471258 6.607008777558804 -5
      vertex 12.615267834067346 6.713472254574299 5
    endloop
  endfacet
  facet normal 0 1 0
    outer loop
      vertex 14.100000000000001 8 -5
      vertex 15.386071211099626 8 5
      vertex 15.386071211099626 8 -5
    endloop
  endfacet
  facet normal 0.03708639929222474 0.9993120628650181 0
    outer loop
      vertex 15.386071211099626 8 -5
      vertex 15.645497335493566 7.990372195839882 5
      vertex 15.645497335493566 7.990372195839882 -5
    endloop
  endfacet
  facet normal 0.11105511619080129 0.993814248825125 0
    outer loop
      vertex 15.645497335493566 7.990372195839882 -5
      vertex 15.903496196866037 7.961541764438152 5
      vertex 15.903496196866037 7.961541764438152 -5
    endloop
  endfacet
  facet normal 0.18441287849522442 0.9828488643963046 0
    outer loop
      vertex 15.903496196866037 7.961541764438152 -5
      vertex 16.15864838510752 7.913667313754559 5
      vertex 16.15864838510752 7.913667313754559 -5
    endloop
  endfacet
  facet normal 0.2567560901191561 0.9664762336378084 0
    outer loop
      vertex 16.15864838510752 7.913667313754559 -5
      vertex 16.409550173580648 7.847012221813202 5
      vertex 16.409550173580648 7.847012221813202 -5
    endloop
  endfacet
  facet normal 0.3276866898837441 0.9447864485020067 0
    outer loop
      vertex 16.409550173580648 7.847012221813202 -5
      vertex 16.654821185767652 7.7619432136416435 5
      vertex 16.654821185767652 7.7619432136416435 -5
    endloop
  endfacet
  facet normal 0.3968145400791286 0.9178988074846757 0
    outer loop
      vertex 16.654821185767652 7.7619432136416435 -5
      vertex 16.89311203956604 7.658928290009499 5
      vertex 16.89311203956604 7.658928290009499 -5
    endloop
  endfacet
  facet normal 0.463759228552957 0.8859612733816113 0
    outer loop
      vertex 16.89311203956604 7.658928290009499 -5
      vertex 17.123111760616304 7.5385342091321945 5
      vertex 17.123111760616304 7.5385342091321945 -5
    endloop
  endfacet
  facet normal 0.5281525272632746 0.84914952037048 0
    outer loop
      vertex 17.123111760616304 7.5385342091321945 -5
      vertex 17.34355497211218 7.401423327624798 5
      vertex 17.34355497211218 7.401423327624798 -5
    endloop
  endfacet
  facet normal 0.5896401232685617 0.8076660974882105 0
    outer loop
      vertex 17.34355497211218 7.401423327624798 -5
      vertex 17.553228898346426 7.2483499720692635 5
      vertex 17.553228898346426 7.2483499720692635 -5
    endloop
  endfacet
  facet normal -0.9993628258941524 0.035692327198633016 0
    outer loop
      vertex 12.603821827471258 6.607008777558804 -5
      vertex 12.600000000000001 6.5 -5
      vertex 12.603821827471258 6.607008777558804 5
    endloop
  endfacet
  facet normal -1 0 0
    outer loop
      vertex 12.600000000000001 6.5 -5
      vertex 12.600000000000001 6.214285716414452 -5
      vertex 12.600000000000001 6.5 5
    endloop
  endfacet
  facet normal -0.9993226521386229 -0.03679995818786883 0
    outer loop
      vertex 12.600000000000001 6.214285716414452 -5
      vertex 12.60135423988104 6.177510604262352 -5
      vertex 12.600000000000001 6.214285716414452 5
    endloop
  endfacet
  facet normal -0.9939093340793091 -0.11020088760996544 0
    outer loop
      vertex 12.60135423988104 6.177510604262352 -5
      vertex 12.60540963560343 6.1409347131848335 -5
      vertex 12.60135423988104 6.177510604262352 5
    endloop
  endfacet
  facet normal -0.9831120740549121 -0.18300450772439764 0
    outer loop
      vertex 12.60540963560343 6.1409347131848335 -5
      vertex 12.612144207954408 6.104756154119968 -5
      vertex 12.60540963560343 6.1409347131848335 5
    endloop
  endfacet
  facet normal -0.9669893182626025 -0.2548169114600273 0
    outer loop
      vertex 12.612144207954408 6.104756154119968 -5
      vertex 12.621521478891374 6.069170914590359 -5
      vertex 12.612144207954408 6.104756154119968 5
    endloop
  endfacet
  facet normal -0.9456283729149207 -0.32524910505377186 0
    outer loop
      vertex 12.621521478891374 6.069170914590359 -5
      vertex 12.633490657806398 6.034371756017208 -5
      vertex 12.621521478891374 6.069170914590359 5
    endloop
  endfacet
  facet normal -0.919145071906594 -0.39391920083923554 0
    outer loop
      vertex 12.633490657806398 6.034371756017208 -5
      vertex 12.647986894845964 6.00054719299078 -5
      vertex 12.633490657806398 6.034371756017208 5
    endloop
  endfacet
  facet normal -0.8876826357182834 -0.4604557940174509 0
    outer loop
      vertex 12.647986894845964 6.00054719299078 -5
      vertex 12.664931683242322 5.967880442738533 -5
      vertex 12.647986894845964 6.00054719299078 5
    endloop
  endfacet
  facet normal -0.851411862912829 -0.5244977022745725 0
    outer loop
      vertex 12.664931683242322 5.967880442738533 -5
      vertex 12.684233216941358 5.9365484565496445 -5
      vertex 12.664931683242322 5.967880442738533 5
    endloop
  endfacet
  facet normal -0.8105288629125581 -0.5856986959057323 0
    outer loop
      vertex 12.684233216941358 5.9365484565496445 -5
      vertex 12.705786949396135 5.906720966100693 -5
      vertex 12.684233216941358 5.9365484565496445 5
    endloop
  endfacet
  facet normal -0.7652552035546115 -0.6437270177898317 0
    outer loop
      vertex 12.705786949396135 5.906720966100693 -5
      vertex 12.729476122558118 5.878559552133083 -5
      vertex 12.705786949396135 5.906720966100693 5
    endloop
  endfacet
  facet normal -0.7158363028223622 -0.6982681344309013 0
    outer loop
      vertex 12.729476122558118 5.878559552133083 -5
      vertex 12.755172415077688 5.852216750383377 -5
      vertex 12.729476122558118 5.878559552133083 5
    endloop
  endfacet
  facet normal -0.689655174822674 -0.7241379287403105 0
    outer loop
      vertex 12.755172415077688 5.852216750383377 -5
      vertex 13.64999999701977 5 -5
      vertex 12.755172415077688 5.852216750383377 5
    endloop
  endfacet
  facet normal 0.34446354123424555 -0.9387996957606897 0
    outer loop
      vertex 17.02601638287306 5.295566827058792 -5
      vertex 16.890869988501073 5.245979033410549 5
      vertex 16.890869988501073 5.245979033410549 -5
    endloop
  endfacet
  facet normal 0.20618993412311 -0.9785119882077621 0
    outer loop
      vertex 17.30524286478758 5.364987269043922 -5
      vertex 17.164379625022413 5.335304871201515 5
      vertex 17.164379625022413 5.335304871201515 -5
    endloop
  endfacet
  facet normal 0.2760418608188916 -0.9611456138773373 0
    outer loop
      vertex 17.02601638287306 5.295566827058792 -5
      vertex 17.164379625022413 5.335304871201515 -5
      vertex 17.02601638287306 5.295566827058792 5
    endloop
  endfacet
  facet normal 0.06364890890340018 -0.9979723525205528 0
    outer loop
      vertex 17.447876310348512 5.3844602555036545 -5
      vertex 17.591540998220445 5.393622934818268 -5
      vertex 17.447876310348512 5.3844602555036545 5
    endloop
  endfacet
  facet normal 0.13526986003236777 -0.9908087933435108 0
    outer loop
      vertex 17.30524286478758 5.364987269043922 -5
      vertex 17.447876310348512 5.3844602555036545 -5
      vertex 17.30524286478758 5.364987269043922 5
    endloop
  endfacet
  facet normal -0.008301725314538759 -0.9999655400846581 0
    outer loop
      vertex 17.591540998220445 5.393622934818268 -5
      vertex 17.735492622852327 5.39242784678936 -5
      vertex 17.591540998220445 5.393622934818268 5
    endloop
  endfacet
  facet normal -0.08020945819374582 -0.9967780308655814 0
    outer loop
      vertex 17.735492622852327 5.39242784678936 -5
      vertex 17.878985373675825 5.380881167948246 -5
      vertex 17.735492622852327 5.39242784678936 5
    endloop
  endfacet
  facet normal -0.15170158071896073 -0.9884263404054795 0
    outer loop
      vertex 17.878985373675825 5.380881167948246 -5
      vertex 18.02127585411072 5.359042726457119 -5
      vertex 17.878985373675825 5.380881167948246 5
    endloop
  endfacet
  facet normal -0.2224077552506166 -0.974953737571369 0
    outer loop
      vertex 18.02127585411072 5.359042726457119 -5
      vertex 18.161626859009267 5.327025666832924 -5
      vertex 18.02127585411072 5.359042726457119 5
    endloop
  endfacet
  facet normal -0.29196162997476394 -0.9564300322671174 0
    outer loop
      vertex 18.161626859009267 5.327025666832924 -5
      vertex 18.299311256408693 5.284995868802071 -5
      vertex 18.161626859009267 5.327025666832924 5
    endloop
  endfacet
  facet normal -0.36000293712411385 -0.932951169816519 0
    outer loop
      vertex 18.299311256408693 5.284995868802071 -5
      vertex 18.433615720272066 5.233171075582504 -5
      vertex 18.299311256408693 5.284995868802071 5
    endloop
  endfacet
  facet normal 0.6191879098112726 0.7852428492788376 0
    outer loop
      vertex 17.553228898346426 7.2483499720692635 -5
      vertex 20.479060447216035 4.941242657601833 5
      vertex 20.479060447216035 4.941242657601833 -5
    endloop
  endfacet
  facet normal 0.7058556714704113 -0.7083556811751105 0
    outer loop
      vertex 16.18514104038477 4.759377263486385 -5
      vertex 16.287113501131536 4.860989831387997 -5
      vertex 16.18514104038477 4.759377263486385 5
    endloop
  endfacet
  facet normal 0.7549803579405706 -0.6557474049692671 0
    outer loop
      vertex 16.18514104038477 4.759377263486385 -5
      vertex 16.090741886198522 4.650692872703075 5
      vertex 16.090741886198522 4.650692872703075 -5
    endloop
  endfacet
  facet normal 0.8001936448861006 -0.5997417199794403 0
    outer loop
      vertex 16.090741886198522 4.650692872703075 -5
      vertex 16.004405117034914 4.535499729216099 5
      vertex 16.004405117034914 4.535499729216099 -5
    endloop
  endfacet
  facet normal 0.4111006760827557 -0.9115899484550612 0
    outer loop
      vertex 16.75964061766863 5.186798386275768 -5
      vertex 16.890869988501073 5.245979033410549 -5
      vertex 16.75964061766863 5.186798386275768 5
    endloop
  endfacet
  facet normal 0.4756079487120109 -0.8796573646153105 0
    outer loop
      vertex 16.75964061766863 5.186798386275768 -5
      vertex 16.63300815075636 5.118331491947174 5
      vertex 16.63300815075636 5.118331491947174 -5
    endloop
  endfacet
  facet normal 0.5376511018382224 -0.8431674167638035 0
    outer loop
      vertex 16.63300815075636 5.118331491947174 -5
      vertex 16.511628656089307 5.040933080017567 5
      vertex 16.511628656089307 5.040933080017567 -5
    endloop
  endfacet
  facet normal 0.5969088045071334 -0.8023090919975076 0
    outer loop
      vertex 16.511628656089307 5.040933080017567 -5
      vertex 16.396130977571012 4.955004125833511 5
      vertex 16.396130977571012 4.955004125833511 -5
    endloop
  endfacet
  facet normal 0.6530739520329485 -0.7572941391401801 0
    outer loop
      vertex 16.396130977571012 4.955004125833511 -5
      vertex 16.287113501131536 4.860989831387997 5
      vertex 16.287113501131536 4.860989831387997 -5
    endloop
  endfacet
  facet normal 0.8412612235278414 -0.5406288503108573 0
    outer loop
      vertex 16.004405117034914 4.535499729216099 -5
      vertex 15.926578035950662 4.41439463943243 5
      vertex 15.926578035950662 4.41439463943243 -5
    endloop
  endfacet
  facet normal 0.87797029620589 -0.4787151125462218 0
    outer loop
      vertex 15.926578035950662 4.41439463943243 -5
      vertex 15.857663846015932 4.288005039095879 5
      vertex 15.857663846015932 4.288005039095879 -5
    endloop
  endfacet
  facet normal 0.9101307491200185 -0.4143211550310145 0
    outer loop
      vertex 15.857663846015932 4.288005039095879 -5
      vertex 15.798019586503507 4.156985722482204 5
      vertex 15.798019586503507 4.156985722482204 -5
    endloop
  endfacet
  facet normal 0.9375759379107454 -0.3477806214422911 0
    outer loop
      vertex 15.798019586503507 4.156985722482204 -5
      vertex 15.747954277694227 4.022015497088432 5
      vertex 15.747954277694227 4.022015497088432 -5
    endloop
  endfacet
  facet normal -1 0 0
    outer loop
      vertex 13.64999999701977 5 -5
      vertex 13.64999999701977 0.10000000149011612 -5
      vertex 13.64999999701977 5 5
    endloop
  endfacet
  facet normal 0.9494848747017745 -0.3138127988348395 0
    outer loop
      vertex 15.747954277694227 4.022015497088432 -5
      vertex 15.544154083728792 3.4053892716765404 5
      vertex 15.544154083728792 3.4053892716765404 -5
    endloop
  endfacet
  facet normal 0.9603691065834041 -0.27873137448122726 0
    outer loop
      vertex 15.544154083728792 3.4053892716765404 -5
      vertex 15.52368131875992 3.3348503485322 5
      vertex 15.52368131875992 3.3348503485322 -5
    endloop
  endfacet
  facet normal 0.9782375193020962 -0.20748820648335883 0
    outer loop
      vertex 15.52368131875992 3.3348503485322 -5
      vertex 15.508441349864007 3.26299899071455 5
      vertex 15.508441349864007 3.26299899071455 -5
    endloop
  endfacet
  facet normal 0.9908284797388673 -0.1351255850620637 0
    outer loop
      vertex 15.508441349864007 3.26299899071455 -5
      vertex 15.498516401648523 3.190222829580307 5
      vertex 15.498516401648523 3.190222829580307 -5
    endloop
  endfacet
  facet normal 0.9980740349581964 -0.06203402890563284 0
    outer loop
      vertex 15.498516401648523 3.190222829580307 -5
      vertex 15.493960013985635 3.1169144809246063 5
      vertex 15.493960013985635 3.1169144809246063 -5
    endloop
  endfacet
  facet normal 0.9999351060154757 0.011392267457335676 0
    outer loop
      vertex 15.493960013985635 3.1169144809246063 -5
      vertex 15.494796773791315 3.0434694439172745 5
      vertex 15.494796773791315 3.0434694439172745 -5
    endloop
  endfacet
  facet normal 0.9964016607737913 0.08475689002807103 0
    outer loop
      vertex 15.494796773791315 3.0434694439172745 -5
      vertex 15.501022151112558 2.9702839329838753 5
      vertex 15.501022151112558 2.9702839329838753 -5
    endloop
  endfacet
  facet normal 0.9874927326041466 0.15766452693613572 0
    outer loop
      vertex 15.501022151112558 2.9702839329838753 -5
      vertex 15.512602581083776 2.8977527767419815 5
      vertex 15.512602581083776 2.8977527767419815 -5
    endloop
  endfacet
  facet normal 0.9732564462683871 0.22972133074016032 0
    outer loop
      vertex 15.512602581083776 2.8977527767419815 -5
      vertex 15.529475568234922 2.8262672796845436 5
      vertex 15.529475568234922 2.8262672796845436 -5
    endloop
  endfacet
  facet normal 0.9537695027473011 0.3005390750454359 0
    outer loop
      vertex 15.529475568234922 2.8262672796845436 -5
      vertex 15.551550103724004 2.7562130987644196 5
      vertex 15.551550103724004 2.7562130987644196 -5
    endloop
  endfacet
  facet normal 0.9291371427143884 0.36973527019820857 0
    outer loop
      vertex 15.551550103724004 2.7562130987644196 -5
      vertex 15.578707090020181 2.687968149781227 5
      vertex 15.578707090020181 2.687968149781227 -5
    endloop
  endfacet
  facet normal 0.8994921675970098 0.4369368838077563 0
    outer loop
      vertex 15.578707090020181 2.687968149781227 -5
      vertex 15.610800018906595 2.621900625526905 5
      vertex 15.610800018906595 2.621900625526905 -5
    endloop
  endfacet
  facet normal 0.8649946143399686 0.501781144686455 0
    outer loop
      vertex 15.610800018906595 2.621900625526905 -5
      vertex 15.647655746340753 2.5583669394254684 5
      vertex 15.647655746340753 2.5583669394254684 -5
    endloop
  endfacet
  facet normal 0.8258304514248306 0.5639184918935187 0
    outer loop
      vertex 15.647655746340753 2.5583669394254684 -5
      vertex 15.689075453579427 2.497709847986698 5
      vertex 15.689075453579427 2.497709847986698 -5
    endloop
  endfacet
  facet normal -0.42617914389101424 -0.9046387883085282 0
    outer loop
      vertex 18.433615720272066 5.233171075582504 -5
      vertex 18.563844425976278 5.171819783747196 -5
      vertex 18.433615720272066 5.233171075582504 5
    endloop
  endfacet
  facet normal -0.49014728064820756 -0.8716396292466098 0
    outer loop
      vertex 18.563844425976278 5.171819783747196 -5
      vertex 18.689322686195375 5.101259857416153 -5
      vertex 18.563844425976278 5.171819783747196 5
    endloop
  endfacet
  facet normal -0.5515760933257303 -0.8341245789877704 0
    outer loop
      vertex 18.689322686195375 5.101259857416153 -5
      vertex 18.809400415420534 5.021856844425201 -5
      vertex 18.689322686195375 5.101259857416153 5
    endloop
  endfacet
  facet normal -0.5812381932943952 -0.813733471510093 0
    outer loop
      vertex 18.809400415420534 5.021856844425201 -5
      vertex 20.159777535498144 4.057301759719849 -5
      vertex 18.809400415420534 5.021856844425201 5
    endloop
  endfacet
  facet normal -0.5514843069293269 -0.8341852667187787 0
    outer loop
      vertex 20.159777535498144 4.057301759719849 -5
      vertex 20.521137474477293 3.8184047862887383 -5
      vertex 20.159777535498144 4.057301759719849 5
    endloop
  endfacet
  facet normal 0.5912158655405244 0.8065133602942784 0
    outer loop
      vertex 20.479060447216035 4.941242657601833 -5
      vertex 20.762431322038175 4.733517199754715 5
      vertex 20.762431322038175 4.733517199754715 -5
    endloop
  endfacet
  facet normal 0.5331169726024041 0.8460415436154702 0
    outer loop
      vertex 20.762431322038175 4.733517199754715 -5
      vertex 21.059690541028978 4.546204961836338 5
      vertex 21.059690541028978 4.546204961836338 -5
    endloop
  endfacet
  facet normal 0.4723855921246536 0.8813919969871751 0
    outer loop
      vertex 21.059690541028978 4.546204961836338 -5
      vertex 21.369370250403882 4.380230873823166 5
      vertex 21.369370250403882 4.380230873823166 -5
    endloop
  endfacet
  facet normal 0.4093215723686384 0.9123901853887215 0
    outer loop
      vertex 21.369370250403882 4.380230873823166 -5
      vertex 21.689941255748273 4.236414521932602 5
      vertex 21.689941255748273 4.236414521932602 -5
    endloop
  endfacet
  facet normal 0.34423635741047626 0.9388830226587159 0
    outer loop
      vertex 21.689941255748273 4.236414521932602 -5
      vertex 22.019820606708528 4.115466050803661 5
      vertex 22.019820606708528 4.115466050803661 -5
    endloop
  endfacet
  facet normal 0.2774513115340984 0.9607396992567803 0
    outer loop
      vertex 22.019820606708528 4.115466050803661 -5
      vertex 22.357379360497 4.017982706427574 5
      vertex 22.357379360497 4.017982706427574 -5
    endloop
  endfacet
  facet normal 0.20929621646474517 0.9778522862751524 0
    outer loop
      vertex 22.357379360497 4.017982706427574 -5
      vertex 22.700950680673124 3.9444458559155464 5
      vertex 22.700950680673124 3.9444458559155464 -5
    endloop
  endfacet
  facet normal 0.14010764327103276 0.9901362776391122 0
    outer loop
      vertex 22.700950680673124 3.9444458559155464 -5
      vertex 23.048838010430337 3.8952186182141304 5
      vertex 23.048838010430337 3.8952186182141304 -5
    endloop
  endfacet
  facet normal 0.07022721792177901 0.9975310210028392 0
    outer loop
      vertex 23.048838010430337 3.8952186182141304 -5
      vertex 23.39932350665331 3.8705440759658813 5
      vertex 23.39932350665331 3.8705440759658813 -5
    endloop
  endfacet
  facet normal -0.4898596004949224 -0.8718013373486846 0
    outer loop
      vertex 20.521137474477293 3.8184047862887383 -5
      vertex 20.89879228770733 3.6062029600143433 -5
      vertex 20.521137474477293 3.8184047862887383 5
    endloop
  endfacet
  facet normal -0.4256814131598156 -0.9048731040815957 0
    outer loop
      vertex 20.89879228770733 3.6062029600143433 -5
      vertex 21.29077342748642 3.4218024238944054 -5
      vertex 20.89879228770733 3.6062029600143433 5
    endloop
  endfacet
  facet normal -0.3592843678655209 -0.9332281302058318 0
    outer loop
      vertex 21.29077342748642 3.4218024238944054 -5
      vertex 21.695037654042245 3.2661643624305725 -5
      vertex 21.29077342748642 3.4218024238944054 5
    endloop
  endfacet
  facet normal -0.2910145160983998 -0.9567186375418921 0
    outer loop
      vertex 21.695037654042245 3.2661643624305725 -5
      vertex 22.109477712213994 3.1401000544428825 -5
      vertex 21.695037654042245 3.2661643624305725 5
    endloop
  endfacet
  facet normal -0.2212277289318035 -0.9752221756869953 0
    outer loop
      vertex 22.109477712213994 3.1401000544428825 -5
      vertex 22.53193330615759 3.0442666187882423 -5
      vertex 22.109477712213994 3.1401000544428825 5
    endloop
  endfacet
  facet normal -0.15028776428243185 -0.9886422952246117 0
    outer loop
      vertex 22.53193330615759 3.0442666187882423 -5
      vertex 22.960202342271806 2.9791636019945145 -5
      vertex 22.53193330615759 3.0442666187882423 5
    endloop
  endfacet
  facet normal -0.07856443210297012 -0.9969090379810678 0
    outer loop
      vertex 22.960202342271806 2.9791636019945145 -5
      vertex 23.39205244779587 2.9451303482055664 -5
      vertex 22.960202342271806 2.9791636019945145 5
    endloop
  endfacet
  facet normal -0.006431550941105519 -0.9999793173623603 0
    outer loop
      vertex 23.39205244779587 2.9451303482055664 -5
      vertex 23.82523255646229 2.942344270646572 -5
      vertex 23.39205244779587 2.9451303482055664 5
    endloop
  endfacet
  facet normal 0 0 -1
    outer loop
      vertex 29.59677110463381 7.2483499720692635 -5
      vertex 29.995281210541727 6.041823625564575 -5
      vertex 26.67093954831362 4.941242657601833 -5
    endloop
  endfacet
  facet normal 0 0 -1
    outer loop
      vertex 29.995281210541727 6.041823625564575 -5
      vertex 29.935042513906957 6.0030791983008385 -5
      vertex 26.67093954831362 4.941242657601833 -5
    endloop
  endfacet
  facet normal 0 0 -1
    outer loop
      vertex 31.246503806114198 7.961541764438152 -5
      vertex 30.95614137351513 6.074775815010071 -5
      vertex 30.991351610422136 7.913667313754559 -5
    endloop
  endfacet
  facet normal 0 0 -1
    outer loop
      vertex 31.246503806114198 7.961541764438152 -5
      vertex 31.50450266748667 7.990372195839882 -5
      vertex 31.01889285296202 6.040249265730381 -5
    endloop
  endfacet
  facet normal 0 0 -1
    outer loop
      vertex 31.50450266748667 7.990372195839882 -5
      vertex 31.76392878443003 8 -5
      vertex 31.136190651357175 5.958186864852905 -5
    endloop
  endfacet
  facet normal 0 0 -1
    outer loop
      vertex 30.02688824236393 7.5385342091321945 -5
      vertex 30.40004444718361 6.176332473754883 -5
      vertex 29.806445023417474 7.401423327624798 -5
    endloop
  endfacet
  facet normal 0 0 -1
    outer loop
      vertex 30.495178817212583 7.7619432136416435 -5
      vertex 30.614545291662218 6.17600255459547 -5
      vertex 30.256887963414194 7.658928290009499 -5
    endloop
  endfacet
  facet normal 0 0 -1
    outer loop
      vertex 30.740449829399587 7.847012221813202 -5
      vertex 30.755369989573957 6.150284588336945 -5
      vertex 30.495178817212583 7.7619432136416435 -5
    endloop
  endfacet
  facet normal 0 0 -1
    outer loop
      vertex 30.740449829399587 7.847012221813202 -5
      vertex 30.991351610422136 7.913667313754559 -5
      vertex 30.824041119217874 6.129934951663017 -5
    endloop
  endfacet
  facet normal 0 0 -1
    outer loop
      vertex 30.256887963414194 7.658928290009499 -5
      vertex 30.543114131689073 6.1812389716506 -5
      vertex 30.02688824236393 7.5385342091321945 -5
    endloop
  endfacet
  facet normal 0 0 -1
    outer loop
      vertex 29.806445023417474 7.401423327624798 -5
      vertex 30.259141302108766 6.151047810912132 -5
      vertex 29.59677110463381 7.2483499720692635 -5
    endloop
  endfacet
  facet normal 0 0 -1
    outer loop
      vertex 30.02688824236393 7.5385342091321945 -5
      vertex 30.47149138003588 6.181349128484726 -5
      vertex 30.40004444718361 6.176332473754883 -5
    endloop
  endfacet
  facet normal 0 0 -1
    outer loop
      vertex 30.02688824236393 7.5385342091321945 -5
      vertex 30.543114131689073 6.1812389716506 -5
      vertex 30.47149138003588 6.181349128484726 -5
    endloop
  endfacet
  facet normal 0 0 -1
    outer loop
      vertex 30.256887963414194 7.658928290009499 -5
      vertex 30.614545291662218 6.17600255459547 -5
      vertex 30.543114131689073 6.1812389716506 -5
    endloop
  endfacet
  facet normal 0 0 -1
    outer loop
      vertex 30.495178817212583 7.7619432136416435 -5
      vertex 30.685418440401556 6.16566675901413 -5
      vertex 30.614545291662218 6.17600255459547 -5
    endloop
  endfacet
  facet normal 0 0 -1
    outer loop
      vertex 30.991351610422136 7.913667313754559 -5
      vertex 30.891079543530942 6.104722253978252 -5
      vertex 30.824041119217874 6.129934951663017 -5
    endloop
  endfacet
  facet normal 0 0 -1
    outer loop
      vertex 30.495178817212583 7.7619432136416435 -5
      vertex 30.755369989573957 6.150284588336945 -5
      vertex 30.685418440401556 6.16566675901413 -5
    endloop
  endfacet
  facet normal 0 0 -1
    outer loop
      vertex 30.740449829399587 7.847012221813202 -5
      vertex 30.824041119217874 6.129934951663017 -5
      vertex 30.755369989573957 6.150284588336945 -5
    endloop
  endfacet
  facet normal 0 0 -1
    outer loop
      vertex 30.991351610422136 7.913667313754559 -5
      vertex 30.95614137351513 6.074775815010071 -5
      vertex 30.891079543530942 6.104722253978252 -5
    endloop
  endfacet
  facet normal 0 0 -1
    outer loop
      vertex 31.76392878443003 8 -5
      vertex 32.313932022452356 8 -5
      vertex 31.240569135546686 5.8602167665958405 -5
    endloop
  endfacet
  facet normal 0 0 -1
    outer loop
      vertex 32.313932022452356 8 -5
      vertex 32.46141785234213 7.9945545718073845 -5
      vertex 31.240569135546686 5.8602167665958405 -5
    endloop
  endfacet
  facet normal 0 0 -1
    outer loop
      vertex 32.46141785234213 7.9945545718073845 -5
      vertex 32.60810055434704 7.978247933089733 -5
      vertex 31.240569135546686 5.8602167665958405 -5
    endloop
  endfacet
  facet normal 0 0 -1
    outer loop
      vertex 32.60810055434704 7.978247933089733 -5
      vertex 32.75318138897419 7.9511688798666 -5
      vertex 31.240569135546686 5.8602167665958405 -5
    endloop
  endfacet
  facet normal 0 0 -1
    outer loop
      vertex 32.75318138897419 7.9511688798666 -5
      vertex 32.89587031900883 7.9134648740291595 -5
      vertex 31.240569135546686 5.8602167665958405 -5
    endloop
  endfacet
  facet normal 0 0 -1
    outer loop
      vertex 32.89587031900883 7.9134648740291595 -5
      vertex 33.03539033830166 7.8653412237763405 -5
      vertex 31.240569135546686 5.8602167665958405 -5
    endloop
  endfacet
  facet normal 0 0 -1
    outer loop
      vertex 31.246503806114198 7.961541764438152 -5
      vertex 31.01889285296202 6.040249265730381 -5
      vertex 30.95614137351513 6.074775815010071 -5
    endloop
  endfacet
  facet normal 0 0 -1
    outer loop
      vertex 31.50450266748667 7.990372195839882 -5
      vertex 31.079012079536916 6.0013197138905525 -5
      vertex 31.01889285296202 6.040249265730381 -5
    endloop
  endfacet
  facet normal 0 0 -1
    outer loop
      vertex 31.50450266748667 7.990372195839882 -5
      vertex 31.136190651357175 5.958186864852905 -5
      vertex 31.079012079536916 6.0013197138905525 -5
    endloop
  endfacet
  facet normal 0 0 -1
    outer loop
      vertex 33.03539033830166 7.8653412237763405 -5
      vertex 33.17098171114922 7.807059995830059 -5
      vertex 31.240569135546686 5.8602167665958405 -5
    endloop
  endfacet
  facet normal 0 0 -1
    outer loop
      vertex 33.17098171114922 7.807059995830059 -5
      vertex 33.301906085014345 7.738938540220261 -5
      vertex 31.240569135546686 5.8602167665958405 -5
    endloop
  endfacet
  facet normal 0 0 -1
    outer loop
      vertex 33.301906085014345 7.738938540220261 -5
      vertex 33.42745050638914 7.661347821354866 -5
      vertex 31.240569135546686 5.8602167665958405 -5
    endloop
  endfacet
  facet normal 0 0 -1
    outer loop
      vertex 33.42745050638914 7.661347821354866 -5
      vertex 33.54693134725094 7.574710346758366 -5
      vertex 31.240569135546686 5.8602167665958405 -5
    endloop
  endfacet
  facet normal 0 0 -1
    outer loop
      vertex 33.54693134725094 7.574710346758366 -5
      vertex 33.65969797074795 7.479497894644737 -5
      vertex 31.240569135546686 5.8602167665958405 -5
    endloop
  endfacet
  facet normal 0 0 -1
    outer loop
      vertex 33.65969797074795 7.479497894644737 -5
      vertex 33.76513631492853 7.37622894346714 -5
      vertex 31.240569135546686 5.8602167665958405 -5
    endloop
  endfacet
  facet normal 0 0 -1
    outer loop
      vertex 33.76513631492853 7.37622894346714 -5
      vertex 33.86267223060131 7.265465825796127 -5
      vertex 31.240569135546686 5.8602167665958405 -5
    endloop
  endfacet
  facet normal 0 0 -1
    outer loop
      vertex 33.86267223060131 7.265465825796127 -5
      vertex 33.951774595677854 7.147811703383923 -5
      vertex 31.240569135546686 5.8602167665958405 -5
    endloop
  endfacet
  facet normal 0 0 -1
    outer loop
      vertex 33.951774595677854 7.147811703383923 -5
      vertex 34.031958198547365 7.023907259106636 -5
      vertex 31.240569135546686 5.8602167665958405 -5
    endloop
  endfacet
  facet normal 0 0 -1
    outer loop
      vertex 29.806445023417474 7.401423327624798 -5
      vertex 30.329139842092992 6.166214726865292 -5
      vertex 30.259141302108766 6.151047810912132 -5
    endloop
  endfacet
  facet normal 0 0 -1
    outer loop
      vertex 29.806445023417474 7.401423327624798 -5
      vertex 30.40004444718361 6.176332473754883 -5
      vertex 30.329139842092992 6.166214726865292 -5
    endloop
  endfacet
  facet normal 0 0 -1
    outer loop
      vertex 29.59677110463381 7.2483499720692635 -5
      vertex 30.259141302108766 6.151047810912132 -5
      vertex 30.1904079079628 6.130909509956837 -5
    endloop
  endfacet
  facet normal 0 0 -1
    outer loop
      vertex 29.59677110463381 7.2483499720692635 -5
      vertex 30.123292243480684 6.105903148651123 -5
      vertex 30.0581385999918 6.076156988739967 -5
    endloop
  endfacet
  facet normal 0 0 -1
    outer loop
      vertex 29.59677110463381 7.2483499720692635 -5
      vertex 30.0581385999918 6.076156988739967 -5
      vertex 29.995281210541727 6.041823625564575 -5
    endloop
  endfacet
  facet normal 0 0 -1
    outer loop
      vertex 29.59677110463381 7.2483499720692635 -5
      vertex 30.1904079079628 6.130909509956837 -5
      vertex 30.123292243480684 6.105903148651123 -5
    endloop
  endfacet
  facet normal 0 0 -1
    outer loop
      vertex 31.76392878443003 8 -5
      vertex 31.190135246515275 5.911071985960007 -5
      vertex 31.136190651357175 5.958186864852905 -5
    endloop
  endfacet
  facet normal 0 0 -1
    outer loop
      vertex 31.76392878443003 8 -5
      vertex 31.240569135546686 5.8602167665958405 -5
      vertex 31.190135246515275 5.911071985960007 -5
    endloop
  endfacet
  facet normal 0 0 -1
    outer loop
      vertex 31.240569135546686 5.8602167665958405 -5
      vertex 34.295173136889936 5.745173133909702 -5
      vertex 31.45220516473055 5.630944401025772 -5
    endloop
  endfacet
  facet normal 0 0 -1
    outer loop
      vertex 31.45220516473055 5.630944401025772 -5
      vertex 34.295173136889936 5.745173133909702 -5
      vertex 31.52491464316845 5.54603461176157 -5
    endloop
  endfacet
  facet normal 0 0 -1
    outer loop
      vertex 34.031958198547365 7.023907259106636 -5
      vertex 34.10278640538454 6.894427187740803 -5
      vertex 31.240569135546686 5.8602167665958405 -5
    endloop
  endfacet
  facet normal 0 0 -1
    outer loop
      vertex 34.10278640538454 6.894427187740803 -5
      vertex 34.38883334249258 6.322333320975304 -5
      vertex 31.240569135546686 5.8602167665958405 -5
    endloop
  endfacet
  facet normal 0 0 -1
    outer loop
      vertex 31.240569135546686 5.8602167665958405 -5
      vertex 34.38883334249258 6.322333320975304 -5
      vertex 34.404041124880315 6.288901351392269 -5
    endloop
  endfacet
  facet normal 0 0 -1
    outer loop
      vertex 31.240569135546686 5.8602167665958405 -5
      vertex 34.404041124880315 6.288901351392269 -5
      vertex 34.41675373762846 6.25444321334362 -5
    endloop
  endfacet
  facet normal 0 0 -1
    outer loop
      vertex 31.240569135546686 5.8602167665958405 -5
      vertex 34.41675373762846 6.25444321334362 -5
      vertex 34.42690257579088 6.219144843518734 -5
    endloop
  endfacet
  facet normal 0 0 -1
    outer loop
      vertex 31.240569135546686 5.8602167665958405 -5
      vertex 34.42690257579088 6.219144843518734 -5
      vertex 34.434432877600194 6.18319670855999 -5
    endloop
  endfacet
  facet normal 0 0 -1
    outer loop
      vertex 31.240569135546686 5.8602167665958405 -5
      vertex 34.434432877600194 6.18319670855999 -5
      vertex 34.4393040150404 6.146792784333229 -5
    endloop
  endfacet
  facet normal 0 0 -1
    outer loop
      vertex 31.240569135546686 5.8602167665958405 -5
      vertex 34.4393040150404 6.146792784333229 -5
      vertex 34.44148969501257 6.110129497945309 -5
    endloop
  endfacet
  facet normal 0 0 -1
    outer loop
      vertex 31.240569135546686 5.8602167665958405 -5
      vertex 34.437772086262704 6.0368165001273155 -5
      vertex 34.43188885450363 6.000562384724617 -5
    endloop
  endfacet
  facet normal 0 0 -1
    outer loop
      vertex 31.240569135546686 5.8602167665958405 -5
      vertex 34.43188885450363 6.000562384724617 -5
      vertex 34.423360182344915 5.964837945997715 -5
    endloop
  endfacet
  facet normal 0 0 -1
    outer loop
      vertex 31.240569135546686 5.8602167665958405 -5
      vertex 34.44148969501257 6.110129497945309 -5
      vertex 34.440978138148786 6.073404684662819 -5
    endloop
  endfacet
  facet normal 0 0 -1
    outer loop
      vertex 31.240569135546686 5.8602167665958405 -5
      vertex 34.440978138148786 6.073404684662819 -5
      vertex 34.437772086262704 6.0368165001273155 -5
    endloop
  endfacet
  facet normal 0 0 -1
    outer loop
      vertex 31.240569135546686 5.8602167665958405 -5
      vertex 34.423360182344915 5.964837945997715 -5
      vertex 34.41223208457232 5.929835952818394 -5
    endloop
  endfacet
  facet normal 0 0 -1
    outer loop
      vertex 31.240569135546686 5.8602167665958405 -5
      vertex 34.41223208457232 5.929835952818394 -5
      vertex 34.39856461286545 5.895745284855366 -5
    endloop
  endfacet
  facet normal 0 0 -1
    outer loop
      vertex 31.240569135546686 5.8602167665958405 -5
      vertex 34.39856461286545 5.895745284855366 -5
      vertex 34.38243152052164 5.862749874591827 -5
    endloop
  endfacet
  facet normal 0 0 -1
    outer loop
      vertex 31.240569135546686 5.8602167665958405 -5
      vertex 34.36391984522343 5.831027768552303 -5
      vertex 34.34312949180603 5.800750143826008 -5
    endloop
  endfacet
  facet normal 0 0 -1
    outer loop
      vertex 31.240569135546686 5.8602167665958405 -5
      vertex 34.38243152052164 5.862749874591827 -5
      vertex 34.36391984522343 5.831027768552303 -5
    endloop
  endfacet
  facet normal 0 0 -1
    outer loop
      vertex 31.240569135546686 5.8602167665958405 -5
      vertex 34.34312949180603 5.800750143826008 -5
      vertex 34.32017262876034 5.772080361843109 -5
    endloop
  endfacet
  facet normal 0 0 -1
    outer loop
      vertex 31.240569135546686 5.8602167665958405 -5
      vertex 34.32017262876034 5.772080361843109 -5
      vertex 34.295173136889936 5.745173133909702 -5
    endloop
  endfacet
  facet normal 0 0 -1
    outer loop
      vertex 31.52491464316845 5.54603461176157 -5
      vertex 34.295173136889936 5.745173133909702 -5
      vertex 31.59109873175621 5.455945715308189 -5
    endloop
  endfacet
  facet normal 0 0 -1
    outer loop
      vertex 31.59109873175621 5.455945715308189 -5
      vertex 34.295173136889936 5.745173133909702 -5
      vertex 31.650389848649503 5.3611780777573586 -5
    endloop
  endfacet
  facet normal 0 0 -1
    outer loop
      vertex 31.650389848649503 5.3611780777573586 -5
      vertex 34.295173136889936 5.745173133909702 -5
      vertex 33.550000002980234 5 -5
    endloop
  endfacet
  facet normal 0 0 -1
    outer loop
      vertex 26.38756867349148 4.733517199754715 -5
      vertex 26.707142820954324 3.778618313372135 -5
      vertex 26.090309454500677 4.546204961836338 -5
    endloop
  endfacet
  facet normal 0 0 -1
    outer loop
      vertex 25.780629752576353 4.380230873823166 -5
      vertex 25.93246909826994 3.3919484689831734 -5
      vertex 25.46005873978138 4.236414521932602 -5
    endloop
  endfacet
  facet normal 0 0 -1
    outer loop
      vertex 25.780629752576353 4.380230873823166 -5
      vertex 26.090309454500677 4.546204961836338 -5
      vertex 26.326789727807046 3.5712917670607567 -5
    endloop
  endfacet
  facet normal 0 0 -1
    outer loop
      vertex 26.090309454500677 4.546204961836338 -5
      vertex 26.707142820954324 3.778618313372135 -5
      vertex 26.326789727807046 3.5712917670607567 -5
    endloop
  endfacet
  facet normal 0 0 -1
    outer loop
      vertex 29.935042513906957 6.0030791983008385 -5
      vertex 27.07154575586319 4.012847408652306 -5
      vertex 26.67093954831362 4.941242657601833 -5
    endloop
  endfacet
  facet normal 0 0 -1
    outer loop
      vertex 26.38756867349148 4.733517199754715 -5
      vertex 26.67093954831362 4.941242657601833 -5
      vertex 27.07154575586319 4.012847408652306 -5
    endloop
  endfacet
  facet normal 0 0 -1
    outer loop
      vertex 26.38756867349148 4.733517199754715 -5
      vertex 27.07154575586319 4.012847408652306 -5
      vertex 26.707142820954324 3.778618313372135 -5
    endloop
  endfacet
  facet normal 0 0 -1
    outer loop
      vertex 24.101161985099317 3.8952186182141304 -5
      vertex 23.82523255646229 2.942344270646572 -5
      vertex 23.750676488876344 3.8705440759658813 -5
    endloop
  endfacet
  facet normal 0 0 -1
    outer loop
      vertex 24.101161985099317 3.8952186182141304 -5
      vertex 24.44904932230711 3.9444458559155464 -5
      vertex 24.257484695315362 2.9708198830485344 -5
    endloop
  endfacet
  facet normal 0 0 -1
    outer loop
      vertex 24.792620635032655 4.017982706427574 -5
      vertex 25.130179396271707 4.115466050803661 -5
      vertex 25.110209046304227 3.1208002790808678 -5
    endloop
  endfacet
  facet normal 0 0 -1
    outer loop
      vertex 24.44904932230711 3.9444458559155464 -5
      vertex 24.792620635032655 4.017982706427574 -5
      vertex 24.68655571937561 3.0304087549448013 -5
    endloop
  endfacet
  facet normal 0 0 -1
    outer loop
      vertex 23.39205244779587 2.9451303482055664 -5
      vertex 23.750676488876344 3.8705440759658813 -5
      vertex 23.82523255646229 2.942344270646572 -5
    endloop
  endfacet
  facet normal 0 0 -1
    outer loop
      vertex 24.101161985099317 3.8952186182141304 -5
      vertex 24.257484695315362 2.9708198830485344 -5
      vertex 23.82523255646229 2.942344270646572 -5
    endloop
  endfacet
  facet normal 0 0 -1
    outer loop
      vertex 24.792620635032655 4.017982706427574 -5
      vertex 25.110209046304227 3.1208002790808678 -5
      vertex 24.68655571937561 3.0304087549448013 -5
    endloop
  endfacet
  facet normal 0 0 -1
    outer loop
      vertex 24.44904932230711 3.9444458559155464 -5
      vertex 24.68655571937561 3.0304087549448013 -5
      vertex 24.257484695315362 2.9708198830485344 -5
    endloop
  endfacet
  facet normal 0 0 -1
    outer loop
      vertex 25.46005873978138 4.236414521932602 -5
      vertex 25.526236368715765 3.2415232732892036 -5
      vertex 25.130179396271707 4.115466050803661 -5
    endloop
  endfacet
  facet normal 0 0 -1
    outer loop
      vertex 25.46005873978138 4.236414521932602 -5
      vertex 25.93246909826994 3.3919484689831734 -5
      vertex 25.526236368715765 3.2415232732892036 -5
    endloop
  endfacet
  facet normal 0 0 -1
    outer loop
      vertex 25.780629752576353 4.380230873823166 -5
      vertex 26.326789727807046 3.5712917670607567 -5
      vertex 25.93246909826994 3.3919484689831734 -5
    endloop
  endfacet
  facet normal 0 0 -1
    outer loop
      vertex 25.130179396271707 4.115466050803661 -5
      vertex 25.526236368715765 3.2415232732892036 -5
      vertex 25.110209046304227 3.1208002790808678 -5
    endloop
  endfacet
  facet normal 0 0 -1
    outer loop
      vertex 31.650389848649503 5.3611780777573586 -5
      vertex 33.550000002980234 5 -5
      vertex 31.702458685636522 5.262258023023605 -5
    endloop
  endfacet
  facet normal 0 0 -1
    outer loop
      vertex 31.702458685636522 5.262258023023605 -5
      vertex 33.550000002980234 5 -5
      vertex 31.74701606333256 5.159734942018986 -5
    endloop
  endfacet
  facet normal 0 0 -1
    outer loop
      vertex 31.74701606333256 5.159734942018986 -5
      vertex 33.550000002980234 5 -5
      vertex 31.78381451070309 5.0541782528162 -5
    endloop
  endfacet
  facet normal 0 0 -1
    outer loop
      vertex 31.78381451070309 5.0541782528162 -5
      vertex 33.550000002980234 5 -5
      vertex 31.812649658322336 4.946174196898937 -5
    endloop
  endfacet
  facet normal 0 0 -1
    outer loop
      vertex 31.812649658322336 4.946174196898937 -5
      vertex 33.550000002980234 5 -5
      vertex 31.83336134850979 4.836322627961636 -5
    endloop
  endfacet
  facet normal 0 0 -1
    outer loop
      vertex 31.83336134850979 4.836322627961636 -5
      vertex 33.550000002980234 5 -5
      vertex 31.845834551751615 4.725233651697636 -5
    endloop
  endfacet
  facet normal 0 0 -1
    outer loop
      vertex 31.845834551751615 4.725233651697636 -5
      vertex 33.550000002980234 5 -5
      vertex 31.85 4.613524250686169 -5
    endloop
  endfacet
  facet normal 0 0 -1
    outer loop
      vertex 31.85 4.613524250686169 -5
      vertex 33.550000002980234 5 -5
      vertex 31.85 0.9142135605216026 -5
    endloop
  endfacet
  facet normal -0.6191879088390376 0.7852428500454746 0
    outer loop
      vertex 29.59677110463381 7.2483499720692635 -5
      vertex 26.67093954831362 4.941242657601833 -5
      vertex 29.59677110463381 7.2483499720692635 5
    endloop
  endfacet
  facet normal -0.25675609724095133 0.9664762317458174 0
    outer loop
      vertex 30.740449829399587 7.847012221813202 -5
      vertex 30.991351610422136 7.913667313754559 5
      vertex 30.991351610422136 7.913667313754559 -5
    endloop
  endfacet
  facet normal -0.3968145400791286 0.9178988074846757 0
    outer loop
      vertex 30.495178817212583 7.7619432136416435 -5
      vertex 30.256887963414194 7.658928290009499 -5
      vertex 30.495178817212583 7.7619432136416435 5
    endloop
  endfacet
  facet normal -0.3276866898837441 0.9447864485020067 0
    outer loop
      vertex 30.740449829399587 7.847012221813202 -5
      vertex 30.495178817212583 7.7619432136416435 -5
      vertex 30.740449829399587 7.847012221813202 5
    endloop
  endfacet
  facet normal -0.463759228552957 0.8859612733816113 0
    outer loop
      vertex 30.256887963414194 7.658928290009499 -5
      vertex 30.02688824236393 7.5385342091321945 -5
      vertex 30.256887963414194 7.658928290009499 5
    endloop
  endfacet
  facet normal -0.528152514392014 0.8491495283761238 0
    outer loop
      vertex 30.02688824236393 7.5385342091321945 -5
      vertex 29.806445023417474 7.401423327624798 -5
      vertex 30.02688824236393 7.5385342091321945 5
    endloop
  endfacet
  facet normal -0.589640136936293 0.807666087510024 0
    outer loop
      vertex 29.806445023417474 7.401423327624798 -5
      vertex 29.59677110463381 7.2483499720692635 -5
      vertex 29.806445023417474 7.401423327624798 5
    endloop
  endfacet
  facet normal -0.18441287329340184 0.9828488653723276 0
    outer loop
      vertex 31.246503806114198 7.961541764438152 -5
      vertex 30.991351610422136 7.913667313754559 -5
      vertex 31.246503806114198 7.961541764438152 5
    endloop
  endfacet
  facet normal -0.11105511619080129 0.993814248825125 0
    outer loop
      vertex 31.246503806114198 7.961541764438152 -5
      vertex 31.50450266748667 7.990372195839882 5
      vertex 31.50450266748667 7.990372195839882 -5
    endloop
  endfacet
  facet normal -0.03708640035586153 0.9993120628255444 0
    outer loop
      vertex 31.50450266748667 7.990372195839882 -5
      vertex 31.76392878443003 8 5
      vertex 31.76392878443003 8 -5
    endloop
  endfacet
  facet normal 0 1 0
    outer loop
      vertex 31.76392878443003 8 -5
      vertex 32.313932022452356 8 5
      vertex 32.313932022452356 8 -5
    endloop
  endfacet
  facet normal 0.03689656389358316 0.9993190899671871 0
    outer loop
      vertex 32.313932022452356 8 -5
      vertex 32.46141785234213 7.9945545718073845 5
      vertex 32.46141785234213 7.9945545718073845 -5
    endloop
  endfacet
  facet normal 0.11048882333040964 0.9938773666398997 0
    outer loop
      vertex 32.46141785234213 7.9945545718073845 -5
      vertex 32.60810055434704 7.978247933089733 5
      vertex 32.60810055434704 7.978247933089733 -5
    endloop
  endfacet
  facet normal 0.1834794178359385 0.9830235517171424 0
    outer loop
      vertex 32.60810055434704 7.978247933089733 -5
      vertex 32.75318138897419 7.9511688798666 5
      vertex 32.75318138897419 7.9511688798666 -5
    endloop
  endfacet
  facet normal 0.2554708661820186 0.9668167543708627 0
    outer loop
      vertex 32.75318138897419 7.9511688798666 -5
      vertex 32.89587031900883 7.9134648740291595 5
      vertex 32.89587031900883 7.9134648740291595 -5
    endloop
  endfacet
  facet normal 0.3260712147568413 0.9453452083270947 0
    outer loop
      vertex 32.89587031900883 7.9134648740291595 -5
      vertex 33.03539033830166 7.8653412237763405 5
      vertex 33.03539033830166 7.8653412237763405 -5
    endloop
  endfacet
  facet normal 0.39489586739478527 0.9187258861676426 0
    outer loop
      vertex 33.03539033830166 7.8653412237763405 -5
      vertex 33.17098171114922 7.807059995830059 5
      vertex 33.17098171114922 7.807059995830059 -5
    endloop
  endfacet
  facet normal 0.4615702298518076 0.8871036708945295 0
    outer loop
      vertex 33.17098171114922 7.807059995830059 -5
      vertex 33.301906085014345 7.738938540220261 5
      vertex 33.301906085014345 7.738938540220261 -5
    endloop
  endfacet
  facet normal 0.5257311089706166 0.8506508102979305 0
    outer loop
      vertex 33.301906085014345 7.738938540220261 -5
      vertex 33.42745050638914 7.661347821354866 5
      vertex 33.42745050638914 7.661347821354866 -5
    endloop
  endfacet
  facet normal 0.5870291476912023 0.8095657970547796 0
    outer loop
      vertex 33.42745050638914 7.661347821354866 -5
      vertex 33.54693134725094 7.574710346758366 5
      vertex 33.54693134725094 7.574710346758366 -5
    endloop
  endfacet
  facet normal 0.6451305980590055 0.7640723208231208 0
    outer loop
      vertex 33.54693134725094 7.574710346758366 -5
      vertex 33.65969797074795 7.479497894644737 5
      vertex 33.65969797074795 7.479497894644737 -5
    endloop
  endfacet
  facet normal 0.6997190112496833 0.714418158570851 0
    outer loop
      vertex 33.65969797074795 7.479497894644737 -5
      vertex 33.76513631492853 7.37622894346714 5
      vertex 33.76513631492853 7.37622894346714 -5
    endloop
  endfacet
  facet normal 0.7504971635625287 0.6608736698375863 0
    outer loop
      vertex 33.76513631492853 7.37622894346714 -5
      vertex 33.86267223060131 7.265465825796127 5
      vertex 33.86267223060131 7.265465825796127 -5
    endloop
  endfacet
  facet normal 0.7971884972473807 0.6037304861082161 0
    outer loop
      vertex 33.86267223060131 7.265465825796127 -5
      vertex 33.951774595677854 7.147811703383923 5
      vertex 33.951774595677854 7.147811703383923 -5
    endloop
  endfacet
  facet normal 0.8395388226404006 0.5432997011591023 0
    outer loop
      vertex 33.951774595677854 7.147811703383923 -5
      vertex 34.031958198547365 7.023907259106636 5
      vertex 34.031958198547365 7.023907259106636 -5
    endloop
  endfacet
  facet normal 0.8773175296897971 0.47991035839934926 0
    outer loop
      vertex 34.031958198547365 7.023907259106636 -5
      vertex 34.10278640538454 6.894427187740803 5
      vertex 34.10278640538454 6.894427187740803 -5
    endloop
  endfacet
  facet normal 0.28117151010693925 -0.9596575336567642 0
    outer loop
      vertex 30.1904079079628 6.130909509956837 -5
      vertex 30.259141302108766 6.151047810912132 -5
      vertex 30.1904079079628 6.130909509956837 5
    endloop
  endfacet
  facet normal 0.34913950599262095 -0.9370707579234497 0
    outer loop
      vertex 30.1904079079628 6.130909509956837 -5
      vertex 30.123292243480684 6.105903148651123 5
      vertex 30.123292243480684 6.105903148651123 -5
    endloop
  endfacet
  facet normal 0.4793633300387812 -0.8776165437217616 0
    outer loop
      vertex 29.995281210541727 6.041823625564575 -5
      vertex 30.0581385999918 6.076156988739967 -5
      vertex 29.995281210541727 6.041823625564575 5
    endloop
  endfacet
  facet normal 0.4153166738454237 -0.9096768989184972 0
    outer loop
      vertex 30.123292243480684 6.105903148651123 -5
      vertex 30.0581385999918 6.076156988739967 5
      vertex 30.0581385999918 6.076156988739967 -5
    endloop
  endfacet
  facet normal 0.540950725199791 -0.8410542865391153 0
    outer loop
      vertex 29.995281210541727 6.041823625564575 -5
      vertex 29.935042513906957 6.0030791983008385 5
      vertex 29.935042513906957 6.0030791983008385 -5
    endloop
  endfacet
  facet normal 0.21176089013805333 -0.9773215056510008 0
    outer loop
      vertex 30.329139842092992 6.166214726865292 -5
      vertex 30.259141302108766 6.151047810912132 5
      vertex 30.259141302108766 6.151047810912132 -5
    endloop
  endfacet
  facet normal 0.14126424311843166 -0.9899719256707115 0
    outer loop
      vertex 30.329139842092992 6.166214726865292 -5
      vertex 30.40004444718361 6.176332473754883 -5
      vertex 30.329139842092992 6.166214726865292 5
    endloop
  endfacet
  facet normal 0.07004266814122727 -0.997543996342847 0
    outer loop
      vertex 30.40004444718361 6.176332473754883 -5
      vertex 30.47149138003588 6.181349128484726 -5
      vertex 30.40004444718361 6.176332473754883 5
    endloop
  endfacet
  facet normal -0.001538012730532403 -0.9999988172577209 0
    outer loop
      vertex 30.47149138003588 6.181349128484726 -5
      vertex 30.543114131689073 6.1812389716506 -5
      vertex 30.47149138003588 6.181349128484726 5
    endloop
  endfacet
  facet normal -0.07311099819746031 -0.9973238099747599 0
    outer loop
      vertex 30.543114131689073 6.1812389716506 -5
      vertex 30.614545291662218 6.17600255459547 -5
      vertex 30.543114131689073 6.1812389716506 5
    endloop
  endfacet
  facet normal -0.1443086437718166 -0.9895327257512704 0
    outer loop
      vertex 30.614545291662218 6.17600255459547 -5
      vertex 30.685418440401556 6.16566675901413 -5
      vertex 30.614545291662218 6.17600255459547 5
    endloop
  endfacet
  facet normal -0.2147662935673706 -0.9766654694148524 0
    outer loop
      vertex 30.685418440401556 6.16566675901413 -5
      vertex 30.755369989573957 6.150284588336945 -5
      vertex 30.685418440401556 6.16566675901413 5
    endloop
  endfacet
  facet normal -0.284122154101746 -0.9587880900118564 0
    outer loop
      vertex 30.755369989573957 6.150284588336945 -5
      vertex 30.824041119217874 6.129934951663017 -5
      vertex 30.755369989573957 6.150284588336945 5
    endloop
  endfacet
  facet normal -0.35202038246019957 -0.9359923345479785 0
    outer loop
      vertex 30.824041119217874 6.129934951663017 -5
      vertex 30.891079543530942 6.104722253978252 -5
      vertex 30.824041119217874 6.129934951663017 5
    endloop
  endfacet
  facet normal -0.41811299008812974 -0.9083950283437066 0
    outer loop
      vertex 30.891079543530942 6.104722253978252 -5
      vertex 30.95614137351513 6.074775815010071 -5
      vertex 30.891079543530942 6.104722253978252 5
    endloop
  endfacet
  facet normal -0.48206062106134046 -0.8761378645064685 0
    outer loop
      vertex 30.95614137351513 6.074775815010071 -5
      vertex 31.01889285296202 6.040249265730381 -5
      vertex 30.95614137351513 6.074775815010071 5
    endloop
  endfacet
  facet normal -0.5435354291746032 -0.8393862264964679 0
    outer loop
      vertex 31.01889285296202 6.040249265730381 -5
      vertex 31.079012079536916 6.0013197138905525 -5
      vertex 31.01889285296202 6.040249265730381 5
    endloop
  endfacet
  facet normal -0.6022219560368469 -0.7983287015178359 0
    outer loop
      vertex 31.079012079536916 6.0013197138905525 -5
      vertex 31.136190651357175 5.958186864852905 -5
      vertex 31.079012079536916 6.0013197138905525 5
    endloop
  endfacet
  facet normal -0.6578191973621895 -0.7531758782527258 0
    outer loop
      vertex 31.136190651357175 5.958186864852905 -5
      vertex 31.190135246515275 5.911071985960007 -5
      vertex 31.136190651357175 5.958186864852905 5
    endloop
  endfacet
  facet normal -0.7100419766204449 -0.7041593508836843 0
    outer loop
      vertex 31.190135246515275 5.911071985960007 -5
      vertex 31.240569135546686 5.8602167665958405 -5
      vertex 31.190135246515275 5.911071985960007 5
    endloop
  endfacet
  facet normal -0.734803445542963 -0.6782801017413012 0
    outer loop
      vertex 31.240569135546686 5.8602167665958405 -5
      vertex 31.45220516473055 5.630944401025772 -5
      vertex 31.240569135546686 5.8602167665958405 5
    endloop
  endfacet
  facet normal -0.7595674345654254 -0.6504285605258262 0
    outer loop
      vertex 31.45220516473055 5.630944401025772 -5
      vertex 31.52491464316845 5.54603461176157 -5
      vertex 31.45220516473055 5.630944401025772 5
    endloop
  endfacet
  facet normal -0.8058974862113583 -0.5920551002383255 0
    outer loop
      vertex 31.52491464316845 5.54603461176157 -5
      vertex 31.59109873175621 5.455945715308189 -5
      vertex 31.52491464316845 5.54603461176157 5
    endloop
  endfacet
  facet normal -0.8477515818222879 -0.5303934912098835 0
    outer loop
      vertex 31.59109873175621 5.455945715308189 -5
      vertex 31.650389848649503 5.3611780777573586 -5
      vertex 31.59109873175621 5.455945715308189 5
    endloop
  endfacet
  facet normal -0.8848973894664726 -0.4657860132243365 0
    outer loop
      vertex 31.650389848649503 5.3611780777573586 -5
      vertex 31.702458685636522 5.262258023023605 -5
      vertex 31.650389848649503 5.3611780777573586 5
    endloop
  endfacet
  facet normal 0.8944271886702276 0.4472136001593345 0
    outer loop
      vertex 34.10278640538454 6.894427187740803 -5
      vertex 34.38883334249258 6.322333320975304 5
      vertex 34.38883334249258 6.322333320975304 -5
    endloop
  endfacet
  facet normal 0.9102491802571636 0.4140609011258629 0
    outer loop
      vertex 34.38883334249258 6.322333320975304 -5
      vertex 34.404041124880315 6.288901351392269 5
      vertex 34.404041124880315 6.288901351392269 -5
    endloop
  endfacet
  facet normal 0.938188378699797 0.34612507287488775 0
    outer loop
      vertex 34.404041124880315 6.288901351392269 -5
      vertex 34.41675373762846 6.25444321334362 5
      vertex 34.41675373762846 6.25444321334362 -5
    endloop
  endfacet
  facet normal 0.9610652778240375 0.27632142834207724 0
    outer loop
      vertex 34.41675373762846 6.25444321334362 -5
      vertex 34.42690257579088 6.219144843518734 5
      vertex 34.42690257579088 6.219144843518734 -5
    endloop
  endfacet
  facet normal 0.9787563611383955 0.20502679222756898 0
    outer loop
      vertex 34.42690257579088 6.219144843518734 -5
      vertex 34.434432877600194 6.18319670855999 5
      vertex 34.434432877600194 6.18319670855999 -5
    endloop
  endfacet
  facet normal 0.9911661547030063 0.13262599206511566 0
    outer loop
      vertex 34.434432877600194 6.18319670855999 -5
      vertex 34.4393040150404 6.146792784333229 5
      vertex 34.4393040150404 6.146792784333229 -5
    endloop
  endfacet
  facet normal 0.9982277513443163 0.05950929713977296 0
    outer loop
      vertex 34.4393040150404 6.146792784333229 -5
      vertex 34.44148969501257 6.110129497945309 5
      vertex 34.44148969501257 6.110129497945309 -5
    endloop
  endfacet
  facet normal 0.9999029991701136 -0.013928110087583568 0
    outer loop
      vertex 34.44148969501257 6.110129497945309 -5
      vertex 34.440978138148786 6.073404684662819 5
      vertex 34.440978138148786 6.073404684662819 -5
    endloop
  endfacet
  facet normal 0.9961828679448844 -0.08729085641179732 0
    outer loop
      vertex 34.440978138148786 6.073404684662819 -5
      vertex 34.437772086262704 6.0368165001273155 5
      vertex 34.437772086262704 6.0368165001273155 -5
    endloop
  endfacet
  facet normal 0.9870874630615334 -0.16018220958254376 0
    outer loop
      vertex 34.437772086262704 6.0368165001273155 -5
      vertex 34.43188885450363 6.000562384724617 5
      vertex 34.43188885450363 6.000562384724617 -5
    endloop
  endfacet
  facet normal 0.9726658349493201 -0.2322093312559638 0
    outer loop
      vertex 34.43188885450363 6.000562384724617 -5
      vertex 34.423360182344915 5.964837945997715 5
      vertex 34.423360182344915 5.964837945997715 -5
    endloop
  endfacet
  facet normal 0.9529957685456386 -0.30298360538832414 0
    outer loop
      vertex 34.423360182344915 5.964837945997715 -5
      vertex 34.41223208457232 5.929835952818394 5
      vertex 34.41223208457232 5.929835952818394 -5
    endloop
  endfacet
  facet normal 0.9281834355934832 -0.3721229768367956 0
    outer loop
      vertex 34.41223208457232 5.929835952818394 -5
      vertex 34.39856461286545 5.895745284855366 5
      vertex 34.39856461286545 5.895745284855366 -5
    endloop
  endfacet
  facet normal 0.8983628425267127 -0.4392541441663638 0
    outer loop
      vertex 34.39856461286545 5.895745284855366 -5
      vertex 34.38243152052164 5.862749874591827 5
      vertex 34.38243152052164 5.862749874591827 -5
    endloop
  endfacet
  facet normal 0.8636945941729958 -0.5040155235668283 0
    outer loop
      vertex 34.38243152052164 5.862749874591827 -5
      vertex 34.36391984522343 5.831027768552303 5
      vertex 34.36391984522343 5.831027768552303 -5
    endloop
  endfacet
  facet normal 0.8243660847998718 -0.5660570273671465 0
    outer loop
      vertex 34.36391984522343 5.831027768552303 -5
      vertex 34.34312949180603 5.800750143826008 5
      vertex 34.34312949180603 5.800750143826008 -5
    endloop
  endfacet
  facet normal 0.7805893241024703 -0.6250442441117656 0
    outer loop
      vertex 34.34312949180603 5.800750143826008 -5
      vertex 34.32017262876034 5.772080361843109 5
      vertex 34.32017262876034 5.772080361843109 -5
    endloop
  endfacet
  facet normal 0.7326005614421001 -0.6806588112811879 0
    outer loop
      vertex 34.32017262876034 5.772080361843109 -5
      vertex 34.295173136889936 5.745173133909702 5
      vertex 34.295173136889936 5.745173133909702 -5
    endloop
  endfacet
  facet normal -0.5331169726024041 0.8460415436154702 0
    outer loop
      vertex 26.38756867349148 4.733517199754715 -5
      vertex 26.090309454500677 4.546204961836338 -5
      vertex 26.38756867349148 4.733517199754715 5
    endloop
  endfacet
  facet normal -0.07022721792177901 0.9975310210028392 0
    outer loop
      vertex 24.101161985099317 3.8952186182141304 -5
      vertex 23.750676488876344 3.8705440759658813 -5
      vertex 24.101161985099317 3.8952186182141304 5
    endloop
  endfacet
  facet normal -0.14010764032929965 0.9901362780553774 0
    outer loop
      vertex 24.101161985099317 3.8952186182141304 -5
      vertex 24.44904932230711 3.9444458559155464 5
      vertex 24.44904932230711 3.9444458559155464 -5
    endloop
  endfacet
  facet normal -0.27745130588161904 0.9607397008891557 0
    outer loop
      vertex 24.792620635032655 4.017982706427574 -5
      vertex 25.130179396271707 4.115466050803661 5
      vertex 25.130179396271707 4.115466050803661 -5
    endloop
  endfacet
  facet normal -0.20929622080465904 0.9778522853462518 0
    outer loop
      vertex 24.44904932230711 3.9444458559155464 -5
      vertex 24.792620635032655 4.017982706427574 5
      vertex 24.792620635032655 4.017982706427574 -5
    endloop
  endfacet
  facet normal -0.4093215644492487 0.9123901889415622 0
    outer loop
      vertex 25.780629752576353 4.380230873823166 -5
      vertex 25.46005873978138 4.236414521932602 -5
      vertex 25.780629752576353 4.380230873823166 5
    endloop
  endfacet
  facet normal -0.47238560095366794 0.8813919922552292 0
    outer loop
      vertex 25.780629752576353 4.380230873823166 -5
      vertex 26.090309454500677 4.546204961836338 5
      vertex 26.090309454500677 4.546204961836338 -5
    endloop
  endfacet
  facet normal -0.34423636426401233 0.9388830201459041 0
    outer loop
      vertex 25.46005873978138 4.236414521932602 -5
      vertex 25.130179396271707 4.115466050803661 -5
      vertex 25.46005873978138 4.236414521932602 5
    endloop
  endfacet
  facet normal -0.5912158655405244 0.8065133602942784 0
    outer loop
      vertex 26.38756867349148 4.733517199754715 -5
      vertex 26.67093954831362 4.941242657601833 5
      vertex 26.67093954831362 4.941242657601833 -5
    endloop
  endfacet
  facet normal 0.5707231771786276 -0.8211425302778641 0
    outer loop
      vertex 29.935042513906957 6.0030791983008385 -5
      vertex 27.07154575586319 4.012847408652306 5
      vertex 27.07154575586319 4.012847408652306 -5
    endloop
  endfacet
  facet normal 0 1 0
    outer loop
      vertex 23.39932350665331 3.8705440759658813 -5
      vertex 23.750676488876344 3.8705440759658813 5
      vertex 23.750676488876344 3.8705440759658813 -5
    endloop
  endfacet
  facet normal 0.47860520871224976 -0.878030212574433 0
    outer loop
      vertex 26.326789727807046 3.5712917670607567 -5
      vertex 26.707142820954324 3.778618313372135 -5
      vertex 26.326789727807046 3.5712917670607567 5
    endloop
  endfacet
  facet normal 0.3472506723610574 -0.9377723447323416 0
    outer loop
      vertex 25.526236368715765 3.2415232732892036 -5
      vertex 25.93246909826994 3.3919484689831734 -5
      vertex 25.526236368715765 3.2415232732892036 5
    endloop
  endfacet
  facet normal 0.41400697089621774 -0.9102737105120297 0
    outer loop
      vertex 26.326789727807046 3.5712917670607567 -5
      vertex 25.93246909826994 3.3919484689831734 5
      vertex 25.93246909826994 3.3919484689831734 -5
    endloop
  endfacet
  facet normal 0.06573483554121858 -0.9978371266877021 0
    outer loop
      vertex 23.82523255646229 2.942344270646572 -5
      vertex 24.257484695315362 2.9708198830485344 -5
      vertex 23.82523255646229 2.942344270646572 5
    endloop
  endfacet
  facet normal 0.2086652935462431 -0.9779871140609473 0
    outer loop
      vertex 24.68655571937561 3.0304087549448013 -5
      vertex 25.110209046304227 3.1208002790808678 -5
      vertex 24.68655571937561 3.0304087549448013 5
    endloop
  endfacet
  facet normal 0.13755857410920627 -0.9904936338457921 0
    outer loop
      vertex 24.257484695315362 2.9708198830485344 -5
      vertex 24.68655571937561 3.0304087549448013 -5
      vertex 24.257484695315362 2.9708198830485344 5
    endloop
  endfacet
  facet normal 0.2786843004506134 -0.9603827677974821 0
    outer loop
      vertex 25.526236368715765 3.2415232732892036 -5
      vertex 25.110209046304227 3.1208002790808678 5
      vertex 25.110209046304227 3.1208002790808678 -5
    endloop
  endfacet
  facet normal 0.540708695002451 -0.8412099067110101 0
    outer loop
      vertex 27.07154575586319 4.012847408652306 -5
      vertex 26.707142820954324 3.778618313372135 5
      vertex 26.707142820954324 3.778618313372135 -5
    endloop
  endfacet
  facet normal -0.9171285159383071 -0.39859162717347496 0
    outer loop
      vertex 31.702458685636522 5.262258023023605 -5
      vertex 31.74701606333256 5.159734942018986 -5
      vertex 31.702458685636522 5.262258023023605 5
    endloop
  endfacet
  facet normal -0.9442659670440673 -0.3291835103438997 0
    outer loop
      vertex 31.74701606333256 5.159734942018986 -5
      vertex 31.78381451070309 5.0541782528162 -5
      vertex 31.74701606333256 5.159734942018986 5
    endloop
  endfacet
  facet normal -0.9661590287023574 -0.25794714818527703 0
    outer loop
      vertex 31.78381451070309 5.0541782528162 -5
      vertex 31.812649658322336 4.946174196898937 -5
      vertex 31.78381451070309 5.0541782528162 5
    endloop
  endfacet
  facet normal -0.982686126658966 -0.18527810575456177 0
    outer loop
      vertex 31.812649658322336 4.946174196898937 -5
      vertex 31.83336134850979 4.836322627961636 -5
      vertex 31.812649658322336 4.946174196898937 5
    endloop
  endfacet
  facet normal -0.9937554488505634 -0.11158005144207182 0
    outer loop
      vertex 31.83336134850979 4.836322627961636 -5
      vertex 31.845834551751615 4.725233651697636 -5
      vertex 31.83336134850979 4.836322627961636 5
    endloop
  endfacet
  facet normal -0.9993055172770478 -0.03726235553010655 0
    outer loop
      vertex 31.845834551751615 4.725233651697636 -5
      vertex 31.85 4.613524250686169 -5
      vertex 31.845834551751615 4.725233651697636 5
    endloop
  endfacet
  facet normal 0.7071067811865476 -0.7071067811865476 0
    outer loop
      vertex 34.295173136889936 5.745173133909702 -5
      vertex 33.550000002980234 5 5
      vertex 33.550000002980234 5 -5
    endloop
  endfacet
  facet normal -1 0 0
    outer loop
      vertex 31.85 4.613524250686169 -5
      vertex 31.85 0.9142135605216026 -5
      vertex 31.85 4.613524250686169 5
    endloop
  endfacet
  facet normal 0 0 -1
    outer loop
      vertex 15.551550103724004 2.7562130987644196 -5
      vertex 15.578707090020181 2.687968149781227 -5
      vertex 13.64999999701977 0.10000000149011612 -5
    endloop
  endfacet
  facet normal 0 0 -1
    outer loop
      vertex 15.578707090020181 2.687968149781227 -5
      vertex 15.610800018906595 2.621900625526905 -5
      vertex 13.64999999701977 0.10000000149011612 -5
    endloop
  endfacet
  facet normal 0 0 -1
    outer loop
      vertex 15.610800018906595 2.621900625526905 -5
      vertex 15.647655746340753 2.5583669394254684 -5
      vertex 13.64999999701977 0.10000000149011612 -5
    endloop
  endfacet
  facet normal 0 0 -1
    outer loop
      vertex 15.647655746340753 2.5583669394254684 -5
      vertex 15.689075453579427 2.497709847986698 -5
      vertex 13.64999999701977 0.10000000149011612 -5
    endloop
  endfacet
  facet normal 0 0 -1
    outer loop
      vertex 15.689075453579427 2.497709847986698 -5
      vertex 15.734835675358774 2.4402565956115723 -5
      vertex 13.64999999701977 0.10000000149011612 -5
    endloop
  endfacet
  facet normal 0 0 -1
    outer loop
      vertex 15.734835675358774 2.4402565956115723 -5
      vertex 15.784689544141294 2.3863171339035034 -5
      vertex 13.64999999701977 0.10000000149011612 -5
    endloop
  endfacet
  facet normal 0 0 -1
    outer loop
      vertex 15.784689544141294 2.3863171339035034 -5
      vertex 15.8383681088686 2.3361824601888657 -5
      vertex 13.64999999701977 0.10000000149011612 -5
    endloop
  endfacet
  facet normal 0 0 -1
    outer loop
      vertex 15.8383681088686 2.3361824601888657 -5
      vertex 15.895581780374052 2.290123037993908 -5
      vertex 13.649745209515096 0.09286607801914215 -5
    endloop
  endfacet
  facet normal 0 0 -1
    outer loop
      vertex 15.895581780374052 2.290123037993908 -5
      vertex 15.956021888554098 2.2483873516321182 -5
      vertex 13.647714687883855 0.07874347269535065 -5
    endloop
  endfacet
  facet normal 0 0 -1
    outer loop
      vertex 15.8383681088686 2.3361824601888657 -5
      vertex 13.649745209515096 0.09286607801914215 -5
      vertex 13.64999999701977 0.10000000149011612 -5
    endloop
  endfacet
  facet normal 0 0 -1
    outer loop
      vertex 15.895581780374052 2.290123037993908 -5
      vertex 13.648982143402101 0.08576851338148117 -5
      vertex 13.649745209515096 0.09286607801914215 -5
    endloop
  endfacet
  facet normal 0 0 -1
    outer loop
      vertex 15.895581780374052 2.290123037993908 -5
      vertex 13.647714687883855 0.07874347269535065 -5
      vertex 13.648982143402101 0.08576851338148117 -5
    endloop
  endfacet
  facet normal 0 0 -1
    outer loop
      vertex 15.956021888554098 2.2483873516321182 -5
      vertex 13.645949295163156 0.0718267410993576 -5
      vertex 13.647714687883855 0.07874347269535065 -5
    endloop
  endfacet
  facet normal 0 0 -1
    outer loop
      vertex 15.956021888554098 2.2483873516321182 -5
      vertex 13.643694972991945 0.06505358219146729 -5
      vertex 13.645949295163156 0.0718267410993576 -5
    endloop
  endfacet
  facet normal 0 0 -1
    outer loop
      vertex 15.956021888554098 2.2483873516321182 -5
      vertex 13.634125350415708 0.045935921370983124 -5
      vertex 13.637767902016641 0.0520751029253006 -5
    endloop
  endfacet
  facet normal 0 0 -1
    outer loop
      vertex 15.956021888554098 2.2483873516321182 -5
      vertex 13.637767902016641 0.0520751029253006 -5
      vertex 13.640963202714921 0.05845849961042404 -5
    endloop
  endfacet
  facet normal 0 0 -1
    outer loop
      vertex 15.956021888554098 2.2483873516321182 -5
      vertex 13.640963202714921 0.05845849961042404 -5
      vertex 13.643694972991945 0.06505358219146729 -5
    endloop
  endfacet
  facet normal 0 0 -1
    outer loop
      vertex 15.956021888554098 2.2483873516321182 -5
      vertex 13.62557495981455 0.0345139279961586 -5
      vertex 13.63005412220955 0.040072232484817505 -5
    endloop
  endfacet
  facet normal 0 0 -1
    outer loop
      vertex 15.956021888554098 2.2483873516321182 -5
      vertex 13.620710676908494 0.02928932011127472 -5
      vertex 13.62557495981455 0.0345139279961586 -5
    endloop
  endfacet
  facet normal 0 0 -1
    outer loop
      vertex 15.956021888554098 2.2483873516321182 -5
      vertex 13.63005412220955 0.040072232484817505 -5
      vertex 13.634125350415708 0.045935921370983124 -5
    endloop
  endfacet
  facet normal 0 0 -1
    outer loop
      vertex 15.956021888554098 2.2483873516321182 -5
      vertex 19.482352940738203 0 -5
      vertex 13.620710676908494 0.02928932011127472 -5
    endloop
  endfacet
  facet normal 0 0 -1
    outer loop
      vertex 13.615486076474191 0.024425044655799866 -5
      vertex 13.620710676908494 0.02928932011127472 -5
      vertex 19.482352940738203 0 -5
    endloop
  endfacet
  facet normal 0 0 -1
    outer loop
      vertex 13.604064083099367 0.015874646604061127 -5
      vertex 19.482352940738203 0 -5
      vertex 13.59792490154505 0.012232102453708649 -5
    endloop
  endfacet
  facet normal 0 0 -1
    outer loop
      vertex 13.609927764534952 0.01994587481021881 -5
      vertex 19.482352940738203 0 -5
      vertex 13.604064083099367 0.015874646604061127 -5
    endloop
  endfacet
  facet normal 0 0 -1
    outer loop
      vertex 13.615486076474191 0.024425044655799866 -5
      vertex 19.482352940738203 0 -5
      vertex 13.609927764534952 0.01994587481021881 -5
    endloop
  endfacet
  facet normal 0 0 -1
    outer loop
      vertex 13.550000002980234 0 -5
      vertex 13.557133919000627 0.00025478750467300415 -5
      vertex 19.482352940738203 0 -5
    endloop
  endfacet
  facet normal 0 0 -1
    outer loop
      vertex 13.557133919000627 0.00025478750467300415 -5
      vertex 13.564231483638288 0.0010178536176681519 -5
      vertex 19.482352940738203 0 -5
    endloop
  endfacet
  facet normal 0 0 -1
    outer loop
      vertex 13.571256531775 0.002285316586494446 -5
      vertex 19.482352940738203 0 -5
      vertex 13.564231483638288 0.0010178536176681519 -5
    endloop
  endfacet
  facet normal 0 0 -1
    outer loop
      vertex 13.571256531775 0.002285316586494446 -5
      vertex 13.578173255920412 0.004050701856613159 -5
      vertex 19.482352940738203 0 -5
    endloop
  endfacet
  facet normal 0 0 -1
    outer loop
      vertex 13.578173255920412 0.004050701856613159 -5
      vertex 13.584946414828302 0.006305024027824402 -5
      vertex 19.482352940738203 0 -5
    endloop
  endfacet
  facet normal 0 0 -1
    outer loop
      vertex 13.591541504859926 0.009036801755428314 -5
      vertex 19.482352940738203 0 -5
      vertex 13.584946414828302 0.006305024027824402 -5
    endloop
  endfacet
  facet normal 0 0 -1
    outer loop
      vertex 13.591541504859926 0.009036801755428314 -5
      vertex 13.59792490154505 0.012232102453708649 -5
      vertex 19.482352940738203 0 -5
    endloop
  endfacet
  facet normal 0.7822110764942102 0.623013508529124 0
    outer loop
      vertex 15.689075453579427 2.497709847986698 -5
      vertex 15.734835675358774 2.4402565956115723 5
      vertex 15.734835675358774 2.4402565956115723 -5
    endloop
  endfacet
  facet normal 0.734371754574086 0.6787474685652818 0
    outer loop
      vertex 15.734835675358774 2.4402565956115723 -5
      vertex 15.784689544141294 2.3863171339035034 5
      vertex 15.784689544141294 2.3863171339035034 -5
    endloop
  endfacet
  facet normal 0.682570551095591 0.7308197060678245 0
    outer loop
      vertex 15.784689544141294 2.3863171339035034 -5
      vertex 15.8383681088686 2.3361824601888657 5
      vertex 15.8383681088686 2.3361824601888657 -5
    endloop
  endfacet
  facet normal 0.6270870167430652 0.7789492110736634 0
    outer loop
      vertex 15.8383681088686 2.3361824601888657 -5
      vertex 15.895581780374052 2.290123037993908 5
      vertex 15.895581780374052 2.290123037993908 -5
    endloop
  endfacet
  facet normal 0.5682205017828896 0.8228763341800523 0
    outer loop
      vertex 15.895581780374052 2.290123037993908 -5
      vertex 15.956021888554098 2.2483873516321182 5
      vertex 15.956021888554098 2.2483873516321182 -5
    endloop
  endfacet
  facet normal -0.999362831744451 0.035692163393554445 0
    outer loop
      vertex 13.64999999701977 0.10000000149011612 -5
      vertex 13.649745209515096 0.09286607801914215 -5
      vertex 13.64999999701977 0.10000000149011612 5
    endloop
  endfacet
  facet normal -0.9238796500417794 0.3826831486212571 0
    outer loop
      vertex 13.643694972991945 0.06505358219146729 -5
      vertex 13.640963202714921 0.05845849961042404 -5
      vertex 13.643694972991945 0.06505358219146729 5
    endloop
  endfacet
  facet normal -0.8942252438820414 0.4476172619594819 0
    outer loop
      vertex 13.640963202714921 0.05845849961042404 -5
      vertex 13.637767902016641 0.0520751029253006 -5
      vertex 13.640963202714921 0.05845849961042404 5
    endloop
  endfacet
  facet normal -0.8600138204091585 0.5102707405929165 0
    outer loop
      vertex 13.637767902016641 0.0520751029253006 -5
      vertex 13.634125350415708 0.045935921370983124 -5
      vertex 13.637767902016641 0.0520751029253006 5
    endloop
  endfacet
  facet normal -0.8214210211091875 0.5703222826437171 0
    outer loop
      vertex 13.634125350415708 0.045935921370983124 -5
      vertex 13.63005412220955 0.040072232484817505 -5
      vertex 13.634125350415708 0.045935921370983124 5
    endloop
  endfacet
  facet normal -0.7786417053933956 0.6274687997200057 0
    outer loop
      vertex 13.63005412220955 0.040072232484817505 -5
      vertex 13.62557495981455 0.0345139279961586 -5
      vertex 13.63005412220955 0.040072232484817505 5
    endloop
  endfacet
  facet normal -0.7318944770132645 0.6814179881082391 0
    outer loop
      vertex 13.62557495981455 0.0345139279961586 -5
      vertex 13.620710676908494 0.02928932011127472 -5
      vertex 13.62557495981455 0.0345139279961586 5
    endloop
  endfacet
  facet normal -0.4476172619594819 0.8942252438820414 0
    outer loop
      vertex 13.591541504859926 0.009036801755428314 -5
      vertex 13.59792490154505 0.012232102453708649 5
      vertex 13.59792490154505 0.012232102453708649 -5
    endloop
  endfacet
  facet normal -0.38268367048246943 0.9238794338798028 0
    outer loop
      vertex 13.591541504859926 0.009036801755428314 -5
      vertex 13.584946414828302 0.006305024027824402 -5
      vertex 13.591541504859926 0.009036801755428314 5
    endloop
  endfacet
  facet normal -0.6814179495494714 0.7318945129127518 0
    outer loop
      vertex 13.615486076474191 0.024425044655799866 -5
      vertex 13.620710676908494 0.02928932011127472 5
      vertex 13.620710676908494 0.02928932011127472 -5
    endloop
  endfacet
  facet normal -0.6274689225760143 0.7786416063898048 0
    outer loop
      vertex 13.615486076474191 0.024425044655799866 -5
      vertex 13.609927764534952 0.01994587481021881 -5
      vertex 13.615486076474191 0.024425044655799866 5
    endloop
  endfacet
  facet normal -0.5703227716015925 0.8214206816197641 0
    outer loop
      vertex 13.609927764534952 0.01994587481021881 -5
      vertex 13.604064083099367 0.015874646604061127 -5
      vertex 13.609927764534952 0.01994587481021881 5
    endloop
  endfacet
  facet normal -0.5102699686302845 0.8600142784361482 0
    outer loop
      vertex 13.604064083099367 0.015874646604061127 -5
      vertex 13.59792490154505 0.012232102453708649 -5
      vertex 13.604064083099367 0.015874646604061127 5
    endloop
  endfacet
  facet normal -0.03569220062255543 0.9993628304148194 0
    outer loop
      vertex 13.550000002980234 0 -5
      vertex 13.557133919000627 0.00025478750467300415 5
      vertex 13.557133919000627 0.00025478750467300415 -5
    endloop
  endfacet
  facet normal -0.177553852219383 0.9841110859867688 0
    outer loop
      vertex 13.571256531775 0.002285316586494446 -5
      vertex 13.564231483638288 0.0010178536176681519 -5
      vertex 13.571256531775 0.002285316586494446 5
    endloop
  endfacet
  facet normal -0.1068949738801406 0.9942703176496642 0
    outer loop
      vertex 13.557133919000627 0.00025478750467300415 -5
      vertex 13.564231483638288 0.0010178536176681519 5
      vertex 13.564231483638288 0.0010178536176681519 -5
    endloop
  endfacet
  facet normal -0.24730606573247924 0.9689374127630341 0
    outer loop
      vertex 13.571256531775 0.002285316586494446 -5
      vertex 13.578173255920412 0.004050701856613159 5
      vertex 13.578173255920412 0.004050701856613159 -5
    endloop
  endfacet
  facet normal -0.3157993896988017 0.9488259827101407 0
    outer loop
      vertex 13.578173255920412 0.004050701856613159 -5
      vertex 13.584946414828302 0.006305024027824402 5
      vertex 13.584946414828302 0.006305024027824402 -5
    endloop
  endfacet
  facet normal -0.9942703176496642 0.1068949738801406 0
    outer loop
      vertex 13.649745209515096 0.09286607801914215 -5
      vertex 13.648982143402101 0.08576851338148117 -5
      vertex 13.649745209515096 0.09286607801914215 5
    endloop
  endfacet
  facet normal -0.9841112354552908 0.17755302377222756 0
    outer loop
      vertex 13.648982143402101 0.08576851338148117 -5
      vertex 13.647714687883855 0.07874347269535065 -5
      vertex 13.648982143402101 0.08576851338148117 5
    endloop
  endfacet
  facet normal -0.9689372264961563 0.24730679551912077 0
    outer loop
      vertex 13.647714687883855 0.07874347269535065 -5
      vertex 13.645949295163156 0.0718267410993576 -5
      vertex 13.647714687883855 0.07874347269535065 5
    endloop
  endfacet
  facet normal -0.9488259827101407 0.3157993896988017 0
    outer loop
      vertex 13.643694972991945 0.06505358219146729 -5
      vertex 13.645949295163156 0.0718267410993576 5
      vertex 13.645949295163156 0.0718267410993576 -5
    endloop
  endfacet
  facet normal 0.5376170652138814 0.843189119468944 0
    outer loop
      vertex 15.956021888554098 2.2483873516321182 -5
      vertex 19.482352940738203 0 5
      vertex 19.482352940738203 0 -5
    endloop
  endfacet
  facet normal 0 0 -1
    outer loop
      vertex 33.550000002980234 5 -5
      vertex 31.84745211750269 0.8428743779659271 -5
      vertex 31.85 0.9142135605216026 -5
    endloop
  endfacet
  facet normal 0 0 -1
    outer loop
      vertex 33.550000002980234 5 -5
      vertex 33.550000002980234 0.1414213553071022 -5
      vertex 31.84745211750269 0.8428743779659271 -5
    endloop
  endfacet
  facet normal 0 0 -1
    outer loop
      vertex 31.84745211750269 0.8428743779659271 -5
      vertex 33.550000002980234 0.1414213553071022 -5
      vertex 31.839821441471578 0.7718987241387367 -5
    endloop
  endfacet
  facet normal 0 0 -1
    outer loop
      vertex 31.839821441471578 0.7718987241387367 -5
      vertex 33.550000002980234 0.1414213553071022 -5
      vertex 31.82714686393738 0.7016482725739479 -5
    endloop
  endfacet
  facet normal 0 0 -1
    outer loop
      vertex 31.82714686393738 0.7016482725739479 -5
      vertex 33.550000002980234 0.1414213553071022 -5
      vertex 31.80949297398329 0.6324810087680817 -5
    endloop
  endfacet
  facet normal 0 0 -1
    outer loop
      vertex 31.80949297398329 0.6324810087680817 -5
      vertex 33.55025479048491 0.13428743928670883 -5
      vertex 31.786949722468854 0.5647493824362755 -5
    endloop
  endfacet
  facet normal 0 0 -1
    outer loop
      vertex 31.786949722468854 0.5647493824362755 -5
      vertex 33.55228531211615 0.12016482651233673 -5
      vertex 31.75963199734688 0.49879854917526245 -5
    endloop
  endfacet
  facet normal 0 0 -1
    outer loop
      vertex 31.75963199734688 0.49879854917526245 -5
      vertex 33.56223209798336 0.09349645674228668 -5
      vertex 31.727678990364076 0.4349645748734474 -5
    endloop
  endfacet
  facet normal 0 0 -1
    outer loop
      vertex 31.69125353395939 0.3735727444291115 -5
      vertex 31.727678990364076 0.4349645748734474 -5
      vertex 33.57928932309151 0.0707106813788414 -5
    endloop
  endfacet
  facet normal 0 0 -1
    outer loop
      vertex 31.69125353395939 0.3735727444291115 -5
      vertex 33.57928932309151 0.0707106813788414 -5
      vertex 31.650541244447233 0.3149358928203583 -5
    endloop
  endfacet
  facet normal 0 0 -1
    outer loop
      vertex 31.650541244447233 0.3149358928203583 -5
      vertex 33.57928932309151 0.0707106813788414 -5
      vertex 31.605749575793745 0.25935282558202744 -5
    endloop
  endfacet
  facet normal 0 0 -1
    outer loop
      vertex 31.605749575793745 0.25935282558202744 -5
      vertex 33.64999999701977 0 -5
      vertex 31.557106783986093 0.2071067839860916 -5
    endloop
  endfacet
  facet normal 0 0 -1
    outer loop
      vertex 31.557106783986093 0.2071067839860916 -5
      vertex 33.64999999701977 0 -5
      vertex 31.35 0 -5
    endloop
  endfacet
  facet normal 0 0 -1
    outer loop
      vertex 31.80949297398329 0.6324810087680817 -5
      vertex 33.550000002980234 0.1414213553071022 -5
      vertex 33.55025479048491 0.13428743928670883 -5
    endloop
  endfacet
  facet normal 0 0 -1
    outer loop
      vertex 31.786949722468854 0.5647493824362755 -5
      vertex 33.55025479048491 0.13428743928670883 -5
      vertex 33.5510178565979 0.12718987464904785 -5
    endloop
  endfacet
  facet normal 0 0 -1
    outer loop
      vertex 31.786949722468854 0.5647493824362755 -5
      vertex 33.5510178565979 0.12718987464904785 -5
      vertex 33.55228531211615 0.12016482651233673 -5
    endloop
  endfacet
  facet normal 0 0 -1
    outer loop
      vertex 31.75963199734688 0.49879854917526245 -5
      vertex 33.55228531211615 0.12016482651233673 -5
      vertex 33.55405070483685 0.11324810236692429 -5
    endloop
  endfacet
  facet normal 0 0 -1
    outer loop
      vertex 31.75963199734688 0.49879854917526245 -5
      vertex 33.55405070483685 0.11324810236692429 -5
      vertex 33.55630502700806 0.10647493600845337 -5
    endloop
  endfacet
  facet normal 0 0 -1
    outer loop
      vertex 31.75963199734688 0.49879854917526245 -5
      vertex 33.55630502700806 0.10647493600845337 -5
      vertex 33.55903679728508 0.09987985342741013 -5
    endloop
  endfacet
  facet normal 0 0 -1
    outer loop
      vertex 31.75963199734688 0.49879854917526245 -5
      vertex 33.55903679728508 0.09987985342741013 -5
      vertex 33.56223209798336 0.09349645674228668 -5
    endloop
  endfacet
  facet normal 0 0 -1
    outer loop
      vertex 31.727678990364076 0.4349645748734474 -5
      vertex 33.56223209798336 0.09349645674228668 -5
      vertex 33.565874649584295 0.08735727518796921 -5
    endloop
  endfacet
  facet normal 0 0 -1
    outer loop
      vertex 31.727678990364076 0.4349645748734474 -5
      vertex 33.565874649584295 0.08735727518796921 -5
      vertex 33.56994587779045 0.08149358630180359 -5
    endloop
  endfacet
  facet normal 0 0 -1
    outer loop
      vertex 31.727678990364076 0.4349645748734474 -5
      vertex 33.56994587779045 0.08149358630180359 -5
      vertex 33.57442504018545 0.07593528181314468 -5
    endloop
  endfacet
  facet normal 0 0 -1
    outer loop
      vertex 31.727678990364076 0.4349645748734474 -5
      vertex 33.57442504018545 0.07593528181314468 -5
      vertex 33.57928932309151 0.0707106813788414 -5
    endloop
  endfacet
  facet normal 0 0 -1
    outer loop
      vertex 31.605749575793745 0.25935282558202744 -5
      vertex 33.57928932309151 0.0707106813788414 -5
      vertex 33.64999999701977 0 -5
    endloop
  endfacet
  facet normal 1 0 0
    outer loop
      vertex 33.550000002980234 5 -5
      vertex 33.550000002980234 0.1414213553071022 5
      vertex 33.550000002980234 0.1414213553071022 -5
    endloop
  endfacet
  facet normal -0.9993628270908023 0.03569229369316569 0
    outer loop
      vertex 31.85 0.9142135605216026 -5
      vertex 31.84745211750269 0.8428743779659271 -5
      vertex 31.85 0.9142135605216026 5
    endloop
  endfacet
  facet normal -0.9942702966563645 0.10689516914652898 0
    outer loop
      vertex 31.84745211750269 0.8428743779659271 -5
      vertex 31.839821441471578 0.7718987241387367 -5
      vertex 31.84745211750269 0.8428743779659271 5
    endloop
  endfacet
  facet normal -0.9841112004858277 0.1775532175950155 0
    outer loop
      vertex 31.839821441471578 0.7718987241387367 -5
      vertex 31.82714686393738 0.7016482725739479 -5
      vertex 31.839821441471578 0.7718987241387367 5
    endloop
  endfacet
  facet normal -0.9689373068626872 0.2473064806463483 0
    outer loop
      vertex 31.82714686393738 0.7016482725739479 -5
      vertex 31.80949297398329 0.6324810087680817 -5
      vertex 31.82714686393738 0.7016482725739479 5
    endloop
  endfacet
  facet normal -0.9488259096590844 0.31579960918216965 0
    outer loop
      vertex 31.80949297398329 0.6324810087680817 -5
      vertex 31.786949722468854 0.5647493824362755 -5
      vertex 31.80949297398329 0.6324810087680817 5
    endloop
  endfacet
  facet normal -0.9238795546232387 0.38268337898211113 0
    outer loop
      vertex 31.786949722468854 0.5647493824362755 -5
      vertex 31.75963199734688 0.49879854917526245 -5
      vertex 31.786949722468854 0.5647493824362755 5
    endloop
  endfacet
  facet normal -0.894225264794197 0.4476172201823208 0
    outer loop
      vertex 31.75963199734688 0.49879854917526245 -5
      vertex 31.727678990364076 0.4349645748734474 -5
      vertex 31.75963199734688 0.49879854917526245 5
    endloop
  endfacet
  facet normal -0.8214208024687972 0.5703225975459127 0
    outer loop
      vertex 31.69125353395939 0.3735727444291115 -5
      vertex 31.650541244447233 0.3149358928203583 -5
      vertex 31.69125353395939 0.3735727444291115 5
    endloop
  endfacet
  facet normal -0.7786415227117128 0.6274690264142009 0
    outer loop
      vertex 31.650541244447233 0.3149358928203583 -5
      vertex 31.605749575793745 0.25935282558202744 -5
      vertex 31.650541244447233 0.3149358928203583 5
    endloop
  endfacet
  facet normal -0.7318944949629951 0.6814179688288697 0
    outer loop
      vertex 31.605749575793745 0.25935282558202744 -5
      vertex 31.557106783986093 0.2071067839860916 -5
      vertex 31.605749575793745 0.25935282558202744 5
    endloop
  endfacet
  facet normal -0.7071067811865476 0.7071067811865476 0
    outer loop
      vertex 31.557106783986093 0.2071067839860916 -5
      vertex 31.35 0 -5
      vertex 31.557106783986093 0.2071067839860916 5
    endloop
  endfacet
  facet normal -0.8600142411827524 0.5102700314175375 0
    outer loop
      vertex 31.69125353395939 0.3735727444291115 -5
      vertex 31.727678990364076 0.4349645748734474 5
      vertex 31.727678990364076 0.4349645748734474 -5
    endloop
  endfacet
  facet normal 0.9993628304148194 0.03569220062255543 0
    outer loop
      vertex 33.550000002980234 0.1414213553071022 -5
      vertex 33.55025479048491 0.13428743928670883 5
      vertex 33.55025479048491 0.13428743928670883 -5
    endloop
  endfacet
  facet normal 0.9942703176496642 0.1068949738801406 0
    outer loop
      vertex 33.55025479048491 0.13428743928670883 -5
      vertex 33.5510178565979 0.12718987464904785 5
      vertex 33.5510178565979 0.12718987464904785 -5
    endloop
  endfacet
  facet normal 0.9841112683587032 0.17755284140059432 0
    outer loop
      vertex 33.5510178565979 0.12718987464904785 -5
      vertex 33.55228531211615 0.12016482651233673 5
      vertex 33.55228531211615 0.12016482651233673 -5
    endloop
  endfacet
  facet normal 0.9689371626613428 0.24730704562099862 0
    outer loop
      vertex 33.55228531211615 0.12016482651233673 -5
      vertex 33.55405070483685 0.11324810236692429 5
      vertex 33.55405070483685 0.11324810236692429 -5
    endloop
  endfacet
  facet normal 0.9488260867997429 0.3157990769592062 0
    outer loop
      vertex 33.55405070483685 0.11324810236692429 -5
      vertex 33.55630502700806 0.10647493600845337 5
      vertex 33.55630502700806 0.10647493600845337 -5
    endloop
  endfacet
  facet normal 0.9238796500417794 0.3826831486212571 0
    outer loop
      vertex 33.55630502700806 0.10647493600845337 -5
      vertex 33.55903679728508 0.09987985342741013 5
      vertex 33.55903679728508 0.09987985342741013 -5
    endloop
  endfacet
  facet normal 0.8942252438820414 0.4476172619594819 0
    outer loop
      vertex 33.55903679728508 0.09987985342741013 -5
      vertex 33.56223209798336 0.09349645674228668 5
      vertex 33.56223209798336 0.09349645674228668 -5
    endloop
  endfacet
  facet normal 0.8600138204091585 0.5102707405929165 0
    outer loop
      vertex 33.565874649584295 0.08735727518796921 -5
      vertex 33.56223209798336 0.09349645674228668 -5
      vertex 33.565874649584295 0.08735727518796921 5
    endloop
  endfacet
  facet normal 0.8214210211091875 0.5703222826437171 0
    outer loop
      vertex 33.565874649584295 0.08735727518796921 -5
      vertex 33.56994587779045 0.08149358630180359 5
      vertex 33.56994587779045 0.08149358630180359 -5
    endloop
  endfacet
  facet normal 0.7318939923807245 0.6814185086398844 0
    outer loop
      vertex 33.57442504018545 0.07593528181314468 -5
      vertex 33.57928932309151 0.0707106813788414 5
      vertex 33.57928932309151 0.0707106813788414 -5
    endloop
  endfacet
  facet normal 0.7786417053933956 0.6274687997200057 0
    outer loop
      vertex 33.56994587779045 0.08149358630180359 -5
      vertex 33.57442504018545 0.07593528181314468 5
      vertex 33.57442504018545 0.07593528181314468 -5
    endloop
  endfacet
  facet normal 0.7071068184394498 0.7071067439336433 0
    outer loop
      vertex 33.57928932309151 0.0707106813788414 -5
      vertex 33.64999999701977 0 5
      vertex 33.64999999701977 0 -5
    endloop
  endfacet
  facet normal -0.5703226373189522 0.8214207748538839 0
    outer loop
      vertex 13.201083502173425 7.700811862945557 -5
      vertex 13.201083502173425 7.700811862945557 5
      vertex 13.289038775861265 7.761880300939083 5
    endloop
  endfacet
  facet normal -0.6814179701141619 0.7318944937663456 0
    outer loop
      vertex 13.039339831471445 7.560660168528557 -5
      vertex 13.039339831471445 7.560660168528557 5
      vertex 13.117708897590639 7.633624359965324 5
    endloop
  endfacet
  facet normal -0.62746900941636 0.778641536409439 0
    outer loop
      vertex 13.117708897590639 7.633624359965324 -5
      vertex 13.117708897590639 7.633624359965324 5
      vertex 13.201083502173425 7.700811862945557 5
    endloop
  endfacet
  facet normal -0.7318944937663456 0.6814179701141619 0
    outer loop
      vertex 12.966375640034677 7.482291102409363 -5
      vertex 12.966375640034677 7.482291102409363 5
      vertex 13.039339831471445 7.560660168528557 5
    endloop
  endfacet
  facet normal -0.8214207748538839 0.5703226373189522 0
    outer loop
      vertex 12.838119699060918 7.310961224138737 -5
      vertex 12.838119699060918 7.310961224138737 5
      vertex 12.899188137054445 7.398916497826576 5
    endloop
  endfacet
  facet normal -0.778641536409439 0.62746900941636 0
    outer loop
      vertex 12.899188137054445 7.398916497826576 -5
      vertex 12.899188137054445 7.398916497826576 5
      vertex 12.966375640034677 7.482291102409363 5
    endloop
  endfacet
  facet normal -0.3157995778139601 0.9488259200994271 0
    outer loop
      vertex 13.57580373287201 7.90542458742857 -5
      vertex 13.57580373287201 7.90542458742857 5
      vertex 13.677401161193849 7.939239457249641 5
    endloop
  endfacet
  facet normal -0.44761723410804044 0.8942252578234791 0
    outer loop
      vertex 13.381126521527769 7.816518485546112 -5
      vertex 13.381126521527769 7.816518485546112 5
      vertex 13.4768774792552 7.864447996020317 5
    endloop
  endfacet
  facet normal -0.38268339637749377 0.9238795474178363 0
    outer loop
      vertex 13.4768774792552 7.864447996020317 -5
      vertex 13.4768774792552 7.864447996020317 5
      vertex 13.57580373287201 7.90542458742857 5
    endloop
  endfacet
  facet normal -0.1775532512889915 0.9841111944067643 0
    outer loop
      vertex 13.78115206807852 7.965720295906067 -5
      vertex 13.78115206807852 7.965720295906067 5
      vertex 13.886527745425703 7.984732165932655 5
    endloop
  endfacet
  facet normal -0.247306488299135 0.96893730490943 0
    outer loop
      vertex 13.677401161193849 7.939239457249641 -5
      vertex 13.677401161193849 7.939239457249641 5
      vertex 13.78115206807852 7.965720295906067 5
    endloop
  endfacet
  facet normal -0.10689510405773878 0.9942703036541346 0
    outer loop
      vertex 13.886527745425703 7.984732165932655 -5
      vertex 13.886527745425703 7.984732165932655 5
      vertex 13.992991222441198 7.996178172528744 5
    endloop
  endfacet
  facet normal -0.5102700314175376 0.8600142411827524 0
    outer loop
      vertex 13.289038775861265 7.761880300939083 -5
      vertex 13.289038775861265 7.761880300939083 5
      vertex 13.381126521527769 7.816518485546112 5
    endloop
  endfacet
  facet normal -0.035692327198633016 0.9993628258941524 0
    outer loop
      vertex 13.992991222441198 7.996178172528744 -5
      vertex 13.992991222441198 7.996178172528744 5
      vertex 14.100000000000001 8 5
    endloop
  endfacet
  facet normal 0 1 0
    outer loop
      vertex 14.100000000000001 8 -5
      vertex 14.100000000000001 8 5
      vertex 15.386071211099626 8 5
    endloop
  endfacet
  facet normal -0.8600142411827524 0.5102700314175376 0
    outer loop
      vertex 12.78348151445389 7.218873478472233 -5
      vertex 12.78348151445389 7.218873478472233 5
      vertex 12.838119699060918 7.310961224138737 5
    endloop
  endfacet
  facet normal -0.8942252578234791 0.44761723410804044 0
    outer loop
      vertex 12.735552003979684 7.123122520744801 -5
      vertex 12.735552003979684 7.123122520744801 5
      vertex 12.78348151445389 7.218873478472233 5
    endloop
  endfacet
  facet normal -0.9238795474178363 0.38268339637749377 0
    outer loop
      vertex 12.694575412571432 7.024196267127991 -5
      vertex 12.694575412571432 7.024196267127991 5
      vertex 12.735552003979684 7.123122520744801 5
    endloop
  endfacet
  facet normal -0.9488259200994271 0.3157995778139601 0
    outer loop
      vertex 12.66076054275036 6.922598838806152 -5
      vertex 12.66076054275036 6.922598838806152 5
      vertex 12.694575412571432 7.024196267127991 5
    endloop
  endfacet
  facet normal -0.96893730490943 0.247306488299135 0
    outer loop
      vertex 12.634279704093935 6.818847931921482 -5
      vertex 12.634279704093935 6.818847931921482 5
      vertex 12.66076054275036 6.922598838806152 5
    endloop
  endfacet
  facet normal -0.9841111944067643 0.1775532512889915 0
    outer loop
      vertex 12.615267834067346 6.713472254574299 -5
      vertex 12.615267834067346 6.713472254574299 5
      vertex 12.634279704093935 6.818847931921482 5
    endloop
  endfacet
  facet normal -0.9942703036541346 0.10689510405773878 0
    outer loop
      vertex 12.603821827471258 6.607008777558804 -5
      vertex 12.603821827471258 6.607008777558804 5
      vertex 12.615267834067346 6.713472254574299 5
    endloop
  endfacet
  facet normal 0.03708639929222474 0.9993120628650181 0
    outer loop
      vertex 15.386071211099626 8 -5
      vertex 15.386071211099626 8 5
      vertex 15.645497335493566 7.990372195839882 5
    endloop
  endfacet
  facet normal 0.11105511619080129 0.993814248825125 0
    outer loop
      vertex 15.645497335493566 7.990372195839882 -5
      vertex 15.645497335493566 7.990372195839882 5
      vertex 15.903496196866037 7.961541764438152 5
    endloop
  endfacet
  facet normal 0.18441287849522442 0.9828488643963046 0
    outer loop
      vertex 15.903496196866037 7.961541764438152 -5
      vertex 15.903496196866037 7.961541764438152 5
      vertex 16.15864838510752 7.913667313754559 5
    endloop
  endfacet
  facet normal 0.2567560901191561 0.9664762336378084 0
    outer loop
      vertex 16.15864838510752 7.913667313754559 -5
      vertex 16.15864838510752 7.913667313754559 5
      vertex 16.409550173580648 7.847012221813202 5
    endloop
  endfacet
  facet normal 0.3276866898837441 0.9447864485020067 0
    outer loop
      vertex 16.409550173580648 7.847012221813202 -5
      vertex 16.409550173580648 7.847012221813202 5
      vertex 16.654821185767652 7.7619432136416435 5
    endloop
  endfacet
  facet normal 0.3968145400791286 0.9178988074846757 0
    outer loop
      vertex 16.654821185767652 7.7619432136416435 -5
      vertex 16.654821185767652 7.7619432136416435 5
      vertex 16.89311203956604 7.658928290009499 5
    endloop
  endfacet
  facet normal 0.463759228552957 0.8859612733816113 0
    outer loop
      vertex 16.89311203956604 7.658928290009499 -5
      vertex 16.89311203956604 7.658928290009499 5
      vertex 17.123111760616304 7.5385342091321945 5
    endloop
  endfacet
  facet normal 0.5281525272632746 0.84914952037048 0
    outer loop
      vertex 17.123111760616304 7.5385342091321945 -5
      vertex 17.123111760616304 7.5385342091321945 5
      vertex 17.34355497211218 7.401423327624798 5
    endloop
  endfacet
  facet normal 0.5896401232685617 0.8076660974882105 0
    outer loop
      vertex 17.34355497211218 7.401423327624798 -5
      vertex 17.34355497211218 7.401423327624798 5
      vertex 17.553228898346426 7.2483499720692635 5
    endloop
  endfacet
  facet normal -0.9993628258941524 0.035692327198633016 0
    outer loop
      vertex 12.600000000000001 6.5 -5
      vertex 12.600000000000001 6.5 5
      vertex 12.603821827471258 6.607008777558804 5
    endloop
  endfacet
  facet normal -1 0 0
    outer loop
      vertex 12.600000000000001 6.214285716414452 -5
      vertex 12.600000000000001 6.214285716414452 5
      vertex 12.600000000000001 6.5 5
    endloop
  endfacet
  facet normal -0.9993226521386229 -0.03679995818786883 0
    outer loop
      vertex 12.60135423988104 6.177510604262352 -5
      vertex 12.60135423988104 6.177510604262352 5
      vertex 12.600000000000001 6.214285716414452 5
    endloop
  endfacet
  facet normal -0.9939093340793091 -0.11020088760996544 0
    outer loop
      vertex 12.60540963560343 6.1409347131848335 -5
      vertex 12.60540963560343 6.1409347131848335 5
      vertex 12.60135423988104 6.177510604262352 5
    endloop
  endfacet
  facet normal -0.9831120740549121 -0.18300450772439764 0
    outer loop
      vertex 12.612144207954408 6.104756154119968 -5
      vertex 12.612144207954408 6.104756154119968 5
      vertex 12.60540963560343 6.1409347131848335 5
    endloop
  endfacet
  facet normal -0.9669893182626025 -0.2548169114600273 0
    outer loop
      vertex 12.621521478891374 6.069170914590359 -5
      vertex 12.621521478891374 6.069170914590359 5
      vertex 12.612144207954408 6.104756154119968 5
    endloop
  endfacet
  facet normal -0.9456283729149207 -0.32524910505377186 0
    outer loop
      vertex 12.633490657806398 6.034371756017208 -5
      vertex 12.633490657806398 6.034371756017208 5
      vertex 12.621521478891374 6.069170914590359 5
    endloop
  endfacet
  facet normal -0.919145071906594 -0.39391920083923554 0
    outer loop
      vertex 12.647986894845964 6.00054719299078 -5
      vertex 12.647986894845964 6.00054719299078 5
      vertex 12.633490657806398 6.034371756017208 5
    endloop
  endfacet
  facet normal -0.8876826357182834 -0.4604557940174509 0
    outer loop
      vertex 12.664931683242322 5.967880442738533 -5
      vertex 12.664931683242322 5.967880442738533 5
      vertex 12.647986894845964 6.00054719299078 5
    endloop
  endfacet
  facet normal -0.851411862912829 -0.5244977022745725 0
    outer loop
      vertex 12.684233216941358 5.9365484565496445 -5
      vertex 12.684233216941358 5.9365484565496445 5
      vertex 12.664931683242322 5.967880442738533 5
    endloop
  endfacet
  facet normal -0.8105288629125581 -0.5856986959057323 0
    outer loop
      vertex 12.705786949396135 5.906720966100693 -5
      vertex 12.705786949396135 5.906720966100693 5
      vertex 12.684233216941358 5.9365484565496445 5
    endloop
  endfacet
  facet normal -0.7652552035546115 -0.6437270177898317 0
    outer loop
      vertex 12.729476122558118 5.878559552133083 -5
      vertex 12.729476122558118 5.878559552133083 5
      vertex 12.705786949396135 5.906720966100693 5
    endloop
  endfacet
  facet normal -0.7158363028223622 -0.6982681344309013 0
    outer loop
      vertex 12.755172415077688 5.852216750383377 -5
      vertex 12.755172415077688 5.852216750383377 5
      vertex 12.729476122558118 5.878559552133083 5
    endloop
  endfacet
  facet normal -0.689655174822674 -0.7241379287403105 0
    outer loop
      vertex 13.64999999701977 5 -5
      vertex 13.64999999701977 5 5
      vertex 12.755172415077688 5.852216750383377 5
    endloop
  endfacet
  facet normal 0.20618993412311 -0.9785119882077621 0
    outer loop
      vertex 17.30524286478758 5.364987269043922 -5
      vertex 17.30524286478758 5.364987269043922 5
      vertex 17.164379625022413 5.335304871201515 5
    endloop
  endfacet
  facet normal 0.2760418608188916 -0.9611456138773373 0
    outer loop
      vertex 17.164379625022413 5.335304871201515 -5
      vertex 17.164379625022413 5.335304871201515 5
      vertex 17.02601638287306 5.295566827058792 5
    endloop
  endfacet
  facet normal 0.34446354123424555 -0.9387996957606897 0
    outer loop
      vertex 17.02601638287306 5.295566827058792 -5
      vertex 17.02601638287306 5.295566827058792 5
      vertex 16.890869988501073 5.245979033410549 5
    endloop
  endfacet
  facet normal 0.13526986003236777 -0.9908087933435108 0
    outer loop
      vertex 17.447876310348512 5.3844602555036545 -5
      vertex 17.447876310348512 5.3844602555036545 5
      vertex 17.30524286478758 5.364987269043922 5
    endloop
  endfacet
  facet normal 0.06364890890340018 -0.9979723525205528 0
    outer loop
      vertex 17.591540998220445 5.393622934818268 -5
      vertex 17.591540998220445 5.393622934818268 5
      vertex 17.447876310348512 5.3844602555036545 5
    endloop
  endfacet
  facet normal -0.008301725314538759 -0.9999655400846581 0
    outer loop
      vertex 17.735492622852327 5.39242784678936 -5
      vertex 17.735492622852327 5.39242784678936 5
      vertex 17.591540998220445 5.393622934818268 5
    endloop
  endfacet
  facet normal 0.6191879098112726 0.7852428492788376 0
    outer loop
      vertex 17.553228898346426 7.2483499720692635 -5
      vertex 17.553228898346426 7.2483499720692635 5
      vertex 20.479060447216035 4.941242657601833 5
    endloop
  endfacet
  facet normal -0.08020945819374582 -0.9967780308655814 0
    outer loop
      vertex 17.878985373675825 5.380881167948246 -5
      vertex 17.878985373675825 5.380881167948246 5
      vertex 17.735492622852327 5.39242784678936 5
    endloop
  endfacet
  facet normal -0.15170158071896073 -0.9884263404054795 0
    outer loop
      vertex 18.02127585411072 5.359042726457119 -5
      vertex 18.02127585411072 5.359042726457119 5
      vertex 17.878985373675825 5.380881167948246 5
    endloop
  endfacet
  facet normal -0.2224077552506166 -0.974953737571369 0
    outer loop
      vertex 18.161626859009267 5.327025666832924 -5
      vertex 18.161626859009267 5.327025666832924 5
      vertex 18.02127585411072 5.359042726457119 5
    endloop
  endfacet
  facet normal -0.29196162997476394 -0.9564300322671174 0
    outer loop
      vertex 18.299311256408693 5.284995868802071 -5
      vertex 18.299311256408693 5.284995868802071 5
      vertex 18.161626859009267 5.327025666832924 5
    endloop
  endfacet
  facet normal -0.36000293712411385 -0.932951169816519 0
    outer loop
      vertex 18.433615720272066 5.233171075582504 -5
      vertex 18.433615720272066 5.233171075582504 5
      vertex 18.299311256408693 5.284995868802071 5
    endloop
  endfacet
  facet normal 0.7549803579405706 -0.6557474049692671 0
    outer loop
      vertex 16.18514104038477 4.759377263486385 -5
      vertex 16.18514104038477 4.759377263486385 5
      vertex 16.090741886198522 4.650692872703075 5
    endloop
  endfacet
  facet normal 0.8001936448861006 -0.5997417199794403 0
    outer loop
      vertex 16.090741886198522 4.650692872703075 -5
      vertex 16.090741886198522 4.650692872703075 5
      vertex 16.004405117034914 4.535499729216099 5
    endloop
  endfacet
  facet normal 0.5376511018382224 -0.8431674167638035 0
    outer loop
      vertex 16.63300815075636 5.118331491947174 -5
      vertex 16.63300815075636 5.118331491947174 5
      vertex 16.511628656089307 5.040933080017567 5
    endloop
  endfacet
  facet normal 0.4111006760827557 -0.9115899484550612 0
    outer loop
      vertex 16.890869988501073 5.245979033410549 -5
      vertex 16.890869988501073 5.245979033410549 5
      vertex 16.75964061766863 5.186798386275768 5
    endloop
  endfacet
  facet normal 0.4756079487120109 -0.8796573646153105 0
    outer loop
      vertex 16.75964061766863 5.186798386275768 -5
      vertex 16.75964061766863 5.186798386275768 5
      vertex 16.63300815075636 5.118331491947174 5
    endloop
  endfacet
  facet normal 0.5969088045071334 -0.8023090919975076 0
    outer loop
      vertex 16.511628656089307 5.040933080017567 -5
      vertex 16.511628656089307 5.040933080017567 5
      vertex 16.396130977571012 4.955004125833511 5
    endloop
  endfacet
  facet normal 0.6530739520329485 -0.7572941391401801 0
    outer loop
      vertex 16.396130977571012 4.955004125833511 -5
      vertex 16.396130977571012 4.955004125833511 5
      vertex 16.287113501131536 4.860989831387997 5
    endloop
  endfacet
  facet normal 0.7058556714704113 -0.7083556811751105 0
    outer loop
      vertex 16.287113501131536 4.860989831387997 -5
      vertex 16.287113501131536 4.860989831387997 5
      vertex 16.18514104038477 4.759377263486385 5
    endloop
  endfacet
  facet normal 0.8412612235278414 -0.5406288503108573 0
    outer loop
      vertex 16.004405117034914 4.535499729216099 -5
      vertex 16.004405117034914 4.535499729216099 5
      vertex 15.926578035950662 4.41439463943243 5
    endloop
  endfacet
  facet normal 0.9101307491200185 -0.4143211550310145 0
    outer loop
      vertex 15.857663846015932 4.288005039095879 -5
      vertex 15.857663846015932 4.288005039095879 5
      vertex 15.798019586503507 4.156985722482204 5
    endloop
  endfacet
  facet normal 0.87797029620589 -0.4787151125462218 0
    outer loop
      vertex 15.926578035950662 4.41439463943243 -5
      vertex 15.926578035950662 4.41439463943243 5
      vertex 15.857663846015932 4.288005039095879 5
    endloop
  endfacet
  facet normal 0.9375759379107454 -0.3477806214422911 0
    outer loop
      vertex 15.798019586503507 4.156985722482204 -5
      vertex 15.798019586503507 4.156985722482204 5
      vertex 15.747954277694227 4.022015497088432 5
    endloop
  endfacet
  facet normal 0.9494848747017745 -0.3138127988348395 0
    outer loop
      vertex 15.747954277694227 4.022015497088432 -5
      vertex 15.747954277694227 4.022015497088432 5
      vertex 15.544154083728792 3.4053892716765404 5
    endloop
  endfacet
  facet normal 0.9603691065834041 -0.27873137448122726 0
    outer loop
      vertex 15.544154083728792 3.4053892716765404 -5
      vertex 15.544154083728792 3.4053892716765404 5
      vertex 15.52368131875992 3.3348503485322 5
    endloop
  endfacet
  facet normal 0.9782375193020962 -0.20748820648335883 0
    outer loop
      vertex 15.52368131875992 3.3348503485322 -5
      vertex 15.52368131875992 3.3348503485322 5
      vertex 15.508441349864007 3.26299899071455 5
    endloop
  endfacet
  facet normal 0.9908284797388673 -0.1351255850620637 0
    outer loop
      vertex 15.508441349864007 3.26299899071455 -5
      vertex 15.508441349864007 3.26299899071455 5
      vertex 15.498516401648523 3.190222829580307 5
    endloop
  endfacet
  facet normal 0.9980740349581964 -0.06203402890563284 0
    outer loop
      vertex 15.498516401648523 3.190222829580307 -5
      vertex 15.498516401648523 3.190222829580307 5
      vertex 15.493960013985635 3.1169144809246063 5
    endloop
  endfacet
  facet normal 0.9999351060154757 0.011392267457335676 0
    outer loop
      vertex 15.493960013985635 3.1169144809246063 -5
      vertex 15.493960013985635 3.1169144809246063 5
      vertex 15.494796773791315 3.0434694439172745 5
    endloop
  endfacet
  facet normal 0.9964016607737913 0.08475689002807103 0
    outer loop
      vertex 15.494796773791315 3.0434694439172745 -5
      vertex 15.494796773791315 3.0434694439172745 5
      vertex 15.501022151112558 2.9702839329838753 5
    endloop
  endfacet
  facet normal 0.9874927326041466 0.15766452693613572 0
    outer loop
      vertex 15.501022151112558 2.9702839329838753 -5
      vertex 15.501022151112558 2.9702839329838753 5
      vertex 15.512602581083776 2.8977527767419815 5
    endloop
  endfacet
  facet normal 0.9732564462683871 0.22972133074016032 0
    outer loop
      vertex 15.512602581083776 2.8977527767419815 -5
      vertex 15.512602581083776 2.8977527767419815 5
      vertex 15.529475568234922 2.8262672796845436 5
    endloop
  endfacet
  facet normal 0.9537695027473011 0.3005390750454359 0
    outer loop
      vertex 15.529475568234922 2.8262672796845436 -5
      vertex 15.529475568234922 2.8262672796845436 5
      vertex 15.551550103724004 2.7562130987644196 5
    endloop
  endfacet
  facet normal 0.9291371427143884 0.36973527019820857 0
    outer loop
      vertex 15.551550103724004 2.7562130987644196 -5
      vertex 15.551550103724004 2.7562130987644196 5
      vertex 15.578707090020181 2.687968149781227 5
    endloop
  endfacet
  facet normal 0.8994921675970098 0.4369368838077563 0
    outer loop
      vertex 15.578707090020181 2.687968149781227 -5
      vertex 15.578707090020181 2.687968149781227 5
      vertex 15.610800018906595 2.621900625526905 5
    endloop
  endfacet
  facet normal 0.8649946143399686 0.501781144686455 0
    outer loop
      vertex 15.610800018906595 2.621900625526905 -5
      vertex 15.610800018906595 2.621900625526905 5
      vertex 15.647655746340753 2.5583669394254684 5
    endloop
  endfacet
  facet normal 0.8258304514248306 0.5639184918935187 0
    outer loop
      vertex 15.647655746340753 2.5583669394254684 -5
      vertex 15.647655746340753 2.5583669394254684 5
      vertex 15.689075453579427 2.497709847986698 5
    endloop
  endfacet
  facet normal -0.42617914389101424 -0.9046387883085282 0
    outer loop
      vertex 18.563844425976278 5.171819783747196 -5
      vertex 18.563844425976278 5.171819783747196 5
      vertex 18.433615720272066 5.233171075582504 5
    endloop
  endfacet
  facet normal -0.49014728064820756 -0.8716396292466098 0
    outer loop
      vertex 18.689322686195375 5.101259857416153 -5
      vertex 18.689322686195375 5.101259857416153 5
      vertex 18.563844425976278 5.171819783747196 5
    endloop
  endfacet
  facet normal -0.5515760933257303 -0.8341245789877704 0
    outer loop
      vertex 18.809400415420534 5.021856844425201 -5
      vertex 18.809400415420534 5.021856844425201 5
      vertex 18.689322686195375 5.101259857416153 5
    endloop
  endfacet
  facet normal 0.5912158655405244 0.8065133602942784 0
    outer loop
      vertex 20.479060447216035 4.941242657601833 -5
      vertex 20.479060447216035 4.941242657601833 5
      vertex 20.762431322038175 4.733517199754715 5
    endloop
  endfacet
  facet normal -0.5812381932943952 -0.813733471510093 0
    outer loop
      vertex 20.159777535498144 4.057301759719849 -5
      vertex 20.159777535498144 4.057301759719849 5
      vertex 18.809400415420534 5.021856844425201 5
    endloop
  endfacet
  facet normal -0.5514843069293269 -0.8341852667187787 0
    outer loop
      vertex 20.521137474477293 3.8184047862887383 -5
      vertex 20.521137474477293 3.8184047862887383 5
      vertex 20.159777535498144 4.057301759719849 5
    endloop
  endfacet
  facet normal 0.5331169726024041 0.8460415436154702 0
    outer loop
      vertex 20.762431322038175 4.733517199754715 -5
      vertex 20.762431322038175 4.733517199754715 5
      vertex 21.059690541028978 4.546204961836338 5
    endloop
  endfacet
  facet normal 0.4723855921246536 0.8813919969871751 0
    outer loop
      vertex 21.059690541028978 4.546204961836338 -5
      vertex 21.059690541028978 4.546204961836338 5
      vertex 21.369370250403882 4.380230873823166 5
    endloop
  endfacet
  facet normal 0.4093215723686384 0.9123901853887215 0
    outer loop
      vertex 21.369370250403882 4.380230873823166 -5
      vertex 21.369370250403882 4.380230873823166 5
      vertex 21.689941255748273 4.236414521932602 5
    endloop
  endfacet
  facet normal 0.34423635741047626 0.9388830226587159 0
    outer loop
      vertex 21.689941255748273 4.236414521932602 -5
      vertex 21.689941255748273 4.236414521932602 5
      vertex 22.019820606708528 4.115466050803661 5
    endloop
  endfacet
  facet normal 0.2774513115340984 0.9607396992567803 0
    outer loop
      vertex 22.019820606708528 4.115466050803661 -5
      vertex 22.019820606708528 4.115466050803661 5
      vertex 22.357379360497 4.017982706427574 5
    endloop
  endfacet
  facet normal 0.20929621646474517 0.9778522862751524 0
    outer loop
      vertex 22.357379360497 4.017982706427574 -5
      vertex 22.357379360497 4.017982706427574 5
      vertex 22.700950680673124 3.9444458559155464 5
    endloop
  endfacet
  facet normal 0.14010764327103276 0.9901362776391122 0
    outer loop
      vertex 22.700950680673124 3.9444458559155464 -5
      vertex 22.700950680673124 3.9444458559155464 5
      vertex 23.048838010430337 3.8952186182141304 5
    endloop
  endfacet
  facet normal 0.07022721792177901 0.9975310210028392 0
    outer loop
      vertex 23.048838010430337 3.8952186182141304 -5
      vertex 23.048838010430337 3.8952186182141304 5
      vertex 23.39932350665331 3.8705440759658813 5
    endloop
  endfacet
  facet normal -0.4898596004949224 -0.8718013373486846 0
    outer loop
      vertex 20.89879228770733 3.6062029600143433 -5
      vertex 20.89879228770733 3.6062029600143433 5
      vertex 20.521137474477293 3.8184047862887383 5
    endloop
  endfacet
  facet normal -0.4256814131598156 -0.9048731040815957 0
    outer loop
      vertex 21.29077342748642 3.4218024238944054 -5
      vertex 21.29077342748642 3.4218024238944054 5
      vertex 20.89879228770733 3.6062029600143433 5
    endloop
  endfacet
  facet normal -0.3592843678655209 -0.9332281302058318 0
    outer loop
      vertex 21.695037654042245 3.2661643624305725 -5
      vertex 21.695037654042245 3.2661643624305725 5
      vertex 21.29077342748642 3.4218024238944054 5
    endloop
  endfacet
  facet normal 0 1 0
    outer loop
      vertex 23.39932350665331 3.8705440759658813 -5
      vertex 23.39932350665331 3.8705440759658813 5
      vertex 23.750676488876344 3.8705440759658813 5
    endloop
  endfacet
  facet normal -0.2910145160983998 -0.9567186375418921 0
    outer loop
      vertex 22.109477712213994 3.1401000544428825 -5
      vertex 22.109477712213994 3.1401000544428825 5
      vertex 21.695037654042245 3.2661643624305725 5
    endloop
  endfacet
  facet normal -0.2212277289318035 -0.9752221756869953 0
    outer loop
      vertex 22.53193330615759 3.0442666187882423 -5
      vertex 22.53193330615759 3.0442666187882423 5
      vertex 22.109477712213994 3.1401000544428825 5
    endloop
  endfacet
  facet normal -0.15028776428243185 -0.9886422952246117 0
    outer loop
      vertex 22.960202342271806 2.9791636019945145 -5
      vertex 22.960202342271806 2.9791636019945145 5
      vertex 22.53193330615759 3.0442666187882423 5
    endloop
  endfacet
  facet normal -0.07856443210297012 -0.9969090379810678 0
    outer loop
      vertex 23.39205244779587 2.9451303482055664 -5
      vertex 23.39205244779587 2.9451303482055664 5
      vertex 22.960202342271806 2.9791636019945145 5
    endloop
  endfacet
  facet normal 0 0 1
    outer loop
      vertex 13.117708897590639 7.633624359965324 5
      vertex 13.039339831471445 7.560660168528557 5
      vertex 13.64999999701977 5 5
    endloop
  endfacet
  facet normal 0 0 1
    outer loop
      vertex 13.039339831471445 7.560660168528557 5
      vertex 12.966375640034677 7.482291102409363 5
      vertex 13.64999999701977 5 5
    endloop
  endfacet
  facet normal 0 0 1
    outer loop
      vertex 12.899188137054445 7.398916497826576 5
      vertex 13.64999999701977 5 5
      vertex 12.966375640034677 7.482291102409363 5
    endloop
  endfacet
  facet normal 0 0 1
    outer loop
      vertex 13.78115206807852 7.965720295906067 5
      vertex 13.64999999701977 5 5
      vertex 13.886527745425703 7.984732165932655 5
    endloop
  endfacet
  facet normal 0 0 1
    outer loop
      vertex 13.886527745425703 7.984732165932655 5
      vertex 13.64999999701977 5 5
      vertex 13.992991222441198 7.996178172528744 5
    endloop
  endfacet
  facet normal 0 0 1
    outer loop
      vertex 13.992991222441198 7.996178172528744 5
      vertex 13.64999999701977 5 5
      vertex 14.100000000000001 8 5
    endloop
  endfacet
  facet normal 0 0 1
    outer loop
      vertex 13.57580373287201 7.90542458742857 5
      vertex 13.64999999701977 5 5
      vertex 13.677401161193849 7.939239457249641 5
    endloop
  endfacet
  facet normal 0 0 1
    outer loop
      vertex 13.4768774792552 7.864447996020317 5
      vertex 13.381126521527769 7.816518485546112 5
      vertex 13.64999999701977 5 5
    endloop
  endfacet
  facet normal 0 0 1
    outer loop
      vertex 13.57580373287201 7.90542458742857 5
      vertex 13.4768774792552 7.864447996020317 5
      vertex 13.64999999701977 5 5
    endloop
  endfacet
  facet normal 0 0 1
    outer loop
      vertex 13.381126521527769 7.816518485546112 5
      vertex 13.289038775861265 7.761880300939083 5
      vertex 13.64999999701977 5 5
    endloop
  endfacet
  facet normal 0 0 1
    outer loop
      vertex 13.201083502173425 7.700811862945557 5
      vertex 13.64999999701977 5 5
      vertex 13.289038775861265 7.761880300939083 5
    endloop
  endfacet
  facet normal 0 0 1
    outer loop
      vertex 13.78115206807852 7.965720295906067 5
      vertex 13.677401161193849 7.939239457249641 5
      vertex 13.64999999701977 5 5
    endloop
  endfacet
  facet normal 0 0 1
    outer loop
      vertex 13.201083502173425 7.700811862945557 5
      vertex 13.117708897590639 7.633624359965324 5
      vertex 13.64999999701977 5 5
    endloop
  endfacet
  facet normal 0 0 1
    outer loop
      vertex 14.100000000000001 8 5
      vertex 16.396130977571012 4.955004125833511 5
      vertex 15.386071211099626 8 5
    endloop
  endfacet
  facet normal 0 0 1
    outer loop
      vertex 15.386071211099626 8 5
      vertex 16.511628656089307 5.040933080017567 5
      vertex 15.645497335493566 7.990372195839882 5
    endloop
  endfacet
  facet normal 0 0 1
    outer loop
      vertex 15.645497335493566 7.990372195839882 5
      vertex 16.511628656089307 5.040933080017567 5
      vertex 15.903496196866037 7.961541764438152 5
    endloop
  endfacet
  facet normal 0 0 1
    outer loop
      vertex 15.903496196866037 7.961541764438152 5
      vertex 16.63300815075636 5.118331491947174 5
      vertex 16.15864838510752 7.913667313754559 5
    endloop
  endfacet
  facet normal 0 0 1
    outer loop
      vertex 16.15864838510752 7.913667313754559 5
      vertex 16.63300815075636 5.118331491947174 5
      vertex 16.409550173580648 7.847012221813202 5
    endloop
  endfacet
  facet normal 0 0 1
    outer loop
      vertex 16.409550173580648 7.847012221813202 5
      vertex 16.75964061766863 5.186798386275768 5
      vertex 16.654821185767652 7.7619432136416435 5
    endloop
  endfacet
  facet normal 0 0 1
    outer loop
      vertex 16.654821185767652 7.7619432136416435 5
      vertex 16.890869988501073 5.245979033410549 5
      vertex 16.89311203956604 7.658928290009499 5
    endloop
  endfacet
  facet normal 0 0 1
    outer loop
      vertex 16.89311203956604 7.658928290009499 5
      vertex 16.890869988501073 5.245979033410549 5
      vertex 17.123111760616304 7.5385342091321945 5
    endloop
  endfacet
  facet normal 0 0 1
    outer loop
      vertex 17.123111760616304 7.5385342091321945 5
      vertex 17.02601638287306 5.295566827058792 5
      vertex 17.34355497211218 7.401423327624798 5
    endloop
  endfacet
  facet normal 0 0 1
    outer loop
      vertex 17.34355497211218 7.401423327624798 5
      vertex 17.164379625022413 5.335304871201515 5
      vertex 17.553228898346426 7.2483499720692635 5
    endloop
  endfacet
  facet normal 0 0 1
    outer loop
      vertex 12.899188137054445 7.398916497826576 5
      vertex 12.838119699060918 7.310961224138737 5
      vertex 13.64999999701977 5 5
    endloop
  endfacet
  facet normal 0 0 1
    outer loop
      vertex 12.838119699060918 7.310961224138737 5
      vertex 12.78348151445389 7.218873478472233 5
      vertex 13.64999999701977 5 5
    endloop
  endfacet
  facet normal 0 0 1
    outer loop
      vertex 12.78348151445389 7.218873478472233 5
      vertex 12.735552003979684 7.123122520744801 5
      vertex 13.64999999701977 5 5
    endloop
  endfacet
  facet normal 0 0 1
    outer loop
      vertex 12.735552003979684 7.123122520744801 5
      vertex 12.694575412571432 7.024196267127991 5
      vertex 13.64999999701977 5 5
    endloop
  endfacet
  facet normal 0 0 1
    outer loop
      vertex 12.694575412571432 7.024196267127991 5
      vertex 12.66076054275036 6.922598838806152 5
      vertex 13.64999999701977 5 5
    endloop
  endfacet
  facet normal 0 0 1
    outer loop
      vertex 12.66076054275036 6.922598838806152 5
      vertex 12.634279704093935 6.818847931921482 5
      vertex 13.64999999701977 5 5
    endloop
  endfacet
  facet normal 0 0 1
    outer loop
      vertex 12.634279704093935 6.818847931921482 5
      vertex 12.615267834067346 6.713472254574299 5
      vertex 13.64999999701977 5 5
    endloop
  endfacet
  facet normal 0 0 1
    outer loop
      vertex 12.615267834067346 6.713472254574299 5
      vertex 12.603821827471258 6.607008777558804 5
      vertex 13.64999999701977 5 5
    endloop
  endfacet
  facet normal 0 0 1
    outer loop
      vertex 12.603821827471258 6.607008777558804 5
      vertex 12.600000000000001 6.5 5
      vertex 13.64999999701977 5 5
    endloop
  endfacet
  facet normal 0 0 1
    outer loop
      vertex 14.100000000000001 8 5
      vertex 13.64999999701977 5 5
      vertex 16.287113501131536 4.860989831387997 5
    endloop
  endfacet
  facet normal 0 0 1
    outer loop
      vertex 12.600000000000001 6.5 5
      vertex 12.600000000000001 6.214285716414452 5
      vertex 13.64999999701977 5 5
    endloop
  endfacet
  facet normal 0 0 1
    outer loop
      vertex 12.600000000000001 6.214285716414452 5
      vertex 12.60135423988104 6.177510604262352 5
      vertex 13.64999999701977 5 5
    endloop
  endfacet
  facet normal 0 0 1
    outer loop
      vertex 12.60135423988104 6.177510604262352 5
      vertex 12.60540963560343 6.1409347131848335 5
      vertex 13.64999999701977 5 5
    endloop
  endfacet
  facet normal 0 0 1
    outer loop
      vertex 12.60540963560343 6.1409347131848335 5
      vertex 12.612144207954408 6.104756154119968 5
      vertex 13.64999999701977 5 5
    endloop
  endfacet
  facet normal 0 0 1
    outer loop
      vertex 12.612144207954408 6.104756154119968 5
      vertex 12.621521478891374 6.069170914590359 5
      vertex 13.64999999701977 5 5
    endloop
  endfacet
  facet normal 0 0 1
    outer loop
      vertex 12.621521478891374 6.069170914590359 5
      vertex 12.633490657806398 6.034371756017208 5
      vertex 13.64999999701977 5 5
    endloop
  endfacet
  facet normal 0 0 1
    outer loop
      vertex 12.633490657806398 6.034371756017208 5
      vertex 12.647986894845964 6.00054719299078 5
      vertex 13.64999999701977 5 5
    endloop
  endfacet
  facet normal 0 0 1
    outer loop
      vertex 12.647986894845964 6.00054719299078 5
      vertex 12.664931683242322 5.967880442738533 5
      vertex 13.64999999701977 5 5
    endloop
  endfacet
  facet normal 0 0 1
    outer loop
      vertex 12.664931683242322 5.967880442738533 5
      vertex 12.684233216941358 5.9365484565496445 5
      vertex 13.64999999701977 5 5
    endloop
  endfacet
  facet normal 0 0 1
    outer loop
      vertex 12.684233216941358 5.9365484565496445 5
      vertex 12.705786949396135 5.906720966100693 5
      vertex 13.64999999701977 5 5
    endloop
  endfacet
  facet normal 0 0 1
    outer loop
      vertex 12.705786949396135 5.906720966100693 5
      vertex 12.729476122558118 5.878559552133083 5
      vertex 13.64999999701977 5 5
    endloop
  endfacet
  facet normal 0 0 1
    outer loop
      vertex 12.729476122558118 5.878559552133083 5
      vertex 12.755172415077688 5.852216750383377 5
      vertex 13.64999999701977 5 5
    endloop
  endfacet
  facet normal 0 0 1
    outer loop
      vertex 14.100000000000001 8 5
      vertex 16.287113501131536 4.860989831387997 5
      vertex 16.396130977571012 4.955004125833511 5
    endloop
  endfacet
  facet normal 0 0 1
    outer loop
      vertex 15.386071211099626 8 5
      vertex 16.396130977571012 4.955004125833511 5
      vertex 16.511628656089307 5.040933080017567 5
    endloop
  endfacet
  facet normal 0 0 1
    outer loop
      vertex 15.903496196866037 7.961541764438152 5
      vertex 16.511628656089307 5.040933080017567 5
      vertex 16.63300815075636 5.118331491947174 5
    endloop
  endfacet
  facet normal 0 0 1
    outer loop
      vertex 16.409550173580648 7.847012221813202 5
      vertex 16.63300815075636 5.118331491947174 5
      vertex 16.75964061766863 5.186798386275768 5
    endloop
  endfacet
  facet normal 0 0 1
    outer loop
      vertex 16.654821185767652 7.7619432136416435 5
      vertex 16.75964061766863 5.186798386275768 5
      vertex 16.890869988501073 5.245979033410549 5
    endloop
  endfacet
  facet normal 0 0 1
    outer loop
      vertex 17.123111760616304 7.5385342091321945 5
      vertex 16.890869988501073 5.245979033410549 5
      vertex 17.02601638287306 5.295566827058792 5
    endloop
  endfacet
  facet normal 0 0 1
    outer loop
      vertex 17.34355497211218 7.401423327624798 5
      vertex 17.02601638287306 5.295566827058792 5
      vertex 17.164379625022413 5.335304871201515 5
    endloop
  endfacet
  facet normal 0 0 1
    outer loop
      vertex 17.553228898346426 7.2483499720692635 5
      vertex 17.164379625022413 5.335304871201515 5
      vertex 17.30524286478758 5.364987269043922 5
    endloop
  endfacet
  facet normal 0 0 1
    outer loop
      vertex 17.553228898346426 7.2483499720692635 5
      vertex 17.30524286478758 5.364987269043922 5
      vertex 17.447876310348512 5.3844602555036545 5
    endloop
  endfacet
  facet normal 0 0 1
    outer loop
      vertex 17.553228898346426 7.2483499720692635 5
      vertex 17.447876310348512 5.3844602555036545 5
      vertex 17.591540998220445 5.393622934818268 5
    endloop
  endfacet
  facet normal 0 0 1
    outer loop
      vertex 17.553228898346426 7.2483499720692635 5
      vertex 17.591540998220445 5.393622934818268 5
      vertex 17.735492622852327 5.39242784678936 5
    endloop
  endfacet
  facet normal 0 0 1
    outer loop
      vertex 17.553228898346426 7.2483499720692635 5
      vertex 17.735492622852327 5.39242784678936 5
      vertex 17.878985373675825 5.380881167948246 5
    endloop
  endfacet
  facet normal 0 0 1
    outer loop
      vertex 17.553228898346426 7.2483499720692635 5
      vertex 17.878985373675825 5.380881167948246 5
      vertex 18.02127585411072 5.359042726457119 5
    endloop
  endfacet
  facet normal 0 0 1
    outer loop
      vertex 17.553228898346426 7.2483499720692635 5
      vertex 18.02127585411072 5.359042726457119 5
      vertex 18.161626859009267 5.327025666832924 5
    endloop
  endfacet
  facet normal 0 0 1
    outer loop
      vertex 17.553228898346426 7.2483499720692635 5
      vertex 18.161626859009267 5.327025666832924 5
      vertex 18.299311256408693 5.284995868802071 5
    endloop
  endfacet
  facet normal 0 0 1
    outer loop
      vertex 17.553228898346426 7.2483499720692635 5
      vertex 18.299311256408693 5.284995868802071 5
      vertex 18.433615720272066 5.233171075582504 5
    endloop
  endfacet
  facet normal 0 0 1
    outer loop
      vertex 17.553228898346426 7.2483499720692635 5
      vertex 18.433615720272066 5.233171075582504 5
      vertex 18.563844425976278 5.171819783747196 5
    endloop
  endfacet
  facet normal 0 0 1
    outer loop
      vertex 17.553228898346426 7.2483499720692635 5
      vertex 18.563844425976278 5.171819783747196 5
      vertex 18.689322686195375 5.101259857416153 5
    endloop
  endfacet
  facet normal 0 0 1
    outer loop
      vertex 17.553228898346426 7.2483499720692635 5
      vertex 18.689322686195375 5.101259857416153 5
      vertex 18.809400415420534 5.021856844425201 5
    endloop
  endfacet
  facet normal 0 0 1
    outer loop
      vertex 17.553228898346426 7.2483499720692635 5
      vertex 18.809400415420534 5.021856844425201 5
      vertex 20.479060447216035 4.941242657601833 5
    endloop
  endfacet
  facet normal 0 0 1
    outer loop
      vertex 13.64999999701977 5 5
      vertex 16.18514104038477 4.759377263486385 5
      vertex 16.287113501131536 4.860989831387997 5
    endloop
  endfacet
  facet normal 0 0 1
    outer loop
      vertex 13.64999999701977 5 5
      vertex 16.090741886198522 4.650692872703075 5
      vertex 16.18514104038477 4.759377263486385 5
    endloop
  endfacet
  facet normal 0 0 1
    outer loop
      vertex 13.64999999701977 5 5
      vertex 16.004405117034914 4.535499729216099 5
      vertex 16.090741886198522 4.650692872703075 5
    endloop
  endfacet
  facet normal 0 0 1
    outer loop
      vertex 13.64999999701977 5 5
      vertex 15.926578035950662 4.41439463943243 5
      vertex 16.004405117034914 4.535499729216099 5
    endloop
  endfacet
  facet normal 0 0 1
    outer loop
      vertex 13.64999999701977 5 5
      vertex 15.857663846015932 4.288005039095879 5
      vertex 15.926578035950662 4.41439463943243 5
    endloop
  endfacet
  facet normal 0 0 1
    outer loop
      vertex 13.64999999701977 5 5
      vertex 15.798019586503507 4.156985722482204 5
      vertex 15.857663846015932 4.288005039095879 5
    endloop
  endfacet
  facet normal 0 0 1
    outer loop
      vertex 13.64999999701977 5 5
      vertex 15.747954277694227 4.022015497088432 5
      vertex 15.798019586503507 4.156985722482204 5
    endloop
  endfacet
  facet normal 0 0 1
    outer loop
      vertex 13.64999999701977 5 5
      vertex 15.544154083728792 3.4053892716765404 5
      vertex 15.747954277694227 4.022015497088432 5
    endloop
  endfacet
  facet normal 0 0 1
    outer loop
      vertex 13.64999999701977 5 5
      vertex 15.52368131875992 3.3348503485322 5
      vertex 15.544154083728792 3.4053892716765404 5
    endloop
  endfacet
  facet normal 0 0 1
    outer loop
      vertex 13.64999999701977 5 5
      vertex 13.64999999701977 0.10000000149011612 5
      vertex 15.551550103724004 2.7562130987644196 5
    endloop
  endfacet
  facet normal 0 0 1
    outer loop
      vertex 13.64999999701977 5 5
      vertex 15.508441349864007 3.26299899071455 5
      vertex 15.52368131875992 3.3348503485322 5
    endloop
  endfacet
  facet normal 0 0 1
    outer loop
      vertex 13.64999999701977 5 5
      vertex 15.498516401648523 3.190222829580307 5
      vertex 15.508441349864007 3.26299899071455 5
    endloop
  endfacet
  facet normal 0 0 1
    outer loop
      vertex 13.64999999701977 5 5
      vertex 15.493960013985635 3.1169144809246063 5
      vertex 15.498516401648523 3.190222829580307 5
    endloop
  endfacet
  facet normal 0 0 1
    outer loop
      vertex 13.64999999701977 5 5
      vertex 15.494796773791315 3.0434694439172745 5
      vertex 15.493960013985635 3.1169144809246063 5
    endloop
  endfacet
  facet normal 0 0 1
    outer loop
      vertex 13.64999999701977 5 5
      vertex 15.501022151112558 2.9702839329838753 5
      vertex 15.494796773791315 3.0434694439172745 5
    endloop
  endfacet
  facet normal 0 0 1
    outer loop
      vertex 13.64999999701977 5 5
      vertex 15.512602581083776 2.8977527767419815 5
      vertex 15.501022151112558 2.9702839329838753 5
    endloop
  endfacet
  facet normal 0 0 1
    outer loop
      vertex 13.64999999701977 5 5
      vertex 15.529475568234922 2.8262672796845436 5
      vertex 15.512602581083776 2.8977527767419815 5
    endloop
  endfacet
  facet normal 0 0 1
    outer loop
      vertex 13.64999999701977 5 5
      vertex 15.551550103724004 2.7562130987644196 5
      vertex 15.529475568234922 2.8262672796845436 5
    endloop
  endfacet
  facet normal 0 0 1
    outer loop
      vertex 18.809400415420534 5.021856844425201 5
      vertex 20.159777535498144 4.057301759719849 5
      vertex 20.479060447216035 4.941242657601833 5
    endloop
  endfacet
  facet normal 0 0 1
    outer loop
      vertex 20.479060447216035 4.941242657601833 5
      vertex 20.159777535498144 4.057301759719849 5
      vertex 20.762431322038175 4.733517199754715 5
    endloop
  endfacet
  facet normal 0 0 1
    outer loop
      vertex 20.159777535498144 4.057301759719849 5
      vertex 20.521137474477293 3.8184047862887383 5
      vertex 20.762431322038175 4.733517199754715 5
    endloop
  endfacet
  facet normal 0 0 1
    outer loop
      vertex 20.762431322038175 4.733517199754715 5
      vertex 20.521137474477293 3.8184047862887383 5
      vertex 21.059690541028978 4.546204961836338 5
    endloop
  endfacet
  facet normal 0 0 1
    outer loop
      vertex 21.059690541028978 4.546204961836338 5
      vertex 20.89879228770733 3.6062029600143433 5
      vertex 21.369370250403882 4.380230873823166 5
    endloop
  endfacet
  facet normal 0 0 1
    outer loop
      vertex 21.059690541028978 4.546204961836338 5
      vertex 20.521137474477293 3.8184047862887383 5
      vertex 20.89879228770733 3.6062029600143433 5
    endloop
  endfacet
  facet normal 0 0 1
    outer loop
      vertex 21.369370250403882 4.380230873823166 5
      vertex 21.29077342748642 3.4218024238944054 5
      vertex 21.689941255748273 4.236414521932602 5
    endloop
  endfacet
  facet normal 0 0 1
    outer loop
      vertex 21.369370250403882 4.380230873823166 5
      vertex 20.89879228770733 3.6062029600143433 5
      vertex 21.29077342748642 3.4218024238944054 5
    endloop
  endfacet
  facet normal 0 0 1
    outer loop
      vertex 21.689941255748273 4.236414521932602 5
      vertex 21.695037654042245 3.2661643624305725 5
      vertex 22.019820606708528 4.115466050803661 5
    endloop
  endfacet
  facet normal 0 0 1
    outer loop
      vertex 21.689941255748273 4.236414521932602 5
      vertex 21.29077342748642 3.4218024238944054 5
      vertex 21.695037654042245 3.2661643624305725 5
    endloop
  endfacet
  facet normal 0 0 1
    outer loop
      vertex 22.019820606708528 4.115466050803661 5
      vertex 21.695037654042245 3.2661643624305725 5
      vertex 22.109477712213994 3.1401000544428825 5
    endloop
  endfacet
  facet normal 0 0 1
    outer loop
      vertex 22.019820606708528 4.115466050803661 5
      vertex 22.109477712213994 3.1401000544428825 5
      vertex 22.357379360497 4.017982706427574 5
    endloop
  endfacet
  facet normal 0 0 1
    outer loop
      vertex 22.357379360497 4.017982706427574 5
      vertex 22.53193330615759 3.0442666187882423 5
      vertex 22.700950680673124 3.9444458559155464 5
    endloop
  endfacet
  facet normal 0 0 1
    outer loop
      vertex 22.700950680673124 3.9444458559155464 5
      vertex 22.960202342271806 2.9791636019945145 5
      vertex 23.048838010430337 3.8952186182141304 5
    endloop
  endfacet
  facet normal 0 0 1
    outer loop
      vertex 23.048838010430337 3.8952186182141304 5
      vertex 22.960202342271806 2.9791636019945145 5
      vertex 23.39932350665331 3.8705440759658813 5
    endloop
  endfacet
  facet normal 0 0 1
    outer loop
      vertex 23.39932350665331 3.8705440759658813 5
      vertex 23.39205244779587 2.9451303482055664 5
      vertex 23.750676488876344 3.8705440759658813 5
    endloop
  endfacet
  facet normal 0 0 1
    outer loop
      vertex 22.357379360497 4.017982706427574 5
      vertex 22.109477712213994 3.1401000544428825 5
      vertex 22.53193330615759 3.0442666187882423 5
    endloop
  endfacet
  facet normal 0 0 1
    outer loop
      vertex 22.700950680673124 3.9444458559155464 5
      vertex 22.53193330615759 3.0442666187882423 5
      vertex 22.960202342271806 2.9791636019945145 5
    endloop
  endfacet
  facet normal 0 0 1
    outer loop
      vertex 23.39932350665331 3.8705440759658813 5
      vertex 22.960202342271806 2.9791636019945145 5
      vertex 23.39205244779587 2.9451303482055664 5
    endloop
  endfacet
  facet normal -0.6191879088390376 0.7852428500454746 0
    outer loop
      vertex 26.67093954831362 4.941242657601833 -5
      vertex 26.67093954831362 4.941242657601833 5
      vertex 29.59677110463381 7.2483499720692635 5
    endloop
  endfacet
  facet normal 0.5707231771786276 -0.8211425302778641 0
    outer loop
      vertex 29.935042513906957 6.0030791983008385 -5
      vertex 29.935042513906957 6.0030791983008385 5
      vertex 27.07154575586319 4.012847408652306 5
    endloop
  endfacet
  facet normal -0.25675609724095133 0.9664762317458174 0
    outer loop
      vertex 30.740449829399587 7.847012221813202 -5
      vertex 30.740449829399587 7.847012221813202 5
      vertex 30.991351610422136 7.913667313754559 5
    endloop
  endfacet
  facet normal -0.3276866898837441 0.9447864485020067 0
    outer loop
      vertex 30.495178817212583 7.7619432136416435 -5
      vertex 30.495178817212583 7.7619432136416435 5
      vertex 30.740449829399587 7.847012221813202 5
    endloop
  endfacet
  facet normal -0.3968145400791286 0.9178988074846757 0
    outer loop
      vertex 30.256887963414194 7.658928290009499 -5
      vertex 30.256887963414194 7.658928290009499 5
      vertex 30.495178817212583 7.7619432136416435 5
    endloop
  endfacet
  facet normal -0.463759228552957 0.8859612733816113 0
    outer loop
      vertex 30.02688824236393 7.5385342091321945 -5
      vertex 30.02688824236393 7.5385342091321945 5
      vertex 30.256887963414194 7.658928290009499 5
    endloop
  endfacet
  facet normal -0.528152514392014 0.8491495283761238 0
    outer loop
      vertex 29.806445023417474 7.401423327624798 -5
      vertex 29.806445023417474 7.401423327624798 5
      vertex 30.02688824236393 7.5385342091321945 5
    endloop
  endfacet
  facet normal -0.18441287329340184 0.9828488653723276 0
    outer loop
      vertex 30.991351610422136 7.913667313754559 -5
      vertex 30.991351610422136 7.913667313754559 5
      vertex 31.246503806114198 7.961541764438152 5
    endloop
  endfacet
  facet normal -0.11105511619080129 0.993814248825125 0
    outer loop
      vertex 31.246503806114198 7.961541764438152 -5
      vertex 31.246503806114198 7.961541764438152 5
      vertex 31.50450266748667 7.990372195839882 5
    endloop
  endfacet
  facet normal -0.03708640035586153 0.9993120628255444 0
    outer loop
      vertex 31.50450266748667 7.990372195839882 -5
      vertex 31.50450266748667 7.990372195839882 5
      vertex 31.76392878443003 8 5
    endloop
  endfacet
  facet normal 0 1 0
    outer loop
      vertex 31.76392878443003 8 -5
      vertex 31.76392878443003 8 5
      vertex 32.313932022452356 8 5
    endloop
  endfacet
  facet normal 0.03689656389358316 0.9993190899671871 0
    outer loop
      vertex 32.313932022452356 8 -5
      vertex 32.313932022452356 8 5
      vertex 32.46141785234213 7.9945545718073845 5
    endloop
  endfacet
  facet normal -0.589640136936293 0.807666087510024 0
    outer loop
      vertex 29.59677110463381 7.2483499720692635 -5
      vertex 29.59677110463381 7.2483499720692635 5
      vertex 29.806445023417474 7.401423327624798 5
    endloop
  endfacet
  facet normal 0.11048882333040964 0.9938773666398997 0
    outer loop
      vertex 32.46141785234213 7.9945545718073845 -5
      vertex 32.46141785234213 7.9945545718073845 5
      vertex 32.60810055434704 7.978247933089733 5
    endloop
  endfacet
  facet normal 0.1834794178359385 0.9830235517171424 0
    outer loop
      vertex 32.60810055434704 7.978247933089733 -5
      vertex 32.60810055434704 7.978247933089733 5
      vertex 32.75318138897419 7.9511688798666 5
    endloop
  endfacet
  facet normal 0.2554708661820186 0.9668167543708627 0
    outer loop
      vertex 32.75318138897419 7.9511688798666 -5
      vertex 32.75318138897419 7.9511688798666 5
      vertex 32.89587031900883 7.9134648740291595 5
    endloop
  endfacet
  facet normal 0.3260712147568413 0.9453452083270947 0
    outer loop
      vertex 32.89587031900883 7.9134648740291595 -5
      vertex 32.89587031900883 7.9134648740291595 5
      vertex 33.03539033830166 7.8653412237763405 5
    endloop
  endfacet
  facet normal 0.39489586739478527 0.9187258861676426 0
    outer loop
      vertex 33.03539033830166 7.8653412237763405 -5
      vertex 33.03539033830166 7.8653412237763405 5
      vertex 33.17098171114922 7.807059995830059 5
    endloop
  endfacet
  facet normal 0.4615702298518076 0.8871036708945295 0
    outer loop
      vertex 33.17098171114922 7.807059995830059 -5
      vertex 33.17098171114922 7.807059995830059 5
      vertex 33.301906085014345 7.738938540220261 5
    endloop
  endfacet
  facet normal 0.5257311089706166 0.8506508102979305 0
    outer loop
      vertex 33.301906085014345 7.738938540220261 -5
      vertex 33.301906085014345 7.738938540220261 5
      vertex 33.42745050638914 7.661347821354866 5
    endloop
  endfacet
  facet normal 0.5870291476912023 0.8095657970547796 0
    outer loop
      vertex 33.42745050638914 7.661347821354866 -5
      vertex 33.42745050638914 7.661347821354866 5
      vertex 33.54693134725094 7.574710346758366 5
    endloop
  endfacet
  facet normal 0.6451305980590055 0.7640723208231208 0
    outer loop
      vertex 33.54693134725094 7.574710346758366 -5
      vertex 33.54693134725094 7.574710346758366 5
      vertex 33.65969797074795 7.479497894644737 5
    endloop
  endfacet
  facet normal 0.6997190112496833 0.714418158570851 0
    outer loop
      vertex 33.65969797074795 7.479497894644737 -5
      vertex 33.65969797074795 7.479497894644737 5
      vertex 33.76513631492853 7.37622894346714 5
    endloop
  endfacet
  facet normal 0.7504971635625287 0.6608736698375863 0
    outer loop
      vertex 33.76513631492853 7.37622894346714 -5
      vertex 33.76513631492853 7.37622894346714 5
      vertex 33.86267223060131 7.265465825796127 5
    endloop
  endfacet
  facet normal 0.7971884972473807 0.6037304861082161 0
    outer loop
      vertex 33.86267223060131 7.265465825796127 -5
      vertex 33.86267223060131 7.265465825796127 5
      vertex 33.951774595677854 7.147811703383923 5
    endloop
  endfacet
  facet normal 0.8395388226404006 0.5432997011591023 0
    outer loop
      vertex 33.951774595677854 7.147811703383923 -5
      vertex 33.951774595677854 7.147811703383923 5
      vertex 34.031958198547365 7.023907259106636 5
    endloop
  endfacet
  facet normal 0.8773175296897971 0.47991035839934926 0
    outer loop
      vertex 34.031958198547365 7.023907259106636 -5
      vertex 34.031958198547365 7.023907259106636 5
      vertex 34.10278640538454 6.894427187740803 5
    endloop
  endfacet
  facet normal 0.8944271886702276 0.4472136001593345 0
    outer loop
      vertex 34.10278640538454 6.894427187740803 -5
      vertex 34.10278640538454 6.894427187740803 5
      vertex 34.38883334249258 6.322333320975304 5
    endloop
  endfacet
  facet normal 0.28117151010693925 -0.9596575336567642 0
    outer loop
      vertex 30.259141302108766 6.151047810912132 -5
      vertex 30.259141302108766 6.151047810912132 5
      vertex 30.1904079079628 6.130909509956837 5
    endloop
  endfacet
  facet normal 0.34913950599262095 -0.9370707579234497 0
    outer loop
      vertex 30.1904079079628 6.130909509956837 -5
      vertex 30.1904079079628 6.130909509956837 5
      vertex 30.123292243480684 6.105903148651123 5
    endloop
  endfacet
  facet normal 0.4793633300387812 -0.8776165437217616 0
    outer loop
      vertex 30.0581385999918 6.076156988739967 -5
      vertex 30.0581385999918 6.076156988739967 5
      vertex 29.995281210541727 6.041823625564575 5
    endloop
  endfacet
  facet normal 0.540950725199791 -0.8410542865391153 0
    outer loop
      vertex 29.995281210541727 6.041823625564575 -5
      vertex 29.995281210541727 6.041823625564575 5
      vertex 29.935042513906957 6.0030791983008385 5
    endloop
  endfacet
  facet normal 0.4153166738454237 -0.9096768989184972 0
    outer loop
      vertex 30.123292243480684 6.105903148651123 -5
      vertex 30.123292243480684 6.105903148651123 5
      vertex 30.0581385999918 6.076156988739967 5
    endloop
  endfacet
  facet normal 0.21176089013805333 -0.9773215056510008 0
    outer loop
      vertex 30.329139842092992 6.166214726865292 -5
      vertex 30.329139842092992 6.166214726865292 5
      vertex 30.259141302108766 6.151047810912132 5
    endloop
  endfacet
  facet normal 0.14126424311843166 -0.9899719256707115 0
    outer loop
      vertex 30.40004444718361 6.176332473754883 -5
      vertex 30.40004444718361 6.176332473754883 5
      vertex 30.329139842092992 6.166214726865292 5
    endloop
  endfacet
  facet normal 0.07004266814122727 -0.997543996342847 0
    outer loop
      vertex 30.47149138003588 6.181349128484726 -5
      vertex 30.47149138003588 6.181349128484726 5
      vertex 30.40004444718361 6.176332473754883 5
    endloop
  endfacet
  facet normal -0.001538012730532403 -0.9999988172577209 0
    outer loop
      vertex 30.543114131689073 6.1812389716506 -5
      vertex 30.543114131689073 6.1812389716506 5
      vertex 30.47149138003588 6.181349128484726 5
    endloop
  endfacet
  facet normal -0.07311099819746031 -0.9973238099747599 0
    outer loop
      vertex 30.614545291662218 6.17600255459547 -5
      vertex 30.614545291662218 6.17600255459547 5
      vertex 30.543114131689073 6.1812389716506 5
    endloop
  endfacet
  facet normal -0.1443086437718166 -0.9895327257512704 0
    outer loop
      vertex 30.685418440401556 6.16566675901413 -5
      vertex 30.685418440401556 6.16566675901413 5
      vertex 30.614545291662218 6.17600255459547 5
    endloop
  endfacet
  facet normal -0.2147662935673706 -0.9766654694148524 0
    outer loop
      vertex 30.755369989573957 6.150284588336945 -5
      vertex 30.755369989573957 6.150284588336945 5
      vertex 30.685418440401556 6.16566675901413 5
    endloop
  endfacet
  facet normal -0.284122154101746 -0.9587880900118564 0
    outer loop
      vertex 30.824041119217874 6.129934951663017 -5
      vertex 30.824041119217874 6.129934951663017 5
      vertex 30.755369989573957 6.150284588336945 5
    endloop
  endfacet
  facet normal -0.35202038246019957 -0.9359923345479785 0
    outer loop
      vertex 30.891079543530942 6.104722253978252 -5
      vertex 30.891079543530942 6.104722253978252 5
      vertex 30.824041119217874 6.129934951663017 5
    endloop
  endfacet
  facet normal -0.41811299008812974 -0.9083950283437066 0
    outer loop
      vertex 30.95614137351513 6.074775815010071 -5
      vertex 30.95614137351513 6.074775815010071 5
      vertex 30.891079543530942 6.104722253978252 5
    endloop
  endfacet
  facet normal -0.48206062106134046 -0.8761378645064685 0
    outer loop
      vertex 31.01889285296202 6.040249265730381 -5
      vertex 31.01889285296202 6.040249265730381 5
      vertex 30.95614137351513 6.074775815010071 5
    endloop
  endfacet
  facet normal -0.5435354291746032 -0.8393862264964679 0
    outer loop
      vertex 31.079012079536916 6.0013197138905525 -5
      vertex 31.079012079536916 6.0013197138905525 5
      vertex 31.01889285296202 6.040249265730381 5
    endloop
  endfacet
  facet normal -0.6022219560368469 -0.7983287015178359 0
    outer loop
      vertex 31.136190651357175 5.958186864852905 -5
      vertex 31.136190651357175 5.958186864852905 5
      vertex 31.079012079536916 6.0013197138905525 5
    endloop
  endfacet
  facet normal -0.6578191973621895 -0.7531758782527258 0
    outer loop
      vertex 31.190135246515275 5.911071985960007 -5
      vertex 31.190135246515275 5.911071985960007 5
      vertex 31.136190651357175 5.958186864852905 5
    endloop
  endfacet
  facet normal -0.7100419766204449 -0.7041593508836843 0
    outer loop
      vertex 31.240569135546686 5.8602167665958405 -5
      vertex 31.240569135546686 5.8602167665958405 5
      vertex 31.190135246515275 5.911071985960007 5
    endloop
  endfacet
  facet normal -0.734803445542963 -0.6782801017413012 0
    outer loop
      vertex 31.45220516473055 5.630944401025772 -5
      vertex 31.45220516473055 5.630944401025772 5
      vertex 31.240569135546686 5.8602167665958405 5
    endloop
  endfacet
  facet normal -0.7595674345654254 -0.6504285605258262 0
    outer loop
      vertex 31.52491464316845 5.54603461176157 -5
      vertex 31.52491464316845 5.54603461176157 5
      vertex 31.45220516473055 5.630944401025772 5
    endloop
  endfacet
  facet normal -0.8058974862113583 -0.5920551002383255 0
    outer loop
      vertex 31.59109873175621 5.455945715308189 -5
      vertex 31.59109873175621 5.455945715308189 5
      vertex 31.52491464316845 5.54603461176157 5
    endloop
  endfacet
  facet normal -0.8477515818222879 -0.5303934912098835 0
    outer loop
      vertex 31.650389848649503 5.3611780777573586 -5
      vertex 31.650389848649503 5.3611780777573586 5
      vertex 31.59109873175621 5.455945715308189 5
    endloop
  endfacet
  facet normal -0.8848973894664726 -0.4657860132243365 0
    outer loop
      vertex 31.702458685636522 5.262258023023605 -5
      vertex 31.702458685636522 5.262258023023605 5
      vertex 31.650389848649503 5.3611780777573586 5
    endloop
  endfacet
  facet normal 0.9102491802571636 0.4140609011258629 0
    outer loop
      vertex 34.38883334249258 6.322333320975304 -5
      vertex 34.38883334249258 6.322333320975304 5
      vertex 34.404041124880315 6.288901351392269 5
    endloop
  endfacet
  facet normal 0.938188378699797 0.34612507287488775 0
    outer loop
      vertex 34.404041124880315 6.288901351392269 -5
      vertex 34.404041124880315 6.288901351392269 5
      vertex 34.41675373762846 6.25444321334362 5
    endloop
  endfacet
  facet normal 0.9610652778240375 0.27632142834207724 0
    outer loop
      vertex 34.41675373762846 6.25444321334362 -5
      vertex 34.41675373762846 6.25444321334362 5
      vertex 34.42690257579088 6.219144843518734 5
    endloop
  endfacet
  facet normal 0.9787563611383955 0.20502679222756898 0
    outer loop
      vertex 34.42690257579088 6.219144843518734 -5
      vertex 34.42690257579088 6.219144843518734 5
      vertex 34.434432877600194 6.18319670855999 5
    endloop
  endfacet
  facet normal 0.9911661547030063 0.13262599206511566 0
    outer loop
      vertex 34.434432877600194 6.18319670855999 -5
      vertex 34.434432877600194 6.18319670855999 5
      vertex 34.4393040150404 6.146792784333229 5
    endloop
  endfacet
  facet normal 0.9982277513443163 0.05950929713977296 0
    outer loop
      vertex 34.4393040150404 6.146792784333229 -5
      vertex 34.4393040150404 6.146792784333229 5
      vertex 34.44148969501257 6.110129497945309 5
    endloop
  endfacet
  facet normal 0.9999029991701136 -0.013928110087583568 0
    outer loop
      vertex 34.44148969501257 6.110129497945309 -5
      vertex 34.44148969501257 6.110129497945309 5
      vertex 34.440978138148786 6.073404684662819 5
    endloop
  endfacet
  facet normal 0.9961828679448844 -0.08729085641179732 0
    outer loop
      vertex 34.440978138148786 6.073404684662819 -5
      vertex 34.440978138148786 6.073404684662819 5
      vertex 34.437772086262704 6.0368165001273155 5
    endloop
  endfacet
  facet normal 0.9870874630615334 -0.16018220958254376 0
    outer loop
      vertex 34.437772086262704 6.0368165001273155 -5
      vertex 34.437772086262704 6.0368165001273155 5
      vertex 34.43188885450363 6.000562384724617 5
    endloop
  endfacet
  facet normal 0.9726658349493201 -0.2322093312559638 0
    outer loop
      vertex 34.43188885450363 6.000562384724617 -5
      vertex 34.43188885450363 6.000562384724617 5
      vertex 34.423360182344915 5.964837945997715 5
    endloop
  endfacet
  facet normal 0.9529957685456386 -0.30298360538832414 0
    outer loop
      vertex 34.423360182344915 5.964837945997715 -5
      vertex 34.423360182344915 5.964837945997715 5
      vertex 34.41223208457232 5.929835952818394 5
    endloop
  endfacet
  facet normal 0.9281834355934832 -0.3721229768367956 0
    outer loop
      vertex 34.41223208457232 5.929835952818394 -5
      vertex 34.41223208457232 5.929835952818394 5
      vertex 34.39856461286545 5.895745284855366 5
    endloop
  endfacet
  facet normal 0.8636945941729958 -0.5040155235668283 0
    outer loop
      vertex 34.38243152052164 5.862749874591827 -5
      vertex 34.38243152052164 5.862749874591827 5
      vertex 34.36391984522343 5.831027768552303 5
    endloop
  endfacet
  facet normal 0.8983628425267127 -0.4392541441663638 0
    outer loop
      vertex 34.39856461286545 5.895745284855366 -5
      vertex 34.39856461286545 5.895745284855366 5
      vertex 34.38243152052164 5.862749874591827 5
    endloop
  endfacet
  facet normal 0.8243660847998718 -0.5660570273671465 0
    outer loop
      vertex 34.36391984522343 5.831027768552303 -5
      vertex 34.36391984522343 5.831027768552303 5
      vertex 34.34312949180603 5.800750143826008 5
    endloop
  endfacet
  facet normal 0.7805893241024703 -0.6250442441117656 0
    outer loop
      vertex 34.34312949180603 5.800750143826008 -5
      vertex 34.34312949180603 5.800750143826008 5
      vertex 34.32017262876034 5.772080361843109 5
    endloop
  endfacet
  facet normal 0.7326005614421001 -0.6806588112811879 0
    outer loop
      vertex 34.32017262876034 5.772080361843109 -5
      vertex 34.32017262876034 5.772080361843109 5
      vertex 34.295173136889936 5.745173133909702 5
    endloop
  endfacet
  facet normal 0.7071067811865476 -0.7071067811865476 0
    outer loop
      vertex 34.295173136889936 5.745173133909702 -5
      vertex 34.295173136889936 5.745173133909702 5
      vertex 33.550000002980234 5 5
    endloop
  endfacet
  facet normal -0.5912158655405244 0.8065133602942784 0
    outer loop
      vertex 26.38756867349148 4.733517199754715 -5
      vertex 26.38756867349148 4.733517199754715 5
      vertex 26.67093954831362 4.941242657601833 5
    endloop
  endfacet
  facet normal -0.5331169726024041 0.8460415436154702 0
    outer loop
      vertex 26.090309454500677 4.546204961836338 -5
      vertex 26.090309454500677 4.546204961836338 5
      vertex 26.38756867349148 4.733517199754715 5
    endloop
  endfacet
  facet normal -0.07022721792177901 0.9975310210028392 0
    outer loop
      vertex 23.750676488876344 3.8705440759658813 -5
      vertex 23.750676488876344 3.8705440759658813 5
      vertex 24.101161985099317 3.8952186182141304 5
    endloop
  endfacet
  facet normal -0.14010764032929965 0.9901362780553774 0
    outer loop
      vertex 24.101161985099317 3.8952186182141304 -5
      vertex 24.101161985099317 3.8952186182141304 5
      vertex 24.44904932230711 3.9444458559155464 5
    endloop
  endfacet
  facet normal -0.27745130588161904 0.9607397008891557 0
    outer loop
      vertex 24.792620635032655 4.017982706427574 -5
      vertex 24.792620635032655 4.017982706427574 5
      vertex 25.130179396271707 4.115466050803661 5
    endloop
  endfacet
  facet normal -0.20929622080465904 0.9778522853462518 0
    outer loop
      vertex 24.44904932230711 3.9444458559155464 -5
      vertex 24.44904932230711 3.9444458559155464 5
      vertex 24.792620635032655 4.017982706427574 5
    endloop
  endfacet
  facet normal -0.4093215644492487 0.9123901889415622 0
    outer loop
      vertex 25.46005873978138 4.236414521932602 -5
      vertex 25.46005873978138 4.236414521932602 5
      vertex 25.780629752576353 4.380230873823166 5
    endloop
  endfacet
  facet normal -0.47238560095366794 0.8813919922552292 0
    outer loop
      vertex 25.780629752576353 4.380230873823166 -5
      vertex 25.780629752576353 4.380230873823166 5
      vertex 26.090309454500677 4.546204961836338 5
    endloop
  endfacet
  facet normal -0.34423636426401233 0.9388830201459041 0
    outer loop
      vertex 25.130179396271707 4.115466050803661 -5
      vertex 25.130179396271707 4.115466050803661 5
      vertex 25.46005873978138 4.236414521932602 5
    endloop
  endfacet
  facet normal 0.540708695002451 -0.8412099067110101 0
    outer loop
      vertex 27.07154575586319 4.012847408652306 -5
      vertex 27.07154575586319 4.012847408652306 5
      vertex 26.707142820954324 3.778618313372135 5
    endloop
  endfacet
  facet normal 0.2786843004506134 -0.9603827677974821 0
    outer loop
      vertex 25.526236368715765 3.2415232732892036 -5
      vertex 25.526236368715765 3.2415232732892036 5
      vertex 25.110209046304227 3.1208002790808678 5
    endloop
  endfacet
  facet normal 0.3472506723610574 -0.9377723447323416 0
    outer loop
      vertex 25.93246909826994 3.3919484689831734 -5
      vertex 25.93246909826994 3.3919484689831734 5
      vertex 25.526236368715765 3.2415232732892036 5
    endloop
  endfacet
  facet normal 0.41400697089621774 -0.9102737105120297 0
    outer loop
      vertex 26.326789727807046 3.5712917670607567 -5
      vertex 26.326789727807046 3.5712917670607567 5
      vertex 25.93246909826994 3.3919484689831734 5
    endloop
  endfacet
  facet normal -0.006431550941105519 -0.9999793173623603 0
    outer loop
      vertex 23.82523255646229 2.942344270646572 -5
      vertex 23.82523255646229 2.942344270646572 5
      vertex 23.39205244779587 2.9451303482055664 5
    endloop
  endfacet
  facet normal 0.06573483554121858 -0.9978371266877021 0
    outer loop
      vertex 24.257484695315362 2.9708198830485344 -5
      vertex 24.257484695315362 2.9708198830485344 5
      vertex 23.82523255646229 2.942344270646572 5
    endloop
  endfacet
  facet normal 0.2086652935462431 -0.9779871140609473 0
    outer loop
      vertex 25.110209046304227 3.1208002790808678 -5
      vertex 25.110209046304227 3.1208002790808678 5
      vertex 24.68655571937561 3.0304087549448013 5
    endloop
  endfacet
  facet normal 0.13755857410920627 -0.9904936338457921 0
    outer loop
      vertex 24.68655571937561 3.0304087549448013 -5
      vertex 24.68655571937561 3.0304087549448013 5
      vertex 24.257484695315362 2.9708198830485344 5
    endloop
  endfacet
  facet normal 0.47860520871224976 -0.878030212574433 0
    outer loop
      vertex 26.707142820954324 3.778618313372135 -5
      vertex 26.707142820954324 3.778618313372135 5
      vertex 26.326789727807046 3.5712917670607567 5
    endloop
  endfacet
  facet normal -0.9171285159383071 -0.39859162717347496 0
    outer loop
      vertex 31.74701606333256 5.159734942018986 -5
      vertex 31.74701606333256 5.159734942018986 5
      vertex 31.702458685636522 5.262258023023605 5
    endloop
  endfacet
  facet normal -0.9442659670440673 -0.3291835103438997 0
    outer loop
      vertex 31.78381451070309 5.0541782528162 -5
      vertex 31.78381451070309 5.0541782528162 5
      vertex 31.74701606333256 5.159734942018986 5
    endloop
  endfacet
  facet normal -0.9661590287023574 -0.25794714818527703 0
    outer loop
      vertex 31.812649658322336 4.946174196898937 -5
      vertex 31.812649658322336 4.946174196898937 5
      vertex 31.78381451070309 5.0541782528162 5
    endloop
  endfacet
  facet normal -0.982686126658966 -0.18527810575456177 0
    outer loop
      vertex 31.83336134850979 4.836322627961636 -5
      vertex 31.83336134850979 4.836322627961636 5
      vertex 31.812649658322336 4.946174196898937 5
    endloop
  endfacet
  facet normal -0.9937554488505634 -0.11158005144207182 0
    outer loop
      vertex 31.845834551751615 4.725233651697636 -5
      vertex 31.845834551751615 4.725233651697636 5
      vertex 31.83336134850979 4.836322627961636 5
    endloop
  endfacet
  facet normal -0.9993055172770478 -0.03726235553010655 0
    outer loop
      vertex 31.85 4.613524250686169 -5
      vertex 31.85 4.613524250686169 5
      vertex 31.845834551751615 4.725233651697636 5
    endloop
  endfacet
  facet normal 1 0 0
    outer loop
      vertex 33.550000002980234 5 -5
      vertex 33.550000002980234 5 5
      vertex 33.550000002980234 0.1414213553071022 5
    endloop
  endfacet
  facet normal 0 0 1
    outer loop
      vertex 29.59677110463381 7.2483499720692635 5
      vertex 26.67093954831362 4.941242657601833 5
      vertex 29.995281210541727 6.041823625564575 5
    endloop
  endfacet
  facet normal 0 0 1
    outer loop
      vertex 29.995281210541727 6.041823625564575 5
      vertex 26.67093954831362 4.941242657601833 5
      vertex 29.935042513906957 6.0030791983008385 5
    endloop
  endfacet
  facet normal 0 0 1
    outer loop
      vertex 31.246503806114198 7.961541764438152 5
      vertex 30.991351610422136 7.913667313754559 5
      vertex 30.95614137351513 6.074775815010071 5
    endloop
  endfacet
  facet normal 0 0 1
    outer loop
      vertex 31.246503806114198 7.961541764438152 5
      vertex 31.01889285296202 6.040249265730381 5
      vertex 31.50450266748667 7.990372195839882 5
    endloop
  endfacet
  facet normal 0 0 1
    outer loop
      vertex 31.50450266748667 7.990372195839882 5
      vertex 31.136190651357175 5.958186864852905 5
      vertex 31.76392878443003 8 5
    endloop
  endfacet
  facet normal 0 0 1
    outer loop
      vertex 30.02688824236393 7.5385342091321945 5
      vertex 29.806445023417474 7.401423327624798 5
      vertex 30.40004444718361 6.176332473754883 5
    endloop
  endfacet
  facet normal 0 0 1
    outer loop
      vertex 30.495178817212583 7.7619432136416435 5
      vertex 30.256887963414194 7.658928290009499 5
      vertex 30.614545291662218 6.17600255459547 5
    endloop
  endfacet
  facet normal 0 0 1
    outer loop
      vertex 30.740449829399587 7.847012221813202 5
      vertex 30.495178817212583 7.7619432136416435 5
      vertex 30.755369989573957 6.150284588336945 5
    endloop
  endfacet
  facet normal 0 0 1
    outer loop
      vertex 30.740449829399587 7.847012221813202 5
      vertex 30.824041119217874 6.129934951663017 5
      vertex 30.991351610422136 7.913667313754559 5
    endloop
  endfacet
  facet normal 0 0 1
    outer loop
      vertex 30.256887963414194 7.658928290009499 5
      vertex 30.02688824236393 7.5385342091321945 5
      vertex 30.543114131689073 6.1812389716506 5
    endloop
  endfacet
  facet normal 0 0 1
    outer loop
      vertex 29.806445023417474 7.401423327624798 5
      vertex 29.59677110463381 7.2483499720692635 5
      vertex 30.259141302108766 6.151047810912132 5
    endloop
  endfacet
  facet normal 0 0 1
    outer loop
      vertex 30.02688824236393 7.5385342091321945 5
      vertex 30.40004444718361 6.176332473754883 5
      vertex 30.47149138003588 6.181349128484726 5
    endloop
  endfacet
  facet normal 0 0 1
    outer loop
      vertex 30.02688824236393 7.5385342091321945 5
      vertex 30.47149138003588 6.181349128484726 5
      vertex 30.543114131689073 6.1812389716506 5
    endloop
  endfacet
  facet normal 0 0 1
    outer loop
      vertex 30.256887963414194 7.658928290009499 5
      vertex 30.543114131689073 6.1812389716506 5
      vertex 30.614545291662218 6.17600255459547 5
    endloop
  endfacet
  facet normal 0 0 1
    outer loop
      vertex 30.495178817212583 7.7619432136416435 5
      vertex 30.614545291662218 6.17600255459547 5
      vertex 30.685418440401556 6.16566675901413 5
    endloop
  endfacet
  facet normal 0 0 1
    outer loop
      vertex 30.991351610422136 7.913667313754559 5
      vertex 30.824041119217874 6.129934951663017 5
      vertex 30.891079543530942 6.104722253978252 5
    endloop
  endfacet
  facet normal 0 0 1
    outer loop
      vertex 30.495178817212583 7.7619432136416435 5
      vertex 30.685418440401556 6.16566675901413 5
      vertex 30.755369989573957 6.150284588336945 5
    endloop
  endfacet
  facet normal 0 0 1
    outer loop
      vertex 30.740449829399587 7.847012221813202 5
      vertex 30.755369989573957 6.150284588336945 5
      vertex 30.824041119217874 6.129934951663017 5
    endloop
  endfacet
  facet normal 0 0 1
    outer loop
      vertex 30.991351610422136 7.913667313754559 5
      vertex 30.891079543530942 6.104722253978252 5
      vertex 30.95614137351513 6.074775815010071 5
    endloop
  endfacet
  facet normal 0 0 1
    outer loop
      vertex 31.76392878443003 8 5
      vertex 31.240569135546686 5.8602167665958405 5
      vertex 32.313932022452356 8 5
    endloop
  endfacet
  facet normal 0 0 1
    outer loop
      vertex 32.313932022452356 8 5
      vertex 31.240569135546686 5.8602167665958405 5
      vertex 32.46141785234213 7.9945545718073845 5
    endloop
  endfacet
  facet normal 0 0 1
    outer loop
      vertex 32.46141785234213 7.9945545718073845 5
      vertex 31.240569135546686 5.8602167665958405 5
      vertex 32.60810055434704 7.978247933089733 5
    endloop
  endfacet
  facet normal 0 0 1
    outer loop
      vertex 32.60810055434704 7.978247933089733 5
      vertex 31.240569135546686 5.8602167665958405 5
      vertex 32.75318138897419 7.9511688798666 5
    endloop
  endfacet
  facet normal 0 0 1
    outer loop
      vertex 32.75318138897419 7.9511688798666 5
      vertex 31.240569135546686 5.8602167665958405 5
      vertex 32.89587031900883 7.9134648740291595 5
    endloop
  endfacet
  facet normal 0 0 1
    outer loop
      vertex 32.89587031900883 7.9134648740291595 5
      vertex 31.240569135546686 5.8602167665958405 5
      vertex 33.03539033830166 7.8653412237763405 5
    endloop
  endfacet
  facet normal 0 0 1
    outer loop
      vertex 31.246503806114198 7.961541764438152 5
      vertex 30.95614137351513 6.074775815010071 5
      vertex 31.01889285296202 6.040249265730381 5
    endloop
  endfacet
  facet normal 0 0 1
    outer loop
      vertex 31.50450266748667 7.990372195839882 5
      vertex 31.01889285296202 6.040249265730381 5
      vertex 31.079012079536916 6.0013197138905525 5
    endloop
  endfacet
  facet normal 0 0 1
    outer loop
      vertex 31.50450266748667 7.990372195839882 5
      vertex 31.079012079536916 6.0013197138905525 5
      vertex 31.136190651357175 5.958186864852905 5
    endloop
  endfacet
  facet normal 0 0 1
    outer loop
      vertex 33.03539033830166 7.8653412237763405 5
      vertex 31.240569135546686 5.8602167665958405 5
      vertex 33.17098171114922 7.807059995830059 5
    endloop
  endfacet
  facet normal 0 0 1
    outer loop
      vertex 33.17098171114922 7.807059995830059 5
      vertex 31.240569135546686 5.8602167665958405 5
      vertex 33.301906085014345 7.738938540220261 5
    endloop
  endfacet
  facet normal 0 0 1
    outer loop
      vertex 33.301906085014345 7.738938540220261 5
      vertex 31.240569135546686 5.8602167665958405 5
      vertex 33.42745050638914 7.661347821354866 5
    endloop
  endfacet
  facet normal 0 0 1
    outer loop
      vertex 33.42745050638914 7.661347821354866 5
      vertex 31.240569135546686 5.8602167665958405 5
      vertex 33.54693134725094 7.574710346758366 5
    endloop
  endfacet
  facet normal 0 0 1
    outer loop
      vertex 33.54693134725094 7.574710346758366 5
      vertex 31.240569135546686 5.8602167665958405 5
      vertex 33.65969797074795 7.479497894644737 5
    endloop
  endfacet
  facet normal 0 0 1
    outer loop
      vertex 33.65969797074795 7.479497894644737 5
      vertex 31.240569135546686 5.8602167665958405 5
      vertex 33.76513631492853 7.37622894346714 5
    endloop
  endfacet
  facet normal 0 0 1
    outer loop
      vertex 33.76513631492853 7.37622894346714 5
      vertex 31.240569135546686 5.8602167665958405 5
      vertex 33.86267223060131 7.265465825796127 5
    endloop
  endfacet
  facet normal 0 0 1
    outer loop
      vertex 33.86267223060131 7.265465825796127 5
      vertex 31.240569135546686 5.8602167665958405 5
      vertex 33.951774595677854 7.147811703383923 5
    endloop
  endfacet
  facet normal 0 0 1
    outer loop
      vertex 33.951774595677854 7.147811703383923 5
      vertex 31.240569135546686 5.8602167665958405 5
      vertex 34.031958198547365 7.023907259106636 5
    endloop
  endfacet
  facet normal 0 0 1
    outer loop
      vertex 29.806445023417474 7.401423327624798 5
      vertex 30.259141302108766 6.151047810912132 5
      vertex 30.329139842092992 6.166214726865292 5
    endloop
  endfacet
  facet normal 0 0 1
    outer loop
      vertex 29.806445023417474 7.401423327624798 5
      vertex 30.329139842092992 6.166214726865292 5
      vertex 30.40004444718361 6.176332473754883 5
    endloop
  endfacet
  facet normal 0 0 1
    outer loop
      vertex 29.59677110463381 7.2483499720692635 5
      vertex 30.1904079079628 6.130909509956837 5
      vertex 30.259141302108766 6.151047810912132 5
    endloop
  endfacet
  facet normal 0 0 1
    outer loop
      vertex 29.59677110463381 7.2483499720692635 5
      vertex 30.0581385999918 6.076156988739967 5
      vertex 30.123292243480684 6.105903148651123 5
    endloop
  endfacet
  facet normal 0 0 1
    outer loop
      vertex 29.59677110463381 7.2483499720692635 5
      vertex 29.995281210541727 6.041823625564575 5
      vertex 30.0581385999918 6.076156988739967 5
    endloop
  endfacet
  facet normal 0 0 1
    outer loop
      vertex 29.59677110463381 7.2483499720692635 5
      vertex 30.123292243480684 6.105903148651123 5
      vertex 30.1904079079628 6.130909509956837 5
    endloop
  endfacet
  facet normal 0 0 1
    outer loop
      vertex 31.76392878443003 8 5
      vertex 31.136190651357175 5.958186864852905 5
      vertex 31.190135246515275 5.911071985960007 5
    endloop
  endfacet
  facet normal 0 0 1
    outer loop
      vertex 31.76392878443003 8 5
      vertex 31.190135246515275 5.911071985960007 5
      vertex 31.240569135546686 5.8602167665958405 5
    endloop
  endfacet
  facet normal 0 0 1
    outer loop
      vertex 31.240569135546686 5.8602167665958405 5
      vertex 31.45220516473055 5.630944401025772 5
      vertex 34.295173136889936 5.745173133909702 5
    endloop
  endfacet
  facet normal 0 0 1
    outer loop
      vertex 31.45220516473055 5.630944401025772 5
      vertex 31.52491464316845 5.54603461176157 5
      vertex 34.295173136889936 5.745173133909702 5
    endloop
  endfacet
  facet normal 0 0 1
    outer loop
      vertex 34.031958198547365 7.023907259106636 5
      vertex 31.240569135546686 5.8602167665958405 5
      vertex 34.10278640538454 6.894427187740803 5
    endloop
  endfacet
  facet normal 0 0 1
    outer loop
      vertex 34.10278640538454 6.894427187740803 5
      vertex 31.240569135546686 5.8602167665958405 5
      vertex 34.38883334249258 6.322333320975304 5
    endloop
  endfacet
  facet normal 0 0 1
    outer loop
      vertex 31.240569135546686 5.8602167665958405 5
      vertex 34.404041124880315 6.288901351392269 5
      vertex 34.38883334249258 6.322333320975304 5
    endloop
  endfacet
  facet normal 0 0 1
    outer loop
      vertex 31.240569135546686 5.8602167665958405 5
      vertex 34.41675373762846 6.25444321334362 5
      vertex 34.404041124880315 6.288901351392269 5
    endloop
  endfacet
  facet normal 0 0 1
    outer loop
      vertex 31.240569135546686 5.8602167665958405 5
      vertex 34.42690257579088 6.219144843518734 5
      vertex 34.41675373762846 6.25444321334362 5
    endloop
  endfacet
  facet normal 0 0 1
    outer loop
      vertex 31.240569135546686 5.8602167665958405 5
      vertex 34.434432877600194 6.18319670855999 5
      vertex 34.42690257579088 6.219144843518734 5
    endloop
  endfacet
  facet normal 0 0 1
    outer loop
      vertex 31.240569135546686 5.8602167665958405 5
      vertex 34.4393040150404 6.146792784333229 5
      vertex 34.434432877600194 6.18319670855999 5
    endloop
  endfacet
  facet normal 0 0 1
    outer loop
      vertex 31.240569135546686 5.8602167665958405 5
      vertex 34.44148969501257 6.110129497945309 5
      vertex 34.4393040150404 6.146792784333229 5
    endloop
  endfacet
  facet normal 0 0 1
    outer loop
      vertex 31.240569135546686 5.8602167665958405 5
      vertex 34.43188885450363 6.000562384724617 5
      vertex 34.437772086262704 6.0368165001273155 5
    endloop
  endfacet
  facet normal 0 0 1
    outer loop
      vertex 31.240569135546686 5.8602167665958405 5
      vertex 34.423360182344915 5.964837945997715 5
      vertex 34.43188885450363 6.000562384724617 5
    endloop
  endfacet
  facet normal 0 0 1
    outer loop
      vertex 31.240569135546686 5.8602167665958405 5
      vertex 34.440978138148786 6.073404684662819 5
      vertex 34.44148969501257 6.110129497945309 5
    endloop
  endfacet
  facet normal 0 0 1
    outer loop
      vertex 31.240569135546686 5.8602167665958405 5
      vertex 34.437772086262704 6.0368165001273155 5
      vertex 34.440978138148786 6.073404684662819 5
    endloop
  endfacet
  facet normal 0 0 1
    outer loop
      vertex 31.240569135546686 5.8602167665958405 5
      vertex 34.41223208457232 5.929835952818394 5
      vertex 34.423360182344915 5.964837945997715 5
    endloop
  endfacet
  facet normal 0 0 1
    outer loop
      vertex 31.240569135546686 5.8602167665958405 5
      vertex 34.39856461286545 5.895745284855366 5
      vertex 34.41223208457232 5.929835952818394 5
    endloop
  endfacet
  facet normal 0 0 1
    outer loop
      vertex 31.240569135546686 5.8602167665958405 5
      vertex 34.38243152052164 5.862749874591827 5
      vertex 34.39856461286545 5.895745284855366 5
    endloop
  endfacet
  facet normal 0 0 1
    outer loop
      vertex 31.240569135546686 5.8602167665958405 5
      vertex 34.34312949180603 5.800750143826008 5
      vertex 34.36391984522343 5.831027768552303 5
    endloop
  endfacet
  facet normal 0 0 1
    outer loop
      vertex 31.240569135546686 5.8602167665958405 5
      vertex 34.36391984522343 5.831027768552303 5
      vertex 34.38243152052164 5.862749874591827 5
    endloop
  endfacet
  facet normal 0 0 1
    outer loop
      vertex 31.240569135546686 5.8602167665958405 5
      vertex 34.32017262876034 5.772080361843109 5
      vertex 34.34312949180603 5.800750143826008 5
    endloop
  endfacet
  facet normal 0 0 1
    outer loop
      vertex 31.240569135546686 5.8602167665958405 5
      vertex 34.295173136889936 5.745173133909702 5
      vertex 34.32017262876034 5.772080361843109 5
    endloop
  endfacet
  facet normal 0 0 1
    outer loop
      vertex 31.52491464316845 5.54603461176157 5
      vertex 31.59109873175621 5.455945715308189 5
      vertex 34.295173136889936 5.745173133909702 5
    endloop
  endfacet
  facet normal 0 0 1
    outer loop
      vertex 31.59109873175621 5.455945715308189 5
      vertex 31.650389848649503 5.3611780777573586 5
      vertex 34.295173136889936 5.745173133909702 5
    endloop
  endfacet
  facet normal 0 0 1
    outer loop
      vertex 31.650389848649503 5.3611780777573586 5
      vertex 33.550000002980234 5 5
      vertex 34.295173136889936 5.745173133909702 5
    endloop
  endfacet
  facet normal 0 0 1
    outer loop
      vertex 26.38756867349148 4.733517199754715 5
      vertex 26.090309454500677 4.546204961836338 5
      vertex 26.707142820954324 3.778618313372135 5
    endloop
  endfacet
  facet normal 0 0 1
    outer loop
      vertex 25.780629752576353 4.380230873823166 5
      vertex 25.46005873978138 4.236414521932602 5
      vertex 25.93246909826994 3.3919484689831734 5
    endloop
  endfacet
  facet normal 0 0 1
    outer loop
      vertex 25.780629752576353 4.380230873823166 5
      vertex 26.326789727807046 3.5712917670607567 5
      vertex 26.090309454500677 4.546204961836338 5
    endloop
  endfacet
  facet normal 0 0 1
    outer loop
      vertex 26.090309454500677 4.546204961836338 5
      vertex 26.326789727807046 3.5712917670607567 5
      vertex 26.707142820954324 3.778618313372135 5
    endloop
  endfacet
  facet normal 0 0 1
    outer loop
      vertex 29.935042513906957 6.0030791983008385 5
      vertex 26.67093954831362 4.941242657601833 5
      vertex 27.07154575586319 4.012847408652306 5
    endloop
  endfacet
  facet normal 0 0 1
    outer loop
      vertex 26.38756867349148 4.733517199754715 5
      vertex 27.07154575586319 4.012847408652306 5
      vertex 26.67093954831362 4.941242657601833 5
    endloop
  endfacet
  facet normal 0 0 1
    outer loop
      vertex 26.38756867349148 4.733517199754715 5
      vertex 26.707142820954324 3.778618313372135 5
      vertex 27.07154575586319 4.012847408652306 5
    endloop
  endfacet
  facet normal 0 0 1
    outer loop
      vertex 24.101161985099317 3.8952186182141304 5
      vertex 23.750676488876344 3.8705440759658813 5
      vertex 23.82523255646229 2.942344270646572 5
    endloop
  endfacet
  facet normal 0 0 1
    outer loop
      vertex 24.101161985099317 3.8952186182141304 5
      vertex 24.257484695315362 2.9708198830485344 5
      vertex 24.44904932230711 3.9444458559155464 5
    endloop
  endfacet
  facet normal 0 0 1
    outer loop
      vertex 24.792620635032655 4.017982706427574 5
      vertex 25.110209046304227 3.1208002790808678 5
      vertex 25.130179396271707 4.115466050803661 5
    endloop
  endfacet
  facet normal 0 0 1
    outer loop
      vertex 24.44904932230711 3.9444458559155464 5
      vertex 24.68655571937561 3.0304087549448013 5
      vertex 24.792620635032655 4.017982706427574 5
    endloop
  endfacet
  facet normal 0 0 1
    outer loop
      vertex 23.39205244779587 2.9451303482055664 5
      vertex 23.82523255646229 2.942344270646572 5
      vertex 23.750676488876344 3.8705440759658813 5
    endloop
  endfacet
  facet normal 0 0 1
    outer loop
      vertex 24.101161985099317 3.8952186182141304 5
      vertex 23.82523255646229 2.942344270646572 5
      vertex 24.257484695315362 2.9708198830485344 5
    endloop
  endfacet
  facet normal 0 0 1
    outer loop
      vertex 24.792620635032655 4.017982706427574 5
      vertex 24.68655571937561 3.0304087549448013 5
      vertex 25.110209046304227 3.1208002790808678 5
    endloop
  endfacet
  facet normal 0 0 1
    outer loop
      vertex 24.44904932230711 3.9444458559155464 5
      vertex 24.257484695315362 2.9708198830485344 5
      vertex 24.68655571937561 3.0304087549448013 5
    endloop
  endfacet
  facet normal 0 0 1
    outer loop
      vertex 25.46005873978138 4.236414521932602 5
      vertex 25.130179396271707 4.115466050803661 5
      vertex 25.526236368715765 3.2415232732892036 5
    endloop
  endfacet
  facet normal 0 0 1
    outer loop
      vertex 25.46005873978138 4.236414521932602 5
      vertex 25.526236368715765 3.2415232732892036 5
      vertex 25.93246909826994 3.3919484689831734 5
    endloop
  endfacet
  facet normal 0 0 1
    outer loop
      vertex 25.780629752576353 4.380230873823166 5
      vertex 25.93246909826994 3.3919484689831734 5
      vertex 26.326789727807046 3.5712917670607567 5
    endloop
  endfacet
  facet normal 0 0 1
    outer loop
      vertex 25.130179396271707 4.115466050803661 5
      vertex 25.110209046304227 3.1208002790808678 5
      vertex 25.526236368715765 3.2415232732892036 5
    endloop
  endfacet
  facet normal 0 0 1
    outer loop
      vertex 31.650389848649503 5.3611780777573586 5
      vertex 31.702458685636522 5.262258023023605 5
      vertex 33.550000002980234 5 5
    endloop
  endfacet
  facet normal 0 0 1
    outer loop
      vertex 31.702458685636522 5.262258023023605 5
      vertex 31.74701606333256 5.159734942018986 5
      vertex 33.550000002980234 5 5
    endloop
  endfacet
  facet normal 0 0 1
    outer loop
      vertex 31.74701606333256 5.159734942018986 5
      vertex 31.78381451070309 5.0541782528162 5
      vertex 33.550000002980234 5 5
    endloop
  endfacet
  facet normal 0 0 1
    outer loop
      vertex 31.78381451070309 5.0541782528162 5
      vertex 31.812649658322336 4.946174196898937 5
      vertex 33.550000002980234 5 5
    endloop
  endfacet
  facet normal 0 0 1
    outer loop
      vertex 31.812649658322336 4.946174196898937 5
      vertex 31.83336134850979 4.836322627961636 5
      vertex 33.550000002980234 5 5
    endloop
  endfacet
  facet normal 0 0 1
    outer loop
      vertex 31.83336134850979 4.836322627961636 5
      vertex 31.845834551751615 4.725233651697636 5
      vertex 33.550000002980234 5 5
    endloop
  endfacet
  facet normal 0 0 1
    outer loop
      vertex 31.845834551751615 4.725233651697636 5
      vertex 31.85 4.613524250686169 5
      vertex 33.550000002980234 5 5
    endloop
  endfacet
  facet normal 0 0 1
    outer loop
      vertex 31.85 4.613524250686169 5
      vertex 31.85 0.9142135605216026 5
      vertex 33.550000002980234 5 5
    endloop
  endfacet
  facet normal -1 0 0
    outer loop
      vertex 13.64999999701977 0.10000000149011612 -5
      vertex 13.64999999701977 0.10000000149011612 5
      vertex 13.64999999701977 5 5
    endloop
  endfacet
  facet normal 0.7822110764942102 0.623013508529124 0
    outer loop
      vertex 15.689075453579427 2.497709847986698 -5
      vertex 15.689075453579427 2.497709847986698 5
      vertex 15.734835675358774 2.4402565956115723 5
    endloop
  endfacet
  facet normal 0.734371754574086 0.6787474685652818 0
    outer loop
      vertex 15.734835675358774 2.4402565956115723 -5
      vertex 15.734835675358774 2.4402565956115723 5
      vertex 15.784689544141294 2.3863171339035034 5
    endloop
  endfacet
  facet normal 0.682570551095591 0.7308197060678245 0
    outer loop
      vertex 15.784689544141294 2.3863171339035034 -5
      vertex 15.784689544141294 2.3863171339035034 5
      vertex 15.8383681088686 2.3361824601888657 5
    endloop
  endfacet
  facet normal 0.6270870167430652 0.7789492110736634 0
    outer loop
      vertex 15.8383681088686 2.3361824601888657 -5
      vertex 15.8383681088686 2.3361824601888657 5
      vertex 15.895581780374052 2.290123037993908 5
    endloop
  endfacet
  facet normal 0.5682205017828896 0.8228763341800523 0
    outer loop
      vertex 15.895581780374052 2.290123037993908 -5
      vertex 15.895581780374052 2.290123037993908 5
      vertex 15.956021888554098 2.2483873516321182 5
    endloop
  endfacet
  facet normal 0.5376170652138814 0.843189119468944 0
    outer loop
      vertex 15.956021888554098 2.2483873516321182 -5
      vertex 15.956021888554098 2.2483873516321182 5
      vertex 19.482352940738203 0 5
    endloop
  endfacet
  facet normal -0.999362831744451 0.035692163393554445 0
    outer loop
      vertex 13.649745209515096 0.09286607801914215 -5
      vertex 13.649745209515096 0.09286607801914215 5
      vertex 13.64999999701977 0.10000000149011612 5
    endloop
  endfacet
  facet normal -0.9238796500417794 0.3826831486212571 0
    outer loop
      vertex 13.640963202714921 0.05845849961042404 -5
      vertex 13.640963202714921 0.05845849961042404 5
      vertex 13.643694972991945 0.06505358219146729 5
    endloop
  endfacet
  facet normal -0.8942252438820414 0.4476172619594819 0
    outer loop
      vertex 13.637767902016641 0.0520751029253006 -5
      vertex 13.637767902016641 0.0520751029253006 5
      vertex 13.640963202714921 0.05845849961042404 5
    endloop
  endfacet
  facet normal -0.8600138204091585 0.5102707405929165 0
    outer loop
      vertex 13.634125350415708 0.045935921370983124 -5
      vertex 13.634125350415708 0.045935921370983124 5
      vertex 13.637767902016641 0.0520751029253006 5
    endloop
  endfacet
  facet normal -0.8214210211091875 0.5703222826437171 0
    outer loop
      vertex 13.63005412220955 0.040072232484817505 -5
      vertex 13.63005412220955 0.040072232484817505 5
      vertex 13.634125350415708 0.045935921370983124 5
    endloop
  endfacet
  facet normal -0.7318944770132645 0.6814179881082391 0
    outer loop
      vertex 13.620710676908494 0.02928932011127472 -5
      vertex 13.620710676908494 0.02928932011127472 5
      vertex 13.62557495981455 0.0345139279961586 5
    endloop
  endfacet
  facet normal -0.7786417053933956 0.6274687997200057 0
    outer loop
      vertex 13.62557495981455 0.0345139279961586 -5
      vertex 13.62557495981455 0.0345139279961586 5
      vertex 13.63005412220955 0.040072232484817505 5
    endloop
  endfacet
  facet normal -0.4476172619594819 0.8942252438820414 0
    outer loop
      vertex 13.591541504859926 0.009036801755428314 -5
      vertex 13.591541504859926 0.009036801755428314 5
      vertex 13.59792490154505 0.012232102453708649 5
    endloop
  endfacet
  facet normal -0.6814179495494714 0.7318945129127518 0
    outer loop
      vertex 13.615486076474191 0.024425044655799866 -5
      vertex 13.615486076474191 0.024425044655799866 5
      vertex 13.620710676908494 0.02928932011127472 5
    endloop
  endfacet
  facet normal -0.6274689225760143 0.7786416063898048 0
    outer loop
      vertex 13.609927764534952 0.01994587481021881 -5
      vertex 13.609927764534952 0.01994587481021881 5
      vertex 13.615486076474191 0.024425044655799866 5
    endloop
  endfacet
  facet normal -0.5703227716015925 0.8214206816197641 0
    outer loop
      vertex 13.604064083099367 0.015874646604061127 -5
      vertex 13.604064083099367 0.015874646604061127 5
      vertex 13.609927764534952 0.01994587481021881 5
    endloop
  endfacet
  facet normal -0.5102699686302845 0.8600142784361482 0
    outer loop
      vertex 13.59792490154505 0.012232102453708649 -5
      vertex 13.59792490154505 0.012232102453708649 5
      vertex 13.604064083099367 0.015874646604061127 5
    endloop
  endfacet
  facet normal -0.1068949738801406 0.9942703176496642 0
    outer loop
      vertex 13.557133919000627 0.00025478750467300415 -5
      vertex 13.557133919000627 0.00025478750467300415 5
      vertex 13.564231483638288 0.0010178536176681519 5
    endloop
  endfacet
  facet normal -0.03569220062255543 0.9993628304148194 0
    outer loop
      vertex 13.550000002980234 0 -5
      vertex 13.550000002980234 0 5
      vertex 13.557133919000627 0.00025478750467300415 5
    endloop
  endfacet
  facet normal -0.24730606573247924 0.9689374127630341 0
    outer loop
      vertex 13.571256531775 0.002285316586494446 -5
      vertex 13.571256531775 0.002285316586494446 5
      vertex 13.578173255920412 0.004050701856613159 5
    endloop
  endfacet
  facet normal -0.177553852219383 0.9841110859867688 0
    outer loop
      vertex 13.564231483638288 0.0010178536176681519 -5
      vertex 13.564231483638288 0.0010178536176681519 5
      vertex 13.571256531775 0.002285316586494446 5
    endloop
  endfacet
  facet normal -0.3157993896988017 0.9488259827101407 0
    outer loop
      vertex 13.578173255920412 0.004050701856613159 -5
      vertex 13.578173255920412 0.004050701856613159 5
      vertex 13.584946414828302 0.006305024027824402 5
    endloop
  endfacet
  facet normal -0.38268367048246943 0.9238794338798028 0
    outer loop
      vertex 13.584946414828302 0.006305024027824402 -5
      vertex 13.584946414828302 0.006305024027824402 5
      vertex 13.591541504859926 0.009036801755428314 5
    endloop
  endfacet
  facet normal -0.9942703176496642 0.1068949738801406 0
    outer loop
      vertex 13.648982143402101 0.08576851338148117 -5
      vertex 13.648982143402101 0.08576851338148117 5
      vertex 13.649745209515096 0.09286607801914215 5
    endloop
  endfacet
  facet normal -0.9841112354552908 0.17755302377222756 0
    outer loop
      vertex 13.647714687883855 0.07874347269535065 -5
      vertex 13.647714687883855 0.07874347269535065 5
      vertex 13.648982143402101 0.08576851338148117 5
    endloop
  endfacet
  facet normal -0.9689372264961563 0.24730679551912077 0
    outer loop
      vertex 13.645949295163156 0.0718267410993576 -5
      vertex 13.645949295163156 0.0718267410993576 5
      vertex 13.647714687883855 0.07874347269535065 5
    endloop
  endfacet
  facet normal -0.9488259827101407 0.3157993896988017 0
    outer loop
      vertex 13.643694972991945 0.06505358219146729 -5
      vertex 13.643694972991945 0.06505358219146729 5
      vertex 13.645949295163156 0.0718267410993576 5
    endloop
  endfacet
  facet normal 0 0 1
    outer loop
      vertex 15.551550103724004 2.7562130987644196 5
      vertex 13.64999999701977 0.10000000149011612 5
      vertex 15.578707090020181 2.687968149781227 5
    endloop
  endfacet
  facet normal 0 0 1
    outer loop
      vertex 15.578707090020181 2.687968149781227 5
      vertex 13.64999999701977 0.10000000149011612 5
      vertex 15.610800018906595 2.621900625526905 5
    endloop
  endfacet
  facet normal 0 0 1
    outer loop
      vertex 15.610800018906595 2.621900625526905 5
      vertex 13.64999999701977 0.10000000149011612 5
      vertex 15.647655746340753 2.5583669394254684 5
    endloop
  endfacet
  facet normal 0 0 1
    outer loop
      vertex 15.647655746340753 2.5583669394254684 5
      vertex 13.64999999701977 0.10000000149011612 5
      vertex 15.689075453579427 2.497709847986698 5
    endloop
  endfacet
  facet normal 0 0 1
    outer loop
      vertex 15.689075453579427 2.497709847986698 5
      vertex 13.64999999701977 0.10000000149011612 5
      vertex 15.734835675358774 2.4402565956115723 5
    endloop
  endfacet
  facet normal 0 0 1
    outer loop
      vertex 15.734835675358774 2.4402565956115723 5
      vertex 13.64999999701977 0.10000000149011612 5
      vertex 15.784689544141294 2.3863171339035034 5
    endloop
  endfacet
  facet normal 0 0 1
    outer loop
      vertex 15.784689544141294 2.3863171339035034 5
      vertex 13.64999999701977 0.10000000149011612 5
      vertex 15.8383681088686 2.3361824601888657 5
    endloop
  endfacet
  facet normal 0 0 1
    outer loop
      vertex 15.8383681088686 2.3361824601888657 5
      vertex 13.649745209515096 0.09286607801914215 5
      vertex 15.895581780374052 2.290123037993908 5
    endloop
  endfacet
  facet normal 0 0 1
    outer loop
      vertex 15.895581780374052 2.290123037993908 5
      vertex 13.647714687883855 0.07874347269535065 5
      vertex 15.956021888554098 2.2483873516321182 5
    endloop
  endfacet
  facet normal 0 0 1
    outer loop
      vertex 15.8383681088686 2.3361824601888657 5
      vertex 13.64999999701977 0.10000000149011612 5
      vertex 13.649745209515096 0.09286607801914215 5
    endloop
  endfacet
  facet normal 0 0 1
    outer loop
      vertex 15.895581780374052 2.290123037993908 5
      vertex 13.649745209515096 0.09286607801914215 5
      vertex 13.648982143402101 0.08576851338148117 5
    endloop
  endfacet
  facet normal 0 0 1
    outer loop
      vertex 15.895581780374052 2.290123037993908 5
      vertex 13.648982143402101 0.08576851338148117 5
      vertex 13.647714687883855 0.07874347269535065 5
    endloop
  endfacet
  facet normal 0 0 1
    outer loop
      vertex 15.956021888554098 2.2483873516321182 5
      vertex 13.647714687883855 0.07874347269535065 5
      vertex 13.645949295163156 0.0718267410993576 5
    endloop
  endfacet
  facet normal 0 0 1
    outer loop
      vertex 15.956021888554098 2.2483873516321182 5
      vertex 13.645949295163156 0.0718267410993576 5
      vertex 13.643694972991945 0.06505358219146729 5
    endloop
  endfacet
  facet normal 0 0 1
    outer loop
      vertex 15.956021888554098 2.2483873516321182 5
      vertex 13.637767902016641 0.0520751029253006 5
      vertex 13.634125350415708 0.045935921370983124 5
    endloop
  endfacet
  facet normal 0 0 1
    outer loop
      vertex 15.956021888554098 2.2483873516321182 5
      vertex 13.640963202714921 0.05845849961042404 5
      vertex 13.637767902016641 0.0520751029253006 5
    endloop
  endfacet
  facet normal 0 0 1
    outer loop
      vertex 15.956021888554098 2.2483873516321182 5
      vertex 13.643694972991945 0.06505358219146729 5
      vertex 13.640963202714921 0.05845849961042404 5
    endloop
  endfacet
  facet normal 0 0 1
    outer loop
      vertex 15.956021888554098 2.2483873516321182 5
      vertex 13.63005412220955 0.040072232484817505 5
      vertex 13.62557495981455 0.0345139279961586 5
    endloop
  endfacet
  facet normal 0 0 1
    outer loop
      vertex 15.956021888554098 2.2483873516321182 5
      vertex 13.62557495981455 0.0345139279961586 5
      vertex 13.620710676908494 0.02928932011127472 5
    endloop
  endfacet
  facet normal 0 0 1
    outer loop
      vertex 15.956021888554098 2.2483873516321182 5
      vertex 13.634125350415708 0.045935921370983124 5
      vertex 13.63005412220955 0.040072232484817505 5
    endloop
  endfacet
  facet normal 0 0 1
    outer loop
      vertex 15.956021888554098 2.2483873516321182 5
      vertex 13.620710676908494 0.02928932011127472 5
      vertex 19.482352940738203 0 5
    endloop
  endfacet
  facet normal 0 0 1
    outer loop
      vertex 13.615486076474191 0.024425044655799866 5
      vertex 19.482352940738203 0 5
      vertex 13.620710676908494 0.02928932011127472 5
    endloop
  endfacet
  facet normal 0 0 1
    outer loop
      vertex 13.604064083099367 0.015874646604061127 5
      vertex 13.59792490154505 0.012232102453708649 5
      vertex 19.482352940738203 0 5
    endloop
  endfacet
  facet normal 0 0 1
    outer loop
      vertex 13.609927764534952 0.01994587481021881 5
      vertex 13.604064083099367 0.015874646604061127 5
      vertex 19.482352940738203 0 5
    endloop
  endfacet
  facet normal 0 0 1
    outer loop
      vertex 13.615486076474191 0.024425044655799866 5
      vertex 13.609927764534952 0.01994587481021881 5
      vertex 19.482352940738203 0 5
    endloop
  endfacet
  facet normal 0 0 1
    outer loop
      vertex 13.550000002980234 0 5
      vertex 19.482352940738203 0 5
      vertex 13.557133919000627 0.00025478750467300415 5
    endloop
  endfacet
  facet normal 0 0 1
    outer loop
      vertex 13.557133919000627 0.00025478750467300415 5
      vertex 19.482352940738203 0 5
      vertex 13.564231483638288 0.0010178536176681519 5
    endloop
  endfacet
  facet normal 0 0 1
    outer loop
      vertex 13.571256531775 0.002285316586494446 5
      vertex 13.564231483638288 0.0010178536176681519 5
      vertex 19.482352940738203 0 5
    endloop
  endfacet
  facet normal 0 0 1
    outer loop
      vertex 13.571256531775 0.002285316586494446 5
      vertex 19.482352940738203 0 5
      vertex 13.578173255920412 0.004050701856613159 5
    endloop
  endfacet
  facet normal 0 0 1
    outer loop
      vertex 13.578173255920412 0.004050701856613159 5
      vertex 19.482352940738203 0 5
      vertex 13.584946414828302 0.006305024027824402 5
    endloop
  endfacet
  facet normal 0 0 1
    outer loop
      vertex 13.591541504859926 0.009036801755428314 5
      vertex 13.584946414828302 0.006305024027824402 5
      vertex 19.482352940738203 0 5
    endloop
  endfacet
  facet normal 0 0 1
    outer loop
      vertex 13.591541504859926 0.009036801755428314 5
      vertex 19.482352940738203 0 5
      vertex 13.59792490154505 0.012232102453708649 5
    endloop
  endfacet
  facet normal -1 0 0
    outer loop
      vertex 31.85 0.9142135605216026 -5
      vertex 31.85 0.9142135605216026 5
      vertex 31.85 4.613524250686169 5
    endloop
  endfacet
  facet normal -0.9993628270908023 0.03569229369316569 0
    outer loop
      vertex 31.84745211750269 0.8428743779659271 -5
      vertex 31.84745211750269 0.8428743779659271 5
      vertex 31.85 0.9142135605216026 5
    endloop
  endfacet
  facet normal -0.9942702966563645 0.10689516914652898 0
    outer loop
      vertex 31.839821441471578 0.7718987241387367 -5
      vertex 31.839821441471578 0.7718987241387367 5
      vertex 31.84745211750269 0.8428743779659271 5
    endloop
  endfacet
  facet normal -0.9841112004858277 0.1775532175950155 0
    outer loop
      vertex 31.82714686393738 0.7016482725739479 -5
      vertex 31.82714686393738 0.7016482725739479 5
      vertex 31.839821441471578 0.7718987241387367 5
    endloop
  endfacet
  facet normal -0.9689373068626872 0.2473064806463483 0
    outer loop
      vertex 31.80949297398329 0.6324810087680817 -5
      vertex 31.80949297398329 0.6324810087680817 5
      vertex 31.82714686393738 0.7016482725739479 5
    endloop
  endfacet
  facet normal -0.9488259096590844 0.31579960918216965 0
    outer loop
      vertex 31.786949722468854 0.5647493824362755 -5
      vertex 31.786949722468854 0.5647493824362755 5
      vertex 31.80949297398329 0.6324810087680817 5
    endloop
  endfacet
  facet normal -0.9238795546232387 0.38268337898211113 0
    outer loop
      vertex 31.75963199734688 0.49879854917526245 -5
      vertex 31.75963199734688 0.49879854917526245 5
      vertex 31.786949722468854 0.5647493824362755 5
    endloop
  endfacet
  facet normal -0.894225264794197 0.4476172201823208 0
    outer loop
      vertex 31.727678990364076 0.4349645748734474 -5
      vertex 31.727678990364076 0.4349645748734474 5
      vertex 31.75963199734688 0.49879854917526245 5
    endloop
  endfacet
  facet normal -0.8600142411827524 0.5102700314175375 0
    outer loop
      vertex 31.69125353395939 0.3735727444291115 -5
      vertex 31.69125353395939 0.3735727444291115 5
      vertex 31.727678990364076 0.4349645748734474 5
    endloop
  endfacet
  facet normal -0.8214208024687972 0.5703225975459127 0
    outer loop
      vertex 31.650541244447233 0.3149358928203583 -5
      vertex 31.650541244447233 0.3149358928203583 5
      vertex 31.69125353395939 0.3735727444291115 5
    endloop
  endfacet
  facet normal -0.7786415227117128 0.6274690264142009 0
    outer loop
      vertex 31.605749575793745 0.25935282558202744 -5
      vertex 31.605749575793745 0.25935282558202744 5
      vertex 31.650541244447233 0.3149358928203583 5
    endloop
  endfacet
  facet normal -0.7318944949629951 0.6814179688288697 0
    outer loop
      vertex 31.557106783986093 0.2071067839860916 -5
      vertex 31.557106783986093 0.2071067839860916 5
      vertex 31.605749575793745 0.25935282558202744 5
    endloop
  endfacet
  facet normal -0.7071067811865476 0.7071067811865476 0
    outer loop
      vertex 31.35 0 -5
      vertex 31.35 0 5
      vertex 31.557106783986093 0.2071067839860916 5
    endloop
  endfacet
  facet normal 0.9993628304148194 0.03569220062255543 0
    outer loop
      vertex 33.550000002980234 0.1414213553071022 -5
      vertex 33.550000002980234 0.1414213553071022 5
      vertex 33.55025479048491 0.13428743928670883 5
    endloop
  endfacet
  facet normal 0.9942703176496642 0.1068949738801406 0
    outer loop
      vertex 33.55025479048491 0.13428743928670883 -5
      vertex 33.55025479048491 0.13428743928670883 5
      vertex 33.5510178565979 0.12718987464904785 5
    endloop
  endfacet
  facet normal 0.9689371626613428 0.24730704562099862 0
    outer loop
      vertex 33.55228531211615 0.12016482651233673 -5
      vertex 33.55228531211615 0.12016482651233673 5
      vertex 33.55405070483685 0.11324810236692429 5
    endloop
  endfacet
  facet normal 0.9841112683587032 0.17755284140059432 0
    outer loop
      vertex 33.5510178565979 0.12718987464904785 -5
      vertex 33.5510178565979 0.12718987464904785 5
      vertex 33.55228531211615 0.12016482651233673 5
    endloop
  endfacet
  facet normal 0.9488260867997429 0.3157990769592062 0
    outer loop
      vertex 33.55405070483685 0.11324810236692429 -5
      vertex 33.55405070483685 0.11324810236692429 5
      vertex 33.55630502700806 0.10647493600845337 5
    endloop
  endfacet
  facet normal 0.9238796500417794 0.3826831486212571 0
    outer loop
      vertex 33.55630502700806 0.10647493600845337 -5
      vertex 33.55630502700806 0.10647493600845337 5
      vertex 33.55903679728508 0.09987985342741013 5
    endloop
  endfacet
  facet normal 0.8942252438820414 0.4476172619594819 0
    outer loop
      vertex 33.55903679728508 0.09987985342741013 -5
      vertex 33.55903679728508 0.09987985342741013 5
      vertex 33.56223209798336 0.09349645674228668 5
    endloop
  endfacet
  facet normal 0.8600138204091585 0.5102707405929165 0
    outer loop
      vertex 33.56223209798336 0.09349645674228668 -5
      vertex 33.56223209798336 0.09349645674228668 5
      vertex 33.565874649584295 0.08735727518796921 5
    endloop
  endfacet
  facet normal 0.8214210211091875 0.5703222826437171 0
    outer loop
      vertex 33.565874649584295 0.08735727518796921 -5
      vertex 33.565874649584295 0.08735727518796921 5
      vertex 33.56994587779045 0.08149358630180359 5
    endloop
  endfacet
  facet normal 0.7786417053933956 0.6274687997200057 0
    outer loop
      vertex 33.56994587779045 0.08149358630180359 -5
      vertex 33.56994587779045 0.08149358630180359 5
      vertex 33.57442504018545 0.07593528181314468 5
    endloop
  endfacet
  facet normal 0.7318939923807245 0.6814185086398844 0
    outer loop
      vertex 33.57442504018545 0.07593528181314468 -5
      vertex 33.57442504018545 0.07593528181314468 5
      vertex 33.57928932309151 0.0707106813788414 5
    endloop
  endfacet
  facet normal 0.7071068184394498 0.7071067439336433 0
    outer loop
      vertex 33.57928932309151 0.0707106813788414 -5
      vertex 33.57928932309151 0.0707106813788414 5
      vertex 33.64999999701977 0 5
    endloop
  endfacet
  facet normal 0 0 1
    outer loop
      vertex 33.550000002980234 5 5
      vertex 31.85 0.9142135605216026 5
      vertex 31.84745211750269 0.8428743779659271 5
    endloop
  endfacet
  facet normal 0 0 1
    outer loop
      vertex 33.550000002980234 5 5
      vertex 31.84745211750269 0.8428743779659271 5
      vertex 33.550000002980234 0.1414213553071022 5
    endloop
  endfacet
  facet normal 0 0 1
    outer loop
      vertex 31.84745211750269 0.8428743779659271 5
      vertex 31.839821441471578 0.7718987241387367 5
      vertex 33.550000002980234 0.1414213553071022 5
    endloop
  endfacet
  facet normal 0 0 1
    outer loop
      vertex 31.839821441471578 0.7718987241387367 5
      vertex 31.82714686393738 0.7016482725739479 5
      vertex 33.550000002980234 0.1414213553071022 5
    endloop
  endfacet
  facet normal 0 0 1
    outer loop
      vertex 31.82714686393738 0.7016482725739479 5
      vertex 31.80949297398329 0.6324810087680817 5
      vertex 33.550000002980234 0.1414213553071022 5
    endloop
  endfacet
  facet normal 0 0 1
    outer loop
      vertex 31.80949297398329 0.6324810087680817 5
      vertex 31.786949722468854 0.5647493824362755 5
      vertex 33.55025479048491 0.13428743928670883 5
    endloop
  endfacet
  facet normal 0 0 1
    outer loop
      vertex 31.786949722468854 0.5647493824362755 5
      vertex 31.75963199734688 0.49879854917526245 5
      vertex 33.55228531211615 0.12016482651233673 5
    endloop
  endfacet
  facet normal 0 0 1
    outer loop
      vertex 31.75963199734688 0.49879854917526245 5
      vertex 31.727678990364076 0.4349645748734474 5
      vertex 33.56223209798336 0.09349645674228668 5
    endloop
  endfacet
  facet normal 0 0 1
    outer loop
      vertex 31.69125353395939 0.3735727444291115 5
      vertex 33.57928932309151 0.0707106813788414 5
      vertex 31.727678990364076 0.4349645748734474 5
    endloop
  endfacet
  facet normal 0 0 1
    outer loop
      vertex 31.69125353395939 0.3735727444291115 5
      vertex 31.650541244447233 0.3149358928203583 5
      vertex 33.57928932309151 0.0707106813788414 5
    endloop
  endfacet
  facet normal 0 0 1
    outer loop
      vertex 31.650541244447233 0.3149358928203583 5
      vertex 31.605749575793745 0.25935282558202744 5
      vertex 33.57928932309151 0.0707106813788414 5
    endloop
  endfacet
  facet normal 0 0 1
    outer loop
      vertex 31.605749575793745 0.25935282558202744 5
      vertex 31.557106783986093 0.2071067839860916 5
      vertex 33.64999999701977 0 5
    endloop
  endfacet
  facet normal 0 0 1
    outer loop
      vertex 31.557106783986093 0.2071067839860916 5
      vertex 31.35 0 5
      vertex 33.64999999701977 0 5
    endloop
  endfacet
  facet normal 0 0 1
    outer loop
      vertex 31.80949297398329 0.6324810087680817 5
      vertex 33.55025479048491 0.13428743928670883 5
      vertex 33.550000002980234 0.1414213553071022 5
    endloop
  endfacet
  facet normal 0 0 1
    outer loop
      vertex 31.786949722468854 0.5647493824362755 5
      vertex 33.5510178565979 0.12718987464904785 5
      vertex 33.55025479048491 0.13428743928670883 5
    endloop
  endfacet
  facet normal 0 0 1
    outer loop
      vertex 31.786949722468854 0.5647493824362755 5
      vertex 33.55228531211615 0.12016482651233673 5
      vertex 33.5510178565979 0.12718987464904785 5
    endloop
  endfacet
  facet normal 0 0 1
    outer loop
      vertex 31.75963199734688 0.49879854917526245 5
      vertex 33.55405070483685 0.11324810236692429 5
      vertex 33.55228531211615 0.12016482651233673 5
    endloop
  endfacet
  facet normal 0 0 1
    outer loop
      vertex 31.75963199734688 0.49879854917526245 5
      vertex 33.55630502700806 0.10647493600845337 5
      vertex 33.55405070483685 0.11324810236692429 5
    endloop
  endfacet
  facet normal 0 0 1
    outer loop
      vertex 31.75963199734688 0.49879854917526245 5
      vertex 33.55903679728508 0.09987985342741013 5
      vertex 33.55630502700806 0.10647493600845337 5
    endloop
  endfacet
  facet normal 0 0 1
    outer loop
      vertex 31.75963199734688 0.49879854917526245 5
      vertex 33.56223209798336 0.09349645674228668 5
      vertex 33.55903679728508 0.09987985342741013 5
    endloop
  endfacet
  facet normal 0 0 1
    outer loop
      vertex 31.727678990364076 0.4349645748734474 5
      vertex 33.565874649584295 0.08735727518796921 5
      vertex 33.56223209798336 0.09349645674228668 5
    endloop
  endfacet
  facet normal 0 0 1
    outer loop
      vertex 31.727678990364076 0.4349645748734474 5
      vertex 33.56994587779045 0.08149358630180359 5
      vertex 33.565874649584295 0.08735727518796921 5
    endloop
  endfacet
  facet normal 0 0 1
    outer loop
      vertex 31.727678990364076 0.4349645748734474 5
      vertex 33.57442504018545 0.07593528181314468 5
      vertex 33.56994587779045 0.08149358630180359 5
    endloop
  endfacet
  facet normal 0 0 1
    outer loop
      vertex 31.727678990364076 0.4349645748734474 5
      vertex 33.57928932309151 0.0707106813788414 5
      vertex 33.57442504018545 0.07593528181314468 5
    endloop
  endfacet
  facet normal 0 0 1
    outer loop
      vertex 31.605749575793745 0.25935282558202744 5
      vertex 33.64999999701977 0 5
      vertex 33.57928932309151 0.0707106813788414 5
    endloop
  endfacet
  facet normal 0.368124552684679 -0.929776485888251 0
    outer loop
      vertex 11.161331062652392 -1.6427594213009706 -5
      vertex 11.336474508437579 -1.5734152255572698 -5
      vertex 11.336474508437579 -1.5734152255572698 5
    endloop
  endfacet
  facet normal 0.12533323356430526 -0.9921147013144777 0
    outer loop
      vertex 11.518928028121413 -1.5265691239069672 -5
      vertex 11.70581422070603 -1.5029599073575928 -5
      vertex 11.70581422070603 -1.5029599073575928 5
    endloop
  endfacet
  facet normal 0 -1 0
    outer loop
      vertex 11.70581422070603 -1.5029599073575928 -5
      vertex 11.799820958589896 -1.5029599073575928 -5
      vertex 11.70581422070603 -1.5029599073575928 5
    endloop
  endfacet
  facet normal 0.24868988716485402 -0.9685831611286313 0
    outer loop
      vertex 11.336474508437579 -1.5734152255572698 -5
      vertex 11.518928028121413 -1.5265691239069672 -5
      vertex 11.518928028121413 -1.5265691239069672 5
    endloop
  endfacet
  facet normal 0.5877852522924724 -0.809016994374948 0
    outer loop
      vertex 10.843864015376965 -1.844230135836316 -5
      vertex 10.996259807531505 -1.7335081117469775 -5
      vertex 10.996259807531505 -1.7335081117469775 5
    endloop
  endfacet
  facet normal 0.6845471059286916 -0.7289686274214088 0
    outer loop
      vertex 10.706547058867883 -1.9731793411069671 -5
      vertex 10.843864015376965 -1.844230135836316 -5
      vertex 10.843864015376965 -1.844230135836316 5
    endloop
  endfacet
  facet normal 0.4817536741017131 -0.8763066800438648 0
    outer loop
      vertex 10.996259807531505 -1.7335081117469775 -5
      vertex 11.161331062652392 -1.6427594213009706 -5
      vertex 11.161331062652392 -1.6427594213009706 5
    endloop
  endfacet
  facet normal 0.7705132427757877 -0.6374239897486916 0
    outer loop
      vertex 10.586474508437579 -2.1183221215612904 -5
      vertex 10.706547058867883 -1.9731793411069671 -5
      vertex 10.706547058867883 -1.9731793411069671 5
    endloop
  endfacet
  facet normal 0.844327925502017 -0.5358267949789935 0
    outer loop
      vertex 10.586474508437579 -2.1183221215612904 -5
      vertex 10.586474508437579 -2.1183221215612904 5
      vertex 10.485539979934206 -2.2773694888474267 -5
    endloop
  endfacet
  facet normal 0.9980267284282714 -0.0627905195293158 0
    outer loop
      vertex 10.311827948028284 -2.812000149653544 -5
      vertex 10.311827948028284 -2.812000149653544 5
      vertex 10.3 -3 -5
    endloop
  endfacet
  facet normal 0.9048270524660167 -0.42577929156507843 0
    outer loop
      vertex 10.485539979934206 -2.2773694888474267 -5
      vertex 10.485539979934206 -2.2773694888474267 5
      vertex 10.405335271167623 -2.4478131709729833 -5
    endloop
  endfacet
  facet normal 0.9510565162951551 -0.30901699437494257 0
    outer loop
      vertex 10.405335271167623 -2.4478131709729833 -5
      vertex 10.405335271167623 -2.4478131709729833 5
      vertex 10.347125258307054 -2.626965169252718 -5
    endloop
  endfacet
  facet normal 0.9822872507286892 -0.18738131458572235 0
    outer loop
      vertex 10.347125258307054 -2.626965169252718 -5
      vertex 10.347125258307054 -2.626965169252718 5
      vertex 10.311827948028284 -2.812000149653544 -5
    endloop
  endfacet
  facet normal 0.368124552684679 -0.929776485888251 0
    outer loop
      vertex 11.161331062652392 -1.6427594213009706 -5
      vertex 11.336474508437579 -1.5734152255572698 5
      vertex 11.161331062652392 -1.6427594213009706 5
    endloop
  endfacet
  facet normal 0.24868988716485402 -0.9685831611286313 0
    outer loop
      vertex 11.336474508437579 -1.5734152255572698 -5
      vertex 11.518928028121413 -1.5265691239069672 5
      vertex 11.336474508437579 -1.5734152255572698 5
    endloop
  endfacet
  facet normal 0.12533323356430526 -0.9921147013144777 0
    outer loop
      vertex 11.70581422070603 -1.5029599073575928 5
      vertex 11.518928028121413 -1.5265691239069672 5
      vertex 11.518928028121413 -1.5265691239069672 -5
    endloop
  endfacet
  facet normal 0 -1 0
    outer loop
      vertex 11.799820958589896 -1.5029599073575928 5
      vertex 11.70581422070603 -1.5029599073575928 5
      vertex 11.799820958589896 -1.5029599073575928 -5
    endloop
  endfacet
  facet normal 0.4817536741017131 -0.8763066800438648 0
    outer loop
      vertex 10.996259807531505 -1.7335081117469775 -5
      vertex 11.161331062652392 -1.6427594213009706 5
      vertex 10.996259807531505 -1.7335081117469775 5
    endloop
  endfacet
  facet normal 0.5877852522924724 -0.809016994374948 0
    outer loop
      vertex 10.843864015376965 -1.844230135836316 -5
      vertex 10.996259807531505 -1.7335081117469775 5
      vertex 10.843864015376965 -1.844230135836316 5
    endloop
  endfacet
  facet normal 0.6845471059286916 -0.7289686274214088 0
    outer loop
      vertex 10.706547058867883 -1.9731793411069671 -5
      vertex 10.843864015376965 -1.844230135836316 5
      vertex 10.706547058867883 -1.9731793411069671 5
    endloop
  endfacet
  facet normal 0.7705132427757877 -0.6374239897486916 0
    outer loop
      vertex 10.586474508437579 -2.1183221215612904 -5
      vertex 10.706547058867883 -1.9731793411069671 5
      vertex 10.586474508437579 -2.1183221215612904 5
    endloop
  endfacet
  facet normal 0.844327925502017 -0.5358267949789935 0
    outer loop
      vertex 10.586474508437579 -2.1183221215612904 5
      vertex 10.485539979934206 -2.2773694888474267 5
      vertex 10.485539979934206 -2.2773694888474267 -5
    endloop
  endfacet
  facet normal 0.9822872507286892 -0.18738131458572235 0
    outer loop
      vertex 10.311827948028284 -2.812000149653544 -5
      vertex 10.347125258307054 -2.626965169252718 5
      vertex 10.311827948028284 -2.812000149653544 5
    endloop
  endfacet
  facet normal 0.9980267284282714 -0.0627905195293158 0
    outer loop
      vertex 10.3 -3 -5
      vertex 10.311827948028284 -2.812000149653544 5
      vertex 10.3 -3 5
    endloop
  endfacet
  facet normal 0.9048270524660167 -0.42577929156507843 0
    outer loop
      vertex 10.405335271167623 -2.4478131709729833 -5
      vertex 10.485539979934206 -2.2773694888474267 5
      vertex 10.405335271167623 -2.4478131709729833 5
    endloop
  endfacet
  facet normal 0.9510565162951551 -0.30901699437494257 0
    outer loop
      vertex 10.347125258307054 -2.626965169252718 -5
      vertex 10.405335271167623 -2.4478131709729833 5
      vertex 10.347125258307054 -2.626965169252718 5
    endloop
  endfacet
  facet normal 0 -1 0
    outer loop
      vertex 11.800179041410106 -1.5029599073575928 -5
      vertex 11.894185779293972 -1.5029599073575928 -5
      vertex 11.800179041410106 -1.5029599073575928 5
    endloop
  endfacet
  facet normal -0.12533323356430526 -0.9921147013144777 0
    outer loop
      vertex 11.894185779293972 -1.5029599073575928 -5
      vertex 12.081071971878588 -1.5265691239069672 -5
      vertex 12.081071971878588 -1.5265691239069672 5
    endloop
  endfacet
  facet normal -0.24868988716485402 -0.9685831611286313 0
    outer loop
      vertex 12.081071971878588 -1.5265691239069672 -5
      vertex 12.263525491562422 -1.5734152255572698 -5
      vertex 12.263525491562422 -1.5734152255572698 5
    endloop
  endfacet
  facet normal -0.368124552684679 -0.929776485888251 0
    outer loop
      vertex 12.263525491562422 -1.5734152255572698 -5
      vertex 12.43866893734761 -1.6427594213009706 -5
      vertex 12.43866893734761 -1.6427594213009706 5
    endloop
  endfacet
  facet normal -0.4817536741017152 -0.8763066800438636 0
    outer loop
      vertex 12.43866893734761 -1.6427594213009706 -5
      vertex 12.603740192468495 -1.733508111746977 -5
      vertex 12.603740192468495 -1.733508111746977 5
    endloop
  endfacet
  facet normal -0.5877852522924709 -0.8090169943749489 0
    outer loop
      vertex 12.603740192468495 -1.733508111746977 -5
      vertex 12.756135984623036 -1.8442301358363165 -5
      vertex 12.756135984623036 -1.8442301358363165 5
    endloop
  endfacet
  facet normal -0.6845471059286904 -0.72896862742141 0
    outer loop
      vertex 12.756135984623036 -1.8442301358363165 -5
      vertex 12.893452941132118 -1.9731793411069671 -5
      vertex 12.893452941132118 -1.9731793411069671 5
    endloop
  endfacet
  facet normal -0.7705132427757877 -0.6374239897486916 0
    outer loop
      vertex 13.013525491562422 -2.1183221215612904 -5
      vertex 13.013525491562422 -2.1183221215612904 5
      vertex 12.893452941132118 -1.9731793411069671 -5
    endloop
  endfacet
  facet normal -0.844327925502017 -0.5358267949789935 0
    outer loop
      vertex 13.013525491562422 -2.1183221215612904 -5
      vertex 13.114460020065795 -2.2773694888474267 -5
      vertex 13.114460020065795 -2.2773694888474267 5
    endloop
  endfacet
  facet normal -0.9048270524660196 -0.4257792915650726 0
    outer loop
      vertex 13.194664728832377 -2.4478131709729825 -5
      vertex 13.194664728832377 -2.4478131709729825 5
      vertex 13.114460020065795 -2.2773694888474267 -5
    endloop
  endfacet
  facet normal -0.9510565162951531 -0.30901699437494906 0
    outer loop
      vertex 13.252874741692947 -2.6269651692527183 -5
      vertex 13.252874741692947 -2.6269651692527183 5
      vertex 13.194664728832377 -2.4478131709729825 -5
    endloop
  endfacet
  facet normal -0.982287250728689 -0.1873813145857228 0
    outer loop
      vertex 13.288172051971717 -2.812000149653544 -5
      vertex 13.288172051971717 -2.812000149653544 5
      vertex 13.252874741692947 -2.6269651692527183 -5
    endloop
  endfacet
  facet normal -0.9980267284282714 -0.0627905195293158 0
    outer loop
      vertex 13.3 -3 -5
      vertex 13.3 -3 5
      vertex 13.288172051971717 -2.812000149653544 -5
    endloop
  endfacet
  facet normal 0 -1 0
    outer loop
      vertex 11.800179041410106 -1.5029599073575928 5
      vertex 11.894185779293972 -1.5029599073575928 -5
      vertex 11.894185779293972 -1.5029599073575928 5
    endloop
  endfacet
  facet normal -0.12533323356430526 -0.9921147013144777 0
    outer loop
      vertex 11.894185779293972 -1.5029599073575928 -5
      vertex 12.081071971878588 -1.5265691239069672 5
      vertex 11.894185779293972 -1.5029599073575928 5
    endloop
  endfacet
  facet normal -0.24868988716485402 -0.9685831611286313 0
    outer loop
      vertex 12.081071971878588 -1.5265691239069672 -5
      vertex 12.263525491562422 -1.5734152255572698 5
      vertex 12.081071971878588 -1.5265691239069672 5
    endloop
  endfacet
  facet normal -0.368124552684679 -0.929776485888251 0
    outer loop
      vertex 12.263525491562422 -1.5734152255572698 -5
      vertex 12.43866893734761 -1.6427594213009706 5
      vertex 12.263525491562422 -1.5734152255572698 5
    endloop
  endfacet
  facet normal -0.4817536741017152 -0.8763066800438636 0
    outer loop
      vertex 12.603740192468495 -1.733508111746977 5
      vertex 12.43866893734761 -1.6427594213009706 5
      vertex 12.43866893734761 -1.6427594213009706 -5
    endloop
  endfacet
  facet normal -0.5877852522924709 -0.8090169943749489 0
    outer loop
      vertex 12.603740192468495 -1.733508111746977 -5
      vertex 12.756135984623036 -1.8442301358363165 5
      vertex 12.603740192468495 -1.733508111746977 5
    endloop
  endfacet
  facet normal -0.6845471059286904 -0.72896862742141 0
    outer loop
      vertex 12.756135984623036 -1.8442301358363165 -5
      vertex 12.893452941132118 -1.9731793411069671 5
      vertex 12.756135984623036 -1.8442301358363165 5
    endloop
  endfacet
  facet normal -0.7705132427757877 -0.6374239897486916 0
    outer loop
      vertex 12.893452941132118 -1.9731793411069671 -5
      vertex 13.013525491562422 -2.1183221215612904 5
      vertex 12.893452941132118 -1.9731793411069671 5
    endloop
  endfacet
  facet normal -0.844327925502017 -0.5358267949789935 0
    outer loop
      vertex 13.013525491562422 -2.1183221215612904 -5
      vertex 13.114460020065795 -2.2773694888474267 5
      vertex 13.013525491562422 -2.1183221215612904 5
    endloop
  endfacet
  facet normal -0.9048270524660196 -0.4257792915650726 0
    outer loop
      vertex 13.114460020065795 -2.2773694888474267 -5
      vertex 13.194664728832377 -2.4478131709729825 5
      vertex 13.114460020065795 -2.2773694888474267 5
    endloop
  endfacet
  facet normal -0.9510565162951531 -0.30901699437494906 0
    outer loop
      vertex 13.194664728832377 -2.4478131709729825 -5
      vertex 13.252874741692947 -2.6269651692527183 5
      vertex 13.194664728832377 -2.4478131709729825 5
    endloop
  endfacet
  facet normal -0.982287250728689 -0.1873813145857228 0
    outer loop
      vertex 13.252874741692947 -2.6269651692527183 -5
      vertex 13.288172051971717 -2.812000149653544 5
      vertex 13.252874741692947 -2.6269651692527183 5
    endloop
  endfacet
  facet normal -0.9980267284282714 -0.0627905195293158 0
    outer loop
      vertex 13.288172051971717 -2.812000149653544 -5
      vertex 13.3 -3 5
      vertex 13.288172051971717 -2.812000149653544 5
    endloop
  endfacet
endsolid OpenSCAD_Model
